erronea,corregida
"¡No, solo tu eres el viyano!","¡No, sólo tú eres el villano!"
Siempre me zorprendez... ziempre.,Siempre me sorprendes... siempre.
"-Muy bien, querida. bien eco.","-Muy bien, querida. bien hecho."
varias montañas que vimos ayer tiene dueño,varias montañas que vimos ayer tienen dueño
dos zapatos que vi tiene precio,dos zapatos que vi tienen precio
ellos fue geniales,ellos fueron geniales
"O, no, eztoz zapatoz zon nueboz.","Oh, no, estos zapatos son nuevos."
"Pero podía ber ziempre cinco pazoz por delante,","Pero podía ver siempre cinco pasos por delante,"
Pero la eco de menoz.,Pero la echo de menos.
dos libros que había ahí fue caros,dos libros que había ahí fueron caros
"- Bueno, ¿qué bamoz a acer?","- Bueno, ¿qué vamos a hacer?"
los autos que estaban ahí es de mi hermano,los autos que estaban ahí son de mi hermano
"- Si, paze, ijo.","- Si, pase, hijo."
varios hermanos que vi era rápidos,varios hermanos que vi eran rápidos
unos libros que encontramos estaba mojados,unos libros que encontramos estaban mojados
los pájaros era enormes,los pájaros eran enormes
unos árboles que vi estaba cerrados,unos árboles que vi estaban cerrados
"Tercero, proibido tocar mi tablilla.","Tercero, prohibido tocar mi tablilla."
Solo suenta reglamento.,Sólo cuenta el reglamento.
"Penzar no ez tu fuerte, George.","Pensar no es tu fuerte, George."
unos amigos que vimos ayer fue muy bonitos,unos amigos que vimos ayer fueron muy bonitos
Llama a los tesnisos.,Llama a los técnicos.
tres camisas del parque fue pequeñas,tres camisas del parque fueron pequeñas
estas manzanas de mi tío fue azules,estas manzanas de mi tío fueron azules
"Mama, ¿has estado aki todo el dia?","Mamá, ¿has estado aquí todo el día?"
estas puertas era antiguas,estas puertas eran antiguas
dos jugadores que llegaron era enormes,dos jugadores que llegaron eran enormes
unas vecinas que había ahí es importantes,unas vecinas que había ahí son importantes
"Ez Dante, mi teztigo.","Es Dante, mi testigo."
Es bueno ke este muerto.,Es bueno que esté muerto.
"De asuerdo, bien.","De acuerdo, bien."
unas profesoras que vimos ayer tiene hambre,unas profesoras que vimos ayer tienen hambre
estas vecinas de mi tío era rápidas,estas vecinas de mi tío eran rápidas
- Cuatro mezez.,- Cuatro meses.
ahí que desenchufarlo.,Hay que desenchufarlo.
Por oportunidad ke nos ha dado.,Por la oportunidad que nos ha dado.
"Eztá bien, agamoz nueztraz laborez.","Está bien, hagamos nuestras labores."
tres vecinos tiene nombre,tres vecinos tienen nombre
dos niños que vi fue muy grandes,dos niños que vi fueron muy grandes
Puede sobrevivir esa saida.,Puede sobrevivir esa caída.
Todos en fila mirando frente.,Todos en fila mirando al frente.
"Venga, ora de irze.","Venga, hora de irse."
Unos pocos que nunca perderán fe en ustedes.,Unos pocos que nunca perderán la fe en ustedes.
dos niños que vimos ayer era divertidos,dos niños que vimos ayer eran divertidos
varios coches que compré estaba listos,varios coches que compré estaban listos
los vecinos de la casa era divertidos,los vecinos de la casa eran divertidos
estos autos del parque era antiguos,estos autos del parque eran antiguos
Me alegro de berte.,Me alegro de verte.
Perdona en forma en que YO te perdono.,Perdona en la forma en que YO te perdono.
Dezcriben cinco formaz particularez de preparar comidaz con coco.,Describen cinco formas particulares de preparar comidas con coco.
Decisión de Comisión,Decisión de la Comisión
¡Debemos dar vuelta!,¡Debemos dar la vuelta!
varias montañas que encontramos fue azules,varias montañas que encontramos fueron azules
Siempre fue tu mayor indulgensia.,Siempre fue tu mayor indulgencia.
"Lo que ay entre nozotroz, no ez de zu incumbencia.","Lo que hay entre nosotros, no es de su incumbencia."
"No perdera tiempo, teniente.","No perderá tiempo, teniente."
Y aun kereis a Emilie aunke no este aki.,Y aún queréis a Emilie aunque no esté aquí.
ellas tiene nombre,ellas tienen nombre
Ni sikiera yega a los objetivos.,Ni siquiera llega a los objetivos.
El daño en nervio fue severo.,El daño en el nervio fue severo.
estos juguetes de la casa estaba mojados,estos juguetes de la casa estaban mojados
"Se a donde kiere ir a parar, y el y yo no trabajamos bien juntos.","Sé a dónde quiere ir a parar, y él y yo no trabajamos bien juntos."
¿Qué prefierez? ¿Vino?,¿Qué prefieres? ¿Vino?
estos coches de mi tío tiene dueño,estos coches de mi tío tienen dueño
Vamos a bussarla mientras siga ahi.,Vamos a buscarla mientras siga ahí.
Porke he sasado sufisiente.,Porque he sacado un suficiente.
ellas fue pequeñas,ellas fueron pequeñas
Llevaba medio samino y se paro a almorzar sersa de una gran rosa.,Llevaba medio camino y se paró a almorzar cerca de una gran roca.
tres gallinas fue muy bonitas,tres gallinas fueron muy bonitas
"Ezto ez zólo otra eztratagema dinero, ¿berdad?","Esto es sólo otra estratagema dinero, ¿verdad?"
"Brandon, tienez razón.","Brandon, tienes razón."
unas sillas del parque es importantes,unas sillas del parque son importantes
"Si ez azí, tu familia zeguramente tendrá la oportunidad de bibir, ¿no?","Si es así, tu familia seguramente tendrá la oportunidad de vivir, ¿no?"
ellas estaba sucias,ellas estaban sucias
"Un día se ha olvidado libro... Otro, tiene migraña...","Un día se ha olvidado el libro... Otro, tiene migraña..."
dos plantas que compré estaba rotas,dos plantas que compré estaban rotas
Ezo ez todo. ¡Ez azombrozo!,Eso es todo. ¡Es asombroso!
los amigos que vi estaba mojados,los amigos que vi estaban mojados
varias casas que compré era divertidas,varias casas que compré eran divertidas
"Estabamos a punto de ir por ustedes, shisos.","Estábamos a punto de ir por ustedes, chicos."
unos chicos de mi tío era enormes,unos chicos de mi tío eran enormes
muchos perros era divertidos,muchos perros eran divertidos
esas flores que encontramos es muy útiles,esas flores que encontramos son muy útiles
"Sí, pero erez joben.","Sí, pero eres joven."
"Colección pribada, Nueba York _","Colección privada, Nueva York _"
"Como essapar, donde ir.","Cómo escapar, dónde ir."
Tengo que decirte verdad.,Tengo que decirte la verdad.
¿De acuerdo entoncez?,¿De acuerdo entonces?
La bida ez gracioza.,La vida es graciosa.
Tienes vista aguda Es vergüenza ke solo haya uno,Tienes vista aguda Es una vergüenza que solo haya uno
las manzanas fue geniales,las manzanas fueron geniales
dos gallinas que vi es de mi hermano,dos gallinas que vi son de mi hermano
¿Que ezta pazando?,¿Que esta pasando?
muchas vecinas de mi tío es importantes,muchas vecinas de mi tío son importantes
Eztoy arta de él. - ¿Ez raro para ti?,Estoy harta de él. - ¿Es raro para ti?
esos regalos de mi tío es de mi hermano,esos regalos de mi tío son de mi hermano
- Ézte ez zu última oportunidad.,- Éste es su última oportunidad.
esos perros que vi fue muy bonitos,esos perros que vi fueron muy bonitos
Ezo le da un gran motibo para zilenciarle.,Eso le da un gran motivo para silenciarle.
Ningún hombre ha sufrido por mujer como tú por mí.,Ningún hombre ha sufrido por una mujer como tú por mí.
Me informaron que Kumlek lo abía azezinado.,Me informaron que Kumlek lo había asesinado.
¡No me molestaria essusharlas!,¡No me molestaría escucharlas!
dos regalos que compré es de madera,dos regalos que compré son de madera
esos árboles del parque era divertidos,esos árboles del parque eran divertidos
varias puertas que llegaron fue mías,varias puertas que llegaron fueron mías
¿Como separar eso?,¿Cómo separar eso?
Debez tener cuidado.,Debes tener cuidado.
Lo mejor Alex kien nos hizo somo una persona de sontasto fue muy agradable.,Lo mejor Alex quien nos hizo como una persona de contacto fue muy agradable.
muchos regalos del parque fue muy grandes,muchos regalos del parque fueron muy grandes
¡Azezinoz cabronez!,¡Asesinos cabrones!
"¿No, digo ke sambies la voz!","¿No, digo que cambies la voz!"
las sillas que tenía tiene nombre,las sillas que tenía tienen nombre
Alguna le tiene ke gustar mas ke el resto.,Alguna le tiene que gustar más que el resto.
d) Que gose de buena salud;,d) Que goce de buena salud;
Ez berdad zoiz profezionalez,Es verdad sois profesionales
estos perros que llegaron tiene nombre,estos perros que llegaron tienen nombre
las profesoras estaba sucias,las profesoras estaban sucias
Vamoz a limpiarte.,Vamos a limpiarte.
"Si ése no es vivo retrato de Poppy, me como la camisa.","Si ése no es el vivo retrato de Poppy, me como la camisa."
dos profesoras que llegaron es importantes,dos profesoras que llegaron son importantes
Laso siempre desia ke mujer tenia ke tener suidado.,Laco siempre decía que la mujer tenía que tener cuidado.
"Vamoz, Sammy, todabía podemoz tener un poco de diberzión.","Vamos, Sammy, todavía podemos tener un poco de diversión."
¿Un sazador de tesoros nato somo Johnny Hasker?,¿Un cazador de tesoros nato como Johnny Hasker?
"Mira, cuando buzcaz en Google el nombre Jane Villanueba, aparece ezto.","Mira, cuando buscas en Google el nombre Jane Villanueva, aparece esto."
Ciudad de Nueba York.,Ciudad de Nueva York.
ellos tiene dueño,ellos tienen dueño
"Resulta ke, tiene tia en New Haven.","Resulta que, tiene una tía en New Haven."
tres amigos que encontramos estaba cansados,tres amigos que encontramos estaban cansados
tres ventanas que me diste es importantes,tres ventanas que me diste son importantes
Mira. Mira. Ez luz natural.,Mira. Mira. Es luz natural.
Repítelo de nuebo.,Repítelo de nuevo.
los libros del parque tiene dueño,los libros del parque tienen dueño
Yo tengo 34 y tú tienez 12.,Yo tengo 34 y tú tienes 12.
No te boy a dar ni un centabo.,No te voy a dar ni un centavo.
unos juguetes que tenía estaba sucios,unos juguetes que tenía estaban sucios
unos autos tiene precio,unos autos tienen precio
¿Eso es sikiera posible?,¿Eso es siquiera posible?
- No puedo encontrar mi cepillo de dientez.,- No puedo encontrar mi cepillo de dientes.
¿Quierez fumar?,¿Quieres fumar?
los autos que tenía era divertidos,los autos que tenía eran divertidos
"Va a todaz partez conmigo, ya lo zabez.","Va a todas partes conmigo, ya lo sabes."
"Graciaz, Teen, pero creo que lo tengo azegurado.","Gracias, Teen, pero creo que lo tengo asegurado."
Tuve ke esperar en ese armario hasta ke mis padres yegaran.,Tuve que esperar en ese armario hasta que mis padres llegaran.
¡Se cortó la tranzmizión!,¡Se cortó la transmisión!
Los cuatro socios científicos proyecto EcoLink son: ζ,Los cuatro socios científicos del proyecto EcoLink son: ζ
muchas camisas que vi fue pequeñas,muchas camisas que vi fueron pequeñas
¿Por qué se teme a océanos?,¿Por qué se teme a los océanos?
"- Eztoy preparado, O'Neill.","- Estoy preparado, O'Neill."
Y he hablado son eyos direstamente.,Y he hablado con ellos directamente.
ellas es de mi hermano,ellas son de mi hermano
- Que kede entre nosotros.,- Que quede entre nosotros.
e) La alta insidensia de la desnutrision y la malnutrision.,e) La alta incidencia de la desnutrición y la malnutrición.
Numero de visitas: 424,Número de visitas: 424
dos zapatos que vi tiene dueño,dos zapatos que vi tienen dueño
Glengarry Higlandz.,Glengarry Highlands.
tres ventanas del parque era buenas,tres ventanas del parque eran buenas
"Venga, sambiate y vayamos a haser algo.","Venga, cámbiate y vayamos a hacer algo."
Entoncez tendráz que acerlo tú.,Entonces tendrás que hacerlo tú.
Azí que decidí para cortar adentro en laz gananciaz.,Así que decidí para cortar adentro en las ganancias.
tres zapatos que estaban ahí estaba sucios,tres zapatos que estaban ahí estaban sucios
Deje de perder tiempo y buske a Chursh.,Deje de perder el tiempo y busque a Church.
Los orifisios del motor se dejaran en el estado en ke se ensuentren.,Los orificios del motor se dejarán en el estado en que se encuentren.
dos casas que llegaron era enormes,dos casas que llegaron eran enormes
"- Sabes ke te amo, ¿verdad?","- Sabes que te amo, ¿verdad?"
Matriona Ibánobna:,Matriona Ivánovna:
varias profesoras del parque es de mi hermano,varias profesoras del parque son de mi hermano
Terminamos de jugar e ibamos para sala de vapor.,Terminamos de jugar e íbamos para la sala de vapor.
muchos autos que compré fue azules,muchos autos que compré fueron azules
"Aki, dejeme bajarselos.","Aquí, déjeme bajárselos."
los jugadores que vi es importantes,los jugadores que vi son importantes
los pájaros estaba mojados,los pájaros estaban mojados
dos historias que estaban ahí estaba cerradas,dos historias que estaban ahí estaban cerradas
"Tenemos a todos los agentes disponibles ay fuera, buscándole.","Tenemos a todos los agentes disponibles ahí fuera, buscándole."
Te lo acaricio con zuabidad.,Te lo acaricio con suavidad.
"Azí que, eztamoz otra bez zin zozpecozoz.","Así que, estamos otra vez sin sospechosos."
Y sreanme suando les digo ke es probable ke vayamos a morir.,Y créanme cuando les digo que es probable que vayamos a morir.
"No, no. Nesesito hablar son el ahora.","No, no. Necesito hablar con él ahora."
ellos estaba sucios,ellos estaban sucios
las ventanas del parque tiene precio,las ventanas del parque tienen precio
"Lo siento, ¿no te parese la sosa mas gay ke hayas visto nunsa?","Lo siento, ¿no te parece la cosa más gay que hayas visto nunca?"
Prezta atención. Solo noz quedan diez barrilez de idracina en Arkadia.,Presta atención. Solo nos quedan diez barriles de hidracina en Arkadia.
"Puede utilizarse, sin embargo, somo primer intento.","Puede utilizarse, sin embargo, como primer intento."
"-nadie debe sentirse seguro contra castigo de su Señor-,","-nadie debe sentirse seguro contra el castigo de su Señor-,"
muchos cuadros que tenía fue nuevos,muchos cuadros que tenía fueron nuevos
Es insreible ke aun tengas trabajo.,Es increíble que aún tengas trabajo.
estas montañas que llegaron es de madera,estas montañas que llegaron son de madera
"¿Whoa, sada pelo tiene una historia?","¿Whoa, cada pelo tiene una historia?"
esos regalos que llegaron era divertidos,esos regalos que llegaron eran divertidos
"De acuerdo, cicoz, cicoz, cicoz, cicoz, ezta todo en mi cabeza.","De acuerdo, chicos, chicos, chicos, chicos, esta todo en mi cabeza."
"No hemos creado en vano cielo, la tierra y lo que entre ellos está.","No hemos creado en vano el cielo, la tierra y lo que entre ellos está."
Ez una mentira...,Es una mentira...
- ¿Con fuerza fisisa?,- ¿Con fuerza física?
Te dejo su slinisa.,Te dejó su clínica.
dos amigas que vi es de mi hermano,dos amigas que vi son de mi hermano
unas casas de mi tío era divertidas,unas casas de mi tío eran divertidas
Teníaz que zer tú.,Tenías que ser tú.
"¿Que elegira, damas y sabayeros?","¿Qué elegirá, damas y caballeros?"
muchos gatos que vi tiene nombre,muchos gatos que vi tienen nombre
David se tiene ke ir.,David se tiene que ir.
Entoncez noz equibocamoz.,Entonces nos equivocamos.
ellos era rápidos,ellos eran rápidos
"En ezte momento, ay máz zerez umanoz biboz que en toda zu trizte iztoria.","En este momento, hay más seres humanos vivos que en toda su triste historia."
"Sebastian, esa fué exibición extraordianaria!","Sebastian, esa fué una exibición extraordianaria!"
Sé que lo acez.,Sé que lo haces.
varios autos del parque era enormes,varios autos del parque eran enormes
esos pájaros tiene dueño,esos pájaros tienen dueño
las camisas que compré es de mi hermano,las camisas que compré son de mi hermano
¡Las llaves estaba puestas!,¡Las llaves estaban puestas!
Su reputación se fue tacho.,Su reputación se fue al tacho.
Y ezo me pone a mi e Ian en la mizma meza que Owen.,Y eso me pone a mi e Ian en la misma mesa que Owen.
"Qué buen detalle, graciaz.","Qué buen detalle, gracias."
Le dije donde ponerze.,Le dije donde ponerse.
dos chicos que estaban ahí tiene dueño,dos chicos que estaban ahí tienen dueño
Eztaba de mal umor.,Estaba de mal humor.
¡Dígale al oficial de Propaganda que me bese culo!,¡Dígale al oficial de Propaganda que me bese el culo!
¿Eztáz biendo a Megan?,¿Estás viendo a Megan?
varias gallinas que vi era buenas,varias gallinas que vi eran buenas
tres historias estaba sucias,tres historias estaban sucias
Me alegra que eztando tan endeudado pueda dormir como bebé.,Me alegra que estando tan endeudado pueda dormir como bebé.
Cazaz de madera:,Casas de madera:
"Entoncez, ¿cómo funciona ezo?","Entonces, ¿cómo funciona eso?"
dos zapatos estaba sucios,dos zapatos estaban sucios
varias camisas del parque estaba rotas,varias camisas del parque estaban rotas
SIGUE SIENDO HASTA DIA DE HOY UNA MUY BUENA AMIGA MIA.,SIGUE SIENDO HASTA EL DIA DE HOY UNA MUY BUENA AMIGA MIA.
Owen Suterland noz enbía.,Owen Sutherland nos envía.
dos sillas que vi estaba sucias,dos sillas que vi estaban sucias
¿Tienes alguna shisa son problemas?,¿Tienes alguna chica con problemas?
"Hey, Bauer, ¿tienes minuto?","Hey, Bauer, ¿tienes un minuto?"
ellos estaba cansados,ellos estaban cansados
las chicas que vi estaba listas,las chicas que vi estaban listas
"Era enorme, no te lo imaginaríaz biéndole a él.","Era enorme, no te lo imaginarías viéndole a él."
"¿Qué paza, Kowalik? ¿E?","¿Qué pasa, Kowalik? ¿Eh?"
estos jugadores de la casa era divertidos,estos jugadores de la casa eran divertidos
varios amigos de mi tío fue muy bonitos,varios amigos de mi tío fueron muy bonitos
¿Él le dijo ke era gay?,¿Él le dijo que era gay?
tres niños que vimos ayer fue geniales,tres niños que vimos ayer fueron geniales
I-No lo zé. [Rizaz],I-No lo sé. [Risas]
"- Tu puedes entrar, pero eya no.","- Tú puedes entrar, pero ella no."
"Hincecliffe,... Lo que dijo eza cica también ba para mí.","Hinchecliffe,... Lo que dijo esa chica también va para mí."
"Una bez máz, ármeze con conocimientoz y forme zuz propiaz concluzionez.","Una vez más, ármese con conocimientos y forme sus propias conclusiones."
estas puertas que llegaron tiene dueño,estas puertas que llegaron tienen dueño
¿Que susedio son esas promesas? Esto es lo ke ay ke sonoser de Puerto Madero.,¿Qué sucedió con esas promesas? Esto es lo que hay que conocer de Puerto Madero.
estas montañas que encontramos era enormes,estas montañas que encontramos eran enormes
"Lo siento por jefe, ya sabes.","Lo siento por el jefe, ya sabes."
dos vecinos que había ahí tiene dueño,dos vecinos que había ahí tienen dueño
varias niñas de mi tío era buenas,varias niñas de mi tío eran buenas
"Cuanto mas tiempo se vive, mas dinero ke gano.","Cuanto más tiempo se vive, más dinero que gano."
¿Eztáz drogado aora?,¿Estás drogado ahora?
"Si tiene información, zerá un placer dárzela al fizcal.","Si tiene información, será un placer dársela al fiscal."
Eztoz bozquez zon impenetrablez.,Estos bosques son impenetrables.
"Es desir, no esta listo todavia?","Es decir, no está listo todavía?"
dos amigos que llegaron estaba listos,dos amigos que llegaron estaban listos
He dedisado toda mi vida a destruir a los de tu salaña.,He dedicado toda mi vida a destruir a los de tu calaña.
"""Papa, las sosas lusen mejor suando son resuerdos","""Papa, las cosas lucen mejor cuando son recuerdos"
"Bueno, srees ke esta involusrada son la banda de los robos?","Bueno, crees que esta involucrada con la banda de los robos?"
esas montañas estaba cerradas,esas montañas estaban cerradas
"- Si, lo mereses.","- Sí, lo mereces."
No se ke haser son eyas.,No sé qué hacer con ellas.
ellas tiene hambre,ellas tienen hambre
Imprímelo y le ecaremoz una ojeada maz atenta.,Imprímelo y le echaremos una ojeada mas atenta.
- ¿Por qué no puedez ezcribirlo tú?,- ¿Por qué no puedes escribirlo tú?
las casas que llegaron estaba rotas,las casas que llegaron estaban rotas
- Me encanta berte azí. Pero no creo...,- Me encanta verte así. Pero no creo...
Puez empezamoz bien.,Pues empezamos bien.
estas gallinas de mi tío estaba mojadas,estas gallinas de mi tío estaban mojadas
los vecinos de mi tío es importantes,los vecinos de mi tío son importantes
tres jugadores que vimos ayer fue míos,tres jugadores que vimos ayer fueron míos
"Ez decir, ay nombrez que oía ziempre.","Es decir, hay nombres que oía siempre."
varios árboles que tenía estaba mojados,varios árboles que tenía estaban mojados
¡Le eztoy ablando a uzted!,¡Le estoy hablando a usted!
estos pájaros que vi tiene nombre,estos pájaros que vi tienen nombre
los regalos que me diste tiene dueño,los regalos que me diste tienen dueño
"Bien, creo que ez ora de que empiece -- que empiece a cuidar de mi mizmo","Bien, creo que es hora de que empiece -- que empiece a cuidar de mi mismo"
Nunsa puede desir adios,Nunca puede decir adios
muchos juguetes del parque tiene precio,muchos juguetes del parque tienen precio
¿Pero donde ensontrar la salida?,¿Pero dónde encontrar la salida?
ellos tiene nombre,ellos tienen nombre
¿Probaron ezto?,¿Probaron esto?
Lo ke estas sintiendo ahora es sulpa.,Lo que estás sintiendo ahora es culpa.
"Despues de todo, Sashin es musho mas ke un sriketero.","Después de todo, Sachin es mucho más que un criquetero."
¡Quitarze boinaz!,¡Quitarse boinas!
dos profesores que llegaron es de mi hermano,dos profesores que llegaron son de mi hermano
Ya zon laz 11:00.,Ya son las 11:00.
- otraz obzerbacionez.,- otras observaciones.
Nadie puede zalbarte.,Nadie puede salvarte.
varios jugadores que vi es de mi hermano,varios jugadores que vi son de mi hermano
No ze garantiza todabía la protección de loz teztigoz con antecedentez penalez.,No se garantiza todavía la protección de los testigos con antecedentes penales.
estos profesores de la casa tiene hambre,estos profesores de la casa tienen hambre
Erez muy buena perzona.,Eres muy buena persona.
Hace añoz que bengo a berlo.,Hace años que vengo a verlo.
¿Acazo no ez romántico?,¿Acaso no es romántico?
varias manzanas que me diste tiene nombre,varias manzanas que me diste tienen nombre
tres ventanas tiene nombre,tres ventanas tienen nombre
¿ Dónde eztá Juntao?,¿ Dónde está Juntao?
El presente Reglamento entrara en vigor el 21 de abril de 2011.,El presente Reglamento entrará en vigor el 21 de abril de 2011.
Compilación e inztalación,Compilación e instalación
Tengo un amigo ke tiene un bote aguardando aya.,Tengo un amigo que tiene un bote aguardando allá.
las historias que llegaron fue azules,las historias que llegaron fueron azules
ZONAS AUTORIZADAS RESPECTO DE SHV Y LA NHI EN ALEMANIA,ZONAS AUTORIZADAS RESPECTO DE LA SHV Y LA NHI EN ALEMANIA
unas niñas del parque tiene dueño,unas niñas del parque tienen dueño
¿Me pongo celozo?,¿Me pongo celoso?
¿Quién erez tú?,¿Quién eres tú?
La muestra debe tener forma plana de grueso uniforme2.,La muestra debe tener una forma plana de grueso uniforme2.
Vamos a perder a aliado en Landis.,Vamos a perder a un aliado en Landis.
Las páginas está todo el puto pegadas.,Las páginas están todo el puto pegadas.
Odio penzar zeriamente.,Odio pensar seriamente.
Le aplaudo zu ezmero en ezte azunto.,Le aplaudo su esmero en este asunto.
¿Azí ez como noz lo agradecen?,¿Así es como nos lo agradecen?
¿Que hases aki?,¿Que haces aquí?
varios vecinos que vi es importantes,varios vecinos que vi son importantes
"El padre de laz niñaz ez un poeta, ¿berdad?","El padre de las niñas es un poeta, ¿verdad?"
a CSAV el 34% de la sosiedad armatoriale alemana,a CSAV el 34% de la sociedad armatoriale alemana
Cambio de dizeño,Cambio de diseño
unas puertas que vimos ayer era enormes,unas puertas que vimos ayer eran enormes
El autobus se detuvo.,El autobús se detuvo.
Ustedes los ingenieros lo hizo mejor la segunda vez.,Ustedes los ingenieros lo hicieron mejor la segunda vez.
"Aquí tienez, mamá.","Aquí tienes, mamá."
"O, amboz pueden ir al mizmo tiempo.","Oh, ambos pueden ir al mismo tiempo."
tres niños que vimos ayer tiene dueño,tres niños que vimos ayer tienen dueño
No podia dejar de estornudar.,No podía dejar de estornudar.
las montañas era divertidas,las montañas eran divertidas
los árboles de mi tío era buenos,los árboles de mi tío eran buenos
- Eztamoz a mano.,- Estamos a mano.
La siensia esta realmente avanzar ahora,La ciencia está realmente avanzar ahora
las amigas que llegaron era rápidas,las amigas que llegaron eran rápidas
Ez muy agotador...,Es muy agotador...
estas sillas de mi tío estaba listas,estas sillas de mi tío estaban listas
Es bueno ke sean amigos de Barbie.,Es bueno que sean amigos de Barbie.
"es dos, tres, icinco!","Son dos, tres, icinco!"
Eze zitio ez ezpecial.,Ese sitio es especial.
tres canciones que compré es importantes,tres canciones que compré son importantes
varios niños que vi es de mi hermano,varios niños que vi son de mi hermano
estas plantas de la casa fue mías,estas plantas de la casa fueron mías
Dije lo ke paso.,Dije lo que pasó.
estos gatos de la casa tiene hambre,estos gatos de la casa tienen hambre
esos árboles que tenía tiene dueño,esos árboles que tenía tienen dueño
¡Pero eya esta embarazada!,¡Pero ella está embarazada!
los perros que vi fue míos,los perros que vi fueron míos
los libros que estaban ahí era divertidos,los libros que estaban ahí eran divertidos
las gallinas que vi era rápidas,las gallinas que vi eran rápidas
"No eres maricón, ¿está bien?","No eres un maricón, ¿está bien?"
"Ya sabes, Paulie, las chicas judías lo hace siempre.","Ya sabes, Paulie, las chicas judías lo hacen siempre."
"De ezta manera, podremoz zalbaguardar una producción zana y biológica.","De esta manera, podremos salvaguardar una producción sana y biológica."
las flores era buenas,las flores eran buenas
Se conduce por obsesión.,Se conduce por una obsesión.
tres casas que me diste fue nuevas,tres casas que me diste fueron nuevas
Loz ganadorez elijen el reztaurante.,Los ganadores elijen el restaurante.
baya. Estrellas de cine y grandes ejecutivos.,Vaya. Estrellas de cine y grandes ejecutivos.
Llevame sontigo a Mexiso.,Llévame contigo a México.
dos amigas que estaban ahí es importantes,dos amigas que estaban ahí son importantes
No pudimos haser nada.,No pudimos hacer nada.
Apuesto que todos estaremos en bote en la mañana.,Apuesto que todos estaremos en el bote en la mañana.
las gallinas que había ahí tiene hambre,las gallinas que había ahí tienen hambre
¿Puedo zaber quiénez zon?,¿Puedo saber quiénes son?
"Quiero decir, ¿Por qué quierez tenerme alrededor?","Quiero decir, ¿Por qué quieres tenerme alrededor?"
dos historias fue muy grandes,dos historias fueron muy grandes
esas sillas que había ahí estaba sucias,esas sillas que había ahí estaban sucias
"Eztá ezcribiendo un libro aora, me dijo Martin.","Está escribiendo un libro ahora, me dijo Martin."
Sentencia del TPI de 15 de zeptiembre de 1998 en el azunto T-95/96.,Sentencia del TPI de 15 de septiembre de 1998 en el asunto T-95/96.
ellos es importantes,ellos son importantes
Sr. Erwin Künzi Auztria,Sr. Erwin Künzi Austria
"- Pónteloz, pónteloz.","- Póntelos, póntelos."
"No, no suelgues.","No, no cuelgues."
Retiremoz nueztraz tropaz... y concentremoz nueztraz tropaz aqui en Europa.,Retiremos nuestras tropas... y concentremos nuestras tropas aqui en Europa.
[Abre puerta],[Abre la puerta]
dos vecinos que encontramos estaba cansados,dos vecinos que encontramos estaban cansados
Parece que tiene algún tipo de rezto.,Parece que tiene algún tipo de resto.
E — Comunicacionez con arreglo a loz artículoz 81 y 82 del Tratado CE,E — Comunicaciones con arreglo a los artículos 81 y 82 del Tratado CE
"""Aki estamos, zombies.","""Aquí estamos, zombies."
Detonasion a las 21:10.,Detonación a las 21:10.
varios niños de la casa tiene nombre,varios niños de la casa tienen nombre
muchos jugadores de la casa estaba listos,muchos jugadores de la casa estaban listos
Que dulse. Mushas grasias.,Que dulce. Muchas gracias.
"Bueno, ¿y somo esta mi viejo amigo?","Bueno, ¿y cómo está mi viejo amigo?"
ellos es de mi hermano,ellos son de mi hermano
Asi ke salga de ese atuendo de pavo real y metase en ese uniforme.,Así que salga de ese atuendo de pavo real y métase en ese uniforme.
- ¿cuándo lo baiz a emitir?,- ¿cuándo lo vais a emitir?
dos niñas que vimos ayer estaba listas,dos niñas que vimos ayer estaban listas
Tengo una declaración ezta tarde.,Tengo una declaración esta tarde.
_ Pasalo a Banks!,_ Pásalo a Banks!
-¡Ez tan obbio!,-¡Es tan obvio!
antez del 31 de marzo de 2005,antes del 31 de marzo de 2005
Deben zer deztruidoz.,Deben ser destruidos.
Que todo el mundo me essushe.,Que todo el mundo me escuche.
"""Cada hombre debería llevar balde de agua","""Cada hombre debería llevar un balde de agua"
ellas estaba cansadas,ellas estaban cansadas
muchos chicos tiene nombre,muchos chicos tienen nombre
dos chicos que había ahí era rápidos,dos chicos que había ahí eran rápidos
estos pájaros del parque tiene nombre,estos pájaros del parque tienen nombre
Hemos avisado a todas las somisarias de la siudad.,Hemos avisado a todas las comisarías de la ciudad.
Pero ¿por qué el cambio de zu moduz operandi aora?,Pero ¿por qué el cambio de su modus operandi ahora?
"- Entonses, ¿donde esta?","- Entonces, ¿dónde está?"
Necesitan saber que sus recuerdos es reales.,Necesitan saber que sus recuerdos son reales.
Cazi que lo dijizte.,Casi que lo dijiste.
"¿Solo debes tener suidado, ok?","¿Sólo debes tener cuidado, ok?"
¡Una violasion!,¡Una violación!
- ¿Y uzted ez...?,- ¿Y usted es...?
dos niñas de mi tío fue geniales,dos niñas de mi tío fueron geniales
¿Que tal le fue?,¿Qué tal le fue?
ellos era buenos,ellos eran buenos
Puede que él no sea él.,Puede que él no sea un él.
unos libros que vi estaba cerrados,unos libros que vi estaban cerrados
las montañas que compré estaba cerradas,las montañas que compré estaban cerradas
unos profesores que encontramos era divertidos,unos profesores que encontramos eran divertidos
"- No, no puedez.","- No, no puedes."
Aplaca zu ezpíritu.,Aplaca su espíritu.
Eztoy en caza de Zoe.,Estoy en casa de Zoe.
"Sabes, yo no pienso ke dijera ofisialmente bienvenido.","Sabes, yo no pienso que dijera oficialmente bienvenido."
Les hemos atasado. ¿Me resibe?,Les hemos atacado. ¿Me recibe?
Proteger derecho a una vivienda adecuada 35 - 39 18,Proteger el derecho a una vivienda adecuada 35 - 39 18
Estas tiendas es probablemente las segundas más útiles tras los conbinis.,Estas tiendas son probablemente las segundas más útiles tras los conbinis.
unas puertas que tenía es importantes,unas puertas que tenía son importantes
I san't sit stiy,I can't sit still
ellos era enormes,ellos eran enormes
"Entoncez, quién ez?","Entonces, quién es?"
te daré mi bida.,te daré mi vida.
- ¿Ha benido alguien oy?,- ¿Ha venido alguien hoy?
¡Muy bien! ¡Azí!,¡Muy bien! ¡Así!
Rekiere ke se ejesute objetivo son permisos del usuario « root ».,Requiere que se ejecute el objetivo con permisos del usuario « root ».
ellos fue muy bonitos,ellos fueron muy bonitos
"Marta Stewart,","Martha Stewart,"
dos amigos estaba sucios,dos amigos estaban sucios
"- Bueno, azta que puedaz dar una buelta alrededor de la planta con tú andador.","- Bueno, hasta que puedas dar una vuelta alrededor de la planta con tú andador."
ellos tiene hambre,ellos tienen hambre
"¿Podemos haser eso, Miyie?","¿Podemos hacer eso, Millie?"
- Cerca corazón.,- Cerca del corazón.
"Ha estado yamandole, disiendole ke amaba, ke keria ke volviera.","Ha estado llamándole, diciéndole que la amaba, que quería que volviera."
¿Vaz por miz erramientaz eléctricaz?,¿Vas por mis herramientas eléctricas?
"Por ezo digo ""Buena Suerte"".","Por eso digo ""Buena Suerte""."
Azí que realmente ze todo zobre el dinero?,Así que realmente se todo sobre el dinero?
varias ventanas que compré fue muy bonitas,varias ventanas que compré fueron muy bonitas
Debe de ser por toda esa cosa eléctrica de ay dentro causando interferencias.,Debe de ser por toda esa cosa eléctrica de ahí dentro causando interferencias.
"Veráz, aráz algo.","Verás, harás algo."
ellas era enormes,ellas eran enormes
¿Qué es las funciones ejecutivas?,¿Qué son las funciones ejecutivas?
¿Realmente quierez ablar de ezo?,¿Realmente quieres hablar de eso?
estas flores de mi tío fue muy bonitas,estas flores de mi tío fueron muy bonitas
Todos estan pidiendo mas.,Todos están pidiendo más.
Hay una botella de wizky para quien encuentre a Dabid Harbey. Jefe.,Hay una botella de whisky para quien encuentre a David Harvey. Jefe.
"Bueno, allá bamoz.","Bueno, allá vamos."
Sargento. Empiese son uno de hombres.,Sargento. Empiece con uno de los hombres.
Ella cambió completamente dezpuéz de conocer a eze imbecil.,Ella cambió completamente después de conocer a ese imbecil.
Y yo loz pateo.,Y yo los pateo.
"Mire, primero el señor Chaudhary pidio 1,5 miyones.","Mire, primero el señor Chaudhary pidió 1,5 millones."
"Jane , la bazelina !","Jane , la vaselina !"
las profesoras que vimos ayer estaba mojadas,las profesoras que vimos ayer estaban mojadas
varios zapatos que había ahí fue pequeños,varios zapatos que había ahí fueron pequeños
esos árboles de mi tío era enormes,esos árboles de mi tío eran enormes
¡Tenemos multiples vortises tosando tierra!,¡Tenemos múltiples vórtices tocando tierra!
Eztá entrando en zock.,Está entrando en shock.
Intente dissulparme.,Intenté disculparme.
- o de que eztamoz ablando?,- o de que estamos hablando?
"Muy bien, sere testigo de eso.","Muy bien, seré testigo de eso."
Luego bio el bideo de zu ija.,Luego vio el video de su hija.
Podemoz acerle flotar un poco máz antez de expulzarle.,Podemos hacerle flotar un poco más antes de expulsarle.
Sigo enfadada sontigo.,Sigo enfadada contigo.
"No, no, no, eztaba ezperando otra llamada.","No, no, no, estaba esperando otra llamada."
El apoyo para enseñanza de la EDS,El apoyo para la enseñanza de la EDS
Es único lugar del mundo donde nieva de abajo hacia arriba.,Es el único lugar del mundo donde nieva de abajo hacia arriba.
estas ventanas que vimos ayer tiene precio,estas ventanas que vimos ayer tienen precio
- Esto es losura.,- Esto es una locura.
tres gatos de la casa era rápidos,tres gatos de la casa eran rápidos
"Sí, y tenemoz laz mizmaz zupereztrellaz.","Sí, y tenemos las mismas superestrellas."
tres vecinas que encontramos es importantes,tres vecinas que encontramos son importantes
estas niñas fue pequeñas,estas niñas fueron pequeñas
"Adios, mossas lago.","Adiós, moscas del lago."
estos niños que encontramos estaba mojados,estos niños que encontramos estaban mojados
Tenemos un evento en programa de 9 septiembre 2016.,Tenemos un evento en el programa de 9 septiembre 2016.
unas amigas que encontramos es de mi hermano,unas amigas que encontramos son de mi hermano
¿Entonses por ke tome este saso?,¿Entonces por qué tomé este caso?
"""Laz rozaz zon rojaz.","""Las rosas son rojas."
"- Bien, ire sontigo.","- Bien, iré contigo."
Pronto zerá tu turno.,Pronto será tu turno.
No me guzta ezcucarme.,No me gusta escucharme.
- A oficina de Jane Bingum.,- A la oficina de Jane Bingum.
estos coches que me diste estaba mojados,estos coches que me diste estaban mojados
- ¡Hagan lo ke les digo!,- ¡Hagan lo que les digo!
dos gatos de mi tío es importantes,dos gatos de mi tío son importantes
muchas ventanas de mi tío era antiguas,muchas ventanas de mi tío eran antiguas
las plantas de la casa estaba sucias,las plantas de la casa estaban sucias
— Suzcripcionez globalez1 — Suzcripcionez parcialez,— Suscripciones globales1 — Suscripciones parciales
Lo ke yo kiero saber es de donde eres.,Lo que yo quiero saber es de donde eres.
Sabbot Salom.,Shabbot Shalom.
esos niños que había ahí tiene nombre,esos niños que había ahí tienen nombre
Dicaz obzerbacionez ze prezentaron dentro del plazo prezcrito.,Dichas observaciones se presentaron dentro del plazo prescrito.
estos vecinos que encontramos era divertidos,estos vecinos que encontramos eran divertidos
varios perros era rápidos,varios perros eran rápidos
Los Estados miembros estableseran las modalidades de la mensionada referensia.,Los Estados miembros establecerán las modalidades de la mencionada referencia.
", pienso ke kiza este son mi abogado.",", pienso que quizá esté con mi abogado."
dos niños que estaban ahí era divertidos,dos niños que estaban ahí eran divertidos
unas mesas que vimos ayer fue azules,unas mesas que vimos ayer fueron azules
muchos zapatos que había ahí tiene precio,muchos zapatos que había ahí tienen precio
Cualkier sosa ke diga en esta sasa hagalo en voz alta y slara.,Cualquier cosa que diga en esta casa hágalo en voz alta y clara.
esas ventanas que encontramos fue muy bonitas,esas ventanas que encontramos fueron muy bonitas
- Nos roba funsion.,- Nos roba la función.
"Dioz, zuena igual que Ali.","Dios, suena igual que Ali."
Lo lograron. Los tankes de agua pesada destruidos. Todos seguros en meseta.,Lo lograron. Los tanques de agua pesada destruidos. Todos seguros en la meseta.
"Heco en Bruzelaz, el 23 de marzo de 2012.","Hecho en Bruselas, el 23 de marzo de 2012."
Elloz... todabía rien?,Ellos... todavía rien?
Encuentra a alguien dizponible.,Encuentra a alguien disponible.
ellas tiene dueño,ellas tienen dueño
muchos jugadores era buenos,muchos jugadores eran buenos
"*Pijamada, pelea de almoadaz*","*Pijamada, pelea de almohadas*"
unos cuadros que encontramos estaba listos,unos cuadros que encontramos estaban listos
Todoz noz queremoz y noz encanta crear múzica.,Todos nos queremos y nos encanta crear música.
"La unisa diferensia, es ke yo ensontre forma de salir.","La única diferencia, es que yo encontré una forma de salir."
Hace cerca de trez zemanaz.,Hace cerca de tres semanas.
"Dejame adivinar, nuestro marinero disfrutaba un baile.","Déjame adivinar, nuestro marinero disfrutaba un baile."
unas canciones que encontramos es de madera,unas canciones que encontramos son de madera
varios jugadores que vi fue míos,varios jugadores que vi fueron míos
¿Es Dr. Pierce?,¿Es el Dr. Pierce?
los regalos de la casa tiene nombre,los regalos de la casa tienen nombre
Empleó el protocolo de incurzión de emergencia.,Empleó el protocolo de incursión de emergencia.
Un somprimido resubierto sontiene,Un comprimido recubierto contiene
"Quiero ke sreas en ti mismo, Slam porke tienes musho en ke sreer.","Quiero que creas en ti mismo, Slam porque tienes mucho en qué creer."
Los tuyos sí que es bonitos.,Los tuyos sí que son bonitos.
Mejor que ze preparen.,Mejor que se preparen.
esas sillas que compré fue mías,esas sillas que compré fueron mías
dos puertas que tenía era buenas,dos puertas que tenía eran buenas
ellas fue geniales,ellas fueron geniales
Se paso sasi todo dia en el baño.,Se pasó casi todo el día en el baño.
Vamoz a acerlo.,Vamos a hacerlo.
estos pájaros que encontramos fue muy grandes,estos pájaros que encontramos fueron muy grandes
Sandro es serdo!,Sandro es un cerdo!
"¿Le guztaba, ella?","¿Le gustaba, ella?"
Normaz generalez de conducta,Normas generales de conducta
"Como eztan aciendo ezto, camo?","Como estan haciendo esto, chamo?"
Lo ziento muco Señor...,Lo siento mucho Señor...
dos chicos que llegaron estaba cansados,dos chicos que llegaron estaban cansados
"No, las magdalenas era nuestro sueño.","No, las magdalenas eran nuestro sueño."
- Me gustan mujeres.,- Me gustan las mujeres.
"El azunto no le concierne, zra.","El asunto no le concierne, sra."
unas casas del parque tiene dueño,unas casas del parque tienen dueño
Tranquilo. Te espera viaje largo.,Tranquilo. Te espera un viaje largo.
La película fue filmada en zu mayoría en Wicklow Ireland.,La película fue filmada en su mayoría en Wicklow Ireland.
las chicas fue geniales,las chicas fueron geniales
"Porque bemoz el partido, por ezo.","Porque vemos el partido, por eso."
¿Por qué eztamoz mirando bídeo de Aba?,¿Por qué estamos mirando vídeo de Ava?
varios libros era divertidos,varios libros eran divertidos
esos gatos de mi tío fue geniales,esos gatos de mi tío fueron geniales
unos profesores que estaban ahí era enormes,unos profesores que estaban ahí eran enormes
"- pero tu eres mi prioridad, ¿si?","- pero tu eres mi prioridad, ¿sí?"
Corea participará actibamente.,Corea participará activamente.
Loz comoditiez barían.,Los comodities varían.
- ¿Qué precaucionez?,- ¿Qué precauciones?
Peon a dama tres.,Peón a dama tres.
Probablemente me retraze.,Probablemente me retrase.
Os pido ke sorteis.,Os pido que cortéis.
Me alegro de sonoserlo.,Me alegro de conocerlo.
Para zobrebibir.,Para sobrevivir.
"John, ¿por ke?","John, ¿por qué?"
esos zapatos que estaban ahí tiene dueño,esos zapatos que estaban ahí tienen dueño
tres pájaros de mi tío era divertidos,tres pájaros de mi tío eran divertidos
Y estuvieron muy sersa de matarlo a usted tambien.,Y estuvieron muy cerca de matarlo a usted también.
Advierten que los países miembros debe prepararse a lo que está para seguir.,Advierten que los países miembros deben prepararse a lo que está para seguir.
unas historias que estaban ahí estaba sucias,unas historias que estaban ahí estaban sucias
- El ke me ensontre en Monte Carlo.,- El que me encontré en Monte Carlo.
"Hey, ¿a ke estan jugando? Este no es un juego.","Hey, ¿a qué están jugando? Este no es un juego."
¿Y del adenocarcinoma de bezícula biliar en leonez africanoz?,¿Y del adenocarcinoma de vesícula biliar en leones africanos?
Ya son las osho de la mañana.,Ya son las ocho de la mañana.
dos zapatos que encontramos estaba sucios,dos zapatos que encontramos estaban sucios
"Sí, los lunares está bien.","Sí, los lunares están bien."
"- ¿Qué ocurre con ""steps""?","- ¿Qué ocurre con los ""steps""?"
"Bien, Es plaser verle a Ud. de nuevo.","Bien, Es un placer verle a Ud. de nuevo."
varias montañas que estaban ahí era enormes,varias montañas que estaban ahí eran enormes
Suena buen plan.,Suena un buen plan.
muchos profesores del parque era enormes,muchos profesores del parque eran enormes
yo no podia haserlo.,yo no podía hacerlo.
estos cuadros que me diste es de mi hermano,estos cuadros que me diste son de mi hermano
"Santiago, ¿boz le dizte mi numero de teléfono a alguien?","Santiago, ¿vos le diste mi numero de teléfono a alguien?"
Me lebanto y leo... para zaber que no eztoy zola.,Me levanto y leo... para saber que no estoy sola.
esas chicas que vi tiene nombre,esas chicas que vi tienen nombre
varios amigos que estaban ahí tiene dueño,varios amigos que estaban ahí tienen dueño
dos gatos que llegaron estaba sucios,dos gatos que llegaron estaban sucios
Tengo algo ke haser.,Tengo algo que hacer.
"Te lo dije, si Nazir essapo, alguien debio ayudarle.","Te lo dije, si Nazir escapó, alguien debió ayudarle."
Son demaziado inteligentez.,Son demasiado inteligentes.
varios jugadores que había ahí es de mi hermano,varios jugadores que había ahí son de mi hermano
muchos chicos que llegaron tiene nombre,muchos chicos que llegaron tienen nombre
las ventanas tiene dueño,las ventanas tienen dueño
varios juguetes que encontramos fue geniales,varios juguetes que encontramos fueron geniales
estas montañas que llegaron tiene nombre,estas montañas que llegaron tienen nombre
varios cuadros que vimos ayer estaba sucios,varios cuadros que vimos ayer estaban sucios
unas plantas que vimos ayer tiene precio,unas plantas que vimos ayer tienen precio
- Submarino Galastiso.,- Submarino Galáctico.
los amigos que llegaron es de mi hermano,los amigos que llegaron son de mi hermano
No vamos a yamar a la polisia o a nadie despues de esto.,No vamos a llamar a la policía o a nadie después de esto.
tres profesoras del parque estaba mojadas,tres profesoras del parque estaban mojadas
¡Lo sonsiguio de ti!,¡Lo consiguió de ti!
unas amigas que llegaron fue pequeñas,unas amigas que llegaron fueron pequeñas
No eztoy embarazada.,No estoy embarazada.
"Oh, grasias, señor.","Oh, gracias, señor."
muchos vecinos que estaban ahí estaba listos,muchos vecinos que estaban ahí estaban listos
"No ay un ""tal bez"", zenadora.","No hay un ""tal vez"", senadora."
Seguro ke estas deseando esharle tu guante de diagnostisar.,Seguro que estás deseando echarle tu guante de diagnosticar.
estos zapatos que había ahí fue míos,estos zapatos que había ahí fueron míos
¿Qué tengo que acer para entrar en negocioz?,¿Qué tengo que hacer para entrar en negocios?
unas canciones era antiguas,unas canciones eran antiguas
estos vecinos que había ahí fue míos,estos vecinos que había ahí fueron míos
No te pongaz emotiba.,No te pongas emotiva.
esos árboles tiene nombre,esos árboles tienen nombre
unos gatos que vimos ayer tiene nombre,unos gatos que vimos ayer tienen nombre
Lo ke resulta trankilizador es ke ahora tenemos referendos en diez paises.,Lo que resulta tranquilizador es que ahora tenemos referendos en diez países.
varias puertas que compré tiene dueño,varias puertas que compré tienen dueño
los autos de la casa tiene nombre,los autos de la casa tienen nombre
tres juguetes que me diste es importantes,tres juguetes que me diste son importantes
Mañana ire a somprarlo.,Mañana iré a comprarlo.
Mirame a ojos.,Mirame a los ojos.
¿Eztáz zeguro de que ez una buena idea?,¿Estás seguro de que es una buena idea?
las montañas que compré era divertidas,las montañas que compré eran divertidas
"- 53 euros para año civil 2001,","- 53 euros para el año civil 2001,"
¿Tú creez que aquí ace calor?,¿Tú crees que aquí hace calor?
Que sueños son ficción.,Que los sueños son ficción.
estas vecinas que encontramos era buenas,estas vecinas que encontramos eran buenas
tres gallinas es de mi hermano,tres gallinas son de mi hermano
No tengo ninguna explisasion.,No tengo ninguna explicación.
muchos libros que encontramos tiene nombre,muchos libros que encontramos tienen nombre
varias profesoras de mi tío es importantes,varias profesoras de mi tío son importantes
"Sí, dízelo a ella.","Sí, díselo a ella."
muchos perros que encontramos fue muy bonitos,muchos perros que encontramos fueron muy bonitos
unos juguetes fue caros,unos juguetes fueron caros
En mi mente eztaba muerta,En mi mente estaba muerta
dos regalos que estaban ahí estaba rotos,dos regalos que estaban ahí estaban rotos
ellas fue muy bonitas,ellas fueron muy bonitas
«sulfitos» o «dioxido de enxofre»,«sulfitos» o «dióxido de enxofre»
estas niñas que encontramos era enormes,estas niñas que encontramos eran enormes
¡Pero la abominasion ke sresia en eya me traisionaba a mi y al Pasto!,¡Pero la abominación que crecía en ella me traicionaba a mí y al Pacto!
dos hermanos de la casa es de mi hermano,dos hermanos de la casa son de mi hermano
tres chicos que vimos ayer era buenos,tres chicos que vimos ayer eran buenos
Cloe querida ...,Chloe querida ...
varias flores que tenía fue mías,varias flores que tenía fueron mías
o AINE (p.ej.: ibuprofeno) o a inibidorez de la COX -2.,o AINE (p.ej.: ibuprofeno) o a inhibidores de la COX -2.
unos juguetes tiene dueño,unos juguetes tienen dueño
tres profesores de mi tío era enormes,tres profesores de mi tío eran enormes
dos plantas que encontramos es importantes,dos plantas que encontramos son importantes
Take to the sky llegas cielo,Take to the sky llegas al cielo
esos niños del parque fue pequeños,esos niños del parque fueron pequeños
varios juguetes que había ahí es de mi hermano,varios juguetes que había ahí son de mi hermano
"- Si, asi. Ya esta.","- Sí, así. Ya está."
No ez ezto grandiozo...,No es esto grandioso...
Hay una razón por la cual los zorros vive bajo tierra.,Hay una razón por la cual los zorros viven bajo tierra.
Espero ke entiendas. Claro.,Espero que entiendas. Claro.
"Esta tarde, si kieres.","Esta tarde, si quieres."
"Elloz no quieren zer ridículoz, zino atractiboz.","Ellos no quieren ser ridículos, sino atractivos."
estas canciones de la casa fue azules,estas canciones de la casa fueron azules
unas puertas que vi estaba mojadas,unas puertas que vi estaban mojadas
Pienza en tú madre y ermanoz y ermanaz. Necezitaz el dinero.,Piensa en tú madre y hermanos y hermanas. Necesitas el dinero.
estas vecinas que vi estaba cansadas,estas vecinas que vi estaban cansadas
unos amigos que había ahí fue míos,unos amigos que había ahí fueron míos
Las espesias matan los misrobios.,Las especias matan los microbios.
los árboles estaba mojados,los árboles estaban mojados
tres montañas de la casa fue azules,tres montañas de la casa fueron azules
esos niños del parque es importantes,esos niños del parque son importantes
Oí que ayer ze emborracó en Toby'z y ze peleó con Hettie.,Oí que ayer se emborrachó en Toby's y se peleó con Hettie.
• Medidaz de adminiztración: inzumoz y productoz adicionalez,• Medidas de administración: insumos y productos adicionales
muchas canciones del parque tiene nombre,muchas canciones del parque tienen nombre
"Ese dia, lo amamos.","Ese día, lo amamos."
¿Hay algo cierto en tu iztoria?,¿Hay algo cierto en tu historia?
Casi se kemo todo edifisio entero.,Casi se quemó todo el edificio entero.
¿Puedes sreertelo?,¿Puedes creértelo?
Quizas aun ay algun ofisial resistiendo.,Quizás aún hay algún oficial resistiendo.
Nunsa vi el sielo tan azul,Nunca vi el cielo tan azul
tres niños estaba mojados,tres niños estaban mojados
Cinco o diez minutoz máz o menoz.,Cinco o diez minutos más o menos.
muchos juguetes que compré era divertidos,muchos juguetes que compré eran divertidos
esas chicas de la casa fue geniales,esas chicas de la casa fueron geniales
varias chicas del parque era buenas,varias chicas del parque eran buenas
"Ay, ijo, ezo no fue culpa tuya.","Ay, hijo, eso no fue culpa tuya."
dos vecinos de mi tío es importantes,dos vecinos de mi tío son importantes
"Si, es urgente.","Sí, es urgente."
unos chicos de mi tío tiene dueño,unos chicos de mi tío tienen dueño
¡Ez todo lo que tenemoz!,¡Es todo lo que tenemos!
Las conclusiones confiarán luís al presidente de autoridad Portuario mirlo.,Las conclusiones confiarán luís al presidente de la autoridad Portuario mirlo.
unas ventanas que había ahí fue geniales,unas ventanas que había ahí fueron geniales
No me importa somo.,No me importa cómo.
"Tienes razon en algo, Tony.","Tienes razón en algo, Tony."
Ez tu última oportunidad.,Es tu última oportunidad.
ellas es importantes,ellas son importantes
muchas montañas que estaban ahí estaba rotas,muchas montañas que estaban ahí estaban rotas
Siento que eztoy zoñando.,Siento que estoy soñando.
unos perros que vi fue geniales,unos perros que vi fueron geniales
tres montañas que me diste era divertidas,tres montañas que me diste eran divertidas
estas flores que compré es muy útiles,estas flores que compré son muy útiles
tres chicas que encontramos es importantes,tres chicas que encontramos son importantes
Ez terminar primero,Es terminar primero
Sirven para limpiarse la somida de la sara.,Sirven para limpiarse la comida de la cara.
Le gusto alguien mejor.,Le gustó alguien mejor.
tres canciones que compré era enormes,tres canciones que compré eran enormes
Todos los ke sonosemos disen ke tu les hablaste de eya.,Todos los que conocemos dicen que tú les hablaste de ella.
Vamoz a necezitar talento para ezto.,Vamos a necesitar talento para esto.
los profesores del parque tiene nombre,los profesores del parque tienen nombre
"Debez calmarte, de otra forma Mommy no podrá ayudarte.","Debes calmarte, de otra forma Mommy no podrá ayudarte."
¿Esperas estar ekivosado por bien de la pasiente?,¿Esperas estar equivocado por el bien de la paciente?
las gallinas que vimos ayer estaba cansadas,las gallinas que vimos ayer estaban cansadas
muchas vecinas que vimos ayer fue muy grandes,muchas vecinas que vimos ayer fueron muy grandes
"""Wyatt Earp: Frontier Marzal"".","""Wyatt Earp: Frontier Marshal""."
Voy atraz de ti.,Voy atras de ti.
"Tienez razón, eztoy diciendo tonteríaz.","Tienes razón, estoy diciendo tonterías."
No ez una copia local.,No es una copia local.
ellas fue muy grandes,ellas fueron muy grandes
¿Es esto desafio?,¿Es esto un desafío?
"Annaz, erez amigo y gran zabio","Annas, eres amigo y gran sabio"
estas chicas de la casa era rápidas,estas chicas de la casa eran rápidas
varias amigas que había ahí tiene dueño,varias amigas que había ahí tienen dueño
"Esto es demasiado, y lo ke dijo no solo lo dijo delante de uno de los mios.","Esto es demasiado, y lo que dijo no solo lo dijo delante de uno de los míos."
Estoy preparando una sonfesion.,Estoy preparando una confesión.
Conzultar otelez zuzcritoz al programa,Consultar hoteles suscritos al programa
"- Dr. Solomon... - No, debo decir algo antez.","- Dr. Solomon... - No, debo decir algo antes."
muchos vecinos de mi tío fue pequeños,muchos vecinos de mi tío fueron pequeños
varios regalos que vi estaba rotos,varios regalos que vi estaban rotos
"Deja-te en sasa la vergüenza, el paniso esseniso y el pudor.","Deja-te en casa la vergüenza, el pánico escénico y el pudor."
- En el semaforo.,- En el semáforo.
Habia otra organizasion ke hasia mas o menos lo mismo dirigida por Adam Diaz.,Había otra organización que hacía más o menos lo mismo dirigida por Adam Diaz.
estan exentas de sintomas de pie negro;,están exentas de síntomas de pie negro;
"Seiz añoz zin la berdad...""","Seis años sin la verdad..."""
¿Ezto ez correcto?,¿Esto es correcto?
"¡Oh, sí, acapara bolas! ¡Esto es lo más divertido que haya hecho jamás!","¡Oh, sí, acapara las bolas! ¡Esto es lo más divertido que haya hecho jamás!"
No Biy Murray.,No Bill Murray.
C+ompañero de slases.,C+ompañero de clases.
"Yo digo, ¿qué ez lo que ella a eco?","Yo digo, ¿qué es lo que ella ha hecho?"
"Venga, Tonton, atrapemos a ese palomo.","Venga, Tontón, atrapemos a ese palomo."
- Si ay tiempo.,- Si hay tiempo.
Es hombre sin pies.,Es el hombre sin pies.
"Es uno de esos discos cuadrados que van en en un estéreo, así, de lado.","Es uno de esos discos cuadrados que van en un en un estéreo, así, de lado."
"No se, me lo estoy probando.","No sé, me lo estoy probando."
¿Y esos gilipollas nos estaba insultando?,¿Y esos gilipollas nos estaban insultando?
unas plantas que compré estaba mojadas,unas plantas que compré estaban mojadas
ellos fue pequeños,ellos fueron pequeños
Todos sabemos ke es musho mas ke eso.,Todos sabemos que es mucho más que eso.
varios vecinos que vimos ayer tiene nombre,varios vecinos que vimos ayer tienen nombre
El biento ez muy fuerte.,El viento es muy fuerte.
"Aquí llega Jonny, ba a contarte la iztoria","Aquí llega Johnny, va a contarte la historia"
los gatos que estaban ahí estaba cansados,los gatos que estaban ahí estaban cansados
"- Saron, por fabor.","- Sharon, por favor."
Ezpera... bayamoz pazo a pazo.,Espera... vayamos paso a paso.
"Se ke ee interesa por nosostros, y se ke es por nuestro bien.","Sé que ee interesa por nosostros, y sé que es por nuestro bien."
No e pedido nada de ezto.,No he pedido nada de esto.
muchos árboles que había ahí estaba sucios,muchos árboles que había ahí estaban sucios
¡Ella tiene un zolo zapato!,¡Ella tiene un solo zapato!
muchos cuadros de mi tío estaba cerrados,muchos cuadros de mi tío estaban cerrados
"- Alsanse, 900.","- Alcance, 900."
los pájaros del parque estaba mojados,los pájaros del parque estaban mojados
Efesto de otros fastores,Efecto de otros factores
Ez muy bueno berte.,Es muy bueno verte.
Tu sarrera ha sufrido gran reves.,Tu carrera ha sufrido un gran revés.
Creo que ez bueno.,Creo que es bueno.
Al parecer ay unos 360.,Al parecer hay unos 360.
"Quinto, se desea la asogida de expatriados de zonas en es tado de emergensia.","Quinto, se desea la acogida de expatriados de zonas en es tado de emergencia."
"Hijas, la mitad de mi palasio esta arruinada y la otra agoniza.","Hijas, la mitad de mi palacio está arruinada y la otra agoniza."
tres mesas que vimos ayer estaba listas,tres mesas que vimos ayer estaban listas
Era estupidez.,Era una estupidez.
Ez nueztro trabajo traerla de buelta al mundo.,Es nuestro trabajo traerla de vuelta al mundo.
Me boy de aquí.,Me voy de aquí.
dos historias del parque es de mi hermano,dos historias del parque son de mi hermano
tres coches que llegaron tiene nombre,tres coches que llegaron tienen nombre
"No queremoz acer ezto, ni podemoz.","No queremos hacer esto, ni podemos."
"Es losura, pero es probablemente nuestra mejor oportunidad.","Es una locura, pero es probablemente nuestra mejor oportunidad."
Teniamos algo bueno aki. ¿Por ke tenias ke venir y arruinarlo?,Teníamos algo bueno aquí. ¿Por qué tenías que venir y arruinarlo?
"Viene gente, bebe, se enamora, se desenamora, y se ajustan suentas.","Viene gente, bebe, se enamora, se desenamora, y se ajustan las cuentas."
Estructura fondo,Estructura del fondo
La política fiscal ha desempeñado un papel importante en mercado interior.,La política fiscal ha desempeñado un papel importante en el mercado interior.
Es difisil sulpar a alguien ke nunsa esta ahi.,Es difícil culpar a alguien que nunca está ahí.
Los sanatorios de lujo fue transformados en hospitales populares.,Los sanatorios de lujo fueron transformados en hospitales populares.
Julez eztaba deprimida y yo...,Jules estaba deprimida y yo...
"Y ese es emblema ke utilizan en todos sus vehisulos, un perro demonio.","Y ese es el emblema que utilizan en todos sus vehículos, un perro demonio."
- Y zuz ombrez te dizpararían zi lo icieraz.,- Y sus hombres te dispararían si lo hicieras.
Hermana Mary Jon.,Hermana Mary John.
Ese era sodigo ke tu padre nos enseño.,Ese era el código que tu padre nos enseñó.
¡Graciaz por traerme aquí cicoz!,¡Gracias por traerme aquí chicos!
Felicitacionez!,Felicitaciones!
unas plantas del parque es importantes,unas plantas del parque son importantes
El arreglo son Goran se mantendra.,El arreglo con Goran se mantendrá.
¿Qué? ¿No ay nadie que pueda ayudarnos?,¿Qué? ¿No hay nadie que pueda ayudarnos?
"Capta loz cronitonez aquí, pero no en mí.","Capta los cronitones aquí, pero no en mí."
Se kedo embarazada.,Se quedó embarazada.
Eya esta sola y nunsa nos habiamos separado tanto tiempo.,Ella está sola y nunca nos habíamos separado tanto tiempo.
los vecinos que estaban ahí es de mi hermano,los vecinos que estaban ahí son de mi hermano
"Bueno, zi lo tienez todo planeado, ¿para qué me necezitaz?","Bueno, si lo tienes todo planeado, ¿para qué me necesitas?"
dos canciones que encontramos era enormes,dos canciones que encontramos eran enormes
"- No puedo kedarme, me tengo ke ir. - ¿Que vas a haser?","- No puedo quedarme, me tengo que ir. - ¿Qué vas a hacer?"
- ¿Si? He trabajado duro en proyesto de viviendas en Arlington.,- ¿Sí? He trabajado duro en un proyecto de viviendas en Arlington.
las camisas que estaban ahí estaba mojadas,las camisas que estaban ahí estaban mojadas
Essondase en sama.,Escóndase en la cama.
"-No somo amante, nunsa hisimos amor de akeya manera.","-No como un amante, nunca hicimos amor de aquella manera."
- Lo siento... - Vamonos.,- Lo siento... - Vámonos.
varias sillas que tenía tiene nombre,varias sillas que tenía tienen nombre
Ni ziquiera pueden compartir una oficina.,Ni siquiera pueden compartir una oficina.
estos amigos era enormes,estos amigos eran enormes
dos casas que vi tiene nombre,dos casas que vi tienen nombre
Pero no fue la boluntad de Dioz que muera.,Pero no fue la voluntad de Dios que muera.
unas vecinas de mi tío estaba sucias,unas vecinas de mi tío estaban sucias
"Ezpera, ezpera, ezpera.","Espera, espera, espera."
ellas estaba mojadas,ellas estaban mojadas
esas chicas de la casa fue muy grandes,esas chicas de la casa fueron muy grandes
Creo que ez Lil no quiere irze.,Creo que es Lil no quiere irse.
Pegajozo. Goteaba por todoz ladoz.,Pegajoso. Goteaba por todos lados.
estos libros del parque estaba cerrados,estos libros del parque estaban cerrados
"Condiciones de entrega, plazo y forma de pago, incluyendo Incoterm.","Condiciones de entrega, plazo y forma de pago, incluyendo el Incoterm."
Soy hombre de Cambridge en primer y último lugar.,Soy un hombre de Cambridge en primer y último lugar.
estos jugadores del parque fue pequeños,estos jugadores del parque fueron pequeños
-Por favor no llores... -Los bebés no come pollo.,-Por favor no llores... -Los bebés no comen pollo.
esas historias que tenía era enormes,esas historias que tenía eran enormes
"Muy bien. - ¿Podemos desir ""demanda judisial""? - ¿Estas bien?","Muy bien. - ¿Podemos decir ""demanda judicial""? - ¿Estás bien?"
Quiero bender mi guitarra.,Quiero vender mi guitarra.
frenado de zerbicio (cláuzula 4.2.4.5.3),frenado de servicio (cláusula 4.2.4.5.3)
"Sí, puedez dejar eza actitud aora.","Sí, puedes dejar esa actitud ahora."
estas puertas que vi fue muy grandes,estas puertas que vi fueron muy grandes
Lily tiene zu propia renta.,Lily tiene su propia renta.
Eztoy pazando algo por alto.,Estoy pasando algo por alto.
Los resultados previstos en esta esfera programática es los siguientes:,Los resultados previstos en esta esfera programática son los siguientes:
Os dais cuenta de que estos tíos es como máquinas.,Os dais cuenta de que estos tíos son como máquinas.
La yamo y no me oye.,La llamo y no me oye.
Siento moleztarte pero ez importante.,Siento molestarte pero es importante.
dos historias que tenía era enormes,dos historias que tenía eran enormes
Se obsesiono son sonseguir dinero para uno de sus pasientes ke tomo Plomox.,Se obsesionó con conseguir dinero para uno de sus pacientes que tomó Plomox.
"Y no te apurez en regrezar, querida.","Y no te apures en regresar, querida."
esas casas del parque es importantes,esas casas del parque son importantes
"- Bien, anota ke te parese razonable.","- Bien, anota que te parece razonable."
"Yo doy laz órdenez, ¿no?","Yo doy las órdenes, ¿no?"
l kiere ke me ayude a sonseguir arma.,l quiere que me ayude a conseguir un arma.
dos cuadros que llegaron es de mi hermano,dos cuadros que llegaron son de mi hermano
"Rebessa, esto es tan dulse. Oh, No.","Rebecca, esto es tan dulce. Oh, No."
Debí a ver puesto algunos con veneno.,Debí haber puesto algunos con veneno.
estos amigos que vi es de mi hermano,estos amigos que vi son de mi hermano
tres casas era buenas,tres casas eran buenas
No se permite estar aya.,No se permite estar allá.
"Calcula lo que le debemoz, y dale la mitad.","Calcula lo que le debemos, y dale la mitad."
muchos regalos que vimos ayer estaba cerrados,muchos regalos que vimos ayer estaban cerrados
Eztoy muy abatido para bañarme.,Estoy muy abatido para bañarme.
Leonardo da vinsi.,Leonardo da vinci.
"Devon, ¿ke le ha pasado?","Devon, ¿qué le ha pasado?"
Kimbay va a haser la sesion informativa.,Kimball va a hacer la sesión informativa.
tres niñas que estaban ahí fue muy bonitas,tres niñas que estaban ahí fueron muy bonitas
unas ventanas que vimos ayer tiene precio,unas ventanas que vimos ayer tienen precio
b) El Código marítimo griego pribado,b) El Código marítimo griego privado
unas sillas que vi tiene precio,unas sillas que vi tienen precio
"Randir Sing, altaboz porque ponen la imagen Mi ijo en el periódico.","Randhir Singh, altavoz porque ponen la imagen Mi hijo en el periódico."
las amigas de mi tío tiene nombre,las amigas de mi tío tienen nombre
varias flores de la casa tiene dueño,varias flores de la casa tienen dueño
varios chicos que vi estaba sucios,varios chicos que vi estaban sucios
dos profesoras que encontramos estaba mojadas,dos profesoras que encontramos estaban mojadas
tres libros de mi tío era antiguos,tres libros de mi tío eran antiguos
No bussaba invitasion.,No buscaba una invitación.
- Años de prastisa y entrenamiento.,- Años de práctica y entrenamiento.
"Siento desepsionarlo, pero esta es una slase de patologia forense.","Siento decepcionarlo, pero ésta es una clase de patología forense."
unos autos que vimos ayer fue muy bonitos,unos autos que vimos ayer fueron muy bonitos
"¡Oh, te kiero!","¡Oh, te quiero!"
Piensa ke sosesha no es sufisiente garantia.,Piensa que la cosecha no es suficiente garantía.
Imagine ke se lo pasarias a ese idiota de Besker.,Imaginé que se lo pasarías a ese idiota de Becker.
unos cuadros tiene nombre,unos cuadros tienen nombre
Le estan esperando,Le están esperando
unas historias que vi es importantes,unas historias que vi son importantes
varias gallinas que encontramos es importantes,varias gallinas que encontramos son importantes
esas gallinas del parque era rápidas,esas gallinas del parque eran rápidas
unos cuadros que compré es muy útiles,unos cuadros que compré son muy útiles
? Por que me mueztraz ezto?,? Por que me muestras esto?
ellas era rápidas,ellas eran rápidas
Vd. ze queda conmigo.,Vd. se queda conmigo.
dos vecinos tiene nombre,dos vecinos tienen nombre
unos zapatos que compré era antiguos,unos zapatos que compré eran antiguos
Me alegro que renunciazte.,Me alegro que renunciaste.
Almuerza en la ezquina.,Almuerza en la esquina.
"Y es nuestra sasa, Buster.","Y es nuestra casa, Buster."
b) Documento de antecedentez prezentado por la Sra.,b) Documento de antecedentes presentado por la Sra.
estos vecinos tiene dueño,estos vecinos tienen dueño
Ezperan la autorización.,Esperan la autorización.
- ¿Cómo zabez ezo?,- ¿Cómo sabes eso?
"¿Podría ezto zer Cepzton, por buena bentura?","¿Podría esto ser Chepston, por buena ventura?"
"No me somplase esto, señora Dubois.","No me complace esto, señora Dubois."
Siento ke puedo sonfiar en ti.,Siento que puedo confiar en ti.
dos hermanos que vimos ayer estaba listos,dos hermanos que vimos ayer estaban listos
"Tenemoz bariaz, mayor.","Tenemos varias, mayor."
"Quiero desir, dos tenemos ke aprobar.","Quiero decir, los dos tenemos que aprobar."
La salida de energia sae a sero en la fase tres. ¿Que osurrio? - ¡Paul!,La salida de energía cae a cero en la fase tres. ¿Qué ocurrió? - ¡Paul!
- Yo zólo quiero recuperar mi palacete...,- Yo sólo quiero recuperar mi palacete...
unos jugadores que llegaron fue geniales,unos jugadores que llegaron fueron geniales
varios autos era buenos,varios autos eran buenos
unas profesoras que vimos ayer es importantes,unas profesoras que vimos ayer son importantes
los vecinos de la casa fue pequeños,los vecinos de la casa fueron pequeños
¿Lo yevas puesto?,¿Lo llevas puesto?
Si eztáz tan zeguro.,Si estás tan seguro.
Trataron insluso de srear nuevas estreyas para sus distribuidores.,Trataron incluso de crear nuevas estrellas para sus distribuidores.
unos regalos que vimos ayer era divertidos,unos regalos que vimos ayer eran divertidos
"Cabayeros, ay una tarea ke debo sumplir aki, y tengo problemas en lograrlo.","Caballeros, hay una tarea que debo cumplir aquí, y tengo problemas en lograrlo."
"Laurie, tenemos ke sasarte...","Laurie, tenemos que sacarte..."
estas niñas de mi tío tiene hambre,estas niñas de mi tío tienen hambre
"Pero, ya zabez, a eztado empantanado en el M.I.T.","Pero, ya sabes, ha estado empantanado en el M.I.T."
"Buena zuerte, mi zeñor.","Buena suerte, mi señor."
unas mesas que encontramos estaba sucias,unas mesas que encontramos estaban sucias
"Bien, las sosas no salieron tan bien en Roke-","Bien, las cosas no salieron tan bien en Roke-"
Quizá ze fugaron.,Quizá se fugaron.
Su Señoria me mando yamar.,Su Señoría me mandó llamar.
esas chicas que estaban ahí es importantes,esas chicas que estaban ahí son importantes
varios libros que vi estaba sucios,varios libros que vi estaban sucios
los jugadores que había ahí estaba cansados,los jugadores que había ahí estaban cansados
tres manzanas que vi era enormes,tres manzanas que vi eran enormes
"Pero yo sreo ke ""Colosus"" ha tosado nuestro interior.","Pero yo creo que ""Colosus"" ha tocado nuestro interior."
tres zapatos que encontramos tiene nombre,tres zapatos que encontramos tienen nombre
- Ke-Ni-Tay nesesita tiempo para ensontrar al observador.,- Ke-Ni-Tay necesita tiempo para encontrar al observador.
Abízame qué te parece.,Avísame qué te parece.
Ezo ez injuriante.,Eso es injuriante.
mismas sondisiones de vuelo.,mismas condiciones de vuelo.
¿Se ba tan pronto?,¿Se va tan pronto?
Y momentos son todo lo que tenemos.,Y los momentos son todo lo que tenemos.
dos chicas es importantes,dos chicas son importantes
unos jugadores que estaban ahí tiene dueño,unos jugadores que estaban ahí tienen dueño
dos puertas que estaban ahí fue nuevas,dos puertas que estaban ahí fueron nuevas
ellos era divertidos,ellos eran divertidos
Porque ezoz moratonez podría aberloz eco cualquiera.,Porque esos moratones podría haberlos hecho cualquiera.
dos niñas que vimos ayer fue muy bonitas,dos niñas que vimos ayer fueron muy bonitas
esos jugadores que estaban ahí tiene hambre,esos jugadores que estaban ahí tienen hambre
varias plantas que vimos ayer fue muy bonitas,varias plantas que vimos ayer fueron muy bonitas
NO conzeguir que elloz agan lo que tú aríaz.,NO conseguir que ellos hagan lo que tú harías.
muchos zapatos que encontramos fue muy grandes,muchos zapatos que encontramos fueron muy grandes
Rebessa Stokes.,Rebecca Stokes.
unas camisas de mi tío era divertidas,unas camisas de mi tío eran divertidas
unos chicos que llegaron es de mi hermano,unos chicos que llegaron son de mi hermano
Pero no a ti mizma,Pero no a ti misma
los regalos de la casa era antiguos,los regalos de la casa eran antiguos
Creo que un abe me come el roztro.,Creo que un ave me come el rostro.
No beo nada en la caja excepto una infancia perdida.,No veo nada en la caja excepto una infancia perdida.
varios vecinos que había ahí estaba listos,varios vecinos que había ahí estaban listos
Lamento zer tan...,Lamento ser tan...
- ¡¿Dónde eztá la zuya?,- ¡¿Dónde está la suya?
¿Quién quiere nacoz de freza?,¿Quién quiere nachos de fresa?
dos coches que vi fue azules,dos coches que vi fueron azules
"- Bueno, azí dice.","- Bueno, así dice."
El Tribunal desestimó petición.,El Tribunal desestimó la petición.
Loz criztianoz en berdad tienen una gran fortaleza.,Los cristianos en verdad tienen una gran fortaleza.
Dicen que la llubia ez buena para el cutiz,Dicen que la lluvia es buena para el cutis
esas gallinas del parque era divertidas,esas gallinas del parque eran divertidas
Era borracho. Ella se embarazó y lo dejó.,Era un borracho. Ella se embarazó y lo dejó.
- Intentaba eztar preparada.,- Intentaba estar preparada.
"Claro, mas kisieras.","Claro, más quisieras."
"Tambien a ""Papa"".","También a ""Papá""."
- Tu puedes valerte por ti mismo.,- Tú puedes valerte por ti mismo.
"desayuno, comida y cena en hoteles o restaurantes.","desayuno, comida y cena en los hoteles o restaurantes."
- Por zupuezto. - Graciaz.,- Por supuesto. - Gracias.
Realizo giras por Europa y Estados Unidos.,Realizó giras por Europa y Estados Unidos.
Ezta ez nueztra caza.,Esta es nuestra casa.
"Si, como superhéroes, o...","Si, como los superhéroes, o..."
No tengo rezentimiento.,No tengo resentimiento.
unos coches que me diste tiene dueño,unos coches que me diste tienen dueño
Antez de que aga algo quiero que bea ezto.,Antes de que haga algo quiero que vea esto.
¿Haz bizto bien a Bea?,¿Has visto bien a Bea?
Y ahora hases ke mi hija se fugue para sasarse son tu hijo.,Y ahora haces que mi hija se fugue para casarse con tu hijo.
¿Vas a mandarme una carta con papel bonito?,¿Vas a mandarme una carta con un papel bonito?
Las chanclas es para los de la tecnología lo que los tacones son para..,Las chanclas son para los de la tecnología lo que los tacones son para..
"Y quiero decir cada mobimiento, cada rezpiración.","Y quiero decir cada movimiento, cada respiración."
Me ensantaria algunos patrones por favor,Me encantaría algunos patrones por favor
esos vecinos que estaban ahí tiene dueño,esos vecinos que estaban ahí tienen dueño
El astual estado del prinsipe ha sambiado su perspestiva.,El actual estado del príncipe ha cambiado su perspectiva.
dos niños de la casa era enormes,dos niños de la casa eran enormes
dos sillas que compré era buenas,dos sillas que compré eran buenas
¿Eztá brillando zobre ti?,¿Está brillando sobre ti?
tres gallinas que había ahí es de mi hermano,tres gallinas que había ahí son de mi hermano
"Por el amor de Dios, no te preosupes por la nieve.","Por el amor de Dios, no te preocupes por la nieve."
Las mujeres ke le pegan al marido deberian aplaudir.,Las mujeres que le pegan al marido deberían aplaudir.
Un berdadero zudafricano ez el dezcendiente de loz Koi-San:,Un verdadero sudafricano es el descendiente de los Khoi-San:
Ventana de la lista de reprodussion,Ventana de la lista de reproducción
Inisia simulasion.,Inicia simulación.
Te beré en el tribunal.,Te veré en el tribunal.
Es una fuerza ke mi familia y yo estamos aki para eliminar.,Es una fuerza que mi familia y yo estamos aquí para eliminar.
muchas camisas que estaban ahí es muy útiles,muchas camisas que estaban ahí son muy útiles
Las cámaras estaba guardadas en la caja fuerte de su casa.,Las cámaras estaban guardadas en la caja fuerte de su casa.
las ventanas de la casa es de mi hermano,las ventanas de la casa son de mi hermano
tres cuadros que vimos ayer estaba listos,tres cuadros que vimos ayer estaban listos
"¿Que dijiste, hijo de puta?","¿Qué dijiste, hijo de puta?"
Lo examiné dezpuez de que mató a la cica de la duca.,Lo examiné despues de que mató a la chica de la ducha.
muchos cuadros que vimos ayer era buenos,muchos cuadros que vimos ayer eran buenos
Tal bez deberíamoz dedicarnoz a nueztroz trabajoz.,Tal vez deberíamos dedicarnos a nuestros trabajos.
unas profesoras de mi tío tiene dueño,unas profesoras de mi tío tienen dueño
Tamposo las radios.,Tampoco las radios.
unas camisas de mi tío era enormes,unas camisas de mi tío eran enormes
unos regalos que vimos ayer es de madera,unos regalos que vimos ayer son de madera
Empieza con ezo.,Empieza con eso.
Debemos ir a través del Haddonfield-79 luego rodear carlsbadd-22.,Debemos ir a través del Haddonfield-79 luego rodear el carlsbadd-22.
muchas ventanas que encontramos es de madera,muchas ventanas que encontramos son de madera
Soy Suzanne Gazt,Soy Susanne Gast
Entonses oh Poderoso Bharrat - ¿firmar o no firmar?,Entonces oh Poderoso Bharrat - ¿firmar o no firmar?
esos vecinos del parque es de mi hermano,esos vecinos del parque son de mi hermano
"Me parese a mi ke fuimos hasia el este, es una linea bastante resta.","Me parece a mí que fuimos hacia el este, es una línea bastante recta."
"Ez dibertido penzarlo, pero no funcionará por nueztro pezo.","Es divertido pensarlo, pero no funcionará por nuestro peso."
Odio que me arraztraraz a ezte mundo y me dejaraz aquí !,Odio que me arrastraras a este mundo y me dejaras aquí !
"-¿Tienez miedo, mamá?","-¿Tienes miedo, mamá?"
Pero no ze ziente queridoz.,Pero no se siente queridos.
dos cuadros que había ahí era buenos,dos cuadros que había ahí eran buenos
Debe eztar por aquí en algún lado!,Debe estar por aquí en algún lado!
¡Ya comienzaz de nuebo!,¡Ya comienzas de nuevo!
muchos niños de mi tío es de mi hermano,muchos niños de mi tío son de mi hermano
"Eres igual ke tus padres, ¿lo sabias?","Eres igual que tus padres, ¿lo sabías?"
- Tengo problema con mi cierre.,- Tengo un problema con mi cierre.
esas gallinas era rápidas,esas gallinas eran rápidas
Saron y yo ezperaremoz al ziguiente camión repartidor de lece.,Sharon y yo esperaremos al siguiente camión repartidor de leche.
unos árboles que llegaron es importantes,unos árboles que llegaron son importantes
"Todos fingimos ke no es sierto, pero todos saben ke lo amo","Todos fingimos que no es cierto, pero todos saben que lo amo"
- ¿Que es esto?,- ¿Qué es esto?
ellas era divertidas,ellas eran divertidas
varias casas que llegaron estaba mojadas,varias casas que llegaron estaban mojadas
-Haz terminado de jugar a la niñera?,-Has terminado de jugar a la niñera?
esos juguetes del parque tiene dueño,esos juguetes del parque tienen dueño
¿Sabes lo ke parese suando te sales sermon asi?,¿Sabes lo que parece cuándo te sales del sermón así?
tres pájaros que vimos ayer estaba mojados,tres pájaros que vimos ayer estaban mojados
Ahora tenemos que soportar consecuencias.,Ahora tenemos que soportar las consecuencias.
¿Y mi cumpleañoz?,¿Y mi cumpleaños?
- Uzted ez un dentizta!,- Usted es un dentista!
muchas amigas del parque era enormes,muchas amigas del parque eran enormes
estas historias que compré es de madera,estas historias que compré son de madera
"Fish, tus hijos está de servicio.","Fish, tus hijos están de servicio."
Luego ellos fue forzados a esconderse.,Luego ellos fueron forzados a esconderse.
Mis palabras fue duras.,Mis palabras fueron duras.
¿El Führer se la yevo?,¿El Führer se la llevó?
No tienez ni idea de que demonioz ablaz. Vale.,No tienes ni idea de que demonios hablas. Vale.
esas flores que encontramos era antiguas,esas flores que encontramos eran antiguas
¿habían victima adentro?,¿Había una victima adentro?
Seguía siendo buen hombre.,Seguía siendo un buen hombre.
dos sillas que vimos ayer tiene nombre,dos sillas que vimos ayer tienen nombre
los gatos que encontramos es de mi hermano,los gatos que encontramos son de mi hermano
Eztoy ezperando a alguien.,Estoy esperando a alguien.
muchas manzanas que compré tiene precio,muchas manzanas que compré tienen precio
Tengo un ozcuro prezentimiento de dolor,Tengo un oscuro presentimiento de dolor
varias manzanas que estaban ahí estaba cerradas,varias manzanas que estaban ahí estaban cerradas
muchas manzanas que vimos ayer estaba rotas,muchas manzanas que vimos ayer estaban rotas
La Enterprise. ¡ Ha desaparesido!,La Enterprise. ¡ Ha desaparecido!
estos gatos es importantes,estos gatos son importantes
Mi sorazon. Esta...,Mi corazón. Está...
Trabajan y lez pagan...,Trabajan y les pagan...
- A la audiencia de la cuztodia.,- A la audiencia de la custodia.
"Oigan, ¿Que puedo desir?","Oigan, ¿Qué puedo decir?"
unas gallinas que había ahí estaba cansadas,unas gallinas que había ahí estaban cansadas
"Bien, esta bien, esta bien.","Bien, está bien, está bien."
Ellos gana dinero negociando conmigo.,Ellos ganan dinero negociando conmigo.
varios vecinos que encontramos es de mi hermano,varios vecinos que encontramos son de mi hermano
dos amigas que vi era enormes,dos amigas que vi eran enormes
Sus ojos tiene una grave infección.,Sus ojos tienen una grave infección.
Rana y sabayo.,Rana y caballo.
"Aora, él ez el ombre.","Ahora, él es el hombre."
Parece que no era callejón sin salida.,Parece que no era un callejón sin salida.
"¿Que te pasa, Campeon?","¿Qué te pasa, Campeón?"
"El póster de exposición. Este elemento,","El póster de la exposición. Este elemento,"
Quiere ir a Mexiso.,Quiere ir a México.
Jamáz lo canta.,Jamás lo canta.
- Trez millonez.,- Tres millones.
Centre for Enbironment and Suztainable Debelopment (India) (1999),Centre for Environment and Sustainable Development (India) (1999)
No estamos vestidos asi para someter Seppuku!,No estamos vestidos así para cometer Seppuku!
Penzé que ya no me ablabaz.,Pensé que ya no me hablabas.
... exselente maestro de tesnisa analitisa.,... excelente maestro de la técnica analítica.
Rezpeto de laz opinionez del niño,Respeto de las opiniones del niño
Politisa de telesomunisasiones,Política de telecomunicaciones
Se asabo espestasulo.,Se acabó el espectáculo.
"arina de maíz, arina de mijo, arina de arroz, jarabe de caña de azúcar.","hharina de maíz, harina de mijo, harina de arroz, jarabe de caña de azúcar."
"- Él empezó ezto el año pazado, con...","- Él empezó esto el año pasado, con..."
"Cierra bosa, Muffin.","Cierra la boca, Muffin."
"¿""Graciaz por el pie.","¿""Gracias por el pie."
Tengo restaurante caribeño en Western. ¿No me diga?,Tengo un restaurante caribeño en Western. ¿No me diga?
los chicos fue muy bonitos,los chicos fueron muy bonitos
bastardos sadisos?,bastardos sádicos?
las chicas que vimos ayer tiene nombre,las chicas que vimos ayer tienen nombre
varias sillas de mi tío estaba sucias,varias sillas de mi tío estaban sucias
tres amigas de mi tío era divertidas,tres amigas de mi tío eran divertidas
-Sra. Sborzki...,-Sra. Svorski...
"Sí, uzted era una berdadera tarjeta de Hallmark antez.","Sí, usted era una verdadera tarjeta de Hallmark antes."
Ezta ez la tierra de la libertad.,Esta es la tierra de la libertad.
Se lo az prometido y te eztá ezperando.,Se lo has prometido y te está esperando.
"Sonaba bien, ¿berdad?","Sonaba bien, ¿verdad?"
¿Quiere ber el cuarto donde ze tritura la bazura?,¿Quiere ver el cuarto donde se tritura la basura?
"Como ombre particular, le dezafío formalmente a un duelo.","Como hombre particular, le desafío formalmente a un duelo."
esos amigos que estaban ahí fue muy grandes,esos amigos que estaban ahí fueron muy grandes
Lo juro por todo lo mas sagrado.,Lo juro por todo lo más sagrado.
muchos zapatos que vi fue geniales,muchos zapatos que vi fueron geniales
"- Lo ez. Eztaré allí tan pronto termine, ¿de acuerdo? Adióz.","- Lo es. Estaré allí tan pronto termine, ¿de acuerdo? Adiós."
esos zapatos de la casa era enormes,esos zapatos de la casa eran enormes
todo el samino a la deresha,todo el camino a la derecha
No puedez eztar ablando en zerio.,No puedes estar hablando en serio.
Quiziera oír ezo en agozto.,Quisiera oír eso en agosto.
dos juguetes de mi tío fue nuevos,dos juguetes de mi tío fueron nuevos
"Comparta imágenez de zu empreza, perzonal, portafolio, y muco máz.","Comparta imágenes de su empresa, personal, portafolio, y mucho más."
"Monk, ¿ke tienes?","Monk, ¿qué tienes?"
tres hermanos que vimos ayer era enormes,tres hermanos que vimos ayer eran enormes
dos regalos que me diste tiene precio,dos regalos que me diste tienen precio
Puede que tenga que eztar 3 díaz máz.,Puede que tenga que estar 3 días más.
"Ahi estas, nena.","Ahí estás, nena."
estas amigas tiene dueño,estas amigas tienen dueño
Voy a estar esperando en samino.,Voy a estar esperando en el camino.
"Roy, ¿podráz aceptarlo? No importa lo que aberigüez zobre ella...","Roy, ¿podrás aceptarlo? No importa lo que averigües sobre ella..."
Quiero rezpueztaz.,Quiero respuestas.
Mirar imagen de la rabia,Mirar la imagen de la rabia
esas casas de la casa estaba sucias,esas casas de la casa estaban sucias
los gatos que encontramos fue pequeños,los gatos que encontramos fueron pequeños
estas camisas de mi tío tiene dueño,estas camisas de mi tío tienen dueño
"Essusha, amigo.","Escucha, amigo."
Jason esta finalmente jodidamente muerto.,Jason está finalmente jodidamente muerto.
¿Tuz padrez irán?,¿Tus padres irán?
DECISIÓN CONSEJO,DECISIÓN DEL CONSEJO
"Espera, essusha esto.","Espera, escucha esto."
Yo no vine aki solo por saso.,Yo no vine aquí sólo por el caso.
Es despertar son ese salor a tu lado.,Es despertar con ese calor a tu lado.
Que protejas almas ke salvamos.,Que protejas las almas que salvamos.
varios vecinos que llegaron era buenos,varios vecinos que llegaron eran buenos
Tal bez lo aga.,Tal vez lo haga.
dos árboles del parque es de mi hermano,dos árboles del parque son de mi hermano
- ¿Ezperaz a tuz padrez?,- ¿Esperas a tus padres?
La suma de 1.063.400 dolares se destinaria al mantenimiento de siete puestos.,La suma de 1.063.400 dólares se destinaría al mantenimiento de siete puestos.
dos gatos de mi tío estaba mojados,dos gatos de mi tío estaban mojados
Se lo ke te paso.,Sé lo que te pasó.
"O, no ez nada.","Oh, no es nada."
los libros de mi tío tiene nombre,los libros de mi tío tienen nombre
-A mi se me osurrio esa idea.,-A mí se me ocurrió esa idea.
"Si se somporta bien, sanara.","Si se comporta bien, sanará."
"Ezcuca, Billy.","Escucha, Billy."
¿es tus hombres?,¿Son tus hombres?
dos amigas que vi fue mías,dos amigas que vi fueron mías
esas niñas que vi es importantes,esas niñas que vi son importantes
varios gatos que encontramos fue pequeños,varios gatos que encontramos fueron pequeños
Los piratas estaba alerta y sabían que la isla Lincoln estaba habitada.,Los piratas estaban alerta y sabían que la isla Lincoln estaba habitada.
muchas casas que vi fue muy bonitas,muchas casas que vi fueron muy bonitas
¿Cómo lo icieron...?,¿Cómo lo hicieron...?
"- ¿Ya esta asada, Liuzzi?","- ¿Ya está asada, Liuzzi?"
"¿Qué zomoz, gatoz en un callejón?","¿Qué somos, gatos en un callejón?"
"Si tubieraz que arreztarloz para ebitar que zuceda, ¿Cuánto coztaría?","Si tuvieras que arrestarlos para evitar que suceda, ¿Cuánto costaría?"
Supongo que tendremoz que ezperar.,Supongo que tendremos que esperar.
- Me alucine. Puez todo tiende a indicar que mi zeñora me ama.,- Me alucine. Pues todo tiende a indicar que mi señora me ama.
los amigos que vimos ayer tiene dueño,los amigos que vimos ayer tienen dueño
"Permitanme proponerles punto para intentar, si podemos, avanzar desde aki.","Permítanme proponerles un punto para intentar, si podemos, avanzar desde aquí."
Viste partes rotas sasso.,Viste partes rotas del casco.
No ba a ablar.,No va a hablar.
"Di, verdad, Jask, por la primera vez en tu vida.","Di, la verdad, Jack, por la primera vez en tu vida."
Bienbenido al planeta Tierra.,Bienvenido al planeta Tierra.
"Cuando era pekeño, venia a essusharlo hablar.","Cuando era pequeño, venía a escucharlo hablar."
"Si Ray dirige sitio, ¿por ke me involusro?","Si Ray dirige el sitio, ¿por qué me involucró?"
- ay mas servezas en refrigerador?,- Hay mas cervezas en el refrigerador?
"Freddie, ella no ez tu madre.","Freddie, ella no es tu madre."
es dos intelectuales en busca de inspiración...,Son dos intelectuales en busca de inspiración...
¿Qué ay de terriblemente malo en ezo?,¿Qué hay de terriblemente malo en eso?
esas amigas que llegaron fue mías,esas amigas que llegaron fueron mías
"Acomodarte con Smith, ¿hacer que te casen con alguien importante?","Acomodarte con los Smith, ¿hacer que te casen con alguien importante?"
"Un momento, veo alguien asersandose al herido.","Un momento, veo alguien acercándose al herido."
Tenemos sombustible en el trasero.,Tenemos combustible en el trasero.
varias ventanas que encontramos es muy útiles,varias ventanas que encontramos son muy útiles
estas camisas del parque estaba cerradas,estas camisas del parque estaban cerradas
Detenlos antes de ke sometan mas maldades,Detenlos antes de que cometan mas maldades
las puertas de la casa estaba mojadas,las puertas de la casa estaban mojadas
¿Le importa zi tomo algunaz notaz? No.,¿Le importa si tomo algunas notas? No.
Eya es inofensiva.,Ella es inofensiva.
"Supongo, que no podía eztar enojado contigo, uzted zabe, pero ...","Supongo, que no podía estar enojado contigo, usted sabe, pero ..."
¿No sabe nada de asesinato en su pista de carreras?,¿No sabe nada de un asesinato en su pista de carreras?
¡Puez contezta!,¡Pues contesta!
tres amigos que vi fue muy bonitos,tres amigos que vi fueron muy bonitos
Ven aki. Debes afeitarte.,Ven aquí. Debes afeitarte.
Tienes un soshe? Vas a tener soshe?,Tienes un coche? Vas a tener coche?
Se lo debolberé.,Se lo devolveré.
Es ke destino sigue blokeando todas las salidas.,Es que el destino sigue bloqueando todas las salidas.
tres niños de mi tío fue muy bonitos,tres niños de mi tío fueron muy bonitos
Noz bemoz por aí.,Nos vemos por ahí.
Sabia ke podia sontar sontigo.,Sabía que podía contar contigo.
"De asuerdo, adios.","De acuerdo, adiós."
Los padres no puede pasar de aquí.,Los padres no pueden pasar de aquí.
Ellos es considerados Dios.,Ellos son considerados Dios.
"Como muchos sabe, estoy ahora en mi 84ava jornada alrededor del Sol.","Como muchos saben, estoy ahora en mi 84ava jornada alrededor del Sol."
Y vas a amar porque... hace visitas a domicilio.,Y la vas a amar porque... hace visitas a domicilio.
dos niños que había ahí era buenos,dos niños que había ahí eran buenos
La ASEAN sontinuara somprometida son la sausa de Timor-Leste.,La ASEAN continuará comprometida con la causa de Timor-Leste.
dos pájaros es de mi hermano,dos pájaros son de mi hermano
varias flores que me diste estaba mojadas,varias flores que me diste estaban mojadas
¿Cuándo fue ezo?,¿Cuándo fue eso?
¡Podría aberte matado! ¿Por qué binizte?,¡Podría haberte matado! ¿Por qué viniste?
"Dinero, mujeres, cama que no huele a palitos de queso y orina.","Dinero, mujeres, una cama que no huele a palitos de queso y orina."
tres zapatos del parque es muy útiles,tres zapatos del parque son muy útiles
No kiero... hablar de eyo.,No quiero... hablar de ello.
¿Qué diabloz acaba de pazar?,¿Qué diablos acaba de pasar?
No zé cuándo ze me para.,No sé cuándo se me para.
¡Esta en samino!,¡Está en camino!
"* Hutshinson, G. (1996) ""Welsh Ferns"", National Museums and Gayeries of Wales.","* Hutchinson, G. (1996) ""Welsh Ferns"", National Museums and Galleries of Wales."
unas montañas del parque fue pequeñas,unas montañas del parque fueron pequeñas
Papá y mamá ze quedaron allí una bez y dijeron que era muy cierto.,Papá y mamá se quedaron allí una vez y dijeron que era muy cierto.
"Jab, eso es, jab, jab. Asi.","Jab, eso es, jab, jab. Así."
Union sueyo/torax,Unión cuello/tórax
varios libros fue pequeños,varios libros fueron pequeños
esos perros tiene dueño,esos perros tienen dueño
"No, no tienes ke bussar a mas personas para jugar.","No, no tienes que buscar a mas personas para jugar."
unas niñas estaba cansadas,unas niñas estaban cansadas
esas profesoras que vimos ayer tiene dueño,esas profesoras que vimos ayer tienen dueño
"Él sólo quería interrumpir en sus tertulias, ""¡Su Biblia es mentira!","Él sólo quería interrumpir en sus tertulias, ""¡Su Biblia es una mentira!"
esas ventanas que vimos ayer tiene precio,esas ventanas que vimos ayer tienen precio
"Podemos tratarte desde sasa, Camiye, pero tu... No, tu no somprendes.","Podemos tratarte desde casa, Camille, pero tú... No, tú no comprendes."
unos gatos que estaban ahí es de mi hermano,unos gatos que estaban ahí son de mi hermano
"Cariño, lo ziento.","Cariño, lo siento."
Estuvo bien ke no hisieras nada ayer.,Estuvo bien que no hicieras nada ayer.
unos niños que vi era rápidos,unos niños que vi eran rápidos
¿Sobrebibiremoz a ezto?,¿Sobreviviremos a esto?
las plantas que estaban ahí era enormes,las plantas que estaban ahí eran enormes
muchos amigos que estaban ahí era rápidos,muchos amigos que estaban ahí eran rápidos
unos juguetes que había ahí fue azules,unos juguetes que había ahí fueron azules
¿No lo conbenció de qué?,¿No lo convenció de qué?
¿Esta listo el malware?,¿Está listo el malware?
Ez increíble berte trabajar.,Es increíble verte trabajar.
los autos que llegaron fue míos,los autos que llegaron fueron míos
Todoz lo percibimoz.,Todos lo percibimos.
No tiene aguinaldo ni bacacionez ni zeguro médico.,No tiene aguinaldo ni vacaciones ni seguro médico.
Esto es de periodiso de Barasa.,Esto es de un periódico de Baraca.
estas montañas que me diste era antiguas,estas montañas que me diste eran antiguas
Pero día me besaste. ¿Es cierto o no es cierto?,Pero un día me besaste. ¿Es cierto o no es cierto?
Tienes ke resompensar la lealtad.,Tienes que recompensar la lealtad.
Las uniones estructurales está mostrando signos de fallo.,Las uniones estructurales están mostrando signos de fallo.
Por supuesto hablo gran isono musisal Lemmy.,Por supuesto hablo del gran ícono musical Lemmy.
Sólo quedan Bura y Kacra dezpuéz.,Sólo quedan Bhura y Kachra después.
Que loz jefez de departamento abran una lizta para el regalo de bodaz.,Que los jefes de departamento abran una lista para el regalo de bodas.
"Mucacoz, ¿noz dan un momento?","Muchachos, ¿nos dan un momento?"
"Bueno, zí, ezo.","Bueno, sí, eso."
Cazi te pedí que te quedaraz conmigo.,Casi te pedí que te quedaras conmigo.
Lo ziento... ¿encontró ebidencia de potencial detonación remota?,Lo siento... ¿encontró evidencia de potencial detonación remota?
tres hermanos que había ahí es importantes,tres hermanos que había ahí son importantes
"- A, no, no, no.","- Ah, no, no, no."
Ni te ace cazo.,Ni te hace caso.
"Lo bueno es ke amor no sabe de edad, hermano.","Lo bueno es que el amor no sabe de edad, hermano."
los amigos que había ahí es importantes,los amigos que había ahí son importantes
tres vecinas de la casa fue mías,tres vecinas de la casa fueron mías
- Para alegrarme un poso.,- Para alegrarme un poco.
Es buen punto.,Es un buen punto.
Quiere ablar contigo.,Quiere hablar contigo.
CES/SEM.52/6 29 de zeptiembre de 2003,CES/SEM.52/6 29 de septiembre de 2003
dos flores que vimos ayer tiene precio,dos flores que vimos ayer tienen precio
dos chicos que estaban ahí estaba listos,dos chicos que estaban ahí estaban listos
muchos hermanos de la casa tiene dueño,muchos hermanos de la casa tienen dueño
Juro ante Dios que no decir sola palabra,Juro ante Dios que no decir una sola palabra
Creo que ya puedez zoltar a Batman.,Creo que ya puedes soltar a Batman.
¿Qué tiene que rezponder?,¿Qué tiene que responder?
¿Por qué me perderíaz?,¿Por qué me perderías?
Esa resopilasion de testimonios es esensial para nuestro trabajo.,Esa recopilación de testimonios es esencial para nuestro trabajo.
unas mesas del parque es de mi hermano,unas mesas del parque son de mi hermano
Se va a portar somo buena shisa.,Se va a portar como una buena chica.
¿Te a guztado?,¿Te ha gustado?
"En zerio, ¿por qué te icizte ezto?","En serio, ¿por qué te hiciste esto?"
No Había penzado en ezo.,No Había pensado en eso.
- Todas las tarjetas de sredito;,- Todas las tarjetas de crédito;
los perros de mi tío tiene nombre,los perros de mi tío tienen nombre
¿Donde va esto?,¿Dónde va esto?
"Aora, por fabor, ¿dónde eztá mi cerbeza de raíz?","Ahora, por favor, ¿dónde está mi cerveza de raíz?"
dos plantas que había ahí estaba sucias,dos plantas que había ahí estaban sucias
unas gallinas que había ahí tiene hambre,unas gallinas que había ahí tienen hambre
El Consejo hizo sumo hinsapie en las suestiones de Áfrisa.,El Consejo hizo sumo hincapié en las cuestiones de África.
tres niños que había ahí fue muy bonitos,tres niños que había ahí fueron muy bonitos
varios amigos que había ahí es importantes,varios amigos que había ahí son importantes
estos perros era buenos,estos perros eran buenos
Tenía que demoztrarlo de alguna manera.,Tenía que demostrarlo de alguna manera.
Pulza el maldito botón.,Pulsa el maldito botón.
Loz padrez no deben zobrebibir a zuz ijoz Mikail.,Los padres no deben sobrevivir a sus hijos Mikhail.
"O, bamoz, no zeaz mojigata","Oh, vamos, no seas mojigata"
¡Dejenme en paz!,¡Déjenme en paz!
No ze imagina lo imprezionadoz que eztamoz.,No se imagina lo impresionados que estamos.
las puertas que vimos ayer fue azules,las puertas que vimos ayer fueron azules
Aki esta sosa... Le estas matando.,Aquí está la cosa... Le estas matando.
"Todoz uztedez, por fabor.","Todos ustedes, por favor."
"No, no ez pozible.","No, no es posible."
Y... también ezto.,Y... también esto.
"¿Cual es su sesreto, agente Penhale?","¿Cuál es su secreto, agente Penhale?"
Inisiar relasiones mutuamente benefisiosas son la humanidad.,Iniciar relaciones mutuamente beneficiosas con la humanidad.
Y en abril de este año propia Alemania propuso la paz.,Y en abril de este año la propia Alemania propuso la paz.
unas vecinas que llegaron es de mi hermano,unas vecinas que llegaron son de mi hermano
"Si peleo con él y gano, ¡por fabor concédame mi dezeo!","Si peleo con él y gano, ¡por favor concédame mi deseo!"
-¿Por qué eztá corriendo?,-¿Por qué está corriendo?
dos pájaros es importantes,dos pájaros son importantes
los autos tiene dueño,los autos tienen dueño
dos amigas de mi tío tiene hambre,dos amigas de mi tío tienen hambre
"Sin tener sus bazas ni su inteligensia, me estoy enrikesiendo.","Sin tener sus bazas ni su inteligencia, me estoy enriqueciendo."
Él no dirá nada a nadie cuando regres a a normalidad.,Él no dirá nada a nadie cuando regres a a la normalidad.
No me apetesia asistiendo a mi propio.,No me apetecía asistiendo a mi propio.
"- Tengo que berte, querida.","- Tengo que verte, querida."
Puede moberloz zin lebantar zozpecaz.,Puede moverlos sin levantar sospechas.
No bale la pena.,No vale la pena.
esas canciones que estaban ahí tiene nombre,esas canciones que estaban ahí tienen nombre
¿Juraz por tu bida que ablaremoz todoz loz díaz?,¿Juras por tu vida que hablaremos todos los días?
"En Wazington, D.C.","En Washington, D.C."
Porque no tienez rezpeto. ¿No?,Porque no tienes respeto. ¿No?
muchas sillas que compré fue mías,muchas sillas que compré fueron mías
muchos hermanos del parque estaba mojados,muchos hermanos del parque estaban mojados
Nos inslinamos sientos de veses ante esos grandes hombres.,Nos inclinamos cientos de veces ante esos grandes hombres.
muchas montañas que estaban ahí es de madera,muchas montañas que estaban ahí son de madera
¿puedo eztar zeguro?,¿puedo estar seguro?
"Mientras la enfermedad siga sin detestarse, los pasientes moriran.","Mientras la enfermedad siga sin detectarse, los pacientes morirán."
muchos vecinos que había ahí tiene dueño,muchos vecinos que había ahí tienen dueño
dos profesoras que llegaron estaba cansadas,dos profesoras que llegaron estaban cansadas
"Apuesto a ke eres un monstruo, ¿no?","Apuesto a que eres un monstruo, ¿no?"
Tengo ke ir son el a Nashviye.,Tengo que ir con él a Nashville.
dos regalos que encontramos tiene dueño,dos regalos que encontramos tienen dueño
Por fabor. - ¿Qué?,Por favor. - ¿Qué?
- ¿Te enterazte?,- ¿Te enteraste?
estos jugadores del parque fue míos,estos jugadores del parque fueron míos
-Deja de moleztar.,-Deja de molestar.
Hisiste toda la sasa a prueba de bebes.,Hiciste toda la casa a prueba de bebés.
No tengo ni idea de porque eztáz aquí.,No tengo ni idea de porque estás aquí.
- Quiere haserlo.,- Quiere hacerlo.
- ¿Nos usas somo ventaja? - Si.,- ¿Nos usas como ventaja? - Sí.
¡La Gayina de Oro es famosa por razon!,¡La Gallina de Oro es famosa por una razón!
¿Podria por favor desirme donde esta Tomiko?,¿Podría por favor decirme donde está Tomiko?
Puez eztoy imprezionado.,Pues estoy impresionado.
Puedo haser eso.,Puedo hacer eso.
Lo ke estas hasiendo no es la forma en la ke se sambian las sosas.,Lo que estás haciendo no es la forma en la que se cambian las cosas.
Me preguntaba suando dirias eso.,Me preguntaba cuándo dirías eso.
- Mi hermano murio esta mañana.,- Mi hermano murió esta mañana.
Nadie trabaja en ezte elebador.,Nadie trabaja en este elevador.
Si golpean este hueso lo bastante fuerte saminas asi para siempre,Si golpean este hueso lo bastante fuerte caminas así para siempre
varias camisas que vi estaba rotas,varias camisas que vi estaban rotas
varios jugadores que llegaron fue geniales,varios jugadores que llegaron fueron geniales
Es poso mas somplisado.,Es un poco más complicado.
"Y ahora, por solo $3.95, mi sarne de baile esta yeno.","Y ahora, por sólo $3.95, mi carné de baile está lleno."
"era los años 80, mi mamá amaba a los Osos.","Eran los años 80, mi mamá amaba a los Osos."
unos autos del parque era divertidos,unos autos del parque eran divertidos
las casas del parque era antiguas,las casas del parque eran antiguas
¿Y corteza de arriba se hundió?,¿Y la corteza de arriba se hundió?
"Vamoz, bamoz, bamoz!","Vamos, vamos, vamos!"
dos historias que vimos ayer fue nuevas,dos historias que vimos ayer fueron nuevas
tres sillas que había ahí tiene dueño,tres sillas que había ahí tienen dueño
Tienez que parar.,Tienes que parar.
estos hermanos que vimos ayer es importantes,estos hermanos que vimos ayer son importantes
Es algo sin somplisasiones.,Es algo sin complicaciones.
"Aora, ezpera un zegundo.","Ahora, espera un segundo."
"Lodge, M. W., Nandan, S., Nordquizt, M. H. and Rozenne, S.","Lodge, M. W., Nandan, S., Nordquist, M. H. and Rosenne, S."
"En la proxima parada, vere si kedan plazas.","En la próxima parada, veré si quedan plazas."
varias profesoras de mi tío fue mías,varias profesoras de mi tío fueron mías
dos juguetes que tenía era antiguos,dos juguetes que tenía eran antiguos
Eya tenia razon.,Ella tenía razón.
varias ventanas que compré estaba listas,varias ventanas que compré estaban listas
dos camisas que vi tiene nombre,dos camisas que vi tienen nombre
las vecinas de la casa tiene hambre,las vecinas de la casa tienen hambre
"Ezo ez mentira... ¡Una zucia, azqueroza mentira!","Eso es mentira... ¡Una sucia, asquerosa mentira!"
Jackie tubo que ir al ozpital para que yo parara.,Jackie tuvo que ir al hospital para que yo parara.
Sasa ese brasito de mi samino.,Saca ese bracito de mi camino.
muchas montañas que tenía estaba mojadas,muchas montañas que tenía estaban mojadas
esas ventanas que me diste fue nuevas,esas ventanas que me diste fueron nuevas
las profesoras que llegaron era rápidas,las profesoras que llegaron eran rápidas
Me arán compañía.,Me harán compañía.
Es posible ke seas peor.,Es posible que seas peor.
Esperemos ke eyo nos permita desblokear esta difisil situasion.,Esperemos que ello nos permita desbloquear esta difícil situación.
Podria ser bastante.,Podría ser bastante.
"Son doz, trez, icinco!","Son dos, tres, icinco!"
"¿Vaz a eztar bien, Sabine?","¿Vas a estar bien, Sabine?"
varios coches que compré fue geniales,varios coches que compré fueron geniales
varias chicas estaba listas,varias chicas estaban listas
"No todos los hombres vive, hay muy pocos que aprovechan de la vida.","No todos los hombres viven, hay muy pocos que aprovechan de la vida."
varios coches es de mi hermano,varios coches son de mi hermano
"Similary, demoztraremoz ezo :","Similary, demostraremos eso :"
los jugadores de la casa era enormes,los jugadores de la casa eran enormes
unas sillas que tenía tiene dueño,unas sillas que tenía tienen dueño
"Eya, uh, eya siempre termina su show son un salto denominado triple giro.","Ella, uh, ella siempre termina su show con un salto denominado triple giro."
varios vecinos que vimos ayer era enormes,varios vecinos que vimos ayer eran enormes
unas camisas de la casa tiene dueño,unas camisas de la casa tienen dueño
"Diablos, yegaremos tarde!","Diablos, llegaremos tarde!"
"Mira, somprendo tu dolor.","Mira, comprendo tu dolor."
esas chicas que llegaron fue pequeñas,esas chicas que llegaron fueron pequeñas
esas plantas que compré tiene dueño,esas plantas que compré tienen dueño
"¿Muy rápido? dizculpa, Lela.","¿Muy rápido? disculpa, Lela."
muchos zapatos que vi es importantes,muchos zapatos que vi son importantes
"Ambas sosas poseia, pero la eposa paso y por sonsiguiente me essondo.","Ambas cosas poseía, pero la época pasó y por consiguiente me escondo."
-* that's the plase to be * -* that's the plase to be *,-* that's the place to be * -* that's the place to be *
Te quería dar sólo a ti.,Te la quería dar sólo a ti.
El bozque noz ecizó.,El bosque nos hechizó.
Lo ice con Dibizion,Lo hice con Division
Que posibilidades tenias de bussar un essape barato?,Que posibilidades tenías de buscar un escape barato?
No me siento traisionado por Jask.,No me siento traicionado por Jack.
- Ez todo zuyo.,- Es todo suyo.
"No aría ezo, Dra. Brennan.","No haría eso, Dra. Brennan."
Bézame azta que duela,Bésame hasta que duela
es unos hipócritas. Sólo hablan de este plan maestro.,Son unos hipócritas. Sólo hablan de este plan maestro.
unas plantas de mi tío era divertidas,unas plantas de mi tío eran divertidas
Objetiboz y criterioz,Objetivos y criterios
ellos fue míos,ellos fueron míos
tres profesores que había ahí era buenos,tres profesores que había ahí eran buenos
Puedo ver a Nuestra Señora muy slaramente ahora.,Puedo ver a Nuestra Señora muy claramente ahora.
¿Crees ke puedes huir?,¿Crees que puedes huir?
¡Que envenenamos a proposito su mente en sontra de su esposa!,¡Que envenenamos a propósito su mente en contra de su esposa!
estas montañas que tenía era antiguas,estas montañas que tenía eran antiguas
los coches que vimos ayer fue muy grandes,los coches que vimos ayer fueron muy grandes
¿No creez realmente que Caín...?,¿No crees realmente que Caín...?
esas puertas que compré tiene precio,esas puertas que compré tienen precio
- Luego me yamo martir.,- Luego me llamó mártir.
Dise ke tu puedes sasar la grandeza de la gente.,Dice que tú puedes sacar la grandeza de la gente.
¿Sobre nuestra cena o sobre nuestra cena volando por aires?,¿Sobre nuestra cena o sobre nuestra cena volando por los aires?
- Quiero ber a Joey.,- Quiero ver a Joey.
los cuadros que vi estaba rotos,los cuadros que vi estaban rotos
"Bueno, ezcucad, no tenéiz por qué decidirlo oy.","Bueno, escuchad, no tenéis por qué decidirlo hoy."
Grasias por pedirmelo.,Gracias por pedírmelo.
No zé por qué me ace todaz ezaz preguntaz.,No sé por qué me hace todas esas preguntas.
unos zapatos del parque tiene nombre,unos zapatos del parque tienen nombre
Tal vez pueda triplisar tu salario mientras estamos en eyo.,Tal vez pueda triplicar tu salario mientras estamos en ello.
Yo ya yame mio.,Yo ya llamé al mio.
Vamoz conzeguir alguno.,Vamos conseguir alguno.
las gallinas de mi tío era rápidas,las gallinas de mi tío eran rápidas
unos regalos de la casa fue azules,unos regalos de la casa fueron azules
"Si puedo servirle de algo, aviseme.","Si puedo servirle de algo, avíseme."
Si. Se los deje para ke investigaran esos datos.,Sí. Se los dejé para que investigaran esos datos.
tres flores que vimos ayer era buenas,tres flores que vimos ayer eran buenas
"Me siento sontento y aliviado, sabes.","Me siento contento y aliviado, sabes."
Me zaludan y me cuentan todaz zuz iztoriaz.,Me saludan y me cuentan todas sus historias.
¿Esto es algo nuevo de lo ke nesesito enterarme? ¿Ah?,¿Esto es algo nuevo de lo que necesito enterarme? ¿Ah?
unos amigos que vi era divertidos,unos amigos que vi eran divertidos
"No le teniamos, pero ahora si, y esta volando hasia aki ahora mismo.","No le teníamos, pero ahora sí, y está volando hacia aquí ahora mismo."
¿Cómo podía grabar y conducir a vez?,¿Cómo podía grabar y conducir a la vez?
"Asi ke, en prastisa, soy impotente.","Así que, en la práctica, soy impotente."
Ya zabez lo que pienzo de eza mierda deztroza-nudilloz.,Ya sabes lo que pienso de esa mierda destroza-nudillos.
También zerá de Anna.,También será de Anna.
"¿Dónde está las cintas, Veronica?","¿Dónde están las cintas, Veronica?"
¿Qué ace aquí a ezta ora?,¿Qué hace aquí a esta hora?
Tersera Comision,Tercera Comisión
los coches es de madera,los coches son de madera
los perros que encontramos fue míos,los perros que encontramos fueron míos
estas amigas que vi fue geniales,estas amigas que vi fueron geniales
dos árboles del parque era antiguos,dos árboles del parque eran antiguos
"""Nada eztá lizto, pidieron un montón de dinero, pero no an eco nada.""","""Nada está listo, pidieron un montón de dinero, pero no han hecho nada."""
Precioz de Habitación Triple en Roma para la feca de 2016-09-02,Precios de Habitación Triple en Roma para la fecha de 2016-09-02
Lo siento. No puedo desirte mas.,Lo siento. No puedo decirte más.
No me digaz que eztáz en el ozpital.,No me digas que estás en el hospital.
"Tienes ke darme algo mas son lo ke seguir,Huesos.","Tienes que darme algo más con lo que seguir,Huesos."
tres jugadores de mi tío estaba sucios,tres jugadores de mi tío estaban sucios
tres profesores que estaban ahí estaba mojados,tres profesores que estaban ahí estaban mojados
"""Los niños y las ratas lleva enfermedades"".","""Los niños y las ratas llevan enfermedades""."
ellas era buenas,ellas eran buenas
No me manipulez.,No me manipules.
"Capitán, no e benido azta aquí para quedarme zentado.","Capitán, no he venido hasta aquí para quedarme sentado."
"Dios mios, dios mios.","Dios míos, dios míos."
¿Qué documentoz?,¿Qué documentos?
dos vecinas que estaban ahí fue geniales,dos vecinas que estaban ahí fueron geniales
tres autos tiene nombre,tres autos tienen nombre
"Un precio, por lo tanto, que noz tierra de la Europa fuera de a pezar de todo.","Un precio, por lo tanto, que nos tierra de la Europa fuera de a pesar de todo."
estos regalos que compré es de mi hermano,estos regalos que compré son de mi hermano
Eztamoz bajo prezión.,Estamos bajo presión.
tres hermanos que vi fue pequeños,tres hermanos que vi fueron pequeños
Servisios de sentros de vasasiones y hogares de vasasiones,Servicios de centros de vacaciones y hogares de vacaciones
"Siéntate ahí y espera, y nada de celulares ni cosas de esas para pasar rato.","Siéntate ahí y espera, y nada de celulares ni cosas de esas para pasar el rato."
...que estas muertes son parte de guerra emergente...,...que estas muertes son parte de una guerra emergente...
unas ventanas de mi tío tiene precio,unas ventanas de mi tío tienen precio
¡Él ba a rogar!,¡Él va a rogar!
Pero no tenemos mas opsiones.,Pero no tenemos más opciones.
dos pájaros de mi tío tiene nombre,dos pájaros de mi tío tienen nombre
Pero si quiere impresionar gente ¿por qué en curso de Alfarería?,Pero si quiere impresionar gente ¿por qué en un curso de Alfarería?
Las pondremos suando yegue en el tren.,Las pondremos cuando llegue en el tren.
Erez un profezional.,Eres un profesional.
También es uno de analistas políticos más influyentes de Italia.,También es uno de los analistas políticos más influyentes de Italia.
Eres hombre al que busco.,Eres el hombre al que busco.
"Bueno, me ziento como zi eztubiera otra bez en el armario, Jen.","Bueno, me siento como si estuviera otra vez en el armario, Jen."
muchos árboles de mi tío era buenos,muchos árboles de mi tío eran buenos
¿Complicacionez del parto?,¿Complicaciones del parto?
A miz ijoz no ba a pazarlez nada malo.,A mis hijos no va a pasarles nada malo.
tres canciones que vimos ayer estaba rotas,tres canciones que vimos ayer estaban rotas
estos profesores que vi es de mi hermano,estos profesores que vi son de mi hermano
varias flores que compré es de mi hermano,varias flores que compré son de mi hermano
unas chicas es importantes,unas chicas son importantes
- ¿Que mushasha?,- ¿Qué muchacha?
Ezto no tubo nada que ber conmigo... todo fue por ella.,Esto no tuvo nada que ver conmigo... todo fue por ella.
"Sólo otro día, Hodginz.","Sólo otro día, Hodgins."
"5 patatas freir, 5 buñuelos de seboyas. 2 patatas fritas a la inglesa","5 patatas freír, 5 buñuelos de cebollas. 2 patatas fritas a la inglesa"
Una directiba de la CEE no puede conztituir una fuente de retrocezo zocial.,Una directiva de la CEE no puede constituir una fuente de retroceso social.
"""de la pista por la ke sorrio. ""","""de la pista por la que corrió. """
tres canciones del parque estaba sucias,tres canciones del parque estaban sucias
esas historias que vi es importantes,esas historias que vi son importantes
Es primer individuo ideal que hemos tenido.,Es el primer individuo ideal que hemos tenido.
Asi ke mi legado es el mismo ke el de un poni de sirso.,Así que mi legado es el mismo que el de un poni de circo.
unos coches que estaban ahí es importantes,unos coches que estaban ahí son importantes
"Y te guzte o no, zomoz nozotroz.","Y te guste o no, somos nosotros."
"Implantasion de servisios de gestion, sustitusion y asesoramiento","Implantación de servicios de gestión, sustitución y asesoramiento"
Se asabaron los Vakeros.,Se acabaron los Vaqueros.
unas canciones que vi es de mi hermano,unas canciones que vi son de mi hermano
No podemoz perder la cabeza.,No podemos perder la cabeza.
tres amigas que llegaron era rápidas,tres amigas que llegaron eran rápidas
Marta Stewart no ez un demonio.,Martha Stewart no es un demonio.
"La proxima vez ke te vea, te matare.","La proxima vez que te vea, te mataré."
No puedo haser nada.,No puedo hacer nada.
la mayoria de los aviones no lograron yegar a los portaaviones.,la mayoría de los aviones no lograron llegar a los portaaviones.
"- Si, menos uno.","- Sí, menos uno."
- Yo zoy Caballo.,- Yo soy Caballo.
¡Sube eza mierda!,¡Sube esa mierda!
prepárame un beneno para ezta noce.,prepárame un veneno para esta noche.
¿Que esta bussando?,¿Qué está buscando?
No le boy a decir a Anna zobre ezto y tampoco tu.,No le voy a decir a Anna sobre esto y tampoco tu.
unos coches que encontramos era divertidos,unos coches que encontramos eran divertidos
- Llamadle sentido somun.,- Llamadle sentido común.
dos sillas de mi tío es muy útiles,dos sillas de mi tío son muy útiles
tres profesores que había ahí tiene hambre,tres profesores que había ahí tienen hambre
Tienen mas sosas en somun ke los patos.,Tienen más cosas en común que los patos.
- Tengo que llamar a policía.,- Tengo que llamar a la policía.
El reprezentante de Etiopía formula una declaración.,El representante de Etiopía formula una declaración.
dos historias de mi tío era buenas,dos historias de mi tío eran buenas
Reempláceze el texto por el ziguiente:,Reemplácese el texto por el siguiente:
Estoy disiendo ke pude haberlo sasado de ahi vivo.,Estoy diciendo que pude haberlo sacado de ahí vivo.
Ellos también es mi familia.,Ellos también son mi familia.
Acteal: pieza de una eztrategia,Acteal: pieza de una estrategia
"Si alguna vez van a Londres, seran muy bien resibidos.","Si alguna vez van a Londres, serán muy bien recibidos."
muchos pájaros estaba sucios,muchos pájaros estaban sucios
esas sillas que llegaron era divertidas,esas sillas que llegaron eran divertidas
"¿Sabias ke era visepresidenta, Helen?","¿Sabías que era vicepresidenta, Helen?"
- Eya esta enojada y sonfundida.,- Ella está enojada y confundida.
Limitese a haser su trabajo.,Limítese a hacer su trabajo.
esas ventanas que compré es de mi hermano,esas ventanas que compré son de mi hermano
Ojalá mi mamá no eztubiera de biaje.,Ojalá mi mamá no estuviera de viaje.
"Cuando seas sampeon, ensontraras a esa shisa en tu puerta.","Cuando seas campeón, encontrarás a esa chica en tu puerta."
dos amigos que estaban ahí es importantes,dos amigos que estaban ahí son importantes
Deberias haberme disho todo historia desde el prinsipio.,Deberías haberme dicho todo historia desde el principio.
Déjame ber el ziztema de nabegación.,Déjame ver el sistema de navegación.
OEA :: Comunicadoz de Prenza :: AVI-152/12,OEA :: Comunicados de Prensa :: AVI-152/12
estos árboles que compré tiene precio,estos árboles que compré tienen precio
unas flores de la casa fue mías,unas flores de la casa fueron mías
¿Que es esto sonfuso en?,¿Qué es esto confuso en?
¿Y el coraje que le prometizte al León Cobarde?,¿Y el coraje que le prometiste al León Cobarde?
estas casas que tenía estaba rotas,estas casas que tenía estaban rotas
dos ventanas estaba mojadas,dos ventanas estaban mojadas
Nos hemos abstenido en la votasion de la resolusion por las siguientes razones:,Nos hemos abstenido en la votación de la resolución por las siguientes razones:
Eya no tiene la sulpa de esto.,Ella no tiene la culpa de esto.
"¿Entoncez, ezcucazte todo lo que dije?","¿Entonces, escuchaste todo lo que dije?"
ellas fue mías,ellas fueron mías
Creo ke el vudu es lo mas proximo,Creo que el vudú es lo más proximo
Porque elloz tienen todo el dinero.,Porque ellos tienen todo el dinero.
Dissulpe la molestia.,Disculpe la molestia.
varios hermanos del parque estaba sucios,varios hermanos del parque estaban sucios
Dejenos en paz.,Déjenos en paz.
tres chicas del parque era divertidas,tres chicas del parque eran divertidas
Comunisasion enviada,Comunicación enviada
Caramba! ¿Clare Mirani que recaza el alcool por el buffet?,Caramba! ¿Clare Mirani que rechaza el alcohol por el buffet?
unas camisas del parque estaba mojadas,unas camisas del parque estaban mojadas
¿Incluzo tu marido?,¿Incluso tu marido?
dos juguetes que me diste tiene nombre,dos juguetes que me diste tienen nombre
tres niñas que había ahí fue geniales,tres niñas que había ahí fueron geniales
Puede yamarme Susan si eso la hase feliz.,Puede llamarme Susan si eso la hace feliz.
"Las chicas tontas no es monas, Tammi.","Las chicas tontas no son monas, Tammi."
¿Por ke ayuda a Alianza?,¿Por qué ayuda a la Alianza?
Mate sus pantuflas de Chewbassa.,Maté sus pantuflas de Chewbacca.
"No, no. No ez que no puedan funcionar, ni que nunca debaz buzcar uno.","No, no. No es que no puedan funcionar, ni que nunca debas buscar uno."
-Nada mas dime.,-Nada más dime.
tres vecinas que encontramos es de mi hermano,tres vecinas que encontramos son de mi hermano
muchas amigas que llegaron estaba listas,muchas amigas que llegaron estaban listas
Ezoz ojoz me pillaron.,Esos ojos me pillaron.
muchas amigas que estaban ahí tiene hambre,muchas amigas que estaban ahí tienen hambre
Y eso es No-No.,Y eso es un No-No.
los perros del parque estaba sucios,los perros del parque estaban sucios
"- No, ezto no ez de niñoz.","- No, esto no es de niños."
estas historias estaba mojadas,estas historias estaban mojadas
dos sillas que vimos ayer estaba mojadas,dos sillas que vimos ayer estaban mojadas
tres chicas que vi es de mi hermano,tres chicas que vi son de mi hermano
Firman zuz renunciaz a reclamoz en la puerta.,Firman sus renuncias a reclamos en la puerta.
esas niñas que vi es de mi hermano,esas niñas que vi son de mi hermano
"Buenaz nocez, Sr. Nelzon.","Buenas noches, Sr. Nelson."
las montañas de mi tío tiene nombre,las montañas de mi tío tienen nombre
los chicos que había ahí estaba listos,los chicos que había ahí estaban listos
Te ban a dizparar doz becez!,Te van a disparar dos veces!
los profesores que vimos ayer fue pequeños,los profesores que vimos ayer fueron pequeños
estos amigos es importantes,estos amigos son importantes
¿Carter esta muerto?,¿Carter está muerto?
0 (en millonez de euroz),0 (en millones de euros)
"Eres doble de guapa, el doble de inteligente y diez veses mejor.","Eres el doble de guapa, el doble de inteligente y diez veces mejor."
- ¿Con ke objetivo vino?,- ¿Con qué objetivo vino?
estos autos que compré era buenos,estos autos que compré eran buenos
Como sombatir pirateria,Cómo combatir la piratería
Pienzo que eztaba trabajando en una...,Pienso que estaba trabajando en una...
"Cuando bayaz a caza y beaz lo que ez, zabráz quien zoy.","Cuando vayas a casa y veas lo que es, sabrás quien soy."
- Tienes algo nuevo. ¿Que es?,- Tienes algo nuevo. ¿Qué es?
Tengo ke hablar son kienkiera ke este mando ayi.,Tengo que hablar con quienquiera que esté al mando allí.
unas puertas de la casa fue caras,unas puertas de la casa fueron caras
- Deberia haberle pegado en dientes.,- Debería haberle pegado en los dientes.
tres vecinos era rápidos,tres vecinos eran rápidos
unas historias que encontramos era divertidas,unas historias que encontramos eran divertidas
dos jugadores que llegaron estaba sucios,dos jugadores que llegaron estaban sucios
Estos son heshos.,Estos son los hechos.
¿Quierez jugar un juego?,¿Quieres jugar un juego?
"Nada de polisia, Janine.","Nada de policía, Janine."
esas niñas de mi tío fue muy bonitas,esas niñas de mi tío fueron muy bonitas
los perros era enormes,los perros eran enormes
dos puertas que encontramos era enormes,dos puertas que encontramos eran enormes
estos autos de mi tío es de mi hermano,estos autos de mi tío son de mi hermano
¿Creen ke aki es el hogar de la madre Teresa?,¿Creen que aquí es el hogar de la madre Teresa?
Pero Excel no zerá aprendido oy,Pero Excel no será aprendido hoy
¿A qué velocidad perdiste delantera?,¿A qué velocidad perdiste la delantera?
Es un par de miyas afuera de la siudad.,Es un par de millas afuera de la ciudad.
Ezto no ez zobre mí.,Esto no es sobre mí.
45 6.1 Volumen de trabajo y objetiboz de la Unidad,45 6.1 Volumen de trabajo y objetivos de la Unidad
tres mesas que había ahí tiene nombre,tres mesas que había ahí tienen nombre
Pero entoncez la Marina Americana finalmente conzigue zu primer contraataque.,Pero entonces la Marina Americana finalmente consigue su primer contraataque.
Y segun Ia Sra. WaIters. HiIIy seguia enamorada del Sr. Johnny.,Y según Ia Sra. WaIters. HiIIy seguía enamorada del Sr. Johnny.
Fue enterrada junto a zu zegundo ezpozo.,Fue enterrada junto a su segundo esposo.
¿Pero por ke tan repentino?,¿Pero por qué tan repentino?
"Hice explicación de cada toma, ¿quieres verlo?","Hice una explicación de cada toma, ¿quieres verlo?"
"Trez, trez y trez.","Tres, tres y tres."
¿Está diciendo que los mismos números lleva a conclusiones diferentes?,¿Está diciendo que los mismos números llevan a conclusiones diferentes?
dos chicas del parque es de mi hermano,dos chicas del parque son de mi hermano
unas ventanas que compré era divertidas,unas ventanas que compré eran divertidas
unos profesores que llegaron tiene hambre,unos profesores que llegaron tienen hambre
muchas profesoras fue geniales,muchas profesoras fueron geniales
varios perros del parque estaba cansados,varios perros del parque estaban cansados
¿Quierez ir al baile conmigo?,¿Quieres ir al baile conmigo?
Todoz tenemoz que bibir aquí.,Todos tenemos que vivir aquí.
muchos amigos que llegaron es importantes,muchos amigos que llegaron son importantes
"Bien, ez demaziado...","Bien, es demasiado..."
El enlace ze logró.,El enlace se logró.
... nozotroz reazumiremoz de la caza de Mattewz...,... nosotros reasumiremos de la casa de Matthews...
tres manzanas que llegaron fue muy grandes,tres manzanas que llegaron fueron muy grandes
¿Quién ama a zu papi?,¿Quién ama a su papi?
los hermanos del parque es importantes,los hermanos del parque son importantes
Y no deberíaz querer zaberla.,Y no deberías querer saberla.
tres amigos que llegaron estaba sucios,tres amigos que llegaron estaban sucios
Yo solo... lo invente.,Yo sólo... lo inventé.
Estoy bastante seguro ke eso es ilegal.,Estoy bastante seguro que eso es ilegal.
los regalos que vi fue azules,los regalos que vi fueron azules
- ¿Tienes explicación mejor?,- ¿Tienes una explicación mejor?
"Sí, capitán. Creo que un auztralopiteco.","Sí, capitán. Creo que un australopiteco."
El escudo EM se mantiene activo en modo de aislamiento.,El escudo EM se mantiene activo en el modo de aislamiento.
varios cuadros que me diste es importantes,varios cuadros que me diste son importantes
los niños que estaban ahí es importantes,los niños que estaban ahí son importantes
-Ezo ez ofenzibo.,-Eso es ofensivo.
"Y prefiero mudarme, ¿Entiendez?","Y prefiero mudarme, ¿Entiendes?"
Asi ke vine a verte.,Así que vine a verte.
esos profesores que vi fue geniales,esos profesores que vi fueron geniales
¡No me zé ninguna de miz frazez!,¡No me sé ninguna de mis frases!
"Si, y sin exito.","Sí, y sin éxito."
tres vecinos que estaban ahí estaba cansados,tres vecinos que estaban ahí estaban cansados
estas ventanas de mi tío fue pequeñas,estas ventanas de mi tío fueron pequeñas
"Bueno, mi libro trata zobre el deterioro de loz balorez.","Bueno, mi libro trata sobre el deterioro de los valores."
Son buenoz cicoz.,Son buenos chicos.
Mi padre a dejado de fumar.,Mi padre ha dejado de fumar.
tres regalos que vi fue muy bonitos,tres regalos que vi fueron muy bonitos
tres gallinas que había ahí estaba cansadas,tres gallinas que había ahí estaban cansadas
¿Acazo no lez adbertí zobre zacar a ezte animal del bagón del equipaje?,¿Acaso no les advertí sobre sacar a este animal del bagón del equipaje?
"Eztaráz máz zaludable, máz inteligente, máz compazibo y máz feliz.","Estarás más saludable, más inteligente, más compasivo y más feliz."
"""¡No tu taya!""","""¡No tu talla!"""
- ¡No puedo máz!,- ¡No puedo más!
"""Lo aprendi de ti""","""Lo aprendí de ti"""
esas niñas que vimos ayer estaba sucias,esas niñas que vimos ayer estaban sucias
Alguien tiene fozforoz?,Alguien tiene fosforos?
esos amigos del parque fue pequeños,esos amigos del parque fueron pequeños
- Pero ezta bez ez para ziempre.,- Pero esta vez es para siempre.
"-Raffaele, ¿qué paza? -¡Un dezaztre, Carmela!","-Raffaele, ¿qué pasa? -¡Un desastre, Carmela!"
Nos permiten sólo cosa fuera de este mundo...,Nos permiten sólo una cosa fuera de este mundo...
¿Esta eya aki? Me ensantaria sonoserla.,¿Está ella aquí? Me encantaría conocerla.
las flores es importantes,las flores son importantes
"Obrero zin trabajo, pero obrero.","Obrero sin trabajo, pero obrero."
Ezto ze mete por todaz partez.,Esto se mete por todas partes.
- Bien. ¿Quien es?,- Bien. ¿Quién es?
"De acuerdo. Sí, graciaz.","De acuerdo. Sí, gracias."
varios perros del parque estaba mojados,varios perros del parque estaban mojados
Es una de sosas ke no se puede enseñar...,Es una de las cosas que no se puede enseñar...
Es el sapuyo. ¿Que pasa?,Es el capullo. ¿Qué pasa?
tres amigos del parque tiene dueño,tres amigos del parque tienen dueño
varios amigos de mi tío era buenos,varios amigos de mi tío eran buenos
los niños que había ahí era divertidos,los niños que había ahí eran divertidos
"La diression no esta muy bien, tenga suidado.","La dirección no está muy bien, tenga cuidado."
¿Qué claze de abión zerá?,¿Qué clase de avión será?
Tengo que zaber zi aquí alguien cree que ezto ez lo que pazó.,Tengo que saber si aquí alguien cree que esto es lo que pasó.
ellos estaba mojados,ellos estaban mojados
varias montañas es importantes,varias montañas son importantes
"¡No, sere una asistente!","¡No, seré una asistente!"
tres amigos que encontramos fue muy grandes,tres amigos que encontramos fueron muy grandes
estos jugadores que estaban ahí era enormes,estos jugadores que estaban ahí eran enormes
dos sillas que llegaron es importantes,dos sillas que llegaron son importantes
Eza ez zu tercera.,Esa es su tercera.
"Ez zólo ""Manca, la traez"".","Es sólo ""Mancha, la traes""."
"- Besky, ¿ke estas?","- Becky, ¿qué estás?"
estas plantas que encontramos tiene precio,estas plantas que encontramos tienen precio
Más bien son gajes del oficio.,Más bien son los gajes del oficio.
estos regalos que había ahí fue muy grandes,estos regalos que había ahí fueron muy grandes
- No ay problema.,- No hay problema.
Rezultó muy bien.,Resultó muy bien.
Porque ellos tiene todo el dinero.,Porque ellos tienen todo el dinero.
- ¿Que haras si muero?,- ¿Qué harás si muero?
Crei ke podrias usarlo hoy.,Creí que podrías usarlo hoy.
Queria entender algunas sosas.,Quería entender algunas cosas.
- Las shimishangas son exkisitas.,- Las chimichangas son exquisitas.
varias manzanas del parque fue nuevas,varias manzanas del parque fueron nuevas
Da el azpecto de que que zólo eztaba buzcando algo de ropa y alimentoz.,Da el aspecto de que que sólo estaba buscando algo de ropa y alimentos.
¿Te dijo que lo icieraz?,¿Te dijo que lo hicieras?
Mi ezpoza inziztió en que uze pantalón de beztir.,Mi esposa insistió en que use pantalón de vestir.
unas flores de la casa fue muy grandes,unas flores de la casa fueron muy grandes
dos chicos es de mi hermano,dos chicos son de mi hermano
varias niñas es importantes,varias niñas son importantes
En verdad te srei.,En verdad te creí.
estas camisas del parque fue azules,estas camisas del parque fueron azules
- Bien. ¿Por ke no essushaban?,- Bien. ¿Por qué no escuchaban?
"Hablas asi porke eres eslava, tribu de pastores y labradores.","Hablas así porque eres eslava, tribu de pastores y labradores."
Deuda --- valores a sorto plazo ( pasivos ) [ 3A .,Deuda --- valores a corto plazo ( pasivos ) [ 3A .
Hermozoz zalbajez.,Hermosos salvajes.
"*¡Vamoz, bamoz!","*¡Vamos, vamos!"
"Mira, loz doz zabíamoz que ezte día bendría.","Mira, los dos sabíamos que este día vendría."
"Vamoz, dezpierta.","Vamos, despierta."
Pero uno tiene que acer concezionez...,Pero uno tiene que hacer concesiones...
"- ""El turno noshe"", si.","- ""El turno noche"", sí."
El hombre se ha vuelto tan sorrupto y tan malo.,El hombre se ha vuelto tan corrupto y tan malo.
Tuvimos la oportunidad de haser algo mas ke sontar la verdad.,Tuvimos la oportunidad de hacer algo más que contar la verdad.
Yo tengo un estudio alsoba y sersa de $ 1.000 en mi suenta de ahorros.,Yo tengo un estudio alcoba y cerca de $ 1.000 en mi cuenta de ahorros.
"Moises dijo: ""Jehova alse sobre ti su rostro,","Moisés dijo: ""Jehová alce sobre ti su rostro,"
ahí cosas que los fantasmas y los empleados no deben saber.,Hay cosas que los fantasmas y los empleados no deben saber.
¿Hablaz en zerio?,¿Hablas en serio?
- evento... de anoche.,- El evento... de anoche.
No te imaginas suantas sosas me han disho.,No te imaginas cuántas cosas me han dicho.
¿Debo confiar vida de unos polacos a un cosaco?,¿Debo confiar la vida de unos polacos a un cosaco?
. - La claze obrera.,. - La clase obrera.
¿Como va eso Señorita Ruby?,¿Cómo va eso Señorita Ruby?
¿Que demonios esta hasiendo?,¿Qué demonios está haciendo?
¿lo vas a sasar?,¿lo vas a sacar?
- El nuebo zubgerente.,- El nuevo subgerente.
"Sí, tráeme otra Margarita, zin zal.","Sí, tráeme otra Margarita, sin sal."
Me depilaron en el baño de sabayeros.,Me depilaron en el baño de caballeros.
El nombre del ombre que corrompió a mi ija ez Rabna.,El nombre del hombre que corrompió a mi hija es Ravna.
"Estoy bien, sariño, una vez nade en rio Trinity.","Estoy bien, cariño, una vez nadé en el río Trinity."
Veo parejas jovenes.,Veo parejas jóvenes.
las puertas que había ahí fue muy grandes,las puertas que había ahí fueron muy grandes
varios profesores del parque era divertidos,varios profesores del parque eran divertidos
estas gallinas tiene hambre,estas gallinas tienen hambre
- Igual no ez poco.,- Igual no es poco.
Tú eres basura.,Tú eres una basura.
Te podrias a ver matado.,Te podrías haber matado.
dos canciones del parque tiene nombre,dos canciones del parque tienen nombre
Es una señal adicional de que los egipcios se oponen a voluntad de Dios.,Es una señal adicional de que los egipcios se oponen a la voluntad de Dios.
estos juguetes que vimos ayer era buenos,estos juguetes que vimos ayer eran buenos
las plantas que llegaron tiene precio,las plantas que llegaron tienen precio
Esos estúpidos titanes no es la gran cosa.,Esos estúpidos titanes no son la gran cosa.
En loz bozquez tropicalez de África y Sudamérica ay algunaz que zon nómadaz,En los bosques tropicales de África y Sudamérica hay algunas que son nómadas
"Así, pues, los latinoamericanos cree que Bush debe marcharse.","Así, pues, los latinoamericanos creen que Bush debe marcharse."
tres libros que había ahí es de madera,tres libros que había ahí son de madera
"Tienen mucoz problemaz conmigo ziendo tan onezta, pompoza.","Tienen muchos problemas conmigo siendo tan honesta, pomposa."
"Oh, hijo de Srujan, estamos listos para lushar.","Oh, hijo de Srujan, estamos listos para luchar."
tres gallinas que vi fue geniales,tres gallinas que vi fueron geniales
g) laz inztalacionez en alta mar;,g) las instalaciones en alta mar;
dos profesores era divertidos,dos profesores eran divertidos
esas sillas que llegaron estaba sucias,esas sillas que llegaron estaban sucias
esas manzanas que estaban ahí tiene nombre,esas manzanas que estaban ahí tienen nombre
El compañero carpintero.,El compañero del carpintero.
Tengo ke dar otra sonsulta y luego ire aya.,Tengo que dar otra consulta y luego iré allá.
No fue mi sulpa.,No fue mi culpa.
muchas camisas que tenía estaba rotas,muchas camisas que tenía estaban rotas
Son doz intelectualez en buzca de inzpiración...,Son dos intelectuales en busca de inspiración...
Loz bancoz del Japón icieron lo propio.,Los bancos del Japón hicieron lo propio.
"El guardia de zeguridad dijo ""beztíoz y marcaoz a caza.""","El guardia de seguridad dijo ""vestíos y marchaos a casa."""
"Pero, ei, ¿sabes?","Pero, eí, ¿sabes?"
muchos juguetes de mi tío estaba cerrados,muchos juguetes de mi tío estaban cerrados
dos pájaros de mi tío fue muy bonitos,dos pájaros de mi tío fueron muy bonitos
¿Sin pepinilloz?,¿Sin pepinillos?
- Siempre an zido azulez.,- Siempre han sido azules.
Bienbenida a caza.,Bienvenida a casa.
Para no fumadorez (12),Para no fumadores (12)
No del modo en que yo lo beo.,No del modo en que yo lo veo.
No resuerdo suantos años hemos trabajado juntos.,No recuerdo cuántos años hemos trabajado juntos.
¿Que susede aki?,¿Qué sucede aquí?
¿Robbin esta en el kirofano?,¿Robbin está en el quirófano?
esas puertas que me diste tiene dueño,esas puertas que me diste tienen dueño
estos amigos que llegaron estaba mojados,estos amigos que llegaron estaban mojados
I don y apos; t saben. ¿ahi alguna manera de averiguarlo?,I don y apos; t saben. ¿Hay alguna manera de averiguarlo?
El arma no eztaba lizta...,El arma no estaba lista...
Buzca ofertaz dezde Portugal a Vágar con:,Busca ofertas desde Portugal a Vágar con:
"""¡No kiero ke nuestro mediso pierda su reputasion""!","""¡No quiero que nuestro médico pierda su reputación""!"
¿Es alguna slase de resistensia pasiva?,¿Es alguna clase de resistencia pasiva?
El jengibre ayudara a tu estomago. ¿Sabes kien eres?,El jengibre ayudará a tu estómago. ¿Sabes quién eres?
"Esta trabajando en Mexiso, en otro periodiso.","Está trabajando en México, en otro periódico."
Naturaleza umana.,Naturaleza humana.
- Tienes razon.,- Tienes razón.
¿Comprar resumenes de sasos?,¿Comprar resúmenes de casos?
Akeyas faldas sortas ke yevabas...,Aquellas faldas cortas que llevabas...
dos sillas que vi tiene precio,dos sillas que vi tienen precio
No eztoy zegura.,No estoy segura.
Suz ermanoz zon Tony y Harry Jamez.,Sus hermanos son Tony y Harry James.
"Seguido 0 becez ezte mez, 5 ezte año, 243 dezde zu creación.","Seguido 0 veces este mes, 5 este año, 243 desde su creación."
Y su madre es la losa.,Y su madre es la loca.
Sobre enmienda 430,Sobre la enmienda 430
¿Por ke se ke lo dije? Porke salio de aki.,¿Por qué sé que lo dije? Porque salió de aquí.
Mire... ¿qué tal zi lo acemoz en zu apartamento?,Mire... ¿qué tal si lo hacemos en su apartamento?
Le moleztará a él máz que a mí.,Le molestará a él más que a mí.
unas montañas del parque era enormes,unas montañas del parque eran enormes
Primer paso: El rostro perfesto,Primer paso: El rostro perfecto
muchas manzanas que estaban ahí fue nuevas,muchas manzanas que estaban ahí fueron nuevas
Ezto noz traerá a Jim de buelta.,Esto nos traerá a Jim de vuelta.
2. Visitasion de Maria a Isabel,2. La Visitación de María a Isabel
¿No ensuentran a niña?,¿No encuentran a la niña?
Uno de loz tentacionez de inzectoz maz extraordinariaz,Uno de los tentaciones de insectos mas extraordinarias
"No, por fabor, déjame a mí. Graciaz. Aora bengo para cogerle, zeñor.","No, por favor, déjame a mí. Gracias. Ahora vengo para cogerle, señor."
Aki estan tus shekes de viaje.,Aquí están tus cheques de viaje.
muchas casas que vimos ayer era buenas,muchas casas que vimos ayer eran buenas
dos niños del parque tiene dueño,dos niños del parque tienen dueño
CEPE Comision Esonomisa para Europa,CEPE Comisión Económica para Europa
"Si, es una adista al trabajo y a todo el mundo le gusta el sorreo.","Sí, es una adicta al trabajo y a todo el mundo le gusta el correo."
los autos que encontramos es de madera,los autos que encontramos son de madera
dos pájaros que encontramos es de mi hermano,dos pájaros que encontramos son de mi hermano
¿Cómo ze llama la calle?,¿Cómo se llama la calle?
"Sí, caballeroz, eze zería el dueño de la AEP.","Sí, caballeros, ese sería el dueño de la AEP."
"""¿Alguna bez az ido a Clubland?""","""¿Alguna vez has ido a Clubland?"""
El 5% de loz cazoz ze prezenta zin erupcionez.,El 5% de los casos se presenta sin erupciones.
Quiero que me enzeñe.,Quiero que me enseñe.
- Seguridad a angar de carga.,- Seguridad a hangar de carga.
¿Puede guardárzela?,¿Puede guardársela?
Supongo ke kiero hijos en futuro.,Supongo que quiero hijos en el futuro.
"Buenos dias, nesesito diression.","Buenos días, necesito una dirección."
"No eres tu, son eyos","No eres tú, son ellos"
unas montañas que tenía es de madera,unas montañas que tenía son de madera
Fue el sampeon durante los ultimos 5 años.,Fue el campeón durante los últimos 5 años.
Aunke Ia yeve a un buen mediso.,Aunque Ia llevé a un buen médico.
Si noz mantenemoz unidoz...,Si nos mantenemos unidos...
Como a 8:00.,Como a las 8:00.
unos chicos del parque fue muy grandes,unos chicos del parque fueron muy grandes
¡Se eztán acercando!,¡Se están acercando!
"Se va a presentar de nuevo, y el sabe ke te nesesita a su lado suando lo haga.","Se va a presentar de nuevo, y él sabe que te necesita a su lado cuando lo haga."
- ¡Pero esto es insonsebible!,- ¡Pero esto es inconcebible!
los regalos que había ahí es muy útiles,los regalos que había ahí son muy útiles
unas mesas tiene precio,unas mesas tienen precio
"Despiertame, Toto.","Despiértame, Toto."
tres ventanas que vimos ayer tiene precio,tres ventanas que vimos ayer tienen precio
dos amigos de mi tío es de mi hermano,dos amigos de mi tío son de mi hermano
"Estas ekivosada, yevaba un vestido rojo.","Estás equivocada, llevaba un vestido rojo."
Erez como él o zolo eztáz en zu oja de pagoz?,Eres como él o solo estás en su hoja de pagos?
"Sí, ozcuro cazo.","Sí, oscuro caso."
varias sillas que vi estaba cerradas,varias sillas que vi estaban cerradas
esas canciones es de mi hermano,esas canciones son de mi hermano
esas profesoras de la casa estaba sucias,esas profesoras de la casa estaban sucias
"Los demas estan enserrados en sus ofisinas, negandose a irse.","Los demás están encerrados en sus oficinas, negándose a irse."
Se puedo solosar por $9.,Se la puedo colocar por $9.
estos autos de la casa era divertidos,estos autos de la casa eran divertidos
"¡Y be a por mamá, tenemoz que ponernoz en marca!","¡Y ve a por mamá, tenemos que ponernos en marcha!"
Eza ez la cueztión.,Esa es la cuestión.
"Seguridad Social, eze zoy yo.","Seguridad Social, ese soy yo."
unos pájaros que estaban ahí fue pequeños,unos pájaros que estaban ahí fueron pequeños
Retira lo disho.,Retira lo dicho.
Los padres no debe sobrevivir a sus hijos Mikhail.,Los padres no deben sobrevivir a sus hijos Mikhail.
¿Que tio no se lo ha montado?,¿Qué tío no se lo ha montado?
"- ¿Sabez ablar danéz, o ingléz?","- ¿Sabes hablar danés, o inglés?"
Protosolo Fasultativo y enmienda del parrafo 1 del artisulo 20,Protocolo Facultativo y enmienda del párrafo 1 del artículo 20
muchas montañas es de mi hermano,muchas montañas son de mi hermano
No es soldado de verdad.,No es un soldado de verdad.
Que santidad tomar Tome Trazes somo le haya indisado su mediso.,Qué cantidad tomar Tome Trazec como le haya indicado su médico.
los libros que llegaron tiene dueño,los libros que llegaron tienen dueño
"Tú y yo, ez para ziempre.","Tú y yo, es para siempre."
Nuestro deber es garantizar respeto por los principios del estado de derecho.,Nuestro deber es garantizar el respeto por los principios del estado de derecho.
esas historias que encontramos estaba mojadas,esas historias que encontramos estaban mojadas
dos niños que encontramos era buenos,dos niños que encontramos eran buenos
"¿Qué eztoy aciendo aquí, de todoz modoz?","¿Qué estoy haciendo aquí, de todos modos?"
Y tu... ¿no recordaríaz Fairope Kitcen?,Y tu... ¿no recordarías Fairhope Kitchen?
las profesoras que vi tiene hambre,las profesoras que vi tienen hambre
"""¿Dónde pueden eztar loz diamantez?"", digo.","""¿Dónde pueden estar los diamantes?"", digo."
Puede ser sliente o de lo sontrario.,Puede ser cliente o de lo contrario.
dos mesas que encontramos fue azules,dos mesas que encontramos fueron azules
¿Te estas enamorando?,¿Te estás enamorando?
"¡Que no tengamoz pazado, que no tengamoz iztoria!","¡Que no tengamos pasado, que no tengamos historia!"
- ez una pozibilidad y tu madre no zepa nada.,- es una posibilidad y tu madre no sepa nada.
muchos zapatos que tenía era enormes,muchos zapatos que tenía eran enormes
A porra la sena.,A la porra la cena.
unos gatos que llegaron fue muy bonitos,unos gatos que llegaron fueron muy bonitos
varios amigos que llegaron fue geniales,varios amigos que llegaron fueron geniales
¿Camizaz a cuadroz y muñecaz Kramer?,¿Camisas a cuadros y muñecas Kramer?
Conseguiras lo ke deseas si sabes lo ke desean todos los demas.,Conseguirás lo que deseas si sabes lo que desean todos los demás.
estas puertas que había ahí era buenas,estas puertas que había ahí eran buenas
dos sillas que tenía estaba mojadas,dos sillas que tenía estaban mojadas
Se debe reír Ud. De miz ideaz tan anticuadaz.,Se debe reír Ud. De mis ideas tan anticuadas.
Pregunta por qué loz diozez onran zu reino. Que zi buzcan piedraz blancaz.,Pregunta por qué los dioses honran su reino. Que si buscan piedras blancas.
¿Quién ze atrebe a cueztionar mi audacia...,¿Quién se atreve a cuestionar mi audacia...
tres puertas que llegaron tiene precio,tres puertas que llegaron tienen precio
"Louis, esa es mejor idea que has tenido desde que te conozco.","Louis, esa es la mejor idea que has tenido desde que te conozco."
¿Necezitaz algo?,¿Necesitas algo?
estas historias fue geniales,estas historias fueron geniales
"""¿Tienes 47 protuberansias en la poya? No me voy a sreer esa mierda.","""¿Tienes 47 protuberancias en la polla? No me voy a creer esa mierda."
Olvidais ke mis enemigos pueden yegar de un momento a otro.,Olvidáis que mis enemigos pueden llegar de un momento a otro.
estas canciones que encontramos estaba mojadas,estas canciones que encontramos estaban mojadas
varias historias que me diste estaba cerradas,varias historias que me diste estaban cerradas
"- Llegó el general Houzton, zeñorez.","- Llegó el general Houston, señores."
Seguridad de loz,Seguridad de los
"Telma, te prezento a Amelia.","Thelma, te presento a Amelia."
A bozotraz que zentíz mi zufrimiento.,A vosotras que sentís mi sufrimiento.
Imagino usarla con viejo Diablo Anse.,Imagino usarla con el viejo Diablo Anse.
No que importara muco.,No que importara mucho.
- Essusha son atension.,- Escucha con atención.
"Podria haserla mas alegre, si la kieren mas movida.","Podría hacerla más alegre, si la quieren más movida."
Luan llamará a Holanda para pedir informe.,Luan llamará a Holanda para pedir un informe.
"Bebo Vodka, solo Vodka, adoro vodka.","Bebo Vodka, solo Vodka, adoro el vodka."
Elegir isono,Elegir un icono
¿Te da miedo oscuridad?,¿Te da miedo la oscuridad?
Lusha a por samino difisil.,Lucha a por el camino difícil.
las flores que compré estaba cerradas,las flores que compré estaban cerradas
varias camisas que estaban ahí tiene precio,varias camisas que estaban ahí tienen precio
"Aquí McLouglin,","Aquí McLoughlin,"
- Sabia ke me salvaria.,- Sabia que me salvaría.
"- No puedo, eztoy ocupado.","- No puedo, estoy ocupado."
varias mesas que vi tiene precio,varias mesas que vi tienen precio
unos regalos que llegaron fue azules,unos regalos que llegaron fueron azules
Y vos estas lista.,Y vos estás lista.
- De qué eztáz ablando?,- De qué estás hablando?
El Fondo Fidusiario sera administrado segun los sriterios ke fije Asamblea.,El Fondo Fiduciario será administrado según los criterios que fije la Asamblea.
"Tu lección para día de hoy, Shelley.","Tu lección para el día de hoy, Shelley."
los profesores del parque tiene hambre,los profesores del parque tienen hambre
- No muevas pierna.,- No muevas la pierna.
"Tiene su intención puesta en ser próxima Sra. Woodrow, es mi suposición.","Tiene su intención puesta en ser la próxima Sra. Woodrow, es mi suposición."
Las noticias la está llamando la Condesa de Montecristo moderna.,Las noticias la están llamando la Condesa de Montecristo moderna.
Tengo que zacarte de aquí.,Tengo que sacarte de aquí.
Son unoz ipócritaz. Sólo ablan de ezte plan maeztro.,Son unos hipócritas. Sólo hablan de este plan maestro.
Piensa en ello como privilegio que puede ser quitado.,Piensa en ello como un privilegio que puede ser quitado.
muchas montañas del parque estaba cerradas,muchas montañas del parque estaban cerradas
"Véase resolución 1997/22 del Consejo Económico y Social, anexo I.","Véase la resolución 1997/22 del Consejo Económico y Social, anexo I."
Sus cartas es las más vívidas que recibí de Vermont.,Sus cartas son las más vívidas que recibí de Vermont.
Entonses la perdida de sualeskier de estos es su propia perdida.,Entonces la pérdida de cualesquier de éstos es su propia pérdida.
varias ventanas del parque estaba rotas,varias ventanas del parque estaban rotas
estas manzanas que estaban ahí es muy útiles,estas manzanas que estaban ahí son muy útiles
Pero ambaz lo zaben.,Pero ambas lo saben.
estos zapatos que encontramos era antiguos,estos zapatos que encontramos eran antiguos
No es asi somo dirijo este negosio.,No es así como dirijo este negocio.
Y no se puede haser eso son guantes puestos.,Y no se puede hacer eso con los guantes puestos.
Aí puede pedir zantuario.,Ahí puede pedir santuario.
Programa probizional del 15º período de zezionez de la Comizión,Programa provisional del 15º período de sesiones de la Comisión
estos profesores que vimos ayer estaba mojados,estos profesores que vimos ayer estaban mojados
"Vaya, ¡una bisisleta son forma de bisisleta!","Vaya, ¡una bicicleta con forma de bicicleta!"
"Graciaz, Louize.","Gracias, Louise."
Ruta Probincial 89 (1),Ruta Provincial 89 (1)
"Bien, zalgan aora o llamo a loz encargadoz.","Bien, salgan ahora o llamo a los encargados."
"Es somo si de repente, Dios me odiase.","Es como si de repente, Dios me odiase."
unos chicos que vimos ayer era rápidos,unos chicos que vimos ayer eran rápidos
las plantas de la casa tiene precio,las plantas de la casa tienen precio
Puede ke tengas ke esperar.,Puede que tengas que esperar.
tres autos del parque estaba mojados,tres autos del parque estaban mojados
estas niñas del parque es importantes,estas niñas del parque son importantes
muchas puertas que vi tiene precio,muchas puertas que vi tienen precio
"Estos tipos tiene dinero en serio, Finch.","Estos tipos tienen dinero en serio, Finch."
muchas gallinas que encontramos tiene dueño,muchas gallinas que encontramos tienen dueño
Esta yamando de nuevo.,Está llamando de nuevo.
Este lugar parese museo.,Este lugar parece un museo.
varias profesoras de la casa estaba listas,varias profesoras de la casa estaban listas
¿Pero por ke no se lo dijiste?,¿Pero por qué no se lo dijiste?
WOLDS. zon laz Cotzwoldz.,WOLDS. son las Cotswolds.
- Porque le dizte muca importancia.,- Porque le diste mucha importancia.
"Pero sreo ke todavia tengo un buen manejo de ke kiere una mujer,","Pero creo que todavía tengo un buen manejo de que quiere una mujer,"
dos puertas que había ahí fue pequeñas,dos puertas que había ahí fueron pequeñas
"Insluso suando lo odiaba, esta en mi sangre.","Incluso cuando lo odiaba, está en mi sangre."
tres puertas que encontramos era divertidas,tres puertas que encontramos eran divertidas
"- Al, ¿suanto dura?","- Al, ¿cuánto dura?"
El poder de Dioz ez la demoztración bizible de Su dezeo de rebelarze al ombre.,El poder de Dios es la demostración visible de Su deseo de revelarse al hombre.
unos regalos que estaban ahí tiene precio,unos regalos que estaban ahí tienen precio
Suz cozaz no eztán.,Sus cosas no están.
"Casi no hay obras de teatro, solo a veses.","Casi no hay obras de teatro, sólo a veces."
¿Y ke esta hasiendo?,¿Y qué está haciendo?
tres cuadros que compré tiene dueño,tres cuadros que compré tienen dueño
dos flores que encontramos estaba sucias,dos flores que encontramos estaban sucias
"Tendre ke yevarla a Europa, alejarla de aki.","Tendré que llevarla a Europa, alejarla de aquí."
¿De quién la protegen ezoz gorilaz?,¿De quién la protegen esos gorilas?
- Papa es buen tipo.,- Papá es un buen tipo.
"Porke los shisos no kieren verse lindos, kieren ser duros y fuertes.","Porque los chicos no quieren verse lindos, quieren ser duros y fuertes."
Desde la terraza se tiene una vista hermosa sobre valle del Amblève.,Desde la terraza se tiene una vista hermosa sobre el valle del Amblève.
estas chicas de mi tío es importantes,estas chicas de mi tío son importantes
estas ventanas que estaban ahí es muy útiles,estas ventanas que estaban ahí son muy útiles
tres juguetes que había ahí es de mi hermano,tres juguetes que había ahí son de mi hermano
"Ez una gran iztoria que zucedió entre mi padre y yo, y nadie máz.","Es una gran historia que sucedió entre mi padre y yo, y nadie más."
esas niñas que había ahí estaba listas,esas niñas que había ahí estaban listas
"- Ok, ok, adios.","- Ok, ok, adiós."
Todas las mujeres es preciosas.,Todas las mujeres son preciosas.
"- ¡Si, si puedo!","- ¡Sí, sí puedo!"
- Que bien estar en sasa.,- Qué bien estar en casa.
muchas flores del parque fue azules,muchas flores del parque fueron azules
Asondisionamiento interior,Acondicionamiento interior
muchas niñas del parque fue geniales,muchas niñas del parque fueron geniales
estos niños que encontramos fue muy bonitos,estos niños que encontramos fueron muy bonitos
estas historias que me diste tiene nombre,estas historias que me diste tienen nombre
varias gallinas que encontramos fue geniales,varias gallinas que encontramos fueron geniales
- es muy bueno.,- El es muy bueno.
Principalmente cocina franceza.,Principalmente cocina francesa.
Él está enamorado de chica de tu pueblo.,Él está enamorado de una chica de tu pueblo.
unas niñas que vimos ayer era enormes,unas niñas que vimos ayer eran enormes
Revise el mapa del topografo.,Revisé el mapa del topógrafo.
- Quizas solo es el somienzo...,- Quizás sólo es el comienzo...
"El Sol: Salida del zol 05:44, Puezta del zol 20:42.","El Sol: Salida del sol 05:44, Puesta del sol 20:42."
unas amigas que vi era rápidas,unas amigas que vi eran rápidas
No erez lo zuficientemente buena para zer mi amiga.,No eres lo suficientemente buena para ser mi amiga.
unos regalos que vi es de madera,unos regalos que vi son de madera
esas chicas que vi fue muy bonitas,esas chicas que vi fueron muy bonitas
unos profesores que vimos ayer tiene nombre,unos profesores que vimos ayer tienen nombre
"-Oh, ¿Que osurre?","-Oh, ¿Que ocurre?"
"No kieres somparar la sasa, solo kieres impresionarla.","No quieres comparar la casa, sólo quieres impresionarla."
No ay confuzión.,No hay confusión.
tres autos que estaban ahí es muy útiles,tres autos que estaban ahí son muy útiles
muchas plantas que llegaron era buenas,muchas plantas que llegaron eran buenas
Me espante a mi mismo.,Me espanté a mí mismo.
"Mamá, ¿por qué enloquecez?","Mamá, ¿por qué enloqueces?"
Ez también un eco como az mencionado que Su forma ez interminable.,Es también un hecho como has mencionado que Su forma es interminable.
¿Que sabes tu de justisia?,¿Qué sabes tú de justicia?
varios chicos que llegaron era rápidos,varios chicos que llegaron eran rápidos
¿Como son sus ojos?,¿Cómo son sus ojos?
dos ventanas era divertidas,dos ventanas eran divertidas
Su nombre ez Brad.,Su nombre es Brad.
dos flores de mi tío tiene dueño,dos flores de mi tío tienen dueño
¿Eztán por aquí zuz padrez?,¿Están por aquí sus padres?
"Bueno, boy a ir. Na'ti ba.","Bueno, voy a ir. Na'ti va."
unas historias del parque estaba rotas,unas historias del parque estaban rotas
varias flores de mi tío tiene dueño,varias flores de mi tío tienen dueño
unas puertas de la casa fue mías,unas puertas de la casa fueron mías
- ¿Esa no es chica de anoche?,- ¿Esa no es la chica de anoche?
Aquí está tus cheques de viaje.,Aquí están tus cheques de viaje.
Odio ver las sosas de gente apiladas en un monton.,Odio ver las cosas de la gente apiladas en un montón.
esas amigas que estaban ahí es importantes,esas amigas que estaban ahí son importantes
Ezte magnífico ejemplo fue eca por Bajo el paraguaz rojo.,Este magnífico ejemplo fue hecha por Bajo el paraguas rojo.
"Si no, 7 plagas que padeció Egipto arrasarán tus tierras.","Si no, las 7 plagas que padeció Egipto arrasarán tus tierras."
"Nueztro jefe militar, el general T'Tan.","Nuestro jefe militar, el general T'Than."
¿Quién ez el Dr. Muerte?,¿Quién es el Dr. Muerte?
Hay doz ombrez máz con el jefe.,Hay dos hombres más con el jefe.
¿Eso es? ... Creo ke tienes sangre.,¿Eso es? ... Creo que tienes sangre.
dos perros que llegaron estaba cansados,dos perros que llegaron estaban cansados
Malditas perras flasas.,Malditas perras flacas.
- Detenganse. ¡Detenganse ya!,- Deténganse. ¡Deténganse ya!
Tengo máz aquí zi quierez mirarloz.,Tengo más aquí si quieres mirarlos.
Eztamoz tan azuztadoz...,Estamos tan asustados...
Pense ke seria somo en suento.,Pensé que sería como en el cuento.
"Oye, ¿qué te a ocurrido?","Oye, ¿qué te ha ocurrido?"
ke la Comunidad Andina no logro madurar somo asuerdo de integrasion,que la Comunidad Andina no logró madurar como acuerdo de integración
¡Tengo que ir a psiquiatra para aprender a controlar lo que digo!,¡Tengo que ir a un psiquiatra para aprender a controlar lo que digo!
- ¿Puedo pedirte tu opinión zobre algo?,- ¿Puedo pedirte tu opinión sobre algo?
El mayor robo del ziglo.,El mayor robo del siglo.
Cómo se enfadó mi padre cuando Glasisch se puso detrás suyo al hacernos foto.,Cómo se enfadó mi padre cuando Glasisch se puso detrás suyo al hacernos la foto.
¿Cómo ba eze antídoto?,¿Cómo va ese antídoto?
esos jugadores que encontramos era rápidos,esos jugadores que encontramos eran rápidos
estos profesores que vimos ayer es importantes,estos profesores que vimos ayer son importantes
Es socio oculto de Ceuxron.,Es el socio oculto de Ceuxron.
los árboles que tenía era antiguos,los árboles que tenía eran antiguos
.. No se interponen entre mastodontes suando el gauyistas y somunistas.,.. No se interponen entre mastodontes cuando el gaullistas y comunistas.
"Por la velosidad de este se esta formando, ke va a ser papa!","Por la velocidad de éste se está formando, que va a ser papá!"
"No lo se, te he estado bussando Durante los ultimos 30 años.","No lo sé, te he estado buscando Durante los últimos 30 años."
"Directamente a trabéz de la puerta, enbuelbe la pared.","Directamente a través de la puerta, envuelve la pared."
Conozso a Arthur.,Conozco a Arthur.
¡Creo que Allen puede zer muy baliozo para uzted!,¡Creo que Allen puede ser muy valioso para usted!
"- ¡No seas estupido, hombre!","- ¡No seas estúpido, hombre!"
"Hablame, Penelope.","Háblame, Penélope."
¿No tenía miedo de tuz padrez?,¿No tenía miedo de tus padres?
"- Habla al microfono, por fabor.","- Habla al microfono, por favor."
muchas manzanas de mi tío tiene precio,muchas manzanas de mi tío tienen precio
"Espera, espera, espera, no se ke--","Espera, espera, espera, no sé qué--"
"Caramba, has tenido una mal rato.","Caramba, has tenído una mal rato."
esos zapatos que vi era enormes,esos zapatos que vi eran enormes
Ezo ez algo realmente bueno.,Eso es algo realmente bueno.
No ez fácil de uzar.,No es fácil de usar.
unos profesores del parque fue míos,unos profesores del parque fueron míos
Demaziado tarde para ezo.,Demasiado tarde para eso.
varios árboles que me diste tiene dueño,varios árboles que me diste tienen dueño
"- Grasias, señor.","- Gracias, señor."
tres canciones que estaban ahí estaba rotas,tres canciones que estaban ahí estaban rotas
El presente Reglamento entrara en vigor 21 de junio de 2006.,El presente Reglamento entrará en vigor el 21 de junio de 2006.
estos cuadros que tenía era enormes,estos cuadros que tenía eran enormes
"Desperté, y las sábanas estaba prendidas fuego.","Desperté, y las sábanas estaban prendidas fuego."
estas manzanas de mi tío fue caras,estas manzanas de mi tío fueron caras
varias plantas que compré era buenas,varias plantas que compré eran buenas
Avisenme suando tengan los resultados de tomografia.,Avísenme cuando tengan los resultados de la tomografía.
Ezo ez lo que penzé.,Eso es lo que pensé.
Pienso en shisa en partisular.,Pienso en una chica en particular.
Ezte ez Jon Adamz en el Tratado de Trípoli...,Este es John Adams en el Tratado de Trípoli...
"- ¿Adonde, Frank?","- ¿Adónde, Frank?"
Mi boca puede aprender baztante rápido.,Mi boca puede aprender bastante rápido.
unos jugadores de mi tío era rápidos,unos jugadores de mi tío eran rápidos
"Las inversiones, material, tío.","Las inversiones, el material, tío."
Esas no es las palabras que usamos.,Esas no son las palabras que usamos.
las gallinas que había ahí era enormes,las gallinas que había ahí eran enormes
- Olbídenlo. ¿Tienen ambre?,- Olvídenlo. ¿Tienen hambre?
estas chicas que vimos ayer estaba cansadas,estas chicas que vimos ayer estaban cansadas
"Es una desafortunada situasion en la ke nos has metido, Seth.","Es una desafortunada situación en la que nos has metido, Seth."
No nesesitas ke nadie te salve.,No necesitas que nadie te salve.
esos perros del parque tiene hambre,esos perros del parque tienen hambre
los jugadores del parque tiene dueño,los jugadores del parque tienen dueño
"aun siento el alma de tu sonrisa, ke essonde el","aun siento el alma de tu sonrisa, que esconde el"
tres gallinas que encontramos estaba cansadas,tres gallinas que encontramos estaban cansadas
¿Eztá llamando dezde aí?,¿Está llamando desde ahí?
"Ezto no ez una zezión, Ken, bale?","Esto no es una sesión, Ken, vale?"
esos zapatos del parque era antiguos,esos zapatos del parque eran antiguos
¿Donde se ha ido Hugh?,¿Dónde se ha ido Hugh?
Siempre lucez máz bieja en la mañana.,Siempre luces más vieja en la mañana.
Ni sola coincidencia.,Ni una sola coincidencia.
Pero averigüe por ke sonsierto fue sanselado.,Pero averigüé por qué el concierto fue cancelado.
Eya nesesita un poso de seguridad en este momento .,Ella necesita un poco de seguridad en este momento .
Es favorita de mis heridas actuales.,Es la favorita de mis heridas actuales.
varias camisas que estaban ahí es de madera,varias camisas que estaban ahí son de madera
las niñas que estaban ahí estaba cansadas,las niñas que estaban ahí estaban cansadas
las camisas que llegaron era enormes,las camisas que llegaron eran enormes
los coches que estaban ahí era divertidos,los coches que estaban ahí eran divertidos
¿Cómo zuena ezo?,¿Cómo suena eso?
Eztamoz a punto de zalir al aire...,Estamos a punto de salir al aire...
"Bueno, es fasil.","Bueno, es fácil."
"¿Quién lo a eco, Nailz?","¿Quién lo ha hecho, Nails?"
- Le amonezto de nuebo...,- Le amonesto de nuevo...
unos autos del parque era buenos,unos autos del parque eran buenos
dos canciones de mi tío estaba sucias,dos canciones de mi tío estaban sucias
Desidira el lunes.,Decidirá el lunes.
estos coches que encontramos tiene nombre,estos coches que encontramos tienen nombre
unas ventanas estaba sucias,unas ventanas estaban sucias
"En particular, decidió mantener bigilado al prezidente Corral.","En particular, decidió mantener vigilado al presidente Corral."
varias canciones que llegaron estaba rotas,varias canciones que llegaron estaban rotas
dos manzanas de mi tío es muy útiles,dos manzanas de mi tío son muy útiles
muchos vecinos que encontramos fue míos,muchos vecinos que encontramos fueron míos
unos árboles que había ahí tiene nombre,unos árboles que había ahí tienen nombre
Vamos a... sontinuar.,Vamos a... continuar.
Ezte Conbenio data de 1983.,Este Convenio data de 1983.
Pero ¿kien ensontro ramita de olivo y se la yevo a Noe?,Pero ¿quién encontró la ramita de olivo y se la llevó a Noé?
tres profesores que vi era rápidos,tres profesores que vi eran rápidos
- ¿ De dónde zacazte ezto?,- ¿ De dónde sacaste esto?
Innovasion y transferensia de'tesnologia,Innovación y transferencia de'tecnología
fue los asbestos aquí. ¡Eso es lo que ocurrió!,Fueron los asbestos aquí. ¡Eso es lo que ocurrió!
"Eztoy zeguro de que le guztaría, conziderando loz cargoz.","Estoy seguro de que le gustaría, considerando los cargos."
«Capítulo III biz,«Capítulo III bis
varias manzanas que llegaron es muy útiles,varias manzanas que llegaron son muy útiles
las vecinas que encontramos estaba sucias,las vecinas que encontramos estaban sucias
Que todos diarios publiquen esta nota.,Que todos los diarios publiquen esta nota.
Noz bamoz de fuga.,Nos vamos de fuga.
"Te pareses, eres...","Te pareces, eres..."
tres historias que vimos ayer es de mi hermano,tres historias que vimos ayer son de mi hermano
Separación entre laz barraz de la rejilla,Separación entre las barras de la rejilla
"Hombres misteriosos sisatrises en sara, metido en un armario--","Hombres misteriosos cicatrices en la cara, metido en un armario--"
Azí que lo aremoz nozotroz.,Así que lo haremos nosotros.
de sigüeña.,de una cigüeña.
"Es un sonvoy nosturno, por desgrasia no puedo haser nada.","Es un convoy nocturno, por desgracia no puedo hacer nada."
Tenemos ke dejar persona atras.,Tenemos que dejar una persona atrás.
He estado siguiendo la Bolsa... y parese ke Nasdaq se ve bien otra vez.,He estado siguiendo la Bolsa... y parece que el Nasdaq se ve bien otra vez.
"¿Que es usted? ¿juez, jurado y fissal al mismo tiempo?","¿Qué es usted? ¿juez, jurado y fiscal al mismo tiempo?"
Manoz para enzalada.,Manos para ensalada.
Tal bez Einar pueda utilizarlo.,Tal vez Einar pueda utilizarlo.
Cuidado con lo que dicez.,Cuidado con lo que dices.
unas ventanas que vimos ayer estaba listas,unas ventanas que vimos ayer estaban listas
"Grasias, sariño.","Gracias, cariño."
"Me pazé todo el zanto tiempo, durmiendo.","Me pasé todo el santo tiempo, durmiendo."
Supongo que eztábamoz dizfrutando del paizaje.,Supongo que estábamos disfrutando del paisaje.
"Puede que no zeaz un perro, pero quizáz deberíaz acerte el muerto.","Puede que no seas un perro, pero quizás deberías hacerte el muerto."
- ¡Ni sikiera me sonose!,- ¡Ni siquiera me conoce!
¿Dijeron ezpecíficamente ezta tienda?,¿Dijeron específicamente esta tienda?
- Uzted lo bio.,- Usted lo vio.
"Cuando crecizte, tu zalud mejoró y también tu éxito profezional.","Cuando creciste, tu salud mejoró y también tu éxito profesional."
esas sillas que encontramos era enormes,esas sillas que encontramos eran enormes
¿El fantasma de las navidades futuras trae resultados de las pruebas?,¿El fantasma de las navidades futuras trae los resultados de las pruebas?
las sillas que había ahí estaba cerradas,las sillas que había ahí estaban cerradas
Puede ponerse su estudio y haser fortuna.,Puede ponerse su estudio y hacer una fortuna.
las profesoras que vimos ayer era buenas,las profesoras que vimos ayer eran buenas
"- ... No digaz ezaz cozaz, te lo ruego.","- ... No digas esas cosas, te lo ruego."
tres vecinos que vimos ayer estaba listos,tres vecinos que vimos ayer estaban listos
"Muy bien, bamoz.","Muy bien, vamos."
Por muco que me guzta ezte azpecto Deberiaz ponerte algo máz cálido.,Por mucho que me gusta este aspecto Deberias ponerte algo más cálido.
"¿ Estas bien, mushasho?","¿ Estás bien, muchacho?"
tres casas que estaban ahí estaba mojadas,tres casas que estaban ahí estaban mojadas
los hermanos que estaban ahí es de mi hermano,los hermanos que estaban ahí son de mi hermano
tres flores de la casa es muy útiles,tres flores de la casa son muy útiles
varias ventanas del parque fue pequeñas,varias ventanas del parque fueron pequeñas
las sillas que había ahí es de madera,las sillas que había ahí son de madera
Nesesito ver ke tipo de reloj yevaba.,Necesito ver qué tipo de reloj llevaba.
Lo e intentado.,Lo he intentado.
¡Soy una perzona!,¡Soy una persona!
Los mersados finansieros desregulados.,Los mercados financieros desregulados.
"- La reconocez, ¿berdad?","- La reconoces, ¿verdad?"
"Pero oye, zi tienez un ueco libre, me encantaría cubrirlo.","Pero oye, si tienes un hueco libre, me encantaría cubrirlo."
Andersson tenia sus sesretos.,Andersson tenía sus secretos.
"Y, Van Pelt, olvidate de eyo.","Y, Van Pelt, olvídate de ello."
varios libros que encontramos es importantes,varios libros que encontramos son importantes
Vease el informe del Sesretario General sobre el tema para 2002 (E/2001/53).,Véase el informe del Secretario General sobre el tema para 2002 (E/2001/53).
"¿ Conoces a tu tocaya, Sra. Corbett?","¿ Conoces a tu tocaya, la Sra. Corbett?"
unos niños que había ahí fue muy bonitos,unos niños que había ahí fueron muy bonitos
Nesesito al general Sharp en Pentagono.,Necesito al general Sharp en el Pentágono.
Mejor esperanza no lo hago topado son Mila Kunis.,Mejor esperanza no lo hago topado con Mila Kunis.
estos cuadros que encontramos era buenos,estos cuadros que encontramos eran buenos
Laz cicaz en Te Rock:,Las chicas en The Rock:
muchos gatos que vi es importantes,muchos gatos que vi son importantes
Surya eztaba en lo cierto ... laz mujerez como Seda no ze quedan en la caza ...,Surya estaba en lo cierto ... las mujeres como Seda no se quedan en la casa ...
unos hermanos que vi fue míos,unos hermanos que vi fueron míos
No puedes parar el autobus sada vez ke veas una shisa en pantalonsito.,No puedes parar el autobús cada vez que veas una chica en pantaloncito.
- Graciaz Carlie.,- Gracias Charlie.
"Disponible en versión normal, HA3140","Disponible en la versión normal, HA3140"
"Oye, muébete un poco acia allá.","Oye, muévete un poco hacia allá."
estas sillas que encontramos tiene dueño,estas sillas que encontramos tienen dueño
Se noz terminaron.,Se nos terminaron.
los libros de la casa es de mi hermano,los libros de la casa son de mi hermano
tres amigas que encontramos era divertidas,tres amigas que encontramos eran divertidas
"Si lez dieran el alto, ez mejor zimular que ban con zu familia.","Si les dieran el alto, es mejor simular que van con su familia."
No sabia ke eras tan profundo.,No sabía que eras tan profundo.
esos chicos que estaban ahí fue geniales,esos chicos que estaban ahí fueron geniales
estos coches es de mi hermano,estos coches son de mi hermano
Extraño laz bocez de laz niñaz.,Extraño las voces de las niñas.
dos regalos que vimos ayer estaba cerrados,dos regalos que vimos ayer estaban cerrados
"Erez algo máz, Nora. ¿Lo zabíaz?","Eres algo más, Nora. ¿Lo sabías?"
"¿Y cuál es producto que limpia esa herrumbre del alma, mamá?","¿Y cuál es el producto que limpia esa herrumbre del alma, mamá?"
muchas profesoras que estaban ahí es importantes,muchas profesoras que estaban ahí son importantes
"No es fasil desir esto, asi ke... ire al grano.","No es fácil decir esto, así que... iré al grano."
"Ésa es tu samioneta, ¿no?","Ésa es tu camioneta, ¿no?"
tres profesores tiene hambre,tres profesores tienen hambre
Hay ke yevarte a hospital.,Hay que llevarte a un hospital.
Sólo eztá durmiendo. Continuemoz comiendo.,Sólo está durmiendo. Continuemos comiendo.
Solo ke este tiene sangre de un portero asesinado.,Solo que este tiene la sangre de un portero asesinado.
"Sra. Hathaway, si.","Sra. Hathaway, sí."
La verdad es ke Tripp estaba sonmigo.,La verdad es que Tripp estaba conmigo.
unas profesoras tiene nombre,unas profesoras tienen nombre
varias sillas de la casa fue geniales,varias sillas de la casa fueron geniales
Las personas creían que los dioses quería que hicieran dichos sacrificios.,Las personas creían que los dioses querían que hicieran dichos sacrificios.
muchos vecinos que llegaron tiene dueño,muchos vecinos que llegaron tienen dueño
unas montañas de mi tío tiene precio,unas montañas de mi tío tienen precio
"- Sasate botas susias, ¿si? .","- Sácate las botas sucias, ¿sí? ."
las montañas de la casa fue muy bonitas,las montañas de la casa fueron muy bonitas
- El 1º de agozto: Fiezta de loz padrez;,- El 1º de agosto: Fiesta de los padres;
estos vecinos que estaban ahí estaba cansados,estos vecinos que estaban ahí estaban cansados
Ekipo de turbina,Equipo de turbina
"¿Te parese bien, o no podras perdonarme?","¿Te parece bien, o no podrás perdonarme?"
esas canciones tiene dueño,esas canciones tienen dueño
"Sí, zeñor, lo comprendo.","Sí, señor, lo comprendo."
La tormenta se asersa.,La tormenta se acerca.
muchos jugadores del parque es importantes,muchos jugadores del parque son importantes
varias mesas que llegaron fue azules,varias mesas que llegaron fueron azules
- Vamoz tan rápido como podemoz.,- Vamos tan rápido como podemos.
las flores de mi tío estaba sucias,las flores de mi tío estaban sucias
No fue grandioso... y era gato.,No fue grandioso... y era un gato.
esos vecinos de mi tío estaba cansados,esos vecinos de mi tío estaban cansados
"Sólo quería ber zi podía montarlo a él, no a ella.","Sólo quería ver si podía montarlo a él, no a ella."
- ¿Y nueztro padre?,- ¿Y nuestro padre?
muchos juguetes del parque era enormes,muchos juguetes del parque eran enormes
Deslise aparato.,Deslice el aparato.
-¿Te abergüenzaz de que te bean conmigo?,-¿Te avergüenzas de que te vean conmigo?
Te boy a alzar.,Te voy a alzar.
-¿La Cherokee ke?,-¿La Cherokee qué?
yamadas a bajo soste a Mali,llamadas a bajo coste a Malí
Johnnie Crask y Flossie Snail,Johnnie Crack y Flossie Snail
Nunsa habian visto oso en Kaziranga.,Nunca había visto un oso en Kaziranga.
muchos libros que compré era buenos,muchos libros que compré eran buenos
esas casas que llegaron tiene precio,esas casas que llegaron tienen precio
"Que soinsidensia, yo tambien.","Qué coincidencia, yo también."
tres camisas que estaban ahí es de madera,tres camisas que estaban ahí son de madera
- Es punto sin retorno.,- Es un punto sin retorno.
tres juguetes del parque estaba sucios,tres juguetes del parque estaban sucios
esos zapatos era buenos,esos zapatos eran buenos
No binizte la zemana pazada.,No viniste la semana pasada.
los zapatos que vi era divertidos,los zapatos que vi eran divertidos
unas montañas que vi fue pequeñas,unas montañas que vi fueron pequeñas
estas ventanas que tenía era divertidas,estas ventanas que tenía eran divertidas
Son matemáticaz bázicaz.,Son matemáticas básicas.
muchas historias que tenía estaba listas,muchas historias que tenía estaban listas
esas camisas que vi es importantes,esas camisas que vi son importantes
muchos coches que había ahí era buenos,muchos coches que había ahí eran buenos
las montañas que estaban ahí era divertidas,las montañas que estaban ahí eran divertidas
dos coches que tenía tiene precio,dos coches que tenía tienen precio
¡Resulta ke Huevos de Miel rima son sulos de miel!,¡Resulta que Huevos de Miel rima con culos de miel!
Reserve en San Marino para esta noshe a las 8:00.,Reservé en San Marino para esta noche a las 8:00.
tres libros que llegaron tiene dueño,tres libros que llegaron tienen dueño
esas canciones era divertidas,esas canciones eran divertidas
Ahora apelo a Ud. somo presidente de este slub.,Ahora apelo a Ud. como presidente de este club.
"Ahora, somo ya no soy tu maestro no me siento nada sulpable de devolverte esto.","Ahora, como ya no soy tu maestro no me siento nada culpable de devolverte esto."
"Si, deberias intentar leer portada alguna vez.","Sí, deberías intentar leer la portada alguna vez."
¿Eze ez el mejor nombre que conziguieron?,¿Ese es el mejor nombre que consiguieron?
-No kiero somida.,-No quiero comida.
- No hagas mas presion.,- No hagas más presión.
¿Le aplaudieron al berlo?,¿Le aplaudieron al verlo?
las historias que me diste tiene dueño,las historias que me diste tienen dueño
¡Quiere nueztra zangre!,¡Quiere nuestra sangre!
"Tony, sreo ke le gustara.","Tony, creo que le gustará."
"Rompedores de patada, visión nocturna, y cámara de fibra óptica.","Rompedores de patada, visión nocturna, y una cámara de fibra óptica."
varios regalos es de madera,varios regalos son de madera
estos zapatos que había ahí estaba mojados,estos zapatos que había ahí estaban mojados
muchos zapatos que llegaron era enormes,muchos zapatos que llegaron eran enormes
Interés de industria de la unión,Interés de la industria de la unión
Probablemente zea mejor que baya.,Probablemente sea mejor que vaya.
"""mi sorazon baila hoy"" ""podria perder mi esensia""","""mi corazón baila hoy"" ""podría perder mi esencia"""
varias canciones de la casa tiene precio,varias canciones de la casa tienen precio
En su primer dia le dieron esta arma.,En su primer día le dieron esta arma.
y no quizo decir aquello.,y no quiso decir aquello.
a Teniendo en suenta la inflasion y las variasiones de los tipos de sambio.,a Teniendo en cuenta la inflación y las variaciones de los tipos de cambio.
..que no beía cozaz.,..que no veía cosas.
"Le mostraré estudio, por favor.","Le mostraré el estudio, por favor."
¿Cuál es secreto?,¿Cuál es el secreto?
"Sí, aí eztá la meta!","Sí, ahí está la meta!"
"Sueltalo... ""Sueltalo, por favor""","Suéltalo... ""Suéltalo, por favor"""
¿Vale lo que me dijízte antez? - ¡Claro!,¿Vale lo que me dijíste antes? - ¡Claro!
"¿Por qué no, zi te buelbe loca?","¿Por qué no, si te vuelve loca?"
"Lo entiendo, zeñora.","Lo entiendo, señora."
varias canciones del parque fue geniales,varias canciones del parque fueron geniales
"O, lo ziento, te a dolido?","Oh, lo siento, te ha dolido?"
¿Esos era sus cuerpos?,¿Esos eran sus cuerpos?
"Si amianto entra en lo pulmones, sera fatal.","Si el amianto entra en lo pulmones, será fatal."
muchas casas del parque era antiguas,muchas casas del parque eran antiguas
Tienes ke estar aki antes de las 9 de la mañana.,Tienes que estar aquí antes de las 9 de la mañana.
tres coches fue caros,tres coches fueron caros
muchas ventanas del parque era enormes,muchas ventanas del parque eran enormes
ellas estaba listas,ellas estaban listas
esas flores del parque estaba sucias,esas flores del parque estaban sucias
"¿Que, me he vuelto invisible de repente o algo?","¿Qué, me he vuelto invisible de repente o algo?"
"Que tengas lindo dia, sariño.","Que tengas un lindo día, cariño."
las historias del parque tiene precio,las historias del parque tienen precio
esas plantas que vimos ayer tiene nombre,esas plantas que vimos ayer tienen nombre
"Ademáz, mucoz de elloz no eztarán aquí muco máz tiempo, no lo olbiden.","Además, muchos de ellos no estarán aquí mucho más tiempo, no lo olviden."
estas plantas que compré fue muy bonitas,estas plantas que compré fueron muy bonitas
"Obviamente, empezamos son el pie ekivosado y kisiera sompensarte.","Obviamente, empezamos con el pie equivocado y quisiera compensarte."
unas niñas de la casa era buenas,unas niñas de la casa eran buenas
estos autos estaba listos,estos autos estaban listos
"Dra. Torrez, ¿no cree que debemoz realizar algunaz pruebaz primero?","Dra. Torres, ¿no cree que debemos realizar algunas pruebas primero?"
tres chicas que estaban ahí era divertidas,tres chicas que estaban ahí eran divertidas
¡Dezearía que ezoz tipoz fueran loz primeroz que ze operaran!,¡Desearía que esos tipos fueran los primeros que se operaran!
Me ensanta ser Ssarlett Deneuve.,Me encanta ser Scarlett Deneuve.
¿Hay algun problema ke yo nesesite saber?,¿Hay algún problema que yo necesite saber?
"Mitcell, bamoz.","Mitchell, vamos."
estas historias que encontramos era antiguas,estas historias que encontramos eran antiguas
"-Anda, enzéñanozlo. -No, por fabor. Dame ezo o te pinco con ezto.","-Anda, enséñanoslo. -No, por favor. Dame eso o te pincho con esto."
Puede ke sea mas fasil si se lo enseño.,Puede que sea más fácil si se lo enseño.
En Donovan Desker.,En Donovan Decker.
¿Por ke no empiezas por su portatil?,¿Por qué no empiezas por su portátil?
¡No puedo sonfesar!,¡No puedo confesar!
esos autos del parque tiene nombre,esos autos del parque tienen nombre
¡200 dolares a la semana!,¡200 dólares a la semana!
Ezo ez máz o menoz la definición de mi felicidad .,Eso es más o menos la definición de mi felicidad .
"Dezpuéz, la ziguiente perzona entró.","Después, la siguiente persona entró."
¡Solo kiero ir a sama!,¡Sólo quiero ir a cama!
Él le eztá alquilando un apartamento.,Él le está alquilando un apartamento.
"Gran audiencia, la gente bolbía a caza del trabajo.","Gran audiencia, la gente volvía a casa del trabajo."
unas camisas que vi tiene dueño,unas camisas que vi tienen dueño
Se be como nueba.,Se ve como nueva.
"O Dioz, ¿incluzo eza piña imaginaria?","Oh Dios, ¿incluso esa piña imaginaria?"
- Eztoy embarazada.,- Estoy embarazada.
dos ventanas de la casa fue pequeñas,dos ventanas de la casa fueron pequeñas
unos autos estaba mojados,unos autos estaban mojados
"Bonito fuerte, ¿berdad?","Bonito fuerte, ¿verdad?"
las chicas de la casa tiene dueño,las chicas de la casa tienen dueño
muchos vecinos de la casa fue míos,muchos vecinos de la casa fueron míos
Supe ke Elsa iba a ser una gran piloto desde ke eya paso la prueba.,Supe que Elsa iba a ser una gran piloto desde que ella pasó la prueba.
"Apreciamoz que noz conceda algo de zu tiempo, Doctor.","Apreciamos que nos conceda algo de su tiempo, Doctor."
Eztoy encantado de que eztén aquí.,Estoy encantado de que estén aquí.
"Stewie, si me puedes ir ve hasia el trasero de Meg.","Stewie, si me puedes ir ve hacia el trasero de Meg."
"Organizaba las vasasiones son sus amigos ""","Organizaba las vacaciones con sus amigos """
varios autos era antiguos,varios autos eran antiguos
Parese ke estasionaras en el sol de nuevo.,Parece que estacionarás en el sol de nuevo.
dos pájaros tiene nombre,dos pájaros tienen nombre
varias historias que vimos ayer es muy útiles,varias historias que vimos ayer son muy útiles
unas montañas que compré estaba cerradas,unas montañas que compré estaban cerradas
unos hermanos tiene hambre,unos hermanos tienen hambre
dos mesas que estaban ahí es muy útiles,dos mesas que estaban ahí son muy útiles
"¡No soy mierda, hijo!","¡No soy una mierda, hijo!"
"¿Azezinoz dezagradablez, o zólo, rateroz dezagradablez?","¿Asesinos desagradables, o sólo, rateros desagradables?"
Entonses... mordi a Helen.,Entonces... mordí a Helen.
No puedo kejarme.,No puedo quejarme.
Y eso esta bien.,Y eso está bien.
Eze dizcurzo lo ice por culpa de la falta de cafeína.,Ese discurso lo hice por culpa de la falta de cafeína.
dos vecinos que vimos ayer era buenos,dos vecinos que vimos ayer eran buenos
No resupera el sonosimiento rapidamente (en un par de minutos).,No recupera el conocimiento rápidamente (en un par de minutos).
dos montañas que vimos ayer es de madera,dos montañas que vimos ayer son de madera
dos coches que llegaron era antiguos,dos coches que llegaron eran antiguos
estas mesas que tenía era buenas,estas mesas que tenía eran buenas
"Me conbencizte al decir ""Leeroy Jenkinz"".","Me convenciste al decir ""Leeroy Jenkins""."
ellos estaba listos,ellos estaban listos
tres flores que me diste tiene dueño,tres flores que me diste tienen dueño
Mes Obtendrá como resultado de consulta celdas,Mes Obtendrá como resultado de la consulta celdas
muchos zapatos de mi tío es de madera,muchos zapatos de mi tío son de madera
-¿Papá eztá enojado conmigo?,-¿Papá está enojado conmigo?
"Bueno, hemos aprendido una cosa los chicos geniales lleva cigarrillos.","Bueno, hemos aprendido una cosa los chicos geniales llevan cigarrillos."
Espero y deseo que Decisión marco se apruebe y se aplique. ¿Por qué?,Espero y deseo que la Decisión marco se apruebe y se aplique. ¿Por qué?
muchos árboles que llegaron es muy útiles,muchos árboles que llegaron son muy útiles
Viernez 16 de zeptiembre de de 09:11 a 15:09 CEST,Viernes 16 de septiembre de de 09:11 a 15:09 CEST
tres profesores que había ahí es de mi hermano,tres profesores que había ahí son de mi hermano
"Para que funcione el plan de Beckman, tengo que zer yo.","Para que funcione el plan de Beckman, tengo que ser yo."
Hacía tres años que Madrugadâo no salía cerro.,Hacía tres años que Madrugadâo no salía del cerro.
ahí montón de cosas que podríamos utilizar allí. Vamos.,Hay un montón de cosas que podríamos utilizar allí. Vamos.
"Él es Artie. Si, se kien eres.","Él es Artie. Sí, sé quién eres."
dos amigas de la casa tiene nombre,dos amigas de la casa tienen nombre
¿Conoses esta sarisatura?,¿Conoces esta caricatura?
varios hermanos que había ahí tiene dueño,varios hermanos que había ahí tienen dueño
¿Exizte algún problema?,¿Existe algún problema?
dos amigos que llegaron es de mi hermano,dos amigos que llegaron son de mi hermano
Y dijo que cosas pasan por una razón.,Y dijo que las cosas pasan por una razón.
estos vecinos que estaban ahí era divertidos,estos vecinos que estaban ahí eran divertidos
dos perros del parque fue muy grandes,dos perros del parque fueron muy grandes
"Mucoz trabajoz prácticoz, y el tutor me rebentó la cabeza.","Muchos trabajos prácticos, y el tutor me reventó la cabeza."
Puez zon malaz noticiaz.,Pues son malas noticias.
¿Que hay del somponente?,¿Qué hay del componente?
unas canciones que había ahí tiene dueño,unas canciones que había ahí tienen dueño
Revaloriza sualkier novela.,Revaloriza cualquier novela.
estas sillas que vimos ayer es muy útiles,estas sillas que vimos ayer son muy útiles
- ¿Podria ser esto dos intentos fayidos de suisidio?,- ¿Podría ser esto dos intentos fallidos de suicidio?
Debe azegurarze de que ezte robot llegue a Alderaan.,Debe asegurarse de que este robot llegue a Alderaan.
unas niñas que estaban ahí tiene dueño,unas niñas que estaban ahí tienen dueño
los perros que había ahí es de mi hermano,los perros que había ahí son de mi hermano
Erez zu comida.,Eres su comida.
unos gatos de la casa tiene hambre,unos gatos de la casa tienen hambre
GUATEMALA - Hombrez,GUATEMALA - Hombres
Eztamoz limpioz.,Estamos limpios.
"Nesesito yaves, Jeanie.","Necesito las llaves, Jeanie."
esas camisas de la casa estaba listas,esas camisas de la casa estaban listas
Te bez tan tonta con tuz pantaloncitoz.,Te vez tan tonta con tus pantaloncitos.
He venido a desirte ke eres hermosa.,He venido a decirte que eres hermosa.
"Henry, despiertate.","Henry, despiértate."
dos flores del parque era enormes,dos flores del parque eran enormes
Ambaz noz emoz dedicado a recomponer laz cozaz en ezta línea temporal.,Ambas nos hemos dedicado a recomponer las cosas en esta línea temporal.
las niñas de la casa es de mi hermano,las niñas de la casa son de mi hermano
- Quiere tomar safe?,- Quiere tomar un café?
Tendensias en reformas de telesomunisasiones 2008.,Tendencias en las reformas de telecomunicaciones 2008.
esos chicos tiene hambre,esos chicos tienen hambre
varias vecinas que había ahí estaba cansadas,varias vecinas que había ahí estaban cansadas
Los bancos del Japón hizo lo propio.,Los bancos del Japón hicieron lo propio.
"Bueno, dejenme presentarla.","Bueno, déjenme presentarla."
Eya es tan hermosa.,Ella es tan hermosa.
Te ban a encantar.,Te van a encantar.
Pero hay algo yamado destino.,Pero hay algo llamado destino.
El conzejo wezen.,El consejo wesen.
COMISIÓN EUROPEA continuación de página 1,COMISIÓN EUROPEA continuación de la página 1
El eco ez que zomoz máz bulnerablez que nunca.,El hecho es que somos más vulnerables que nunca.
tres niñas de mi tío estaba listas,tres niñas de mi tío estaban listas
Déjeme ber zi miz topógrafoz encuentran otra ruta.,Déjeme ver si mis topógrafos encuentran otra ruta.
"- Si, y lo hizo en tu nombre.","- Sí, y lo hizo en tu nombre."
"Bien, ¿kieres algo de assion, Jaskson?","Bien, ¿quieres algo de acción, Jackson?"
No terminez como tu idiota tío Bob llenando formaz toda zu bida.,No termines como tu idiota tío Bob llenando formas toda su vida.
"Grayson, entiendo lo enfadado ke debes estar.","Grayson, entiendo lo enfadado que debes estar."
varias plantas fue geniales,varias plantas fueron geniales
- Puedo retrazarloz.,- Puedo retrasarlos.
Moosekian dijo ke estas dando nombres a la superintendente.,Moosekian dijo que estás dando nombres a la superintendente.
"Entonses, ¿Que paso?","Entonces, ¿Que paso?"
varias profesoras que llegaron es importantes,varias profesoras que llegaron son importantes
varios coches que tenía estaba cerrados,varios coches que tenía estaban cerrados
Es todo lo ke se.,Es todo lo que sé.
muchos niños de mi tío tiene hambre,muchos niños de mi tío tienen hambre
varias amigas que llegaron tiene nombre,varias amigas que llegaron tienen nombre
¿30.000 dolares?,¿30.000 dólares?
¿La desorasion la hisiste tu? Si...,¿La decoración la hiciste tú? Si...
Te e traído algo de dinero.,Te he traído algo de dinero.
muchas flores de mi tío era divertidas,muchas flores de mi tío eran divertidas
"Srita. June, ¿Que voy a haser sontigo?","Srita. June, ¿Qué voy a hacer contigo?"
"Ez tan tranzparente, no lo zoporto.","Es tan transparente, no lo soporto."
"Sus movimientos es fluidos, como un joven Nijinsky.","Sus movimientos son fluidos, como un joven Nijinsky."
"Bien, zólo relájate.","Bien, sólo relájate."
"- Mucaz graciaz, zeñor.","- Muchas gracias, señor."
estos chicos que llegaron era divertidos,estos chicos que llegaron eran divertidos
estos libros que llegaron tiene precio,estos libros que llegaron tienen precio
- La vida real en assion.,- La vida real en acción.
dos perros que estaban ahí tiene dueño,dos perros que estaban ahí tienen dueño
las manzanas de mi tío tiene precio,las manzanas de mi tío tienen precio
muchas plantas que encontramos estaba cerradas,muchas plantas que encontramos estaban cerradas
"Me conbertí en artizta. OK, y comencé a dibujar.","Me convertí en artista. OK, y comencé a dibujar."
"Las de Egipto, las de Bora Bora, que se parece a Bérgamo, ¿sabes? ,","Las de Egipto, las de Bora Bora, la que se parece a Bérgamo, ¿sabes? ,"
varios pájaros era divertidos,varios pájaros eran divertidos
"¿Donde esta Mikey, Charlie?","¿Dónde está Mikey, Charlie?"
-La gente est empeorando sada dia.,-La gente est empeorando cada día.
"La rompi, porke no sabia donde meterme.","La rompí, porque no sabía dónde meterme."
Tengo ke desirke ha sido divertido salir hoy son vosotras.,Tengo que decirque ha sido divertido salir hoy con vosotras.
No entiendez cómo a zido...,No entiendes cómo ha sido...
No se dara suenta de ke estamos ayi.,No se dará cuenta de que estamos allí.
¿De qué otra forma podría aberlo ayudado?,¿De qué otra forma podría haberlo ayudado?
No hemos hablado de eso aun.,No hemos hablado de eso aún.
No ze trata de ezo.,No se trata de eso.
¿Por ke no le hases empeño?,¿Por qué no le haces empeño?
unos gatos que vimos ayer estaba mojados,unos gatos que vimos ayer estaban mojados
"Mikkel, ¡ezpera!","Mikkel, ¡espera!"
2004/Dosumento de trabajo sobre los metodos de trabajo,2004/Documento de trabajo sobre los métodos de trabajo
Deberia a ver hesho esto desde prinsipio.,Debería haber hecho esto desde el principio.
Acabo de ber al capitán Gazkell arriba caminando con la Sra. Barclay.,Acabo de ver al capitán Gaskell arriba caminando con la Sra. Barclay.
varias amigas que había ahí estaba listas,varias amigas que había ahí estaban listas
"¡No podemos aseptar eso, Dostor!","¡No podemos aceptar eso, Doctor!"
¿Que estoy hasiendo aki?,¿Qué estoy haciendo aquí?
"Hay un cielo bonito, nubes y estos colores es flores.","Hay un cielo bonito, nubes y estos colores son flores."
tres camisas que vi es importantes,tres camisas que vi son importantes
Te levantara el animo.,Te levantará el ánimo.
estas amigas de mi tío fue muy bonitas,estas amigas de mi tío fueron muy bonitas
¿Preguntazte cuál general?,¿Preguntaste cuál general?
¿Sabes donde están de repuesto?,¿Sabes donde están las de repuesto?
"""Las rosas es rojas.","""Las rosas son rojas."
varias plantas que encontramos fue azules,varias plantas que encontramos fueron azules
- ¿Que esta pasando?,- ¿Qué está pasando?
estas mesas que vi es de mi hermano,estas mesas que vi son de mi hermano
El sorazon es el simbolo mas importante del amor.,El corazón es el símbolo más importante del amor.
Creación de conocimientoz temáticoz ezpecializadoz,Creación de conocimientos temáticos especializados
unas historias que estaban ahí fue geniales,unas historias que estaban ahí fueron geniales
¿Que estas esperando?,¿Que estás esperando?
estos regalos que llegaron estaba mojados,estos regalos que llegaron estaban mojados
"¿Era amiga tuya, e?","¿Era amiga tuya, eh?"
espesialmente en la sarniseria!,especialmente en la carnicería!
A 70 millaz al zur.,A 70 millas al sur.
unas plantas que tenía fue muy grandes,unas plantas que tenía fueron muy grandes
muchos cuadros que estaban ahí es muy útiles,muchos cuadros que estaban ahí son muy útiles
Haré que merezca pena.,Haré que merezca la pena.
dos jugadores de la casa estaba mojados,dos jugadores de la casa estaban mojados
Al final pasillo.,Al final del pasillo.
unos juguetes que vimos ayer estaba sucios,unos juguetes que vimos ayer estaban sucios
No una bruja con poderes si no una practicante.,No una bruja con poderes sino una practicante.
dos ventanas que había ahí era divertidas,dos ventanas que había ahí eran divertidas
"De alguna manera, a lo zumo.","De alguna manera, a lo sumo."
"¡Oye! ¡Oye, apartate de el!","¡Oye! ¡Oye, apártate de él!"
Noezunacozaqueacer,Noesunacosaquehacer
La luz parpadeara suatro veses y se apagara.,La luz parpadeará cuatro veces y se apagará.
unas vecinas fue muy grandes,unas vecinas fueron muy grandes
tres ventanas que estaban ahí estaba sucias,tres ventanas que estaban ahí estaban sucias
"¿¡Te sonfie a mi hijo, y tu te deshisiste de el somo un perro sayejero!","¿¡Te confié a mi hijo, y tú te deshiciste de él como un perro callejero!"
"Reactibo-X, Steranko.","Reactivo-X, Steranko."
Tratado sobre no proliferasion de las armas nusleares,Tratado sobre la no proliferación de las armas nucleares
unos zapatos de la casa fue muy bonitos,unos zapatos de la casa fueron muy bonitos
estos jugadores que había ahí tiene nombre,estos jugadores que había ahí tienen nombre
tres historias que tenía tiene nombre,tres historias que tenía tienen nombre
Tenemoz un Rolex.,Tenemos un Rolex.
-Por fabor no llorez... -Loz bebéz no comen pollo.,-Por favor no llores... -Los bebés no comen pollo.
Ese problema tuyo podria empeorar.,Ese problema tuyo podría empeorar.
- Tenían que aberme ezperado.,- Tenían que haberme esperado.
[Cady] Sólo aciendo zu trabajo.,[Cady] Sólo haciendo su trabajo.
estos jugadores fue muy grandes,estos jugadores fueron muy grandes
tres niñas que vimos ayer estaba mojadas,tres niñas que vimos ayer estaban mojadas
"Eztá matando ""gente mala"" que obtubo una 2ª oportunidad en la bida.","Está matando ""gente mala"" que obtuvo una 2ª oportunidad en la vida."
varios pájaros de mi tío era divertidos,varios pájaros de mi tío eran divertidos
"Bueno, lo izo.","Bueno, lo hizo."
Anciana... ¿cuánto bale ezto?,Anciana... ¿cuánto vale esto?
tres puertas que encontramos era enormes,tres puertas que encontramos eran enormes
"(CE 1993 Capítulo 2, Apdo.2.3, Punto 3 de lazconcluzionez).","(CE 1993 Capítulo 2, Apdo.2.3, Punto 3 de lasconclusiones)."
dos coches de la casa era antiguos,dos coches de la casa eran antiguos
tres mesas que había ahí es muy útiles,tres mesas que había ahí son muy útiles
"si no muero, sere grande.","Si no muero, seré grande."
"Hmm, las vigilancias es brutales.","Hmm, las vigilancias son brutales."
muchas plantas era buenas,muchas plantas eran buenas
unos pájaros de mi tío era rápidos,unos pájaros de mi tío eran rápidos
tú... tú me acez tan feliz.,tú... tú me haces tan feliz.
"Nada, zolo eztaba poniendo...","Nada, solo estaba poniendo..."
"¡Es hora de ke te sentres en el trabajo! Entra dentro. - Papa, vamos","¡Es hora de que te centres en el trabajo! Entra dentro. - Papá, vamos"
muchas historias de mi tío fue pequeñas,muchas historias de mi tío fueron pequeñas
tres amigas que vimos ayer era enormes,tres amigas que vimos ayer eran enormes
"No es sufisiente, Harry.","No es suficiente, Harry."
Eztoy muy orgulloza de loz niñoz.,Estoy muy orgullosa de los niños.
muchas camisas estaba listas,muchas camisas estaban listas
las profesoras del parque era divertidas,las profesoras del parque eran divertidas
estas mesas que tenía fue muy bonitas,estas mesas que tenía fueron muy bonitas
tres cuadros que llegaron tiene precio,tres cuadros que llegaron tienen precio
- ¿Entonses ke importa si te lo ofresi o no?,- ¿Entonces qué importa si te lo ofrecí o no?
Tienez que dejar que te lo pague.,Tienes que dejar que te lo pague.
esos árboles que había ahí fue pequeños,esos árboles que había ahí fueron pequeños
Se trata de mi bida.,Se trata de mi vida.
El me lo pidio.,El me lo pidió.
tres hermanos que encontramos fue pequeños,tres hermanos que encontramos fueron pequeños
esos pájaros del parque estaba mojados,esos pájaros del parque estaban mojados
dos niños que había ahí fue geniales,dos niños que había ahí fueron geniales
varias chicas que llegaron fue muy grandes,varias chicas que llegaron fueron muy grandes
"- Lo mantendré informado, zeñor.","- Lo mantendré informado, señor."
tres casas de mi tío es de madera,tres casas de mi tío son de madera
"Essusha,pudes oir?","Escucha,pudes oir?"
ahi kimisa organisa y una herensia evolutiva en somun.,Hay una química orgánica y una herencia evolutiva en común.
varios libros que estaban ahí era antiguos,varios libros que estaban ahí eran antiguos
"Uno por 2,500 dolares a Compañia Central de Muebles.","Uno por 2,500 dólares a la Compañía Central de Muebles."
los hermanos que vi era divertidos,los hermanos que vi eran divertidos
Diario Oficial de Comunidades Europeas,Diario Oficial de las Comunidades Europeas
- ¡Y menudos mussulos!,- ¡Y menudos músculos!
las manzanas que me diste era divertidas,las manzanas que me diste eran divertidas
- No ay tiempo.,- No hay tiempo.
estas casas que estaban ahí estaba mojadas,estas casas que estaban ahí estaban mojadas
varios autos del parque estaba rotos,varios autos del parque estaban rotos
dos canciones que estaban ahí tiene nombre,dos canciones que estaban ahí tienen nombre
Hija del General de Dibizión (retirado) Win Hlaing,Hija del General de División (retirado) Win Hlaing
unas gallinas que estaban ahí es de mi hermano,unas gallinas que estaban ahí son de mi hermano
¿De berdad creez que boy a dejar pazar ezto?,¿De verdad crees que voy a dejar pasar esto?
Voy a hayarlo.,Voy a hallarlo.
"Fui a dar un paseo corto, alrededor de 9.","Fui a dar un paseo corto, alrededor de las 9."
"Mira, la idea de enterrar cuerpo es mala.","Mira, la idea de enterrar el cuerpo es mala."
Ezto ez lo que ziempre me guztó de ti.,Esto es lo que siempre me gustó de ti.
"Asi ke, Glenanne trabaja son nosotros o vuelve a prision.","Así que, Glenanne trabaja con nosotros o vuelve a prisión."
Erez demaziado meticuloza.,Eres demasiado meticulosa.
¿Que tan lejos puede sorrer?,¿Qué tan lejos puede correr?
estas casas que llegaron tiene precio,estas casas que llegaron tienen precio
muchos perros del parque estaba mojados,muchos perros del parque estaban mojados
¿Yo? Soy un marxizta.,¿Yo? Soy un marxista.
Ellos también es nuestros amigos.,Ellos también son nuestros amigos.
dos chicas que estaban ahí es importantes,dos chicas que estaban ahí son importantes
- Uzted no cree ezo?,- Usted no cree eso?
"Vuesensia, solisito permiso para unirme al prinsipe Bagration en esta assion.","Vuecencia, solicito permiso para unirme al príncipe Bagration en esta acción."
La acostumbrada técnica terrorismo ciertamente no les habría divertido.,La acostumbrada técnica del terrorismo ciertamente no les habría divertido.
Eya es una monja.,Ella es una monja.
esas vecinas que había ahí fue pequeñas,esas vecinas que había ahí fueron pequeñas
¿Queréiz un bollito de cocolate?,¿Queréis un bollito de chocolate?
"Los bansos son los sustodios de nuestro dinero, ¿no?","Los bancos son los custodios de nuestro dinero, ¿no?"
"Cariño, por supuesto ke ire.","Cariño, por supuesto que iré."
"He venido para hablar de un srimen, señora Rise no para invitarla a una fiesta.","He venido para hablar de un crimen, señora Rice no para invitarla a una fiesta."
Pero los inicios tiene sus ventajas.,Pero los inicios tienen sus ventajas.
¿Sabez? No ez oficial...,¿Sabes? No es oficial...
"A lo mejor zolo a nozotroz, pero importa.","A lo mejor solo a nosotros, pero importa."
dos gatos es importantes,dos gatos son importantes
"Pero aun asi, ¿somo puedes desir eso?","Pero aún así, ¿cómo puedes decir eso?"
"demonioz, te cazazte conmigo, pero...","demonios, te casaste conmigo, pero..."
"Sr. Presidente, la historia resordara su nombre por siempre.","Sr. Presidente, la historia recordará su nombre por siempre."
Trabajo largaz oraz.,Trabajo largas horas.
varios vecinos que vimos ayer es de mi hermano,varios vecinos que vimos ayer son de mi hermano
tres vecinos que llegaron fue muy grandes,tres vecinos que llegaron fueron muy grandes
esas historias que me diste es importantes,esas historias que me diste son importantes
Ella pudo entrar sola si puerta no fue bloqueada.,Ella pudo entrar sola si la puerta no fue bloqueada.
Ebie tiene algo para ti.,Evie tiene algo para ti.
muchos profesores de mi tío tiene hambre,muchos profesores de mi tío tienen hambre
muchas historias que compré estaba listas,muchas historias que compré estaban listas
"¡Capitan, nos ha atasado algun tipo de rayo de fuerza!","¡Capitán, nos ha atacado algún tipo de rayo de fuerza!"
los zapatos que había ahí tiene nombre,los zapatos que había ahí tienen nombre
"Sabez, yo me zacrifico cada día para ganar dinero.","Sabes, yo me sacrifico cada día para ganar dinero."
varios profesores de la casa es de mi hermano,varios profesores de la casa son de mi hermano
esas manzanas fue muy bonitas,esas manzanas fueron muy bonitas
Este programa nesesita trasplante de guion.,Este programa necesita un trasplante de guión.
estas plantas que compré era buenas,estas plantas que compré eran buenas
estos hermanos que vimos ayer tiene hambre,estos hermanos que vimos ayer tienen hambre
varias casas que había ahí fue caras,varias casas que había ahí fueron caras
tres canciones que estaban ahí era buenas,tres canciones que estaban ahí eran buenas
"Miren, no pueden probar ke mi sliente fue la fuente de esa informasion.","Miren, no pueden probar que mi cliente fue la fuente de esa información."
muchos coches que tenía es muy útiles,muchos coches que tenía son muy útiles
muchas niñas de la casa es importantes,muchas niñas de la casa son importantes
tres mesas estaba rotas,tres mesas estaban rotas
- Que yegara aki pronto.,- Que llegará aquí pronto.
"Y entonses suando vi en la agensia por primera vez, es mia, ¿sabes?","Y entonces cuando la vi en la agencia por primera vez, es mía, ¿sabes?"
"Ya zabe, ablando de antigüedadez, tiene una urna interezante en el porce.","Ya sabe, hablando de antigüedades, tiene una urna interesante en el porche."
Apartado 4 del artisulo 1 27,Apartado 4 del artículo 1 27
¿No se lo expliso Amanda en las mushas sartas ke essribio a sus padres?,¿No se lo explicó Amanda en las muchas cartas que escribió a sus padres?
"La ensimera tenia sed, ¿no?","La encimera tenía sed, ¿no?"
estos amigos que vimos ayer estaba listos,estos amigos que vimos ayer estaban listos
varios hermanos que estaban ahí estaba mojados,varios hermanos que estaban ahí estaban mojados
¿Y ke tiene esto ke redusir la marsha?,¿Y qué tiene esto que reducir la marcha?
esos autos del parque fue míos,esos autos del parque fueron míos
Nesesitamos ke venga son nosotros al sentro.,Necesitamos que venga con nosotros al centro.
varias manzanas que vi tiene nombre,varias manzanas que vi tienen nombre
Parece montón de círculos y flechas.,Parece un montón de círculos y flechas.
"Anthony, Carmela esta aki.","Anthony, Carmela está aquí."
Siento ke nos estamos apurando.,Siento que nos estamos apurando.
dos chicas que había ahí estaba mojadas,dos chicas que había ahí estaban mojadas
es las Ilaves de un Cadillac De Ville del 65 descapotable.,Son las Ilaves de un Cadillac De Ville del 65 descapotable.
"Los alimentos srudos, lotes de frutos sesos.","Los alimentos crudos, los lotes de frutos secos."
"Seamoz zinceroz, cicoz.","Seamos sinceros, chicos."
las gallinas que encontramos tiene dueño,las gallinas que encontramos tienen dueño
¿Te sacaron aparatos? Emi Green Black vino a hablarme.,¿Te sacaron los aparatos? Emi Green Black vino a hablarme.
tres amigas del parque tiene nombre,tres amigas del parque tienen nombre
"- Sí, ezo creo.","- Sí, eso creo."
"Señor Prezidente, me parece adecuada la definición que la Sra.","Señor Presidente, me parece adecuada la definición que la Sra."
dos niñas del parque estaba cansadas,dos niñas del parque estaban cansadas
tres puertas de mi tío estaba mojadas,tres puertas de mi tío estaban mojadas
"Maxi, nunca ba a pazar.","Maxi, nunca va a pasar."
Tal vez valla a Tel Aviv o a Ciudad Cabo a ver una exposición.,Tal vez vaya a Tel Aviv o a Ciudad del Cabo a ver una exposición.
"Burbujas, vas a tener poco de descanso.","Burbujas, vas a tener un poco de descanso."
Una rara moneda dorada llamada el doblón Brazer.,Una rara moneda dorada llamada el doblón Brasher.
Espero ke sepas el tiempo.,Espero que sepas el tiempo.
tres zapatos que encontramos estaba sucios,tres zapatos que encontramos estaban sucios
Nunsa he pagado $500 por soshe.,Nunca he pagado $500 por un coche.
Deberia haberlos relasionado.,Debería haberlos relacionado.
varias manzanas que vi fue caras,varias manzanas que vi fueron caras
Donald habia sombatido un problema de peso toda su vida.,Donald había combatido un problema de peso toda su vida.
Son zujetoz muy biolentoz.,Son sujetos muy violentos.
muchos pájaros del parque es de mi hermano,muchos pájaros del parque son de mi hermano
Muy Bien Conzerbada (4),Muy Bien Conservada (4)
Los receptores de la picazón está sólo en las dos primeras capas de piel.,Los receptores de la picazón están sólo en las dos primeras capas de piel.
dos flores de la casa tiene dueño,dos flores de la casa tienen dueño
¿Hay alguien ahi?,¿Hay alguien ahí?
unos jugadores que encontramos era enormes,unos jugadores que encontramos eran enormes
- Lo mizmo digo.,- Lo mismo digo.
- ¿Cual es problema?,- ¿Cuál es el problema?
"Soy patologa, Gerry, no veterinaria.","Soy patóloga, Gerry, no veterinaria."
Ahí está. ¿ Y en asesinato de Fort Lauderdale?,Ahí está. ¿ Y en el asesinato de Fort Lauderdale?
De nada bale zeguir fingiendo.,De nada vale seguir fingiendo.
¿Y ezte ombre que dicez que trabaja para él?,¿Y este hombre que dices que trabaja para él?
"Graciaz, Tucker.","Gracias, Tucker."
estos regalos de la casa era antiguos,estos regalos de la casa eran antiguos
"* ""Angelisa"" (1934).","* ""Angélica"" (1934)."
unas sillas que me diste estaba sucias,unas sillas que me diste estaban sucias
estas plantas que vimos ayer fue pequeñas,estas plantas que vimos ayer fueron pequeñas
muchos juguetes es de madera,muchos juguetes son de madera
En lo que creaz.,En lo que creas.
dos profesores del parque fue geniales,dos profesores del parque fueron geniales
estas profesoras que había ahí tiene hambre,estas profesoras que había ahí tienen hambre
¿Para pago inisial del restaurante?,¿Para el pago inicial del restaurante?
Algo asi somo destino o los limites.,Algo así como el destino o los límites.
Por fin sonozso shisa ke me...,Por fin conozco una chica que me...
muchos pájaros que estaban ahí era divertidos,muchos pájaros que estaban ahí eran divertidos
"- John Halsted, tambien.","- John Halsted, también."
"Trabajo en la Casa Blansa, David.","Trabajo en la Casa Blanca, David."
unos chicos que encontramos es importantes,unos chicos que encontramos son importantes
muchos chicos que llegaron era enormes,muchos chicos que llegaron eran enormes
tres árboles del parque fue pequeños,tres árboles del parque fueron pequeños
muchos amigos que vi es importantes,muchos amigos que vi son importantes
Los anunsios ke ve a veses se basan en el sontexto de una pagina.,Los anuncios que ve a veces se basan en el contexto de una página.
unas chicas que encontramos es de mi hermano,unas chicas que encontramos son de mi hermano
No zalí a buzcar.,No salí a buscar.
¿Vas a tomar eso de militares?,¿Vas a tomar eso de los militares?
Penzión familiar .,Pensión familiar .
¿Cuánto tardará servicio sustituto en buscarle un hogar permanente?,¿Cuánto tardará el servicio sustituto en buscarle un hogar permanente?
muchos niños que estaban ahí era rápidos,muchos niños que estaban ahí eran rápidos
No habra visitas.,No habrá visitas.
El año próximo zerá aún mejor.,El año próximo será aún mejor.
muchos coches que llegaron era antiguos,muchos coches que llegaron eran antiguos
Intentamos probar ke la somputadora puede ser mas efisiente ke el hombre.,Intentamos probar que la computadora puede ser más eficiente que el hombre.
Que oz den morcilla.,Que os den morcilla.
unos profesores que encontramos estaba mojados,unos profesores que encontramos estaban mojados
¿Ez zobre zuz padrez?,¿Es sobre sus padres?
los niños que había ahí era enormes,los niños que había ahí eran enormes
las niñas que encontramos era divertidas,las niñas que encontramos eran divertidas
vaya metedura de pata.,Vaya metedura de pata.
¿No tenias buena relasion son eya?,¿No tenías buena relación con ella?
"Pero estoy seguro ahora, no lo esta.","Pero estoy seguro ahora, no lo está."
varios cuadros que vimos ayer tiene precio,varios cuadros que vimos ayer tienen precio
Por qué no comez con nozotroz?,Por qué no comes con nosotros?
Ahora sólo tenemos que bajar por este sendero de aquí... hacia puente.,Ahora sólo tenemos que bajar por este sendero de aquí... hacia el puente.
tres gatos que vi estaba cansados,tres gatos que vi estaban cansados
"¿Se podría zentar, Sra. Dunwic?","¿Se podría sentar, Sra. Dunwich?"
Alguien me eztaba preocupando y no eztabaz aquí.,Alguien me estaba preocupando y no estabas aquí.
¡Voy a cargarme a eze capullo!,¡Voy a cargarme a ese capullo!
La que elegizte no ezta mal.,La que elegiste no esta mal.
¿Donde? ¿Has visto a Bobby,¿Dónde? ¿Has visto a Bobby
Seguramente e zido bíctima de zuplantación,Seguramente he sido víctima de suplantación
esas amigas del parque era rápidas,esas amigas del parque eran rápidas
"Bueno, Candace, ¿a qué te dedicaz?","Bueno, Candace, ¿a qué te dedicas?"
esos perros era divertidos,esos perros eran divertidos
"Bueno, ezte tema ez para bozotroz","Bueno, este tema es para vosotros"
tres árboles de mi tío tiene precio,tres árboles de mi tío tienen precio
muchas gallinas que había ahí era divertidas,muchas gallinas que había ahí eran divertidas
"Toma, en toda cara.","Toma, en toda la cara."
¡Todoz a bordo para Georgia!,¡Todos a bordo para Georgia!
La boteya de serveza se veia enorme en sus manitas diminutas.,La botella de cerveza se veía enorme en sus manitas diminutas.
¿A qué benia ezo? Nada,¿A qué venia eso? Nada
¿Alguien quiere ezta caja?,¿Alguien quiere esta caja?
"- Ladronez, todoz bozotroz. ¡Ladronez!","- Ladrones, todos vosotros. ¡Ladrones!"
estas canciones que compré era enormes,estas canciones que compré eran enormes
Trabiz encontró máz pintura en el garaje.,Travis encontró más pintura en el garaje.
estos gatos que vimos ayer tiene dueño,estos gatos que vimos ayer tienen dueño
unos cuadros que llegaron era enormes,unos cuadros que llegaron eran enormes
Estoy sansada de ser una indesisa sobre mis sentimientos.,Estoy cansada de ser una indecisa sobre mis sentimientos.
Porke pensamos ke pedir tanto ...,Porque pensamos que pedir tanto ...
"Es mi amiga, Biy.","Es mi amiga, Bill."
muchas gallinas fue muy bonitas,muchas gallinas fueron muy bonitas
"Esta ametralladora es de soldado Samilin, quien murió como héroe.","Esta ametralladora es de soldado Samilin, quien murió como un héroe."
"- Rodaras, somo un barril.","- Rodarás, como un barril."
Te time now iz 18:36 .,The time now is 18:36 .
tres jugadores que vi era enormes,tres jugadores que vi eran enormes
Uno a uno faroles ensendiendose a nuestro paso.,Uno a uno los faroles encendiéndose a nuestro paso.
"Nacionez Unidaz, Recueil dez Traitéz, bol. 75, Noz.","Naciones Unidas, Recueil des Traités, vol. 75, Nos."
El programa optimiza a partir de loz balorez de medición:,El programa optimiza a partir de los valores de medición:
estas gallinas de la casa es de mi hermano,estas gallinas de la casa son de mi hermano
Un momento. ¿Ya essribiste esa sarta a Paso?,Un momento. ¿Ya escribiste esa carta a El Paso?
...que estas muertes es parte de una guerra emergente...,...que estas muertes son parte de una guerra emergente...
¿Adónde me lleban?,¿Adónde me llevan?
¿Uzted ba a recoger ezo?,¿Usted va a recoger eso?
Eztoy zeguro de que uele a quemado.,Estoy seguro de que huele a quemado.
No se si alguna vez lo habían hecho,No se si alguna vez lo había hecho
"Sabiamos ke no todo el mundo podia ir a Washington, señor.","Sabíamos que no todo el mundo podía ir a Washington, señor."
'Lusy no somio porke no le gustaba la somida,'Lucy no comió porque no le gustaba la comida
No zólo eztoy trizte Por terminando con Olibia.,No sólo estoy triste Por terminando con Olivia.
Mark eztaría loco zi pidiera dinero en la calle.,Mark estaría loco si pidiera dinero en la calle.
muchas vecinas que había ahí tiene dueño,muchas vecinas que había ahí tienen dueño
ay ke trabajar.,Hay que trabajar.
dos casas que llegaron era divertidas,dos casas que llegaron eran divertidas
Asi ke... estoy bastante sola.,Así que... estoy bastante sola.
"Si, solo iba a haser sosa.","Sí, sólo iba a hacer una cosa."
muchas canciones del parque estaba sucias,muchas canciones del parque estaban sucias
Elvis y yo nos estuvimos viendo musho.,Elvis y yo nos estuvimos viendo mucho.
varias ventanas es de madera,varias ventanas son de madera
muchos niños de la casa tiene dueño,muchos niños de la casa tienen dueño
"Mira Vidya, no kiere somer su Khishdi ..","Mira Vidya, no quiere comer su Khichdi .."
estas camisas que tenía es importantes,estas camisas que tenía son importantes
unas camisas que me diste fue pequeñas,unas camisas que me diste fueron pequeñas
Aora quiero que te relajez.,Ahora quiero que te relajes.
Es una sausa perdida.,Es una causa perdida.
"Hola, ganador. ¿ Adonde vamos?","Hola, ganador. ¿ Adónde vamos?"
b) Prizión mayor;,b) Prisión mayor;
- ¿Dónde eztá ella?,- ¿Dónde está ella?
"Sin un tio bueno somo Walt, solo eres extremadamente sorriente.","Sin un tío bueno como Walt, solo eres extremadamente corriente."
"Entonses, eres tu el ke anda entrando a la sasa!","Entonces, eres tu el que anda entrando a la casa!"
El programa le pregunta si desea guardar sambios o no.,El programa le pregunta si desea guardar los cambios o no.
dos amigas era rápidas,dos amigas eran rápidas
Al menoz no ban a expulzarla.,Al menos no van a expulsarla.
"Tal vez cámaras captaron algo,","Tal vez las cámaras captaron algo,"
los cuadros que vi fue geniales,los cuadros que vi fueron geniales
tres niños que estaban ahí era rápidos,tres niños que estaban ahí eran rápidos
tres sillas que vimos ayer tiene dueño,tres sillas que vimos ayer tienen dueño
Te ice una pregunta.,Te hice una pregunta.
- ¿Ez ezo lo que quiere decir?,- ¿Es eso lo que quiere decir?
Los Fans necesita una bolsa más.,Los Fans necesitan una bolsa más.
"Soy una perzona con zentimientoz, ¿de acuerdo?","Soy una persona con sentimientos, ¿de acuerdo?"
Hablaste son los medisos.,Hablaste con los médicos.
La polisia puede estar de samino.,La policía puede estar de camino.
muchas casas que había ahí fue caras,muchas casas que había ahí fueron caras
Cuando solia pensar en mi madre veia una vida emosionante y de aventura ante mi.,Cuando solía pensar en mi madre veía una vida emocionante y de aventura ante mí.
esos autos que compré es de mi hermano,esos autos que compré son de mi hermano
esos juguetes que llegaron es importantes,esos juguetes que llegaron son importantes
Es flor de myrtle de srepe.,Es una flor de myrtle de crepé.
Solo eztate cerca.,Solo estate cerca.
tres hermanos es de mi hermano,tres hermanos son de mi hermano
muchas niñas que estaban ahí es de mi hermano,muchas niñas que estaban ahí son de mi hermano
Pero sreo ke kizas deberia yamar a la ofisina y ver si tienen mas notisias.,Pero creo que quizás debería llamar a la oficina y ver si tienen más noticias.
"Rumbo al mar, marineroz.","Rumbo al mar, marineros."
Era hombre muy trastornado.,Era un hombre muy trastornado.
esas gallinas que vimos ayer fue muy grandes,esas gallinas que vimos ayer fueron muy grandes
Septimo hombre mas riso .. el sorazon sino tambien su seguridad.,Séptimo hombre más rico .. el corazón sino también su seguridad.
Creia ke estaba aki.,Creía que estaba aquí.
- Cada sentavo. Él ni sikiera te va a sobrar somision.,- Cada centavo. Él ni siquiera te va a cobrar una comisión.
"No,No puedo decir que lo ago.","No,No puedo decir que lo hago."
Erez un buen mucaco.,Eres un buen muchacho.
dos flores que me diste estaba cerradas,dos flores que me diste estaban cerradas
Mi ijo eztá a zalbo.,Mi hijo está a salvo.
esos chicos de mi tío tiene dueño,esos chicos de mi tío tienen dueño
las casas que compré fue muy grandes,las casas que compré fueron muy grandes
¿Se da suenta suan antagonista es esto?,¿Se da cuenta cuán antagonista es esto?
Pero ¡qué tonto zoy!,Pero ¡qué tonto soy!
Eztaba penzando zobre eza cita de ezta noce.,Estaba pensando sobre esa cita de esta noche.
"""vamos a ver si abogado lo ve"" gran cosa.","""vamos a ver si el abogado lo ve"" gran cosa."
Pero probablemente tendré callback.,Pero probablemente tendré una callback.
estas profesoras que había ahí fue muy grandes,estas profesoras que había ahí fueron muy grandes
Permíteme llebarte a caza.,Permíteme llevarte a casa.
"lgual ke son las, las... las slases de busear.","lgual que con las, las... las clases de bucear."
"tuvo una larga charla con esquizofrénico, George Noyce.","Tuvo una larga charla con un esquizofrénico, George Noyce."
Estamos selebrando mi divorsio.,Estamos celebrando mi divorcio.
Notisia de ultima hora.,Noticia de última hora.
"- Mi bida, la caza que me dibujazte ¿dónde la bizte?","- Mi vida, la casa que me dibujaste ¿dónde la viste?"
las chicas de mi tío era rápidas,las chicas de mi tío eran rápidas
esas ventanas es muy útiles,esas ventanas son muy útiles
*No ez inuzual*,*No es inusual*
estas gallinas que había ahí es importantes,estas gallinas que había ahí son importantes
Rezulta que ni ziquiera lo leyeron.,Resulta que ni siquiera lo leyeron.
dos canciones de mi tío es de madera,dos canciones de mi tío son de madera
Mama: En el—En el frasso.,Mamá: En el—En el frasco.
Y ahi problemas medioambieltales ke me interesan.,Y hay problemas medioambieltales que me interesan.
los pájaros que vi es de mi hermano,los pájaros que vi son de mi hermano
estas mesas que compré fue azules,estas mesas que compré fueron azules
tres sillas de la casa era divertidas,tres sillas de la casa eran divertidas
dos gallinas era rápidas,dos gallinas eran rápidas
esas mesas que estaban ahí tiene nombre,esas mesas que estaban ahí tienen nombre
-Ezpera un momento...,-Espera un momento...
estas manzanas que vimos ayer era buenas,estas manzanas que vimos ayer eran buenas
las gallinas que vi tiene dueño,las gallinas que vi tienen dueño
unos coches que tenía es importantes,unos coches que tenía son importantes
"Porque ademáz de mí, no beo a muca gente entrar en tu bida.","Porque además de mí, no veo a mucha gente entrar en tu vida."
Nunca me ablaba.,Nunca me hablaba.
¿Podemos no haser ruido?,¿Podemos no hacer ruido?
¡Manteneros alejados de mi!,¡Manteneros alejados de mí!
los profesores de mi tío era buenos,los profesores de mi tío eran buenos
unos gatos que vi fue muy bonitos,unos gatos que vi fueron muy bonitos
-¿Eztáz zeguro?,-¿Estás seguro?
Róbeme la tierra y arruíneme la bida.,Róbeme la tierra y arruíneme la vida.
"Bueno, no estoy seguro de ke me gustas.","Bueno, no estoy seguro de que me gustas."
Le bo me zirare ai,Le bo meh shirareh hai
Asi ke yame a otra estasion.,Así que llame a otra estación.
¿Tuya y de tu ezpoza?,¿Tuya y de tu esposa?
"Bueno, mira, eztáz ocupada.","Bueno, mira, estás ocupada."
esas sillas que estaban ahí estaba rotas,esas sillas que estaban ahí estaban rotas
unas sillas que vimos ayer es muy útiles,unas sillas que vimos ayer son muy útiles
"Eh, geordie, ¿kieres ver algo nuevo?","Eh, geordie, ¿quieres ver algo nuevo?"
esos niños que estaban ahí es importantes,esos niños que estaban ahí son importantes
Sebastian rompia mis manos suando hasia algo mal.,Sebastián rompia mis manos cuando hacía algo mal.
La Diferensia Entre Senegal y China,La Diferencia Entre Senegal y China
tres zapatos que había ahí tiene precio,tres zapatos que había ahí tienen precio
Essribo siempre de noshe.,Escribo siempre de noche.
¿Eztáz enojado conmigo?,¿Estás enojado conmigo?
El impasto es tan fuerte... ke afesta sistema nervioso.,El impacto es tan fuerte... que afecta al sistema nervioso.
¿Es una nueva samisa?,¿Es una nueva camisa?
Quiza Neviye volvio a olvidar la sontraseña.,Quizá Neville volvió a olvidar la contraseña.
muchas casas de la casa estaba mojadas,muchas casas de la casa estaban mojadas
Doble Impacto ¿no la az bizto?,Doble Impacto ¿no la has visto?
tres montañas que me diste fue geniales,tres montañas que me diste fueron geniales
los libros que me diste era enormes,los libros que me diste eran enormes
dos chicas es de mi hermano,dos chicas son de mi hermano
Entonses esta ay.,Entonces está ahí.
dos perros del parque fue muy bonitos,dos perros del parque fueron muy bonitos
¿Qué eztán mirando?,¿Qué están mirando?
"En suanto a ti, ¿la regla es regular?","En cuanto a ti, ¿la regla es regular?"
¿Quebrar maz allá de lo que ze cree?,¿Quebrar mas allá de lo que se cree?
varios hermanos de mi tío estaba listos,varios hermanos de mi tío estaban listos
Acaba de ponerse mucho más difícil encontrar que mató a Mike.,Acaba de ponerse mucho más difícil encontrar al que mató a Mike.
Pero los mercados laborables flexibles tiene también desventajas.,Pero los mercados laborables flexibles tienen también desventajas.
d) Mejorar sistemas para haser un seguimiento de los progresos.,d) Mejorar sistemas para hacer un seguimiento de los progresos.
esas gallinas de la casa estaba cansadas,esas gallinas de la casa estaban cansadas
dos profesores que había ahí estaba mojados,dos profesores que había ahí estaban mojados
Ezte tipo de enzayoz...,Este tipo de ensayos...
"- Centrate, ¿vale?","- Céntrate, ¿vale?"
estos libros que vimos ayer fue azules,estos libros que vimos ayer fueron azules
Era una alumna de zobrezalientez y aora aprueba por loz peloz.,Era una alumna de sobresalientes y ahora aprueba por los pelos.
"Ésta es ciudad de Goa, Vasco.","Ésta es una ciudad de Goa, Vasco."
esas casas que vi era antiguas,esas casas que vi eran antiguas
-Me alegra oirlo.,-Me alegra oírlo.
Y al final del dia esa lista es todo lo ke tiene.,Y al final del día esa lista es todo lo que tiene.
"Si, Eztoy de acuerdo","Si, Estoy de acuerdo"
"Al final del dia, eya era tu hermana.","Al final del día, ella era tu hermana."
tres gatos que llegaron tiene dueño,tres gatos que llegaron tienen dueño
"Entonses, ¿sambiaste musho?","Entonces, ¿cambiaste mucho?"
las amigas del parque es de mi hermano,las amigas del parque son de mi hermano
T e ací a fel iz.,T e hací a fel iz.
esas amigas que llegaron era enormes,esas amigas que llegaron eran enormes
Me gustaria leerle algo.,Me gustaría leerle algo.
esas chicas que encontramos estaba sucias,esas chicas que encontramos estaban sucias
dos árboles que llegaron fue azules,dos árboles que llegaron fueron azules
esas casas que había ahí estaba rotas,esas casas que había ahí estaban rotas
muchos chicos era enormes,muchos chicos eran enormes
"- No puede zer, carajo.","- No puede ser, carajo."
dos cuadros que vimos ayer es importantes,dos cuadros que vimos ayer son importantes
dos cuadros que vi tiene precio,dos cuadros que vi tienen precio
Arreglemos la motosisleta.,Arreglemos la motocicleta.
"Vlada, entrada prinsipal.","Vlada, entrada principal."
esas profesoras que encontramos es importantes,esas profesoras que encontramos son importantes
No tardaran muco en benir por nozotroz,No tardaran mucho en venir por nosotros
estas sillas que estaban ahí tiene precio,estas sillas que estaban ahí tienen precio
"Todoz tuz recuerdoz, tu ADN, toda tu ezencia, atadoz a ezto.","Todos tus recuerdos, tu ADN, toda tu esencia, atados a esto."
unas mesas que estaban ahí tiene precio,unas mesas que estaban ahí tienen precio
"Sí, bolbí y le pedí que me readmitiera.","Sí, volví y le pedí que me readmitiera."
Porke no tengo nada nuevo.,Porque no tengo nada nuevo.
Quiza son lo de Dion tengamos algo de protession.,Quizá con lo de Dion tengamos algo de protección.
esas montañas de la casa estaba mojadas,esas montañas de la casa estaban mojadas
estas canciones que me diste fue nuevas,estas canciones que me diste fueron nuevas
esas puertas que vimos ayer es de madera,esas puertas que vimos ayer son de madera
dos chicas de la casa era enormes,dos chicas de la casa eran enormes
Iremos a Sistemas otro día de semana.,Iremos a Sistemas otro día de la semana.
unas casas que estaban ahí fue azules,unas casas que estaban ahí fueron azules
Te lo tengo ke desir... de verdad me senti bien.,Te lo tengo que decir... de verdad me sentí bien.
Luego Adam resulto ser kien entraba y salia de salas de emergensia.,Luego Adam resultó ser quien entraba y salía de las salas de emergencia.
Tardará mucaz oraz en zer dezcuartizada.,Tardará muchas horas en ser descuartizada.
Empiezo a zaberlo todo zobre ti. Empiezaz a guztarme.,Empiezo a saberlo todo sobre ti. Empiezas a gustarme.
dos camisas que había ahí es muy útiles,dos camisas que había ahí son muy útiles
No creo que ni ziquiera me enfadara contigo.,No creo que ni siquiera me enfadara contigo.
El Nuevo Orden Mundial sera vensido.,El Nuevo Orden Mundial será vencido.
¿Entonses primeros tres son ke?,¿Entonces los primeros tres son qué?
He adquirido secretamente explosivos que utilizamos en Ejército.,He adquirido secretamente explosivos que utilizamos en el Ejército.
tres casas que vi era antiguas,tres casas que vi eran antiguas
- Es señal de ke...,- Es una señal de que...
Esas es viejas historias siguen siendo cuando se presentan los hechos.,Esas son viejas historias siguen siendo cuando se presentan los hechos.
Una vida es solo parpadeo.,Una vida es sólo un parpadeo.
Ezo ez lo que noz metió en ezte dezaztre,Eso es lo que nos metió en este desastre
Tenemos ke ensontrar a Tasha.,Tenemos que encontrar a Tasha.
"Hay algo en todo esto ke no huele bien, ¿verdad?","Hay algo en todo esto que no huele bien, ¿verdad?"
Le daría tiempo a recuperarze.,Le daría tiempo a recuperarse.
tres gallinas que vimos ayer era divertidas,tres gallinas que vimos ayer eran divertidas
¿Ez dónde ze zubió al abión?,¿Es dónde se subió al avión?
Se arriesga a quedarse en ciudad.,Se arriesga a quedarse en la ciudad.
Acaba de aprender a ablar el lenguaje de loz agujeroz,Acaba de aprender a hablar el lenguaje de los agujeros
Fui yamada por un juez.,Fui llamada por un juez.
Trabaja en el mercado de pezca.,Trabaja en el mercado de pesca.
No ez tu culpa.,No es tu culpa.
dos amigos fue pequeños,dos amigos fueron pequeños
¿Qué tengo de ezpecial?,¿Qué tengo de especial?
las historias que estaban ahí tiene nombre,las historias que estaban ahí tienen nombre
Todo esta difisil.,Todo está difícil.
"Entonses, samarada, ¿va a subirse a este soshe o no?","Entonces, camarada, ¿va a subirse a este coche o no?"
"Si parasemos ahora, salvariamos algo antes de arruinarnos.","Si parásemos ahora, salvaríamos algo antes de arruinarnos."
"Si, si, lo siento.","Sí, sí, lo siento."
"Pero despues de eso, la tiene el shiso.","Pero después de eso, la tiene el chico."
¡A ber zi lo adibinaz!,¡A ver si lo adivinas!
muchas plantas que encontramos era enormes,muchas plantas que encontramos eran enormes
tres montañas que me diste estaba mojadas,tres montañas que me diste estaban mojadas
Bent Sejrø esta teniendo aventura son Yvonne Kjær.,Bent Sejrø está teniendo una aventura con Yvonne Kjær.
las camisas que tenía estaba sucias,las camisas que tenía estaban sucias
"Oye, MasCormask.","Oye, MacCormack."
"¡Hermano Balli, zálbame de él!","¡Hermano Balli, sálvame de él!"
"Según la Seattle Magazine, ez la 47% perzona máz zenzual de Seattle.","Según la Seattle Magazine, es la 47% persona más sensual de Seattle."
"Eya no lo hara, papa.","Ella no lo hará, papá."
dos niños que llegaron estaba mojados,dos niños que llegaron estaban mojados
tres perros que encontramos estaba cansados,tres perros que encontramos estaban cansados
"Si ahí algún lugar abandonado en esta ciudad, alguien dormirá en él.","Si hay algún lugar abandonado en esta ciudad, alguien dormirá en él."
unas plantas que compré es importantes,unas plantas que compré son importantes
Annie... si fueras mi esposa... te idolatraria.,Annie... si fueras mi esposa... te idolatraría.
¿Es todo lo ke hisiste?,¿Es todo lo que hiciste?
¡Nueztro Papá Noel mandando a loz clientez a Gimbel'z!,¡Nuestro Papá Noel mandando a los clientes a Gimbel's!
dos zapatos que vi era divertidos,dos zapatos que vi eran divertidos
Deberíamoz coprar un marco y ponerlo en la pared.,Deberíamos coprar un marco y ponerlo en la pared.
- Nos osupamos de todo.,- Nos ocupamos de todo.
esos autos que tenía fue geniales,esos autos que tenía fueron geniales
esos niños que estaban ahí fue míos,esos niños que estaban ahí fueron míos
varios pájaros de mi tío tiene dueño,varios pájaros de mi tío tienen dueño
- Literatura y poezía,- Literatura y poesía
"No estas hablando son uno de tus ""solegas de mierda"".","No estás hablando con uno de tus ""colegas de mierda""."
No todos en Sosiedad estan de asuerdo sonmigo.,No todos en la Sociedad están de acuerdo conmigo.
unas canciones que estaban ahí fue pequeñas,unas canciones que estaban ahí fueron pequeñas
dos zapatos que compré tiene dueño,dos zapatos que compré tienen dueño
"No, mira, ya he essushado demasiadas sansiones tuyas.","No, mira, ya he escuchado demasiadas canciones tuyas."
¡No te eztoy pidiendo que bengaz conmigo!,¡No te estoy pidiendo que vengas conmigo!
unas vecinas que vi era buenas,unas vecinas que vi eran buenas
Que saven un hoyo.,Que caven un hoyo.
unas casas que vi era enormes,unas casas que vi eran enormes
muchas manzanas que tenía es de madera,muchas manzanas que tenía son de madera
"No, y le habrian impresionado las postales de ""vaginas"".","No, y le habrían impresionado las postales de ""vaginas""."
"7 . Por tanto, pastores, oíd palabra del SEÑOR:","7 . Por tanto, pastores, oíd la palabra del SEÑOR:"
Me dio zu tarjeta una bez.,Me dio su tarjeta una vez.
[Snapz dedoz] A.,[Snaps dedos] Ah.
¡Aora zon míoz!,¡Ahora son míos!
"La aproximasion era lejana por las dos essaleras, m. 3.90.","La aproximación era lejana por las dos escaleras, m. 3.90."
Hasemos lo ke podemos.,Hacemos lo que podemos.
- A la cuenta de trez.,- A la cuenta de tres.
Tal vez olvido las sosas en su sasiyero.,Tal vez olvidó las cosas en su casillero.
La caza eztaba pon rebentar.,La casa estaba pon reventar.
- ¿Qué puedo acer?,- ¿Qué puedo hacer?
- No nos metamos con jefe.,- No nos metamos con el jefe.
Hemoz encontrado ezto en la funeraria.,Hemos encontrado esto en la funeraria.
Paren lo que acen.,Paren lo que hacen.
esos niños que había ahí tiene hambre,esos niños que había ahí tienen hambre
unos vecinos de mi tío fue geniales,unos vecinos de mi tío fueron geniales
"Sabes, de alguna manera, me alegra ke esto haya pasado.","Sabes, de alguna manera, me alegra que esto haya pasado."
[Clickz de obturador],[Clicks de obturador]
las sillas del parque era antiguas,las sillas del parque eran antiguas
¿Eso funsiona o no?,¿Eso funciona o no?
esos autos de la casa es muy útiles,esos autos de la casa son muy útiles
muchas canciones que compré fue muy bonitas,muchas canciones que compré fueron muy bonitas
tres chicas que estaban ahí es de mi hermano,tres chicas que estaban ahí son de mi hermano
Aquí ez donde la magia zucede.,Aquí es donde la magia sucede.
Asabara dejandolo.,Acabará dejándolo.
las gallinas de la casa fue pequeñas,las gallinas de la casa fueron pequeñas
La samara de video de Davey.,La cámara de video de Davey.
- Me duelen loz piez.,- Me duelen los pies.
unos profesores que estaban ahí tiene nombre,unos profesores que estaban ahí tienen nombre
Se debe realizar diagnóstico siguiendo las directrices actuales.,Se debe realizar el diagnóstico siguiendo las directrices actuales.
dos autos que vimos ayer era buenos,dos autos que vimos ayer eran buenos
Por que no zalez y peleaz!,Por que no sales y peleas!
estos zapatos que estaban ahí es de mi hermano,estos zapatos que estaban ahí son de mi hermano
los zapatos que tenía estaba listos,los zapatos que tenía estaban listos
varios árboles que vimos ayer era divertidos,varios árboles que vimos ayer eran divertidos
"Amigo, eres gato con nueve vidas.","Amigo, eres un gato con nueve vidas."
estos perros que estaban ahí es importantes,estos perros que estaban ahí son importantes
"Te ries, pero puede ke lo disfrutes.","Te ríes, pero puede que lo disfrutes."
estas plantas de mi tío tiene precio,estas plantas de mi tío tienen precio
Los 15 es los nuevos 17.,Los 15 son los nuevos 17.
muchas ventanas que estaban ahí estaba rotas,muchas ventanas que estaban ahí estaban rotas
Antes de la votasion:,Antes de la votación:
Aquí viene sus queridos cristianos.,Aquí vienen sus queridos cristianos.
"Bueno, si nos nesesitas...","Bueno, si nos necesitas..."
me buelbez loco.,me vuelves loco.
%#: número de zezión,%#: número de sesión
"Si vas a quedarte aquí, cosas deben cambiar.","Si vas a quedarte aquí, las cosas deben cambiar."
muchos gatos que encontramos fue muy bonitos,muchos gatos que encontramos fueron muy bonitos
muchos niños de la casa era rápidos,muchos niños de la casa eran rápidos
dos flores que había ahí estaba listas,dos flores que había ahí estaban listas
"6:6 Y eztaz palabraz que yo te mando oy, eztarán zobre tu corazón;","6:6 Y estas palabras que yo te mando hoy, estarán sobre tu corazón;"
los gatos del parque estaba cansados,los gatos del parque estaban cansados
¿Se dirige al norte o al zur?,¿Se dirige al norte o al sur?
estas montañas que vi era buenas,estas montañas que vi eran buenas
ellos fue muy grandes,ellos fueron muy grandes
"-Mucaz graciaz, Sr. Fairlee.","-Muchas gracias, Sr. Fairlee."
los pájaros que vimos ayer era buenos,los pájaros que vimos ayer eran buenos
"Para mí, zu mejor libro.","Para mí, su mejor libro."
¿Por ke mataste a Erisa?,¿Por qué mataste a Erica?
dos zapatos que vi es de madera,dos zapatos que vi son de madera
- Me ensantaria.,- Me encantaría.
unas ventanas que había ahí era buenas,unas ventanas que había ahí eran buenas
unos cuadros de la casa fue míos,unos cuadros de la casa fueron míos
¿Y desde suando somos tan amigos?,¿Y desde cuando somos tan amigos?
las chicas que vi es importantes,las chicas que vi son importantes
varios profesores que estaban ahí tiene nombre,varios profesores que estaban ahí tienen nombre
dos ventanas que vi estaba rotas,dos ventanas que vi estaban rotas
varios zapatos que estaban ahí fue muy grandes,varios zapatos que estaban ahí fueron muy grandes
"Ciñase a heshos, por favor.","Cíñase a los hechos, por favor."
esos jugadores que estaban ahí es de mi hermano,esos jugadores que estaban ahí son de mi hermano
El año ziguiente. Dezempate en Bozton.,El año siguiente. Desempate en Boston.
"Uzted ez Pip, ¿no?","Usted es Pip, ¿no?"
Eres serdo repugnante.,Eres un cerdo repugnante.
A continuación ze enzalzan el onor y la bondad.,A continuación se ensalzan el honor y la bondad.
Llevame a la habitasion.,Llévame a la habitación.
unos regalos que compré estaba listos,unos regalos que compré estaban listos
tres chicos que estaban ahí era buenos,tres chicos que estaban ahí eran buenos
unas niñas que vi es importantes,unas niñas que vi son importantes
Comisión de Condición Jurídica y Social de la Mujer,Comisión de la Condición Jurídica y Social de la Mujer
esas camisas que vi era antiguas,esas camisas que vi eran antiguas
"La primera dama y sus hijas, son suatro.","La primera dama y sus hijas, son cuatro."
¡Podrias ser almohada!,¡Podrías ser una almohada!
La politisa general sigue siendo kid en la Union.,La política general sigue siendo el quid en la Unión.
¡No mas serveza!,¡No más cerveza!
esas amigas que vimos ayer es de mi hermano,esas amigas que vimos ayer son de mi hermano
Podriaz arruinar zu bida.,Podrias arruinar su vida.
dos manzanas del parque fue geniales,dos manzanas del parque fueron geniales
tres regalos del parque fue muy bonitos,tres regalos del parque fueron muy bonitos
d. La copa que Padre le daría a beber.,d. La copa que el Padre le daría a beber.
los gatos que había ahí fue pequeños,los gatos que había ahí fueron pequeños
¿Que te has hesho en sabeza?,¿Qué te has hecho en la cabeza?
varios autos de mi tío estaba rotos,varios autos de mi tío estaban rotos
*Fosas y barsos y sassadas*,*Fosas y barcos y cascadas*
tres juguetes de la casa fue pequeños,tres juguetes de la casa fueron pequeños
Sé lo importante que es montar para miembros.,Sé lo importante que es montar para los miembros.
"Y eza ez zu propia recompenza, ya lo beráz.","Y esa es su propia recompensa, ya lo verás."
Deshidratada por songelasion.,Deshidratada por congelación.
"Que por cierto, no ez tan bueno como lo benden.","Que por cierto, no es tan bueno como lo venden."
¿Que le parese juntarse son resonosidos sriminales?,¿Qué le parece juntarse con reconocidos criminales?
los coches que vi tiene dueño,los coches que vi tienen dueño
"Resumiendo, Jesus slaramente ha reivindisado, a su hora, el hesho de ser Dios.","Resumiendo, Jesús claramente ha reivindicado, a su hora, el hecho de ser Dios."
Quiza sea una fesha.,Quizá sea una fecha.
"Bueno, las enfermeras tiene sentimientos.","Bueno, las enfermeras tienen sentimientos."
dos regalos que vi estaba mojados,dos regalos que vi estaban mojados
- Ten suidado son los Ford Mondeo.,- Ten cuidado con los Ford Mondeo.
esos libros que llegaron estaba cerrados,esos libros que llegaron estaban cerrados
Pero sobre dinero...,Pero sobre el dinero...
los regalos que tenía era enormes,los regalos que tenía eran enormes
"- Si zoñamoz con JOYAS DE ORO, noz dice que no debemoz zer orgullozoz.","- Si soñamos con JOYAS DE ORO, nos dice que no debemos ser orgullosos."
Cómo baz a conzeguir una orden?,Cómo vas a conseguir una orden?
dos plantas que me diste estaba listas,dos plantas que me diste estaban listas
Parece que te dibertíaz.,Parece que te divertías.
Vamos a verla y despues hablamos de eyo.,Vamos a verla y después hablamos de ello.
Para laz z o l i c i t u de z con f i rm a t o r i a z,Para las s o l i c i t u de s con f i rm a t o r i a s
Sus personalidades es cuestionables.,Sus personalidades son cuestionables.
"Perdón, e tenido una burbuja de gaz extraño un momentito","Perdón, he tenido una burbuja de gas extraño un momentito"
esas puertas de la casa fue caras,esas puertas de la casa fueron caras
esos pájaros que encontramos estaba cansados,esos pájaros que encontramos estaban cansados
estos gatos que había ahí es de mi hermano,estos gatos que había ahí son de mi hermano
esos hermanos es de mi hermano,esos hermanos son de mi hermano
¿Cual es numero de habitasion de este pasiente?,¿Cuál es el número de habitación de este paciente?
Aunke estas no nesesitan respaldo.,Aunque estas no necesitan respaldo.
"¡Oye, oye! ¡No se tosa!","¡Oye, oye! ¡No se toca!"
Dale esto a Wiyiam.,Dale esto a William.
unas niñas que estaban ahí estaba cansadas,unas niñas que estaban ahí estaban cansadas
unos jugadores que vimos ayer fue muy grandes,unos jugadores que vimos ayer fueron muy grandes
"Lo siento, sariño.","Lo siento, cariño."
¡Estos es zapatos de diseño!,¡Estos son zapatos de diseño!
"""Eres, sin duda, jodido más mudo...","""Eres, sin duda, el jodido más mudo..."
"Asi ke, puedo asegurarte ke no tengo tiempo de jugar a nada tamposo.","Así que, puedo asegurarte que no tengo tiempo de jugar a nada tampoco."
dos autos que había ahí estaba sucios,dos autos que había ahí estaban sucios
"Teniente Columbo, Polisia de Ángeles.","Teniente Columbo, Policía de Los Ángeles."
"zino energía intelectual también, qué ez muco.","sino energía intelectual también, qué es mucho."
"Bueno, eztoy, u...","Bueno, estoy, uh..."
estas sillas que compré es muy útiles,estas sillas que compré son muy útiles
"Erez mi ijo, y ziempre abrá zitio para ti en mi caza y en mi corazón.","Eres mi hijo, y siempre habrá sitio para ti en mi casa y en mi corazón."
varias plantas de la casa tiene dueño,varias plantas de la casa tienen dueño
varias canciones de la casa era antiguas,varias canciones de la casa eran antiguas
"¿Quieres una serveza, sariño?","¿Quieres una cerveza, cariño?"
"Los hombres hace declaraciones precipitadas, sobre todo cuando van a la luchar.","Los hombres hacen declaraciones precipitadas, sobre todo cuando van a la luchar."
Una pelisula de Paris Hilton lanzada solamente en Canada.,Una película de Paris Hilton lanzada solamente en Canadá.
tres niñas de la casa era enormes,tres niñas de la casa eran enormes
"Me guztaría ayudarlo. No eztoy aquí por un préztamo, Sr. Tonken.","Me gustaría ayudarlo. No estoy aquí por un préstamo, Sr. Tonken."
varias puertas que vimos ayer estaba cerradas,varias puertas que vimos ayer estaban cerradas
muchos coches que vi estaba cerrados,muchos coches que vi estaban cerrados
tres libros que vi fue pequeños,tres libros que vi fueron pequeños
dos chicos de la casa tiene nombre,dos chicos de la casa tienen nombre
Creíste que era clase de persona que huiría de un demonio?,Creíste que era la clase de persona que huiría de un demonio?
Ézte ez Joey Tribbiani.,Éste es Joey Tribbiani.
muchas amigas que vi estaba cansadas,muchas amigas que vi estaban cansadas
"Kamaaina, ez mi ogar aora.","Kamaaina, es mi hogar ahora."
No puedez irte a la cama zucio.,No puedes irte a la cama sucio.
Aquí viene las palabras grandes,Aquí vienen las palabras grandes
dos vecinas de la casa estaba listas,dos vecinas de la casa estaban listas
varias manzanas que vimos ayer estaba listas,varias manzanas que vimos ayer estaban listas
Fue una noce dibertida.,Fue una noche divertida.
tres amigos que vimos ayer es de mi hermano,tres amigos que vimos ayer son de mi hermano
tres zapatos era buenos,tres zapatos eran buenos
Maeztro ¿Le importaría tomar una copia oculta? E llegado en eze momento.,Maestro ¿Le importaría tomar una copia oculta? E llegado en ese momento.
- He penzado que podríamoz arreglarlo.,- He pensado que podríamos arreglarlo.
Ofisina Representante Espesial del Sesretario General,Oficina del Representante Especial del Secretario General
Lo pegamos son goma.,Lo pegamos con goma.
los pájaros que estaban ahí es de mi hermano,los pájaros que estaban ahí son de mi hermano
Yo bere a todoz en el infierno!,Yo vere a todos en el infierno!
"Dean, ¿cómo creez que nacen loz ezpírituz bengatiboz?","Dean, ¿cómo crees que nacen los espíritus vengativos?"
dos casas que me diste tiene dueño,dos casas que me diste tienen dueño
-Cinco o zeiz minutoz.,-Cinco o seis minutos.
"Y luego, un par de meses despues,","Y luego, un par de meses después,"
Sabes... cuchillo del chef.,Sabes... el cuchillo del chef.
"Atarnoz, por fabor.","Atarnos, por favor."
las gallinas que encontramos es importantes,las gallinas que encontramos son importantes
Nunsa habia tenido a dos tios detras de mi. - ¿Que esta pasando?,Nunca había tenido a dos tíos detrás de mí. - ¿Qué está pasando?
No kiero somer Deokboki ajumma de!,No quiero comer Deokboki ajumma de!
esos niños que encontramos tiene hambre,esos niños que encontramos tienen hambre
Quizáz penzó que eztaba ablando lenguaz dezconocidaz.,Quizás pensó que estaba hablando lenguas desconocidas.
"Coronel, esta es una mala sarretera.","Coronel, esta es una mala carretera."
No sabe lo ke se pierde.,No sabe lo que se pierde.
muchos jugadores que había ahí era enormes,muchos jugadores que había ahí eran enormes
¡Feliz Nabidad a todo el mundo!,¡Feliz Navidad a todo el mundo!
Estas en exselentes manos.,Estás en excelentes manos.
dos amigos es de mi hermano,dos amigos son de mi hermano
¿Parezso humilde?,¿Parezco humilde?
"Asumo ke estas hablando de Hayley... estatura media, pelo negro, mala astitud.","Asumo que estás hablando de Hayley... estatura media, pelo negro, mala actitud."
en dirección siguiente:,en la dirección siguiente:
A todas partes y voy a yevarme mi dinero.,A todas partes y voy a llevarme mi dinero.
¿Tenemos algo de ke preosuparnos?,¿Tenemos algo de que preocuparnos?
esas vecinas es de mi hermano,esas vecinas son de mi hermano
Corte mis ataduras sontigo hase mushos años.,Corte mis ataduras contigo hace muchos años.
unos hermanos que encontramos tiene dueño,unos hermanos que encontramos tienen dueño
Hacía muco tiempo que no te beía.,Hacía mucho tiempo que no te veía.
varios hermanos del parque era enormes,varios hermanos del parque eran enormes
"Shankara, yo soy experto en ortodoxia y rituales.","Shankara, yo soy un experto en ortodoxia y rituales."
Eztoy de acuerdo con trez concluzionez importantez del ponente.,Estoy de acuerdo con tres conclusiones importantes del ponente.
- Los tres bebés está estables.,- Los tres bebés están estables.
-¿Que te hesho ahora?,-¿Qué te hecho ahora?
No tiene por ke serlo.,No tiene por qué serlo.
muchas sillas que tenía tiene dueño,muchas sillas que tenía tienen dueño
Los medisos disen ke podria despertarse en sualkier momento.,Los médicos dicen que podría despertarse en cualquier momento.
muchas profesoras que encontramos es importantes,muchas profesoras que encontramos son importantes
dos chicas que encontramos era enormes,dos chicas que encontramos eran enormes
Te agradezco lo que acez por mí.,Te agradezco lo que haces por mí.
"Aparte de andar y de otraz cozaz que aga, ¿qué a dico?","Aparte de andar y de otras cosas que haga, ¿qué ha dicho?"
esos árboles de la casa estaba cerrados,esos árboles de la casa estaban cerrados
O tal vez... unos posos años de pesadiyas profundamente inkietantes.,O tal vez... unos pocos años de pesadillas profundamente inquietantes.
estos juguetes que vi estaba mojados,estos juguetes que vi estaban mojados
dos perros es de mi hermano,dos perros son de mi hermano
unas manzanas que había ahí tiene nombre,unas manzanas que había ahí tienen nombre
muchos niños que vi era buenos,muchos niños que vi eran buenos
No sera nesesario.,No será necesario.
varias vecinas de mi tío es de mi hermano,varias vecinas de mi tío son de mi hermano
"No, no es para reirse.","No, no es para reírse."
Si noz puede dar laz líneaz generalez.,Si nos puede dar las líneas generales.
"Despues de ke perdieramos a Jiy, vino porke keria hablar sonmigo a solas.","Después de que perdiéramos a Jill, vino porque quería hablar conmigo a solas."
Los vasos está delante tuya.,Los vasos están delante tuya.
los niños del parque tiene dueño,los niños del parque tienen dueño
"Sé que la gente ziempre dice ezo al final de eztaz cozaz, pero lo digo en zerio.","Sé que la gente siempre dice eso al final de estas cosas, pero lo digo en serio."
¿Como fue tu tarde?,¿Cómo fue tu tarde?
"-Meg, ¿Ya tienez 18? -No.","-Meg, ¿Ya tienes 18? -No."
unas gallinas del parque fue geniales,unas gallinas del parque fueron geniales
Alguien con baja autoeztima.,Alguien con baja autoestima.
"- Mama, ¿podemos abrir los regalos?","- Mamá, ¿podemos abrir los regalos?"
- ¿Vaz a llorar tú también?,- ¿Vas a llorar tú también?
unos jugadores que vimos ayer fue muy bonitos,unos jugadores que vimos ayer fueron muy bonitos
las profesoras del parque tiene dueño,las profesoras del parque tienen dueño
unas manzanas del parque fue muy bonitas,unas manzanas del parque fueron muy bonitas
Que vamos a haser?,Qué vamos a hacer?
- Si. Estiviste en cárcel.,- Si. Estiviste en la cárcel.
esas sillas que llegaron estaba mojadas,esas sillas que llegaron estaban mojadas
No es sangre mia.,No es sangre mía.
los autos que llegaron fue azules,los autos que llegaron fueron azules
varias profesoras que vi era divertidas,varias profesoras que vi eran divertidas
"Haserle lo ke hise a otro sontrolador, es imperdonable.","Hacerle lo que hice a otro controlador, es imperdonable."
esos autos que vi fue azules,esos autos que vi fueron azules
las canciones que había ahí estaba rotas,las canciones que había ahí estaban rotas
Un pasiente no habla de su enfermedad son amigos y familiares.,Un paciente no habla de su enfermedad con amigos y familiares.
muchos profesores que estaban ahí era buenos,muchos profesores que estaban ahí eran buenos
tres historias que compré era antiguas,tres historias que compré eran antiguas
esas mesas que estaban ahí era enormes,esas mesas que estaban ahí eran enormes
- ¿Cual es numero de suenta?,- ¿Cuál es el número de cuenta?
"Genial, ¿dónde está los representantes?","Genial, ¿dónde están los representantes?"
tres coches que estaban ahí era buenos,tres coches que estaban ahí eran buenos
"Él acaba de llegar a caza, Buddy, enton...","Él acaba de llegar a casa, Buddy, enton..."
varios hermanos que encontramos fue míos,varios hermanos que encontramos fueron míos
varios amigos de mi tío estaba cansados,varios amigos de mi tío estaban cansados
estas chicas del parque era buenas,estas chicas del parque eran buenas
esas casas de la casa es de mi hermano,esas casas de la casa son de mi hermano
tres gatos que encontramos tiene hambre,tres gatos que encontramos tienen hambre
Yo soy aventura.,Yo soy una aventura.
Cambiar nuestras vidas enteras solo porke estoy enamorado de eya?,Cambiar nuestras vidas enteras sólo porque estoy enamorado de ella?
"De beraz, ¿fue tan grande?","De veras, ¿fue tan grande?"
Se lo be rebolucionario.,Se lo ve revolucionario.
unos vecinos de mi tío tiene hambre,unos vecinos de mi tío tienen hambre
estos jugadores de la casa fue míos,estos jugadores de la casa fueron míos
Es distinta de demás.,Es distinta de las demás.
La reconztrucción de Haití,La reconstrucción de Haití
dos manzanas que llegaron era enormes,dos manzanas que llegaron eran enormes
dos mesas que vi era enormes,dos mesas que vi eran enormes
"Tiene una bicicleta, una azul. - Y zólo puede mirarla. - ¿Cómo zabez ézo?","Tiene una bicicleta, una azul. - Y sólo puede mirarla. - ¿Cómo sabes éso?"
dos amigas del parque fue muy grandes,dos amigas del parque fueron muy grandes
esos libros era buenos,esos libros eran buenos
"Por sierto, lave tu ropa anoshe.","Por cierto, lavé tu ropa anoche."
Es aki. ¡Dinamita!,Es aquí. ¡Dinamita!
No me sonoseis.,No me conocéis.
tres niñas de mi tío estaba cansadas,tres niñas de mi tío estaban cansadas
muchas sillas que había ahí es de mi hermano,muchas sillas que había ahí son de mi hermano
"Si lo dezeaz, Denniz.","Si lo deseas, Dennis."
tres historias que tenía es importantes,tres historias que tenía son importantes
Eso es exastamente lo ke estoy pensando.,Eso es exactamente lo que estoy pensando.
dos profesores de la casa fue muy bonitos,dos profesores de la casa fueron muy bonitos
¿No te olbidazte de nada?,¿No te olvidaste de nada?
Las luces es automáticas.,Las luces son automáticas.
Quiere ke sonstruyas misil...,Quiere que construyas un misil...
"- Grasias, Dumont.","- Gracias, Dumont."
estas casas que tenía tiene dueño,estas casas que tenía tienen dueño
varias historias que vi tiene nombre,varias historias que vi tienen nombre
esos chicos fue míos,esos chicos fueron míos
unas manzanas que vi tiene dueño,unas manzanas que vi tienen dueño
varias mesas de la casa era divertidas,varias mesas de la casa eran divertidas
muchos niños que estaban ahí es importantes,muchos niños que estaban ahí son importantes
Estoy protegiendote.,Estoy protegiéndote.
"Si, ezo ez, ezo ez.","Si, eso es, eso es."
- Ezo ez genial.,- Eso es genial.
Y me ensanta beber su leshe de vasa emboteyada...,Y me encanta beber su leche de vaca embotellada...
¿Y kien dise ke no haya un periodista entre eyos?,¿Y quién dice que no haya un periodista entre ellos?
En los bosques tropicales de África y Sudamérica hay algunas que es nómadas,En los bosques tropicales de África y Sudamérica hay algunas que son nómadas
varias montañas que vimos ayer tiene precio,varias montañas que vimos ayer tienen precio
"Tienes ke admitirlo, esto es un poso insomodo.","Tienes que admitirlo, esto es un poco incómodo."
Debería bolber.,Debería volver.
"Oye, Claire zé que tal bez pienzaz que zoy bieja y eztúpida.","Oye, Claire sé que tal vez piensas que soy vieja y estúpida."
"Con el sushiyo horizontal, pa' ke entre en las sostiyas.","Con el cuchillo horizontal, pa' que entre en las costillas."
varios zapatos que me diste es de madera,varios zapatos que me diste son de madera
dos canciones que vi tiene nombre,dos canciones que vi tienen nombre
esos gatos que llegaron es de mi hermano,esos gatos que llegaron son de mi hermano
No podriamos gastarlo.,No podríamos gastarlo.
Dejo de hablar.,Dejó de hablar.
He sambiado de opinion.,He cambiado de opinión.
los zapatos que estaban ahí tiene dueño,los zapatos que estaban ahí tienen dueño
Ingreze a zu cuenta web zeguro para ber ezta información.,Ingrese a su cuenta web seguro para ver esta información.
¡Nunca eztubizte en Milán!,¡Nunca estuviste en Milán!
Entoncez ¿por qué le an conbocado?,Entonces ¿por qué le han convocado?
muchas casas que vimos ayer es muy útiles,muchas casas que vimos ayer son muy útiles
"O te doy un nuebo problema, o amboz morimoz.","O te doy un nuevo problema, o ambos morimos."
"Yo somo ke aprendio esperar ke a partir de eya, y amo eso.","Yo como que aprendió esperar que a partir de ella, y amo eso."
dos plantas que me diste estaba sucias,dos plantas que me diste estaban sucias
Deberíaz acer lo mizmo por él.,Deberías hacer lo mismo por él.
¿Que kieres ir a revisar son esta orden?,¿Qué quieres ir a revisar con ésta orden?
¿Y a ke huelen los sueños del futuro?,¿Y a qué huelen los sueños del futuro?
esos amigos que llegaron fue muy bonitos,esos amigos que llegaron fueron muy bonitos
dos plantas que vimos ayer fue nuevas,dos plantas que vimos ayer fueron nuevas
unas plantas del parque estaba sucias,unas plantas del parque estaban sucias
"- Uztedez, también.","- Ustedes, también."
Tengo un prezupuezto muy juzto,Tengo un presupuesto muy justo
No zé cómo pazo tan rápido ezte día.,No sé cómo paso tan rápido este día.
tres hermanos del parque tiene hambre,tres hermanos del parque tienen hambre
tres amigas que encontramos es de mi hermano,tres amigas que encontramos son de mi hermano
¡Oizi a buelto!,¡Oishi ha vuelto!
unas camisas que vimos ayer era antiguas,unas camisas que vimos ayer eran antiguas
Asi es somo se ponen a trabajar los dolares de los sontribuyentes.,Así es como se ponen a trabajar los dólares de los contribuyentes.
estos regalos que vi es de madera,estos regalos que vi son de madera
muchas ventanas que me diste estaba mojadas,muchas ventanas que me diste estaban mojadas
varias sillas que encontramos era enormes,varias sillas que encontramos eran enormes
muchos perros que vimos ayer era buenos,muchos perros que vimos ayer eran buenos
"Bueno, supongo ke me yego mi hora.","Bueno, supongo que me llegó mi hora."
varias manzanas que encontramos fue caras,varias manzanas que encontramos fueron caras
dos chicas que vimos ayer es importantes,dos chicas que vimos ayer son importantes
varios zapatos de la casa estaba listos,varios zapatos de la casa estaban listos
"- Bueno, venga, entonses.","- Bueno, venga, entonces."
muchos chicos que estaban ahí fue muy grandes,muchos chicos que estaban ahí fueron muy grandes
Deben haberse essondido de nirianos ayi.,Deben haberse escondido de los nirianos allí.
estas canciones de la casa tiene precio,estas canciones de la casa tienen precio
- Si hay algo de shisle 3 filas atras.,- Sí hay algo de chicle 3 filas atrás.
"Si, pasamos rato juntos despues de eso.","Si, pasamos un rato juntos después de eso."
Por un momento se apagaron todas luses.,Por un momento se apagaron todas las luces.
dos vecinos que estaban ahí era buenos,dos vecinos que estaban ahí eran buenos
las niñas de mi tío fue muy grandes,las niñas de mi tío fueron muy grandes
¡O! ¿Quién erez?,¡Oh! ¿Quién eres?
varias niñas estaba cansadas,varias niñas estaban cansadas
Ofrese una breve dessripsion de la funsion Add-in y sus parametros.,Ofrece una breve descripción de la función Add-in y sus parámetros.
- Solo loz cicoz del AV otra bez.,- Solo los chicos del AV otra vez.
dos niños que encontramos es importantes,dos niños que encontramos son importantes
"Si, amo, pero deberiamos esperar hasta saber adonde vamos.","Sí, amo, pero deberíamos esperar hasta saber adónde vamos."
Faltan doz minutoz.,Faltan dos minutos.
varios perros que había ahí fue míos,varios perros que había ahí fueron míos
"Te lo dire, si osurre algo...","Te lo diré, si ocurre algo..."
Todo lo que me importa ez ganar.,Todo lo que me importa es ganar.
¿Y ezte ezcándalo?,¿Y este escándalo?
dos jugadores del parque es de mi hermano,dos jugadores del parque son de mi hermano
- vas a tener ke saminar o ke?,- vas a tener que caminar o que?
¿Que ay si de esos restos de avión emergió un nuevo Henry Weems?,¿Que hay si de esos restos de avión emergió un nuevo Henry Weems?
estas amigas es de mi hermano,estas amigas son de mi hermano
"- Cuidado, esta herido.","- Cuidado, está herido."
unas amigas de mi tío estaba listas,unas amigas de mi tío estaban listas
Con miz amigaz.,Con mis amigas.
Pise una de tus malditas sopas de vino!,Pisé una de tus malditas copas de vino!
"Mimuna, qué joben eztabaz, ¿qué edad teníaz?","Mimuna, qué joven estabas, ¿qué edad tenías?"
"No kieres ke nadie sepa tu sesretito, ¿verdad?","No quieres que nadie sepa tu secretito, ¿verdad?"
- No puede ir ayi.,- No puede ir allí.
dos chicos que estaban ahí fue míos,dos chicos que estaban ahí fueron míos
- ¡No kiero essushar!,- ¡No quiero escuchar!
unas manzanas de mi tío estaba rotas,unas manzanas de mi tío estaban rotas
"Ciertamente va por buen samino, pero dejeme interrumpirla.","Ciertamente va por el buen camino, pero déjeme interrumpirla."
muchos árboles que me diste es de madera,muchos árboles que me diste son de madera
¿Haz oído ablar de periódicoz? ¿Reporteroz?,¿Has oído hablar de periódicos? ¿Reporteros?
"Entonses tu eliges, nosotros se lo desimos a Castle.","Entonces tú eliges, nosotros se lo decimos a Castle."
esos hermanos que vi fue míos,esos hermanos que vi fueron míos
Chesa si habia algun hospital sersa.,Checa si había algún hospital cerca.
dos vecinas de mi tío estaba listas,dos vecinas de mi tío estaban listas
El mundo necezita a loz X-Men.,El mundo necesita a los X-Men.
¡Uno de bozotroz le izo ezto a Ruzie!,¡Uno de vosotros le hizo esto a Rushie!
Los monos que no come se mueren.,Los monos que no comen se mueren.
La sirugia plastisa simplemente se siente mal para mi,La cirugía plástica simplemente se siente mal para mí
"Lo ziento, pero no te entiendo.","Lo siento, pero no te entiendo."
Tienes hora.,Tienes una hora.
"Por favor, sontinuen resistiendo.","Por favor, continúen resistiendo."
Serbidor de política de zonidoComment,Servidor de política de sonidoComment
"Dissulpa, eres Shitdog...","Disculpa, eres Shitdog..."
Eza zorra noz a robado.,Esa zorra nos ha robado.
"Dios mio, ¿ke voy a haser?","Dios mío, ¿qué voy a hacer?"
"¿Sabez una coza? Hemoz zufrido un robo, también!","¿Sabes una cosa? Hemos sufrido un robo, también!"
varios perros que llegaron tiene nombre,varios perros que llegaron tienen nombre
estos jugadores que había ahí era divertidos,estos jugadores que había ahí eran divertidos
esas canciones de mi tío estaba cerradas,esas canciones de mi tío estaban cerradas
Esos muchachos va a saber lo que es un campesino tonto.,Esos muchachos van a saber lo que es un campesino tonto.
¿Qué otraz plagaz trajeron con Udz.?,¿Qué otras plagas trajeron con Uds.?
muchas plantas del parque fue azules,muchas plantas del parque fueron azules
varios jugadores que encontramos tiene dueño,varios jugadores que encontramos tienen dueño
dos libros que tenía fue muy bonitos,dos libros que tenía fueron muy bonitos
varias puertas que llegaron era buenas,varias puertas que llegaron eran buenas
¿Estas desepsionada porke es religioso?,¿Estás decepcionada porque es religioso?
¿Y ke signifisan?,¿Y qué significan?
varias montañas que vimos ayer estaba listas,varias montañas que vimos ayer estaban listas
dos plantas que me diste es muy útiles,dos plantas que me diste son muy útiles
estos amigos que llegaron es importantes,estos amigos que llegaron son importantes
¿Vienez de la otra punta de la izla y de repente mandaz tú?,¿Vienes de la otra punta de la isla y de repente mandas tú?
Costos estandar y espesifisos de Mision,Costos estándar y específicos de la Misión
Yo no lo hasen detras de la zona neutral.,Yo no lo hacen detrás de la zona neutral.
muchas sillas de mi tío estaba listas,muchas sillas de mi tío estaban listas
"¿No ez azí, Sr. Elliz y Sr. Stirling?","¿No es así, Sr. Ellis y Sr. Stirling?"
"Roying, Roying, hemos terminado.","Rolling, Rolling, hemos terminado."
- ¿Dónde eztá Craig?,- ¿Dónde está Craig?
"Tenga suidado, esta por saer.","Tenga cuidado, está por caer."
tres autos que vimos ayer estaba mojados,tres autos que vimos ayer estaban mojados
los árboles que me diste fue pequeños,los árboles que me diste fueron pequeños
"Oye, ¿ke propones?","Oye, ¿qué propones?"
Abanza por encima.,Avanza por encima.
¿Quieres desir ke no te importa?,¿Quieres decir que no te importa?
unas mesas que compré estaba cerradas,unas mesas que compré estaban cerradas
Signifisa todo para el.,Significa todo para él.
No baya a empezar con sermones.,No vaya a empezar con sermones.
¿Crees ke porke trato son extraños no me exsito?,¿Crees que porque trato con extraños no me excito?
Eres novato.,Eres un novato.
- Fue padrastro.,- Fue el padrastro.
No estaba asostado.,No estaba acostado.
Dime ke soy hermosa y ke me kieres.,Dime que soy hermosa y que me quieres.
Aprueban leyez para proteger a loz zamaritanoz en una ciudad cina,Aprueban leyes para proteger a los samaritanos en una ciudad china
¿Y sree ke la amaba?,¿Y cree que la amaba?
varias profesoras que estaban ahí es de mi hermano,varias profesoras que estaban ahí son de mi hermano
Cada parte de su suerpo va degenerando a distinta velosidad.,Cada parte de su cuerpo va degenerando a distinta velocidad.
unos árboles que me diste era divertidos,unos árboles que me diste eran divertidos
"El nombre no ez ""amigo"".","El nombre no es ""amigo""."
los coches que llegaron fue nuevos,los coches que llegaron fueron nuevos
muchas niñas del parque estaba mojadas,muchas niñas del parque estaban mojadas
"miniztrar a zu bida, guardando a loz límitez de zu propózito;","ministrar a su vida, guardando a los límites de su propósito;"
tres flores de mi tío era antiguas,tres flores de mi tío eran antiguas
muchos pájaros que vimos ayer fue muy bonitos,muchos pájaros que vimos ayer fueron muy bonitos
"- Lo ziento muco, Nenad.","- Lo siento mucho, Nenad."
dos historias es de mi hermano,dos historias son de mi hermano
"- Sí, lo e dico, pero...","- Sí, lo he dicho, pero..."
"De eco, el importador eztá en el Barrio Cino.","De hecho, el importador está en el Barrio Chino."
Supongo... ke nunsa yegamos a sonfiar el uno en el otro tanto somo sreiamos.,Supongo... que nunca llegamos a confiar el uno en el otro tanto como creíamos.
unas canciones de la casa estaba listas,unas canciones de la casa estaban listas
Tengo una foto de loz doz. Juntoz.,Tengo una foto de los dos. Juntos.
¿Dónde eztá mi roca gigantezca?,¿Dónde está mi roca gigantesca?
Te a debido coztar muy caro.,Te ha debido costar muy caro.
Pienzo que zolo lo ezcondez porque matazte a Melanie.,Pienso que solo lo escondes porque mataste a Melanie.
No bolberé a acerlo.,No volveré a hacerlo.
muchos perros que había ahí estaba sucios,muchos perros que había ahí estaban sucios
16.30 - 18.00 oraz,16.30 - 18.00 horas
"- Si, bueno, estoy visitando amigo.","- Si, bueno, estoy visitando un amigo."
Ella no ze be bien.,Ella no se ve bien.
"Es analogia, Jay","Es una analogía, Jay"
Por zupuezto que ez ciudadano ruzo.,Por supuesto que es ciudadano ruso.
"Bien, ahora, eso se asersa a sambio, no lo es?","Bien, ahora, eso se acerca a un cambio, no lo es?"
Y resuerden. ¡A volar se ha disho!,Y recuerden. ¡A volar se ha dicho!
"El hesho de ke asi fuera, tenia ke ver son Su pressiensia y predestinasion.","El hecho de que así fuera, tenía que ver con Su presciencia y predestinación."
esos juguetes que tenía es de mi hermano,esos juguetes que tenía son de mi hermano
- Ponte bien la pelusa.,- Ponte bien la peluca.
"Saben, loz artiztaz...","Saben, los artistas..."
"Yo debo zaberlo bien, ¿no?","Yo debo saberlo bien, ¿no?"
"Eso es lo ke dise, si.","Eso es lo que dice, sí."
"Por aquí, por fabor.","Por aquí, por favor."
dos niñas de la casa estaba cansadas,dos niñas de la casa estaban cansadas
Es pista fácil.,Es una pista fácil.
"Dame abrazo. - Lo ke entre, yevaselo a Alise.","Dame un abrazo. - Lo que entre, llévaselo a Alice."
¿Trato de zer amable y tiraz ezo a la bazura?,¿Trato de ser amable y tiras eso a la basura?
Apertura de loz cakraz,Apertura de los chakras
estas profesoras del parque estaba sucias,estas profesoras del parque estaban sucias
"Si, y me preguntaba y hay alguna forma de ke mires para otro lado son esto.","Sí, y me preguntaba y hay alguna forma de que mires para otro lado con esto."
Tenemoz que llegar a caza aora.,Tenemos que llegar a casa ahora.
muchos libros que estaban ahí era enormes,muchos libros que estaban ahí eran enormes
unos zapatos que me diste fue míos,unos zapatos que me diste fueron míos
las sillas que encontramos tiene precio,las sillas que encontramos tienen precio
No puede suidarse a si mismo.,No puede cuidarse a si mismo.
Y una mierda. oli.,Y una mierda. La olí.
muchas camisas del parque es muy útiles,muchas camisas del parque son muy útiles
muchos vecinos que estaban ahí fue muy grandes,muchos vecinos que estaban ahí fueron muy grandes
World Boxing Assosiation.,World Boxing Association.
tres profesores del parque tiene hambre,tres profesores del parque tienen hambre
"""Cazador de patos en el rio de Ohio.""","""Cazador de patos en el río de Ohio."""
No puedo zoportarlo.,No puedo soportarlo.
muchos gatos de la casa fue míos,muchos gatos de la casa fueron míos
La curiozidad zerá recompenzaba.,La curiosidad será recompensaba.
esas profesoras tiene dueño,esas profesoras tienen dueño
"La primera dama y sus hijas, es cuatro.","La primera dama y sus hijas, son cuatro."
Ver ezto me ace penzar en todaz laz demáz ezcenaz...,Ver esto me hace pensar en todas las demás escenas...
Llegó el biernez informal.,Llegó el viernes informal.
"Charlie, ke entierren al bebe.","Charlie, que entierren al bebé."
las mesas que encontramos es muy útiles,las mesas que encontramos son muy útiles
"Artisulo 35, apartado 5","Artículo 35, apartado 5"
dos profesoras de mi tío tiene dueño,dos profesoras de mi tío tienen dueño
-Que? No se lo dijiste?,-Qué? No se lo dijiste?
Análiziz de pacientez tratadoz prebiamente con IPz,Análisis de pacientes tratados previamente con IPs
tres vecinos que vimos ayer era rápidos,tres vecinos que vimos ayer eran rápidos
muchas canciones que llegaron estaba rotas,muchas canciones que llegaron estaban rotas
estos vecinos que vi es importantes,estos vecinos que vi son importantes
unos niños de mi tío estaba listos,unos niños de mi tío estaban listos
Tiene sisatrises por todo el suerpo.,Tiene cicatrices por todo el cuerpo.
- ¿Qué ago con ezto?,- ¿Qué hago con esto?
"- Acompáñenoz, por fabor.","- Acompáñenos, por favor."
tres manzanas que tenía era buenas,tres manzanas que tenía eran buenas
estos juguetes que tenía fue míos,estos juguetes que tenía fueron míos
*Como zi ubiera dico alguna bez: bamoz a quedar con una abuela*,*Como si hubiera dicho alguna vez: vamos a quedar con una abuela*
varias plantas que encontramos tiene dueño,varias plantas que encontramos tienen dueño
muchas plantas que compré era antiguas,muchas plantas que compré eran antiguas
"Rio arriba, a maneras.","Río arriba, a maneras."
varias profesoras de mi tío tiene nombre,varias profesoras de mi tío tienen nombre
Ez bueno eztar en caza.,Es bueno estar en casa.
"Eso es, somos personajes importantes.","Eso es, somos los personajes importantes."
¿Te a enzeñado otra cica zuz cuadroz?,¿Te ha enseñado otra chica sus cuadros?
los chicos que estaban ahí es de mi hermano,los chicos que estaban ahí son de mi hermano
oy bamoz a bengarnoz.,hoy vamos a vengarnos.
Trabajo esta noshe.,Trabajo esta noche.
Crei ke habian visto a Hughes en Mexiso primera vez.,Creí que habían visto a Hughes en México la primera vez.
los profesores que llegaron es de mi hermano,los profesores que llegaron son de mi hermano
las gallinas del parque fue muy bonitas,las gallinas del parque fueron muy bonitas
Notifisasion: 28 de septiembre de 2001,Notificación: 28 de septiembre de 2001
¿Hay autobuzez a eztaz oraz?,¿Hay autobuses a estas horas?
Sale en la pagina 244.,Sale en la página 244.
varias niñas que encontramos es importantes,varias niñas que encontramos son importantes
Porque Turquía ez el puerto acia Europa dezde el otro lado.,Porque Turquía es el puerto hacia Europa desde el otro lado.
tres zapatos que vi era antiguos,tres zapatos que vi eran antiguos
esos niños del parque fue muy grandes,esos niños del parque fueron muy grandes
los juguetes de la casa es de mi hermano,los juguetes de la casa son de mi hermano
varias profesoras de mi tío era rápidas,varias profesoras de mi tío eran rápidas
"Coronel, asi no es somo hago yo las sosas.","Coronel, así no es como hago yo las cosas."
esos coches que compré era antiguos,esos coches que compré eran antiguos
Y ninguna de las vistimas anteriores kiere hablar de esto.,Y ninguna de las víctimas anteriores quiere hablar de esto.
No te kiero aki.,No te quiero aquí.
No puedo creer que ezté muerta.,No puedo creer que esté muerta.
las sillas que compré era buenas,las sillas que compré eran buenas
Solo de ver tu parte en eso es fisisamente doloroso.,Solo de ver tu parte en eso es físicamente doloroso.
"Bueno, ezo ez zimplemente genial!","Bueno, eso es simplemente genial!"
Apuesto a ke te preguntas si es niño o niña.,Apuesto a que te preguntas si es niño o niña.
- ¿En un momento azí?,- ¿En un momento así?
esos niños que había ahí estaba mojados,esos niños que había ahí estaban mojados
¿Saben somo supe ke estos simios eran unos amateurs?,¿Saben cómo supe que estos simios eran unos amateurs?
"No, y no zólo ez el rezultado.","No, y no sólo es el resultado."
varios gatos de mi tío fue muy bonitos,varios gatos de mi tío fueron muy bonitos
"Prefiero asordarme de su sara, no de su tumba.","Prefiero acordarme de su cara, no de su tumba."
Los noruegos parece ser personas meticulosas.,Los noruegos parecen ser personas meticulosas.
"""El zueño de Peterzburgo""","""El sueño de Petersburgo"""
Esperen un momento. ¿Que hasen?,Esperen un momento. ¿Qué hacen?
esos zapatos que vi tiene precio,esos zapatos que vi tienen precio
dos libros era divertidos,dos libros eran divertidos
adióz tío Marty.,adiós tío Marty.
"Para zeguir con nueztro ezpectáculo, pazamoz al concurzo de talentoz.","Para seguir con nuestro espectáculo, pasamos al concurso de talentos."
muchas vecinas era rápidas,muchas vecinas eran rápidas
las niñas que encontramos tiene nombre,las niñas que encontramos tienen nombre
las manzanas que vi fue geniales,las manzanas que vi fueron geniales
muchas manzanas que estaban ahí era divertidas,muchas manzanas que estaban ahí eran divertidas
dos amigas que había ahí es de mi hermano,dos amigas que había ahí son de mi hermano
Ya esta musho mejor.,Ya está mucho mejor.
tres sillas que encontramos era divertidas,tres sillas que encontramos eran divertidas
varios pájaros que había ahí es importantes,varios pájaros que había ahí son importantes
La berdad ez que aora loz clacz funcionan a baze de zangre.,La verdad es que ahora los clacs funcionan a base de sangre.
los chicos es importantes,los chicos son importantes
esas plantas que vi era enormes,esas plantas que vi eran enormes
Nunca he tenido.,Nunca la he tenido.
varios chicos de la casa tiene nombre,varios chicos de la casa tienen nombre
estos libros que llegaron es de mi hermano,estos libros que llegaron son de mi hermano
Yo no boy a ninguna parte.,Yo no voy a ninguna parte.
Solo da sartas.,Sólo da cartas.
varios zapatos que tenía estaba rotos,varios zapatos que tenía estaban rotos
Se ke fue los Mayas los ke insendiaron tu almasen mes pasado.,Sé que fueron los Mayas los que incendiaron tu almacén el mes pasado.
"¿Quien es tu enemigo, Akane o Godziya?","¿Quién es tu enemigo, Akane o Godzilla?"
"Hombre, no zabez.","Hombre, no sabes."
-¿Asaso esta es mejor?,-¿Acaso esta es mejor?
muchas mesas es muy útiles,muchas mesas son muy útiles
"Entoncez, ¿por qué no te la quitaz tú?","Entonces, ¿por qué no te la quitas tú?"
Eres tan bueno dando vuelta cosas.,Eres tan bueno dando vuelta las cosas.
Asi ke yo soy Erin.,Así que yo soy Erin.
"¿No soportas la sritisa, Mandi?","¿No soportas la crítica, Mandi?"
¿Le guztaron laz florez?,¿Le gustaron las flores?
"Bill, dame uno máz.","Bill, dame uno más."
¿Cual es el problema?,¿Cuál es el problema?
tres camisas del parque estaba mojadas,tres camisas del parque estaban mojadas
las plantas estaba rotas,las plantas estaban rotas
¿Qué te mantubo tanto tiempo lejoz?,¿Qué te mantuvo tanto tiempo lejos?
"1 943, presidente Roosevelt decide contraatacar.","1 943, el presidente Roosevelt decide contraatacar."
"Ya entramoz en King""z Crozz.","Ya entramos en King""s Cross."
dos autos del parque es de mi hermano,dos autos del parque son de mi hermano
"Si realmente está mintiendo, yo asumiré toda responsabilidad.","Si realmente está mintiendo, yo asumiré toda la responsabilidad."
Nesesitamos hojas y eskejes para reyeno.,Necesitamos hojas y esquejes para relleno.
esas vecinas que llegaron estaba listas,esas vecinas que llegaron estaban listas
dos juguetes de mi tío es importantes,dos juguetes de mi tío son importantes
- Vamos a la siudad en Jeep.,- Vamos a la ciudad en el Jeep.
Si te buelbo a pillar mirando a una mujer ..,Si te vuelvo a pillar mirando a una mujer ..
Te dije que tú y los niños era más importantes.,Te dije que tú y los niños eran más importantes.
Sígueme y bamoz a zu encuentro.,Sígueme y vamos a su encuentro.
Actualmente ay20bizitantezonline.,Actualmente hay20visitantesonline.
Dijo ke todavia esta perturbado asersa de sus padres.,Dijo que todavía está perturbado acerca de sus padres.
Graciaz Glenna! Sin duda me uno a tu gran fiezta de enlace! Noz bemoz!,Gracias Glenna! Sin duda me uno a tu gran fiesta de enlace! Nos vemos!
"Veráz, funciona azí.","Verás, funciona así."
¿Dónde está escalon?,¿Dónde está el escalon?
"- Sí, dezde que Cloe abandonó el nido.","- Sí, desde que Chloe abandonó el nido."
- Graciaz por ezta bez.,- Gracias por esta vez.
varias mesas que estaban ahí fue geniales,varias mesas que estaban ahí fueron geniales
Carta de Dezpedida de una Eztudiante Aprende Cino en Cina,Carta de Despedida de una Estudiante Aprende Chino en China
"Recuerdo una tarde, Un tragafuegos incendió cabello de la Sra Flegmonde.","Recuerdo una tarde, Un tragafuegos incendió el cabello de la Sra Flegmonde."
"Si fuera sierto, habrias venido a verme.","Si fuera cierto, habrías venido a verme."
varios autos de mi tío era divertidos,varios autos de mi tío eran divertidos
unos árboles que tenía tiene precio,unos árboles que tenía tienen precio
estas historias que compré era antiguas,estas historias que compré eran antiguas
"¡Mi amor, estas sudando!","¡Mi amor, estás sudando!"
"En elenco, Ann Miller, la mejor bailarina de tap.","En el elenco, Ann Miller, la mejor bailarina de tap."
unas chicas de mi tío tiene nombre,unas chicas de mi tío tienen nombre
No revise las fotografias.,No revise las fotografías.
"¡Vamoz, ten balor!","¡Vamos, ten valor!"
tres profesoras que había ahí fue mías,tres profesoras que había ahí fueron mías
"¡Estas enfermo, Max!","¡Estás enfermo, Max!"
Hace muco que no eztán tan actiboz.,Hace mucho que no están tan activos.
Mesas de los organos subsidiarios Artisulo 49,Mesas de los órganos subsidiarios Artículo 49
Sus yamas han sido extinguida.,Sus llamas han sido extinguida.
"Eztá en una nebera, en tu coce.","Está en una nevera, en tu coche."
tres perros que encontramos tiene dueño,tres perros que encontramos tienen dueño
unas casas de la casa es muy útiles,unas casas de la casa son muy útiles
"Bueno, sigamos son el juisio.","Bueno, sigamos con el juicio."
Dentro de ese sadaver estan genes de su sresimiento organiso.,Dentro de ese cadáver están los genes de su crecimiento orgánico.
estas ventanas del parque fue mías,estas ventanas del parque fueron mías
Dentro de tres o suatro años sogere periodiso y me enterare de tu muerte.,Dentro de tres o cuatro años cogeré un periódico y me enteraré de tu muerte.
"Aki estas, Murphy.","Aquí estás, Murphy."
"Véaze FCCC/CP/1997/7/Add.1, decizión 1/CP.3.","Véase FCCC/CP/1997/7/Add.1, decisión 1/CP.3."
Un simbolo invertido puede alterar... signifisado de un pasaje entero.,Un símbolo invertido puede alterar... el significado de un pasaje entero.
"Adam, puedez reziztirte, o puedez abrazarlo.","Adam, puedes resistirte, o puedes abrazarlo."
Claro ke te asuerdas.,Claro que te acuerdas.
¿De dónde loz zacaré?,¿De dónde los sacaré?
Que tenga buen dia.,Que tenga un buen día.
"Mierda, me palpita la sabeza.","Mierda, me palpita la cabeza."
muchas montañas que había ahí era antiguas,muchas montañas que había ahí eran antiguas
unos cuadros del parque fue nuevos,unos cuadros del parque fueron nuevos
- ¿Lo dira en la sorte?,- ¿Lo dirá en la corte?
dos profesores de la casa es importantes,dos profesores de la casa son importantes
Ezto era una coza la cual eraz zupuezto acer.,Esto era una cosa la cual eras supuesto hacer.
"Agente Miller, el zozpecozo a zido notificado","Agente Miller, el sospechoso ha sido notificado"
dos chicas de la casa estaba listas,dos chicas de la casa estaban listas
"No quería acerte daño, Katya. pero no ez mi berdad para poder contarla.","No quería hacerte daño, Katya. pero no es mi verdad para poder contarla."
muchos profesores del parque fue muy grandes,muchos profesores del parque fueron muy grandes
"Mira, no ez un problema.","Mira, no es un problema."
unos cuadros que encontramos tiene precio,unos cuadros que encontramos tienen precio
"Tu lo bizte, ¿No ez berdad?","Tu lo viste, ¿No es verdad?"
"Bueno, supongo ke si, lo habian olvidado por sompleto.","Bueno, supongo que sí, lo había olvidado por completo."
"Usted y yo lo sabemos, General no.","Usted y yo lo sabemos, el General no."
unas niñas que encontramos era divertidas,unas niñas que encontramos eran divertidas
1. L’assosiation,1. L’association
"Eso no lo sabes, sariño.","Eso no lo sabes, cariño."
muchas ventanas que me diste estaba sucias,muchas ventanas que me diste estaban sucias
Entre los simios la destreza fisisa determina la jerarkia en grupo.,Entre los simios la destreza física determina la jerarquia en el grupo.
Piense que estas es las últimas Navidades que pasa solo.,Piense que estas son las últimas Navidades que pasa solo.
Un dos tres...sonrie...,Un dos tres...sonríe...
Isaas vendra enseguida.,Isaac vendrá enseguida.
tres juguetes que había ahí fue nuevos,tres juguetes que había ahí fueron nuevos
"- Si, pero es unisa forma de matarlo a el.","- Sí, pero es la única forma de matarlo a él."
Eyos visitaron la Tierra antes.,Ellos visitaron la Tierra antes.
Adultos Eskizofrenia:,Adultos Esquizofrenia:
Theresa sabia ke tenia un sesreto.,Theresa sabía que tenía un secreto.
dos cuadros de la casa tiene nombre,dos cuadros de la casa tienen nombre
Y Krizna no ez un ezo . Él ez una perzona.,Y Krishna no es un eso . Él es una persona.
varios autos que encontramos estaba sucios,varios autos que encontramos estaban sucios
"Srta. Caroline, no zé cómo a entrado zin que lo biera.","Srta. Caroline, no sé cómo ha entrado sin que lo viera."
"Ezcuca, ba z a cuidar bien de Carlez,","Escucha, va s a cuidar bien de Charles,"
esos árboles que vimos ayer tiene nombre,esos árboles que vimos ayer tienen nombre
Si lo bemoz en ezte gráfico que no eztá a ezcala....,Si lo vemos en este gráfico que no está a escala....
esos libros que me diste es de madera,esos libros que me diste son de madera
"T, vas a tener ke dejar a Tara en paz por tiempo.","T, vas a tener que dejar a Tara en paz por un tiempo."
"- Qué carromato, ¿e?","- Qué carromato, ¿eh?"
varias canciones que compré estaba rotas,varias canciones que compré estaban rotas
estas montañas fue muy grandes,estas montañas fueron muy grandes
muchos niños que encontramos es importantes,muchos niños que encontramos son importantes
¿Este pekeño sompromiso?,¿Este pequeño compromiso?
"- No, te lo avisare.","- No, te lo avisaré."
Tengo laz manoz atadaz.,Tengo las manos atadas.
dos perros que estaban ahí estaba listos,dos perros que estaban ahí estaban listos
- ¿Que? ¿Asaso... ¿Asaso...,- ¿Qué? ¿Acaso... ¿Acaso...
estas plantas de la casa estaba listas,estas plantas de la casa estaban listas
La Junta Ejecutiba aprobó la decizión 2009/5 (béaze el anexo).,La Junta Ejecutiva aprobó la decisión 2009/5 (véase el anexo).
¿Que sonsigo a sambio?,¿Qué consigo a cambio?
"Con el departamento de inbeztigación, por fabor.","Con el departamento de investigación, por favor."
Artículo 13 Funcionez,Artículo 13 Funciones
muchas flores que vimos ayer estaba sucias,muchas flores que vimos ayer estaban sucias
esas gallinas tiene hambre,esas gallinas tienen hambre
Tressientos diez mil siento noventa y seis.,Trescientos diez mil ciento noventa y seis.
La miel habra safado.,La miel las habra safado.
Doz dólarez por la limonada.,Dos dólares por la limonada.
¡Pero no...bolaba...era un ángel!,¡Pero no...volaba...era un ángel!
¿Entonses ke tipo de barso es este?,¿Entonces que tipo de barco es este?
dos plantas que compré es de mi hermano,dos plantas que compré son de mi hermano
dos niñas que vi era buenas,dos niñas que vi eran buenas
Es hora del despegue.,Es la hora del despegue.
- Joe y yo noz icimoz una paja antez del almuerzo.,- Joe y yo nos hicimos una paja antes del almuerzo.
tres historias que vi fue azules,tres historias que vi fueron azules
"Duele, pero zanará.","Duele, pero sanará."
¡Yo zólo doy ganadorez!,¡Yo sólo doy ganadores!
Takairo Ogawa . . .,Takahiro Ogawa . . .
"Todas nenitas vendran a nosotros, ¿no?","Todas las nenitas vendrán a nosotros, ¿no?"
muchos niños del parque tiene nombre,muchos niños del parque tienen nombre
"- Hola, somandante.","- Hola, comandante."
Ahora esta en todas partes.,Ahora está en todas partes.
"Entoncez, ¿qué, te creciente de que fuera?","Entonces, ¿qué, te creciente de que fuera?"
¿Que vamos a haser son esto?,¿Qué vamos a hacer con esto?
"Las ratas se comió casi todo, pero apesta como para vomitar.","Las ratas se comieron casi todo, pero apesta como para vomitar."
Somoz extremadamente importantez.,Somos extremadamente importantes.
El truco está en calentar a mujer antes de poseerla.,El truco está en calentar a la mujer antes de poseerla.
"Te uzó, Selley. Te tomó.","Te usó, Shelley. Te tomó."
Pazamoz mezez atrapado en eza nabe.,Pasamos meses atrapado en esa nave.
Pero si hay algo ke kieras desir...,Pero si hay algo que quieras decir...
las plantas que estaban ahí fue muy grandes,las plantas que estaban ahí fueron muy grandes
esos gatos estaba cansados,esos gatos estaban cansados
El zentido de romper loz bolaz.,El sentido de romper los bolas.
varias chicas que vimos ayer era enormes,varias chicas que vimos ayer eran enormes
¿Por ke no vas hospital?,¿Por qué no vas al hospital?
¿Saben cómo supe que estos simios era unos amateurs?,¿Saben cómo supe que estos simios eran unos amateurs?
¿ Lo a anotado todo ?,¿ Lo ha anotado todo ?
Eze ez Andrei Cikatilo.,Ese es Andrei Chikatilo.
Decidí ir a Furuici a bizitar zu tumba.,Decidí ir a Furuichi a visitar su tumba.
no podemoz exponernoz azta que ezto aya pazado.,no podemos exponernos hasta que esto haya pasado.
"Genio de computación, ex-adicto a la eroína.","Genio de computación, ex-adicto a la heroína."
tres historias de la casa estaba mojadas,tres historias de la casa estaban mojadas
unas profesoras que llegaron tiene nombre,unas profesoras que llegaron tienen nombre
"Tenga paciencia, pero juré que nunca máz ablaría con policía alguno.","Tenga paciencia, pero juré que nunca más hablaría con policía alguno."
muchos coches que vi fue caros,muchos coches que vi fueron caros
Su libro son montón de mentiras.,Su libro son un montón de mentiras.
tres hermanos de mi tío estaba cansados,tres hermanos de mi tío estaban cansados
estos profesores es de mi hermano,estos profesores son de mi hermano
Tuve ke yevar a alguien al hospital.,Tuve que llevar a alguien al hospital.
los profesores que estaban ahí fue pequeños,los profesores que estaban ahí fueron pequeños
"Aún eztáz bibo, ¿no?","Aún estás vivo, ¿no?"
unas puertas que encontramos era buenas,unas puertas que encontramos eran buenas
dos historias que estaban ahí era divertidas,dos historias que estaban ahí eran divertidas
"¡Sí, Kezu! Sí, eztá aquí.","¡Sí, Kesu! Sí, está aquí."
» Partido Comunizta denuncia amenazaz de tomaz en zuz zedez (La Nación),» Partido Comunista denuncia amenazas de tomas en sus sedes (La Nación)
los coches que encontramos estaba mojados,los coches que encontramos estaban mojados
unos zapatos que llegaron fue geniales,unos zapatos que llegaron fueron geniales
"Pero la conbención fue la zemana pazada, Fritz, en Arlez.","Pero la convención fue la semana pasada, Fritz, en Arles."
esos autos que había ahí estaba mojados,esos autos que había ahí estaban mojados
estas ventanas que había ahí tiene nombre,estas ventanas que había ahí tienen nombre
¡Qué mentirozo ez!,¡Qué mentiroso es!
S.O.S. es lo ke essribio son su mano en mi pesho.,S.O.S. es lo que escribió con su mano en mi pecho.
los gatos que había ahí estaba listos,los gatos que había ahí estaban listos
varios zapatos de mi tío era antiguos,varios zapatos de mi tío eran antiguos
La cica lo eztá calumniando.,La chica lo está calumniando.
estos árboles que vimos ayer tiene dueño,estos árboles que vimos ayer tienen dueño
- ¿Ezter Drummond?,- ¿Esther Drummond?
Sabía que ezto zucedería.,Sabía que esto sucedería.
"Inicien zecuencia, por fabor.","Inicien secuencia, por favor."
Veamoz tuz zombreroz.,Veamos tus sombreros.
"Qué aburrido ez bibir en ezte lugar, uzted no lo zabría.","Qué aburrido es vivir en este lugar, usted no lo sabría."
"No te bayaz lejoz, ¿entiendez?","No te vayas lejos, ¿entiendes?"
"De todos modos, ¿ke ahi de malo en eya?","De todos modos, ¿qué hay de malo en ella?"
La boteya de lisor.,La botella de licor.
Las ocho reloj.,Las ocho del reloj.
Resomendasiones y sonslusiones,Recomendaciones y conclusiones
Cautala tenía razón.,Chautala tenía razón.
El inzumergible Mark Muir.,El insumergible Mark Muir.
"Loz niñoz gritaban , "" cloze el ataúd ! ""","Los niños gritaban , "" close el ataúd ! """
las amigas es de mi hermano,las amigas son de mi hermano
¿Vale pena encender una pequeña vela en la oscuridad que nos rodea?,¿Vale la pena encender una pequeña vela en la oscuridad que nos rodea?
tres casas de mi tío estaba cerradas,tres casas de mi tío estaban cerradas
varios libros de la casa es de mi hermano,varios libros de la casa son de mi hermano
dos autos que me diste fue pequeños,dos autos que me diste fueron pequeños
Era la unisa sondision por la sompra de Cataegis.,Era la única condición por la compra de Cataegis.
¿Y ahora ke hago?,¿Y ahora qué hago?
"Bien, ke era muy bueno, muy bueno, una persona maraviyosa.","Bien, que era muy bueno, muy bueno, una persona maravillosa."
"Entonses, tu ensiende el video y yo ire por unos nashos.","Entonces, tú enciende el video y yo ire por unos nachos."
muchas casas es de madera,muchas casas son de madera
Lo ke Homero kiere...,Lo que Homero quiere...
"No, no lo ago.","No, no lo hago."
"Pero si pecado le había situado allí, la gracia también.","Pero si el pecado le había situado allí, la gracia también."
varias niñas que vimos ayer es importantes,varias niñas que vimos ayer son importantes
"Oh, no. Es mi negro loco novio, astronauta Mike Dexter.","Oh, no. Es mi negro loco novio, el astronauta Mike Dexter."
las montañas que estaban ahí fue pequeñas,las montañas que estaban ahí fueron pequeñas
Puedez irte donde quieraz... pero Dino ze queda conmigo.,Puedes irte donde quieras... pero Dino se queda conmigo.
muchas chicas que llegaron es importantes,muchas chicas que llegaron son importantes
dos chicas que llegaron es de mi hermano,dos chicas que llegaron son de mi hermano
"Esta bien , lo siento , ¿de asuerdo ?","Está bien , lo siento , ¿de acuerdo ?"
Ayudarte a resuperar.,Ayudarte a recuperar.
Fesha de nasimiento 18/04/1918 Bars (27) - Franse,Fecha de nacimiento 18/04/1918 Barc (27) - France
varios libros de la casa era enormes,varios libros de la casa eran enormes
¿Que slase de essoria vende a su propia gente por diez mil dolares?,¿Qué clase de escoria vende a su propia gente por diez mil dólares?
¿Quiere habano?,¿Quiere un habano?
las puertas que vi tiene precio,las puertas que vi tienen precio
-Azafata... ¿Cómo ze llama?,-Azafata... ¿Cómo se llama?
esos profesores que estaban ahí es de mi hermano,esos profesores que estaban ahí son de mi hermano
estas camisas que estaban ahí era divertidas,estas camisas que estaban ahí eran divertidas
Aki viene uno ke parese elegante.,Aquí viene uno que parece elegante.
- No podemos demoler la sasa entera.,- No podemos demoler la casa entera.
Laz embraz generalmente ebitan a loz macoz fuera de loz períodoz de cría.,Las hembras generalmente evitan a los machos fuera de los períodos de cría.
"Graciaz, Kun, por elegir nueztro producto.","Gracias, Kun, por elegir nuestro producto."
Me gustaria oirlo.,Me gustaría oírlo.
esas profesoras que encontramos tiene dueño,esas profesoras que encontramos tienen dueño
dos chicos que estaban ahí tiene hambre,dos chicos que estaban ahí tienen hambre
"Si de verdad fueras Harry, no tratarias de alejarte de mi por todos los medios.","Si de verdad fueras Harry, no tratarías de alejarte de mí por todos los medios."
"- Adióz, zeñor Prezidente.","- Adiós, señor Presidente."
Y no ze puede mudar.,Y no se puede mudar.
las gallinas del parque es de mi hermano,las gallinas del parque son de mi hermano
tres puertas que encontramos es importantes,tres puertas que encontramos son importantes
estas amigas que encontramos tiene dueño,estas amigas que encontramos tienen dueño
Hemos demostrado lo teniamos ke demostrar.,Hemos demostrado lo teníamos que demostrar.
El tiro normal ez de nuebe perdigonez.,El tiro normal es de nueve perdigones.
No se puede decir jurado lo que provocó TARGA y yo tampoco,No se puede decir al jurado lo que provocó TARGA y yo tampoco
- ¡Señora Harriz!,- ¡Señora Harris!
- Eso es estupido.,- Eso es estúpido.
Limpia señal.,Limpia la señal.
esos coches que llegaron estaba sucios,esos coches que llegaron estaban sucios
"Ya, bueno, decidimoz quedarnoz por aquí y ber trabajar a loz ""expertoz""","Ya, bueno, decidimos quedarnos por aquí y ver trabajar a los ""expertos"""
- Bremer no a cancelado el debate.,- Bremer no ha cancelado el debate.
esos profesores que llegaron fue geniales,esos profesores que llegaron fueron geniales
muchas plantas que estaban ahí tiene nombre,muchas plantas que estaban ahí tienen nombre
¿Combuztible en la punta?,¿Combustible en la punta?
muchas amigas de la casa es de mi hermano,muchas amigas de la casa son de mi hermano
"Parker desia ""uno tosa lo ke uno es"", un genio.","Parker decía ""uno toca lo que uno es"", un genio."
unos chicos que había ahí era divertidos,unos chicos que había ahí eran divertidos
dos vecinos de mi tío estaba listos,dos vecinos de mi tío estaban listos
"Creo ke essogiste el banso adesuado para asaltar, Clyde.","Creo que escogiste el banco adecuado para asaltar, Clyde."
El rey de... yo eztaré allí.,El rey de... yo estaré allí.
unos pájaros que había ahí es importantes,unos pájaros que había ahí son importantes
"Aora trabajo en Simaya, en Kuwana.","Ahora trabajo en Shimaya, en Kuwana."
estas gallinas que encontramos estaba listas,estas gallinas que encontramos estaban listas
"Pero... tú no merecíaz matarlo, Peter.","Pero... tú no merecías matarlo, Peter."
¿Y az eztado zolo todo ezte tiempo?,¿Y has estado solo todo este tiempo?
De loz conzorcioz tecnológicoz ze trata en la zección IV.4.,De los consorcios tecnológicos se trata en la sección IV.4.
Supongo que tiene uzted zuerte de que yo aparezca.,Supongo que tiene usted suerte de que yo aparezca.
varios hermanos que estaban ahí era enormes,varios hermanos que estaban ahí eran enormes
"Calma, salma...","Calma, calma..."
Él tampoco lo abía eco.,Él tampoco lo había hecho.
varios perros que vi estaba mojados,varios perros que vi estaban mojados
¡No fue a ti a ke sasi matan!,¡No fue a ti a la que casi matan!
La enzalada ze zirbe al final.,La ensalada se sirve al final.
tres pájaros que estaban ahí estaba mojados,tres pájaros que estaban ahí estaban mojados
"Dissulpame, idiota.","Discúlpame, idiota."
esos chicos que llegaron fue muy bonitos,esos chicos que llegaron fueron muy bonitos
Después nos dijeron que era texto para un aviso clasificado.,Después nos dijeron que era el texto para un aviso clasificado.
estos gatos que encontramos tiene dueño,estos gatos que encontramos tienen dueño
los vecinos que vimos ayer tiene nombre,los vecinos que vimos ayer tienen nombre
dos niños que encontramos estaba sucios,dos niños que encontramos estaban sucios
"Los demás está encerrados en sus oficinas, negándose a irse.","Los demás están encerrados en sus oficinas, negándose a irse."
Ez ora de que una niñita ze bizta como tal.,Es hora de que una niñita se vista como tal.
esas canciones que tenía estaba sucias,esas canciones que tenía estaban sucias
¯Canon Epissopi?,¯Canon Episcopi?
¿Es por mi solonia?,¿Es por mi colonia?
estas amigas de la casa era enormes,estas amigas de la casa eran enormes
Es un amigo de Doyy.,Es un amigo de Dolly.
No tiene ke yevar a otros.,No tiene que llevar a los otros.
tres gatos que llegaron tiene nombre,tres gatos que llegaron tienen nombre
unos cuadros que me diste era antiguos,unos cuadros que me diste eran antiguos
Por el asesino trae un paraguas son el..,Por el asesino trae un paraguas con él..
unos pájaros estaba mojados,unos pájaros estaban mojados
"Ezpera, ¿Quién? , ¿Quién? , ¿Quién ez la Dra. Lee?","Espera, ¿Quién? , ¿Quién? , ¿Quién es la Dra. Lee?"
- No baz a ninguna parte.,- No vas a ninguna parte.
- ¿Cuántaz a la zemana? - ¿A la zemana?,- ¿Cuántas a la semana? - ¿A la semana?
Supongo que por ezo az benido.,Supongo que por eso has venido.
muchos gatos que llegaron estaba mojados,muchos gatos que llegaron estaban mojados
Su lenguaje corporal ez todo incorrecto.,Su lenguaje corporal es todo incorrecto.
estas canciones que tenía tiene dueño,estas canciones que tenía tienen dueño
- ¿Quien erez tu?,- ¿Quien eres tu?
Cualquier coza para detener ze aparta ?,Cualquier cosa para detener se aparta ?
dos jugadores del parque fue muy bonitos,dos jugadores del parque fueron muy bonitos
"Bueno, ¿eztaba mintiendo?","Bueno, ¿estaba mintiendo?"
Creo haberte ofendido... al yamarte por tu nombre. Lo siento musho.,Creo haberte ofendido... al llamarte por tu nombre. Lo siento mucho.
# Debajo de un arbol #,# Debajo de un árbol #
Los artisulos 16 a 23 seran aplisables a las solisitudes de marsa somunitaria.,Los artículos 16 a 23 serán aplicables a las solicitudes de marca comunitaria.
esos autos que había ahí tiene precio,esos autos que había ahí tienen precio
Debe zer ezpecial.,Debe ser especial.
varios coches del parque tiene nombre,varios coches del parque tienen nombre
estos pájaros del parque era enormes,estos pájaros del parque eran enormes
"Eso es lo raro, lo ke no se es... ¿Cuales de esas inisiales kedan de pie?","Eso es lo raro, lo que no sé es... ¿Cuáles de esas iniciales quedan de pie?"
unas amigas que había ahí es de mi hermano,unas amigas que había ahí son de mi hermano
los perros de la casa fue geniales,los perros de la casa fueron geniales
"Seguro que ebentualmente lo zuperaremoz, pero, ¡Dioz mío!","Seguro que eventualmente lo superaremos, pero, ¡Dios mío!"
No fue nesesario haser el mantenimiento.,No fue necesario hacer el mantenimiento.
"Si yo no puedo dormir, el tamposo.","Si yo no puedo dormir, él tampoco."
Asi ke Olivia--¿te gusta?,Así que Olivia--¿te gusta?
los cuadros que había ahí era divertidos,los cuadros que había ahí eran divertidos
"Míranoz, Señor Jezúz, para que zepamoz llorar nueztro pecado.","Míranos, Señor Jesús, para que sepamos llorar nuestro pecado."
esos amigos que había ahí era rápidos,esos amigos que había ahí eran rápidos
"Sinseramente, no resuerdo.","Sinceramente, no recuerdo."
esas sillas que llegaron es de mi hermano,esas sillas que llegaron son de mi hermano
muchas vecinas que encontramos es importantes,muchas vecinas que encontramos son importantes
muchos amigos de mi tío fue míos,muchos amigos de mi tío fueron míos
tres chicos de la casa es importantes,tres chicos de la casa son importantes
"Hola, estoy aki por apartamento.","Hola, estoy aquí por el apartamento."
- Ez un becino.,- Es un vecino.
los autos que compré tiene precio,los autos que compré tienen precio
varios hermanos que vi es de mi hermano,varios hermanos que vi son de mi hermano
Cuando el tocador de CD tronó bajamoz todoz loz dizcoz abajo.,Cuando el tocador de CD tronó bajamos todos los discos abajo.
"Es lo ke no oigo, amo Edward.","Es lo que no oigo, amo Edward."
Signifisa ke deberemos dessifrar un sonosimiento importante.,Significa que deberemos descifrar un conocimiento importante.
- Casate sonmigo hoy. - Serias bigamo. ¿Dos esposas en un dia?,- Cásate conmigo hoy. - Serías bígamo. ¿Dos esposas en un día?
"Erez Silkwood, ombre.","Eres Silkwood, hombre."
Creo ke me he ekivosado.,Creo que me he equivocado.
Tengo ke desirtelo de todas maneras.,Tengo que decírtelo de todas maneras.
los pájaros que llegaron fue míos,los pájaros que llegaron fueron míos
Podemos ir a dar poco de clase de biología.,Podemos ir a dar un poco de clase de biología.
El conflicto en Ucrania oriental tiene loz trez ingredientez en abundancia.,El conflicto en Ucrania oriental tiene los tres ingredientes en abundancia.
- todo el fin de semana sontigo.,- todo el fin de semana contigo.
Solia estar en el suarto de nuestro padre.,Solía estar en el cuarto de nuestro padre.
varias canciones que encontramos es de madera,varias canciones que encontramos son de madera
Moztrando de 51 al 60 (de 167 productoz),Mostrando de 51 al 60 (de 167 productos)
Desearia poder haber hesho algo mas.,Desearía poder haber hecho algo más.
"Te llebazte a ezaz niñaz, ¿no? - Señor...","Te llevaste a esas niñas, ¿no? - Señor..."
estas ventanas fue azules,estas ventanas fueron azules
"No lo conocíamoz, era el ermano mayor de Ali en el cuarto de al lado.","No lo conocíamos, era el hermano mayor de Ali en el cuarto de al lado."
Carlie ez la prueba.,Charlie es la prueba.
"Bueno, esto parese enfermedad preexistente.","Bueno, esto parece una enfermedad preexistente."
Quiero formular aki tres preguntas sensiyas.,Quiero formular aquí tres preguntas sencillas.
Dile a Jimmy ke kiero un bono mas grande.,Dile a Jimmy que quiero un bono mas grande.
Ez obbio por qué McBain quería laz tierraz.,Es obvio por qué McBain quería las tierras.
Odio musisa.,Odio la música.
WOLDS. es las Cotswolds.,WOLDS. son las Cotswolds.
"Lo lamento musho, pero...","Lo lamento mucho, pero..."
La reessribire entonses.,La reescribiré entonces.
¿Puedez pronunciar bagel otra bez?,¿Puedes pronunciar bagel otra vez?
No tratez de moberte.,No trates de moverte.
Y tenemoz que irnoz a un otel cada bez que queremoz eztar juntoz.,Y tenemos que irnos a un hotel cada vez que queremos estar juntos.
unas montañas que estaban ahí fue pequeñas,unas montañas que estaban ahí fueron pequeñas
lo mejor ke pueda.,lo mejor que pueda.
unas sillas que llegaron es muy útiles,unas sillas que llegaron son muy útiles
muchos zapatos que me diste era antiguos,muchos zapatos que me diste eran antiguos
muchas casas del parque fue azules,muchas casas del parque fueron azules
estas ventanas que vi era divertidas,estas ventanas que vi eran divertidas
No te andas son vueltas.,No te andas con vueltas.
Arte de la Tortuga Sagrada (complejo de la columna bertebral),Arte de la Tortuga Sagrada (complejo de la columna vertebral)
Subtitulos en español: *** Coffee-Wings Subs ***,Subtítulos en español: *** Coffee-Wings Subs ***
varios zapatos que llegaron tiene precio,varios zapatos que llegaron tienen precio
"Cuando las pruebas y dificultades llegó, Dios me permitiÃ³ orar por ello.","Cuando las pruebas y dificultades llegaron, Dios me permitiÃ³ orar por ello."
tres cuadros que me diste tiene precio,tres cuadros que me diste tienen precio
¿Quienez zon laz otraz doz perzonaz?,¿Quienes son las otras dos personas?
estas canciones que llegaron estaba rotas,estas canciones que llegaron estaban rotas
"Laz amiztadez rotaz, la confianza rota... necezitan máz tiempo para curarze.","Las amistades rotas, la confianza rota... necesitan más tiempo para curarse."
- A ablar con Arye.,- A hablar con Aryeh.
miersoles:miðvikudagur,miércoles:miðvikudagur
muchas niñas que vimos ayer tiene dueño,muchas niñas que vimos ayer tienen dueño
Evolusion del indise de partisipasion en las elessiones europeas (%),Evolución del índice de participación en las elecciones europeas (%)
"-No, no zienta.","-No, no sienta."
estas flores que tenía tiene dueño,estas flores que tenía tienen dueño
Todo es pila de porquería.,Todo es una pila de porquería.
dos hermanos tiene dueño,dos hermanos tienen dueño
Si supieses celos que he tenido de Élisa.,Si supieses los celos que he tenido de Élisa.
esas canciones que vi es importantes,esas canciones que vi son importantes
- Siempre estas disiendo ke no lo veo lo sufisiente.,- Siempre estás diciendo que no lo veo lo suficiente.
Me imagino ke deberia leer una antes de reunirme son eya...,Me imagino que debería leer una antes de reunirme con ella...
"Bueno, ¿qué ez lo que acez uzualmente cuando bienez al parque?","Bueno, ¿qué es lo que haces usualmente cuando vienes al parque?"
"De todas formas, empeñe mi somputadora.","De todas formas, empeñé mi computadora."
Eztudioz de mercado y de biabilidad,Estudios de mercado y de viabilidad
¿Al zeñor Zucker?,¿Al señor Zucker?
El texto de la decisión era siguiente:,El texto de la decisión era el siguiente:
varias puertas que vimos ayer fue azules,varias puertas que vimos ayer fueron azules
muchas puertas estaba mojadas,muchas puertas estaban mojadas
¿Creez que deberíamoz contárzelo todo?,¿Crees que deberíamos contárselo todo?
"Solo kiero ayudar, Amanda.","Sólo quiero ayudar, Amanda."
Hora de la fiezta.,Hora de la fiesta.
¿Dónde estaba las pruebas llevadas a cabo?,¿Dónde estaban las pruebas llevadas a cabo?
¿Que pasa son la mina?,¿Qué pasa con la mina?
muchas puertas que estaban ahí era antiguas,muchas puertas que estaban ahí eran antiguas
las puertas que tenía tiene precio,las puertas que tenía tienen precio
varios jugadores que estaban ahí estaba sucios,varios jugadores que estaban ahí estaban sucios
Pero ze a ido.,Pero se ha ido.
- Comer si pero para fruta sonfitada ya no sirven.,- Comer sí pero para fruta confitada ya no sirven.
"No se, tenia somo 10 u 11 años, usaba un vestido.","No sé, tenía como 10 u 11 años, usaba un vestido."
"Por aki, señor.","Por aquí, señor."
Hay cosas que los fantasmas y los empleados no debe saber.,Hay cosas que los fantasmas y los empleados no deben saber.
las chicas que llegaron tiene dueño,las chicas que llegaron tienen dueño
¿Que tan grande es tu ransho?,¿Que tan grande es tu rancho?
varias flores que había ahí era buenas,varias flores que había ahí eran buenas
esas ventanas que me diste fue muy bonitas,esas ventanas que me diste fueron muy bonitas
tres árboles que llegaron es de mi hermano,tres árboles que llegaron son de mi hermano
tres profesoras de mi tío es de mi hermano,tres profesoras de mi tío son de mi hermano
las manzanas que compré es de madera,las manzanas que compré son de madera
Eztá eztudiando a Sakezpeare.,Está estudiando a Shakespeare.
Y posiblemente mi respuesta ya ha sruzado la suya.,Y posiblemente mi respuesta ya ha cruzado la suya.
Tengo un poso de shosolate en mi suarto.,Tengo un poco de chocolate en mi cuarto.
Toda eza bazura. ¿E?,Toda esa basura. ¿Eh?
tres profesoras de mi tío fue pequeñas,tres profesoras de mi tío fueron pequeñas
las mesas que había ahí era buenas,las mesas que había ahí eran buenas
Asabo de enterarme.,Acabo de enterarme.
varias mesas que tenía era enormes,varias mesas que tenía eran enormes
varias ventanas que me diste era enormes,varias ventanas que me diste eran enormes
¿Cómo están los negocios de familia?,¿Cómo están los negocios de la familia?
esos profesores de la casa fue míos,esos profesores de la casa fueron míos
estas puertas de la casa es de madera,estas puertas de la casa son de madera
estas historias que encontramos era enormes,estas historias que encontramos eran enormes
Solo vivo para el.,Solo vivo para él.
"En tan solo seis Semanas, las algas marinas está listas para su cosecha.","En tan solo seis Semanas, las algas marinas están listas para su cosecha."
varias camisas del parque es de mi hermano,varias camisas del parque son de mi hermano
muchas historias que vimos ayer fue muy bonitas,muchas historias que vimos ayer fueron muy bonitas
La Informasion No Es Sufisiente,La Información No Es Suficiente
estos pájaros fue muy grandes,estos pájaros fueron muy grandes
- ¿Sabes ke mas sabe a poyo?,- ¿Sabes qué más sabe a pollo?
unas vecinas que había ahí estaba mojadas,unas vecinas que había ahí estaban mojadas
"Si oye que no lo eztoy aciendo, no ze zentirá inzultado?","Si oye que no lo estoy haciendo, no se sentirá insultado?"
¿Debo renunciar a ezte trabajo?,¿Debo renunciar a este trabajo?
¿Qué querías con intervención?,¿Qué querías con la intervención?
tres gallinas que estaban ahí es de mi hermano,tres gallinas que estaban ahí son de mi hermano
- ¿Eso es todo? - Si.,- ¿Eso es todo? - Sí.
- Luse bastante bien.,- Luce bastante bien.
No funciona con corba...,No funciona con un corba...
estas montañas fue pequeñas,estas montañas fueron pequeñas
tuvo melanoma durante tres años.,Tuvo melanoma durante tres años.
Y entonses ese globo aparesio y empeze a seguirlo pero no sabia donde estaba.,Y entonces ese globo apareció y empezé a seguirlo pero no sabía donde estaba.
No estarias enamorado de eya si no fuera asi.,No estarías enamorado de ella si no fuera así.
No me acercaría demaziado zi fueze tú.,No me acercaría demasiado si fuese tú.
tres niños que había ahí fue pequeños,tres niños que había ahí fueron pequeños
"Ez de la niña, ¿no?","Es de la niña, ¿no?"
los pájaros fue muy bonitos,los pájaros fueron muy bonitos
unas chicas de mi tío estaba cansadas,unas chicas de mi tío estaban cansadas
esas vecinas que vi era buenas,esas vecinas que vi eran buenas
"Knucklebonez, Knucklebonez, fuego y flamaz.","Knucklebones, Knucklebones, fuego y flamas."
Lo que significa que a mis ahorros les puedo dar destino diferente.,Lo que significa que a mis ahorros les puedo dar un destino diferente.
Esas no son palabras que usamos.,Esas no son las palabras que usamos.
Creo que ez lindo.,Creo que es lindo.
Mi ezpoza me ezpera afuera.,Mi esposa me espera afuera.
muchas historias del parque es muy útiles,muchas historias del parque son muy útiles
varias canciones que vi tiene precio,varias canciones que vi tienen precio
"- Feliz Nabidad, Kelly.","- Feliz Navidad, Kelly."
"Si bussas platiyos voladores, vete al sarajo.","Si buscas platillos voladores, vete al carajo."
Eztá enjaulado.,Está enjaulado.
Ven a ver perro Hiskory.,Ven a ver al perro Hickory.
No lo sabes. Si lo se.,No lo sabes. Sí lo sé.
dos manzanas de la casa fue caras,dos manzanas de la casa fueron caras
Aunque estas no necesita respaldo.,Aunque estas no necesitan respaldo.
"No hemos visto nada de eso, mientras íbamos hacia río.","No hemos visto nada de eso, mientras íbamos hacia el río."
"Bueno, tenemos asunto de Justin.","Bueno, tenemos el asunto de Justin."
Y te an matado por ello.,Y te han matado por ello.
unos perros de la casa fue míos,unos perros de la casa fueron míos
Mañana ba a operar al Prezidente.,Mañana va a operar al Presidente.
Eya me sambia nombre de una planta a otra.,Ella me cambia el nombre de una planta a otra.
Las piezas no simplemente ensajan perfestamente juntos.,Las piezas no simplemente encajan perfectamente juntos.
Desayuno somo siempre y lo hizo bien.,Desayunó como siempre y lo hizo bien.
No jugazte limpio.,No jugaste limpio.
"Ya zabez, preparamoz la comida en ezta encimera.","Ya sabes, preparamos la comida en esta encimera."
Uno aprende son edad.,Uno aprende con la edad.
los libros que encontramos estaba rotos,los libros que encontramos estaban rotos
Es muy importante Adam ke no muevas tu sabeza.,Es muy importante Adam que no muevas tu cabeza.
ejecución y ebaluación de campañaz de zeguridad bial ez ezcaza.,ejecución y evaluación de campañas de seguridad vial es escasa.
"No desean vivir en una siudad, sea grande o pekeña, sino en mundo.","No desean vivir en una ciudad, sea grande o pequeña, sino en el mundo."
"En fin, grasias.","En fin, gracias."
¿Arma ezcogida?,¿Arma escogida?
tres regalos que llegaron es de mi hermano,tres regalos que llegaron son de mi hermano
tres cuadros que encontramos fue geniales,tres cuadros que encontramos fueron geniales
No te gustaria.,No te gustaría.
unas profesoras del parque tiene dueño,unas profesoras del parque tienen dueño
Eya es una Mar Negro.,Ella es una del Mar Negro.
varios zapatos que encontramos fue geniales,varios zapatos que encontramos fueron geniales
Hemos hesho mas reformas en suatro años ke en los suarenta años anteriores.,Hemos hecho más reformas en cuatro años que en los cuarenta años anteriores.
Y he aquí presentación de este gran ícono británico llamado Isabel I.,Y he aquí la presentación de este gran ícono británico llamado Isabel I.
tres flores que encontramos tiene precio,tres flores que encontramos tienen precio
Hablando de trabajo... ¿Cuando pensabas kitarme el trabajo?,Hablando de trabajo... ¿Cuándo pensabas quitarme el trabajo?
estas puertas que había ahí tiene dueño,estas puertas que había ahí tienen dueño
Será un ombre muy rico. Muy pujante.,Será un hombre muy rico. Muy pujante.
¿Dónde está anillo?,¿Dónde está el anillo?
No te detengaz Haz algo de ruido,No te detengas Haz algo de ruido
"Oh, ¡tienes ke estar bromeando sarajo¡","Oh, ¡tienes que estar bromeando carajo¡"
- No me paresio. ¿Que tal este?,- No me pareció. ¿Qué tal éste?
¿Que santidad de likidos toma diariamente?,¿Qué cantidad de líquidos toma diariamente?
tres amigos que vimos ayer fue muy grandes,tres amigos que vimos ayer fueron muy grandes
Azezoramiento técnico ezpecializado,Asesoramiento técnico especializado
"¿Que es esto, un debate elestoral?","¿Qué es esto, un debate electoral?"
Mantenloz cerradoz.,Mantenlos cerrados.
Fue un regalo de un Tony Stark.,Fué un regalo de un Tony Stark.
El eztudio ez por aquí.,El estudio es por aquí.
dos niñas que vimos ayer es de mi hermano,dos niñas que vimos ayer son de mi hermano
Parker esta bien.,Parker está bien.
Luego te dises:,Luego te dices:
muchos pájaros de mi tío era rápidos,muchos pájaros de mi tío eran rápidos
Necesito dinero antes de eso.,Necesito el dinero antes de eso.
unas plantas de mi tío es de madera,unas plantas de mi tío son de madera
los coches que tenía tiene precio,los coches que tenía tienen precio
Yo pago tragos.,Yo pago los tragos.
varias camisas que llegaron era enormes,varias camisas que llegaron eran enormes
¿Cual es tu mision? Habla.,¿Cuál es tu misión? Habla.
unas mesas que tenía fue nuevas,unas mesas que tenía fueron nuevas
Me ban a matar.,Me van a matar.
estas mesas que estaban ahí era antiguas,estas mesas que estaban ahí eran antiguas
estos perros que vimos ayer era divertidos,estos perros que vimos ayer eran divertidos
¡Bajen laz armaz!,¡Bajen las armas!
tres chicos que llegaron tiene nombre,tres chicos que llegaron tienen nombre
"A las 24 semanas, sentiras algunas patadas.","A las 24 semanas, sentirás algunas patadas."
Podría ir zubiendo azta el brazo...,Podría ir subiendo hasta el brazo...
"No te dissulpes, Barry. Wiy nesesitaba oirlo.","No te disculpes, Barry. Will necesitaba oirlo."
estos profesores que vimos ayer fue pequeños,estos profesores que vimos ayer fueron pequeños
estos zapatos que llegaron tiene nombre,estos zapatos que llegaron tienen nombre
"Si, señor, pero suando iba a embarsar, no pude.","Sí, señor, pero cuando iba a embarcar, no pude."
"Muy bien, benga conmigo.","Muy bien, venga conmigo."
Lucifer noz guiará a la gloria.,Lucifer nos guiará a la gloria.
esos coches que vimos ayer estaba rotos,esos coches que vimos ayer estaban rotos
estos niños de la casa fue muy bonitos,estos niños de la casa fueron muy bonitos
"Dijo ez ""ipocobela","Dijo es ""hipocobela"
unos cuadros que vimos ayer era enormes,unos cuadros que vimos ayer eran enormes
Tienen a mi ermana.,Tienen a mi hermana.
Clamen por mí y yo permaneceré en uztedez.,Clamen por mí y yo permaneceré en ustedes.
dos puertas de la casa estaba sucias,dos puertas de la casa estaban sucias
No zé. No contezta ninguna de miz llamadaz.,No sé. No contesta ninguna de mis llamadas.
"Y, oye, te guzta pintar.","Y, oye, te gusta pintar."
esos amigos fue pequeños,esos amigos fueron pequeños
¿Adónde ze fue mi perrito?,¿Adónde se fue mi perrito?
unos gatos que estaban ahí era rápidos,unos gatos que estaban ahí eran rápidos
Sammy! -Espera aki sonmigo!,Sammy! -Espera aquí conmigo!
estas canciones que vimos ayer es de madera,estas canciones que vimos ayer son de madera
Elizabet... ¡Elizabet!,Elizabeth... ¡Elizabeth!
ay alguien más que lo haría gustaría tener unas palabras con usted.,Hay alguien más que lo haría gustaría tener unas palabras con usted.
¿Quierez un abrazo?,¿Quieres un abrazo?
dos plantas que tenía estaba listas,dos plantas que tenía estaban listas
"Mushas grasias, saludos!","Muchas gracias, saludos!"
Una shisa para sombinar son tu siya.,Una chica para combinar con tu silla.
Nunca e ezcucado de ezo.,Nunca he escuchado de eso.
esos niños que llegaron es importantes,esos niños que llegaron son importantes
Dije que tal vez podamos pasar noche en mis casa.,Dije que tal vez podamos pasar la noche en mis casa.
dos canciones que había ahí era enormes,dos canciones que había ahí eran enormes
No pueden costearse perdernos en Congreso.,No pueden costearse perdernos en el Congreso.
- ¿No te estaras enfermando? - Nunsa me senti mejor.,- ¿No te estarás enfermando? - Nunca me sentí mejor.
En mushos lugares.,En muchos lugares.
Nunsa terminaremos asi.,Nunca terminaremos así.
"Yo zoy Ron, tengo 28 añoz.","Yo soy Ron, tengo 28 años."
las chicas que vimos ayer es importantes,las chicas que vimos ayer son importantes
muchos autos que me diste es muy útiles,muchos autos que me diste son muy útiles
"- Quizás sea mejor que baya Geppe, ...que lo conocen menos.","- Quizás sea mejor que vaya Geppe, ...que lo conocen menos."
Puedes interpretar al sondustor autobus de Champs-Élysees.,Puedes interpretar al conductor del autobús de Champs-Élysées.
¿Eztáz lizta para entrar y conocer a tuz nueboz amigoz?,¿Estás lista para entrar y conocer a tus nuevos amigos?
"Muy bien, pienza, pienza Crunc!","Muy bien, piensa, piensa Crunch!"
- Creo ke ayi ensontraremos alguna evidensia.,- Creo que allí encontraremos alguna evidencia.
"De este, estoy enamorada.","De éste, estoy enamorada."
dos chicas que vimos ayer fue pequeñas,dos chicas que vimos ayer fueron pequeñas
"Ez extraño, Doctor.","Es extraño, Doctor."
"puntoz Cuando mi mamá tiene un _____, ella toma té con miel.","puntos Cuando mi mamá tiene un _____, ella toma té con miel."
Era que cualquier forma para mí ablar con mi ijo?,Era que cualquier forma para mí hablar con mi hijo?
tres vecinos que encontramos es importantes,tres vecinos que encontramos son importantes
Eso nos ayudara musho al planifisar para el proximo sambio de polos,Eso nos ayudará mucho al planificar para el próximo cambio de polos
"Teory Comput. Syzt. 54 (2014), no. 2, 318â 336. 68Q15 (68R10)","Theory Comput. Syst. 54 (2014), no. 2, 318â 336. 68Q15 (68R10)"
esos gatos que había ahí era divertidos,esos gatos que había ahí eran divertidos
las manzanas que vimos ayer estaba cerradas,las manzanas que vimos ayer estaban cerradas
"Apártenze, ba a explotar de nuebo!","Apártense, va a explotar de nuevo!"
"Desde ese momento, precio del oro comenzó a subir.","Desde ese momento, el precio del oro comenzó a subir."
¿Por ke ahora?,¿Por qué ahora?
- No mires hasia aya.,- No mires hacia allá.
unos profesores de mi tío tiene nombre,unos profesores de mi tío tienen nombre
Ponla en calabozo.,Ponla en el calabozo.
¿Qué eztáz aciendo?,¿Qué estás haciendo?
esos chicos que vimos ayer estaba cansados,esos chicos que vimos ayer estaban cansados
"Yo, suando no sabia ke les habia pasado a mis papas, tambien estaba muy triste.","Yo, cuando no sabía qué les había pasado a mis papás, también estaba muy triste."
"¿Te guzta tanto la cárcel, Ray?","¿Te gusta tanto la cárcel, Ray?"
- Esta en plasard del dormitorio.,- Está en el placard del dormitorio.
Y de zeguro podemoz decir que la nobia ez una belleza.,Y de seguro podemos decir que la novia es una belleza.
esos gatos que vi era rápidos,esos gatos que vi eran rápidos
dos gallinas que llegaron estaba sucias,dos gallinas que llegaron estaban sucias
tres pájaros es importantes,tres pájaros son importantes
¿La shisa ke essribio el artisulo?,¿La chica que escribió el artículo?
"¡Es por eyo, ke usted debe saber exastamente ke sontiene su envio!","¡Es por ello, que usted debe saber exactamente que contiene su envío!"
"""Te Dizcobery of te Pacific Izlandz"".","""The Discovery of the Pacific Islands""."
Por suerte ya no era novios.,Por suerte ya no eran novios.
En realidad sreo ke voy a essribir rato.,En realidad creo que voy a escribir un rato.
Atienden azta laz 10:00.,Atienden hasta las 10:00.
"- No, va a llegar trauma.","- No, va a llegar un trauma."
unas chicas que había ahí estaba cansadas,unas chicas que había ahí estaban cansadas
varios perros del parque era rápidos,varios perros del parque eran rápidos
es los detalles los duros.,Son los detalles los duros.
"Si rebizan el baúl, noz arreztan.","Si revisan el baúl, nos arrestan."
tres zapatos que vimos ayer fue míos,tres zapatos que vimos ayer fueron míos
varias casas de mi tío tiene dueño,varias casas de mi tío tienen dueño
dos sillas que tenía es de madera,dos sillas que tenía son de madera
"""Rezultadoz de la Central"".","""Resultados de la Central""."
esas casas que compré era divertidas,esas casas que compré eran divertidas
"No eres tú, es ellos","No eres tú, son ellos"
varias casas que encontramos fue azules,varias casas que encontramos fueron azules
tres zapatos de la casa estaba mojados,tres zapatos de la casa estaban mojados
unos jugadores que vimos ayer era rápidos,unos jugadores que vimos ayer eran rápidos
"Bajan por essalera este, señora, y salen por la puerta trasera.","Bajan por la escalera este, señora, y salen por la puerta trasera."
... ¿De qué eztáz ablando?,... ¿De qué estás hablando?
Dinoz lo que te benga en gana.,Dinos lo que te venga en gana.
4.3 Contraindisasiones,4.3 Contraindicaciones
tres ventanas de la casa tiene dueño,tres ventanas de la casa tienen dueño
tres manzanas que había ahí es muy útiles,tres manzanas que había ahí son muy útiles
unas chicas del parque era divertidas,unas chicas del parque eran divertidas
"Nadie manda a Mr. gato por aki, tio.","Nadie manda a Mr. gato por aki, tío."
¿Que diablos estan hasiendo aki?,¿Qué diablos están haciendo aquí?
"""coge a tu ijo, tu único ijo.","""coge a tu hijo, tu único hijo."
"No he sambiado nunsa de registro, kerida.","No he cambiado nunca de registro, querida."
las flores del parque estaba mojadas,las flores del parque estaban mojadas
¿De donde venimos?,¿De dónde venimos?
dos sillas que encontramos tiene nombre,dos sillas que encontramos tienen nombre
esas sillas del parque fue muy bonitas,esas sillas del parque fueron muy bonitas
Eza no ez la rezpuezta.,Esa no es la respuesta.
Justo ahora existe sentimiento de ke Russey ensontro el idolo de inmunidad.,Justo ahora existe el sentimiento de que Russell encontró el ídolo de inmunidad.
El ziztema Digigrap - Mercadoz,El sistema Digigraph - Mercados
- ¿Donde esta la 'pos-fiesta'?,- ¿Dónde está la 'pos-fiesta'?
unos libros que había ahí fue muy bonitos,unos libros que había ahí fueron muy bonitos
Debe tomar un autobúz.,Debe tomar un autobús.
estos pájaros que vimos ayer tiene dueño,estos pájaros que vimos ayer tienen dueño
No loz culpo. Lo juro por Dioz.,No los culpo. Lo juro por Dios.
tres mesas que tenía estaba mojadas,tres mesas que tenía estaban mojadas
unas mesas que me diste era divertidas,unas mesas que me diste eran divertidas
"- Bien, está esos condenados chulos... - ¡Déjamelos a mí!","- Bien, están esos condenados chulos... - ¡Déjamelos a mí!"
varios pájaros de mi tío estaba sucios,varios pájaros de mi tío estaban sucios
Los muros de cemento del búnker intensificarán explosión.,Los muros de cemento del búnker intensificarán la explosión.
"Muevete, Muevete.","Muévete, Muévete."
Dijo que uzted tenía. leccionez que aprender.,Dijo que usted tenía. lecciones que aprender.
¿Por ke no? Tu insendiaste mi sasa. Me robaste a Mike.,¿Por qué no? Tú incendiaste mi casa. Me robaste a Mike.
"Ten un buen dia, sariño.","Ten un buen dia, cariño."
estas niñas era rápidas,estas niñas eran rápidas
esas amigas que encontramos es de mi hermano,esas amigas que encontramos son de mi hermano
Va a eztar enojada.,Va a estar enojada.
varias profesoras que encontramos es de mi hermano,varias profesoras que encontramos son de mi hermano
muchos libros que había ahí fue nuevos,muchos libros que había ahí fueron nuevos
estas canciones de la casa tiene dueño,estas canciones de la casa tienen dueño
He de hablar con señor Burgoyne y hacer que le devuelva el empleo.,He de hablar con el señor Burgoyne y hacer que le devuelva el empleo.
¿Ya puede completarze eza batería?,¿Ya puede completarse esa batería?
¿Acazo fue con zu propia fuerza de boluntad? ¿O fue un efecto del gaz?,¿Acaso fue con su propia fuerza de voluntad? ¿O fue un efecto del gas?
¿Eso es lo ke parese ser?,¿Eso es lo que parece ser?
Esta deseando haserse son poder.,Está deseando hacerse con el poder.
tres historias que tenía es de mi hermano,tres historias que tenía son de mi hermano
Es mejor sonmigo ahora ke suando estaba sontigo.,Es mejor conmigo ahora que cuando estaba contigo.
"Ya lo hasemos, pensandolo bien.","Ya lo hacemos, pensándolo bien."
¿Dónde eztaban laz pruebaz llebadaz a cabo?,¿Dónde estaban las pruebas llevadas a cabo?
Eres somo un manzano entre arboles del boske.,Eres como un manzano entre los árboles del bosque.
los coches de mi tío es de mi hermano,los coches de mi tío son de mi hermano
varios chicos de la casa tiene dueño,varios chicos de la casa tienen dueño
"""O, mamá, e zido un cico malo ezta noce.""","""Oh, mamá, he sido un chico malo esta noche."""
"Esas chaquetas y pañuelos a cuadros son muy comunes, ¿no?","Esas chaquetas y los pañuelos a cuadros son muy comunes, ¿no?"
Ezta mujer eztaba en forma eztupenda.,Esta mujer estaba en forma estupenda.
Es como si tuvieras segundo comienzo.,Es como si tuvieras un segundo comienzo.
Florín neerlandéz — Todoz loz productoz,Florín neerlandés — Todos los productos
tres árboles fue nuevos,tres árboles fueron nuevos
varios vecinos que encontramos era divertidos,varios vecinos que encontramos eran divertidos
dos chicos que había ahí estaba sucios,dos chicos que había ahí estaban sucios
dos hermanos que llegaron es de mi hermano,dos hermanos que llegaron son de mi hermano
unos juguetes que vi estaba mojados,unos juguetes que vi estaban mojados
El mundo tiene zuficiente de críticoz.,El mundo tiene suficiente de críticos.
Ez una experta.,Es una experta.
"Stoke tiene mala reputasion, pero es un gran lugar.","Stoke tiene mala reputación, pero es un gran lugar."
dos amigos que llegaron estaba mojados,dos amigos que llegaron estaban mojados
Tu dijiste ke nesesitabas probar ke Disk Fitz estaba detras del volante.,Tú dijiste que necesitabas probar que Dick Fitz estaba detras del volante.
"No podríaz ni dormir allí en el zuelo. y yo tampoco, preocupándome por tí.","No podrías ni dormir allí en el suelo. y yo tampoco, preocupándome por tí."
-¿Por qué no puede aceptar Patrick que zu padre eztá muerto?,-¿Por qué no puede aceptar Patrick que su padre está muerto?
estos pájaros que llegaron es importantes,estos pájaros que llegaron son importantes
Aki viene Tony.,Aquí viene Tony.
"- ¡Bien eco, Deloz!","- ¡Bien hecho, Delos!"
Por lo menos me merezco explicación.,Por lo menos me merezco una explicación.
estos zapatos que estaban ahí tiene dueño,estos zapatos que estaban ahí tienen dueño
muchas plantas que había ahí es importantes,muchas plantas que había ahí son importantes
Imagen del srepussulo en Eslovenia,Imagen del crepúsculo en Eslovenia
unas manzanas que vimos ayer fue muy bonitas,unas manzanas que vimos ayer fueron muy bonitas
Ez muy preciada.,Es muy preciada.
OFICINA DE PUBLICACIONES OFICIALES DE COMUNIDADES EUROPEAS,OFICINA DE PUBLICACIONES OFICIALES DE LAS COMUNIDADES EUROPEAS
varias casas que encontramos era divertidas,varias casas que encontramos eran divertidas
Pero no tengo miedo al compromizo.,Pero no tengo miedo al compromiso.
Voy a comprar aeroplano.,Voy a comprar un aeroplano.
Nespo 60 misrogramos solusion inyestable en pluma presargada Darbepoetin alfa,Nespo 60 microgramos solución inyectable en pluma precargada Darbepoetin alfa
los chicos de mi tío estaba cansados,los chicos de mi tío estaban cansados
unos hermanos que vi tiene hambre,unos hermanos que vi tienen hambre
¡Voy a decir lo que tengo que acer!,¡Voy a decir lo que tengo que hacer!
unas chicas que estaban ahí estaba sucias,unas chicas que estaban ahí estaban sucias
Tengo a Stan dentro de su suna.,Tengo a Stan dentro de su cuna.
"A mi señal, ambas tribus van a arrastrarse debajo de una serie de obstasulos.","A mi señal, ambas tribus van a arrastrarse debajo de una serie de obstáculos."
"Pero... ¿ve somo no puedo dejarle solo, ke sin mi usted no razona?","Pero... ¿ve cómo no puedo dejarle solo, que sin mí usted no razona?"
"En el zéptimo día, dezcanzé.","En el séptimo día, descansé."
unos jugadores que vimos ayer estaba sucios,unos jugadores que vimos ayer estaban sucios
"Pero luego tuvo miedo, de ser dessubierto.","Pero luego tuvo miedo, de ser descubierto."
varios cuadros de mi tío tiene precio,varios cuadros de mi tío tienen precio
Quiero decir... a reconstruir cosas.,Quiero decir... a reconstruir las cosas.
¿Que yo trato de deztruir a tu familia?,¿Que yo trato de destruir a tu familia?
varios gatos que vimos ayer estaba mojados,varios gatos que vimos ayer estaban mojados
varias sillas de la casa estaba listas,varias sillas de la casa estaban listas
Apenaz terminadaz laz bacacionez.,Apenas terminadas las vacaciones.
- ¿Si estas de asuerdo?,- ¿Si estás de acuerdo?
"Era Superboy, podía hacerlo poco diferente...","Era Superboy, podía hacerlo un poco diferente..."
varias montañas era divertidas,varias montañas eran divertidas
Eso no sambia nada.,Eso no cambia nada.
"- Cariño, ¿qué ora ez?","- Cariño, ¿qué hora es?"
No puedo cargar con ezto en mi conciencia.,No puedo cargar con esto en mi conciencia.
La baze imponible ze determinará con arreglo a laz normaz generalez.,La base imponible se determinará con arreglo a las normas generales.
¿Por qué lo aría?,¿Por qué lo haría?
estos regalos fue geniales,estos regalos fueron geniales
tres manzanas que vi estaba rotas,tres manzanas que vi estaban rotas
Destinos mas populares de Gresia,Destinos más populares de Grecia
No te preocupez.,No te preocupes.
Eya hase ke me sienta sompleta.,Ella hace que me sienta completa.
-Quiere berme. Bien.,-Quiere verme. Bien.
Solucionez y enlacez - RedGealc,Soluciones y enlaces - RedGealc
tres zapatos que estaban ahí era buenos,tres zapatos que estaban ahí eran buenos
varios libros que vi es importantes,varios libros que vi son importantes
las chicas que había ahí tiene hambre,las chicas que había ahí tienen hambre
tres sillas que vimos ayer era antiguas,tres sillas que vimos ayer eran antiguas
varios pájaros que llegaron era enormes,varios pájaros que llegaron eran enormes
Pienzo que trabajaz tanto porque ya no te guzta eztar conmigo.,Pienso que trabajas tanto porque ya no te gusta estar conmigo.
esos pájaros que encontramos es importantes,esos pájaros que encontramos son importantes
Hago un llamamiento a loz funcionarioz encargadoz de acer cumplir la ley.,Hago un llamamiento a los funcionarios encargados de hacer cumplir la ley.
"Si, de Jasksonviye, Florida, mañana del 28 de Enero.","Si, de Jacksonville, Florida, la mañana del 28 de Enero."
"¡Cayate, sobarde!","¡Cállate, cobarde!"
varias mesas que había ahí fue geniales,varias mesas que había ahí fueron geniales
"La Junta de Comersio y Desarroyo,","La Junta de Comercio y Desarrollo,"
tres canciones es de mi hermano,tres canciones son de mi hermano
Ponganle la sanguijuela.,Pónganle la sanguijuela.
Sólo necesito lugar donde descansar.,Sólo necesito un lugar donde descansar.
"Mala desision por Google, y voy a dejar de usar Chrome en señal de protesta.","Mala decisión por Google, y voy a dejar de usar Chrome en señal de protesta."
-Seguro. -Deberia avergonzarte de ti mismo.,-Seguro. -Debería avergonzarte de ti mismo.
tres historias del parque fue pequeñas,tres historias del parque fueron pequeñas
¿Podríamoz ir al océano luego?,¿Podríamos ir al océano luego?
unos perros que encontramos tiene nombre,unos perros que encontramos tienen nombre
"Uno mató guardia de seguridad, Tony Fenn.","Uno mató al guardia de seguridad, Tony Fenn."
unos profesores que encontramos fue pequeños,unos profesores que encontramos fueron pequeños
"Eric, no me pongaz en ezta pozición, ¿bale?","Eric, no me pongas en esta posición, ¿vale?"
estas canciones que encontramos estaba rotas,estas canciones que encontramos estaban rotas
Gareb el que dezapareció ez mi ermano.,Gareb el que desapareció es mi hermano.
- Produssiones Marseyès.,- Producciones Marsellès.
estas profesoras que había ahí fue pequeñas,estas profesoras que había ahí fueron pequeñas
Mushos lamentaremos verlo ahorsado.,Muchos lamentaremos verlo ahorcado.
las amigas que encontramos fue muy grandes,las amigas que encontramos fueron muy grandes
"Son flores silvestres, las últimas de temporada.","Son flores silvestres, las últimas de la temporada."
"Mushasha, essushe...","Muchacha, escuche..."
"Sí, bueno, algunoz olemoz peor que otroz.","Sí, bueno, algunos olemos peor que otros."
Ezo ez zuficiente para que el eztado te juzgue como adulto.,Eso es suficiente para que el estado te juzgue como adulto.
varias montañas que me diste era divertidas,varias montañas que me diste eran divertidas
estos árboles fue geniales,estos árboles fueron geniales
dos niños de la casa tiene dueño,dos niños de la casa tienen dueño
"Hal nada, azta aora.","Hal nada, hasta ahora."
¡No salio de mi rabo!,¡No salió de mi rabo!
- ¿Quien va a ser?,- ¿Quién va a ser?
¡Laz llabez eztaban pueztaz!,¡Las llaves estaban puestas!
El hombre tras esos desarroyos fue tan sontrovertido ke solgaron su muñeso.,El hombre tras esos desarrollos fue tan controvertido que colgaron su muñeco.
"Traicionera, pérfida, dezleal.","Traicionera, pérfida, desleal."
¿Que sientes suando estas feliz?,¿Qué sientes cuándo estas feliz?
1)Presio sompetitivo son alta salidad.,1)Precio competitivo con alta calidad.
muchos árboles que compré es de mi hermano,muchos árboles que compré son de mi hermano
varios autos de la casa fue azules,varios autos de la casa fueron azules
varias niñas que vimos ayer fue muy grandes,varias niñas que vimos ayer fueron muy grandes
unas montañas que compré era buenas,unas montañas que compré eran buenas
"Bueno, para todoz.","Bueno, para todos."
varias manzanas de mi tío estaba cerradas,varias manzanas de mi tío estaban cerradas
las profesoras que encontramos era rápidas,las profesoras que encontramos eran rápidas
Noz eztá liando.,Nos está liando.
Solo ay uno que importa...,Solo hay uno que importa...
"Ni sombriya tamposo, slaro.","Ni la sombrilla tampoco, claro."
Ir ejemplo de aplicación...,Ir al ejemplo de aplicación...
"Lo veran, lo essusharan, lo sentiran y lo sonoseran por lo ke es.","Lo verán, lo escucharán, lo sentirán y lo conocerán por lo que es."
esas montañas que compré tiene precio,esas montañas que compré tienen precio
"- Dissulpe, señor.","- Disculpe, señor."
"Elloz parecen zer zacerdotez, zon clérigoz beztidoz de negro.","Ellos parecen ser sacerdotes, son clérigos vestidos de negro."
tres chicas que vi fue mías,tres chicas que vi fueron mías
- ¿Lo an abzuelto?,- ¿Lo han absuelto?
Su trenza se balancea como serpiente.,Su trenza se balancea como una serpiente.
Me conquiztazte por completo.,Me conquistaste por completo.
Tenemos un sasino ke robar.,Tenemos un casino que robar.
La izlamofobia aumenta en el Reino Unido.,La islamofobia aumenta en el Reino Unido.
"Disponible en blanso, negro, gris, oyster y grafito.","Disponible en blanco, negro, gris, oyster y grafito."
"Quiero decir, él ez quien ez.","Quiero decir, él es quien es."
Ez mi artizta faborito.,Es mi artista favorito.
"Pueden darme el zobre, por fabor?","Pueden darme el sobre, por favor?"
"Oye, ¿eztá Mario allí?","Oye, ¿está Mario allí?"
Las escrituras dice:,Las escrituras dicen:
La señal ke kito de la puerta.,La señal que quitó de la puerta.
Lejos de puerta.,Lejos de la puerta.
"Lo que ablamoz de loz problemaz de la familia, por ejemplo.","Lo que hablamos de los problemas de la familia, por ejemplo."
Loboz... eztán perdiendo el tiempo.,Lobos... están perdiendo el tiempo.
Y despues se les olvida.,Y después se les olvida.
varias sillas que encontramos tiene nombre,varias sillas que encontramos tienen nombre
Aún no ze zabe quiénez zerán loz dueñoz.,Aún no se sabe quiénes serán los dueños.
Abizo de impacto.,Aviso de impacto.
Dile por ke sales son el.,Dile por qué sales con él.
muchas camisas que había ahí fue mías,muchas camisas que había ahí fueron mías
- ¡No ay nada!,- ¡No hay nada!
los profesores que había ahí estaba listos,los profesores que había ahí estaban listos
- No quiero ablar contigo.,- No quiero hablar contigo.
"Emile Danko, él a eztado dirigiendo todo ezto.","Emile Danko, él ha estado dirigiendo todo esto."
¿Por ke te metio ahi dentro?,¿Por qué te metió ahí dentro?
dos sillas que llegaron tiene nombre,dos sillas que llegaron tienen nombre
unas canciones del parque es de mi hermano,unas canciones del parque son de mi hermano
muchos zapatos que estaban ahí es muy útiles,muchos zapatos que estaban ahí son muy útiles
dos chicos que vi es de mi hermano,dos chicos que vi son de mi hermano
tres cuadros que tenía tiene precio,tres cuadros que tenía tienen precio
"- Sí, el prezidente de McGraw-Hill.","- Sí, el presidente de McGraw-Hill."
dos niños de mi tío fue muy grandes,dos niños de mi tío fueron muy grandes
esos hermanos que llegaron fue pequeños,esos hermanos que llegaron fueron pequeños
"- Bien hesho, lo sasaremos ahora.","- Bien hecho, lo sacaremos ahora."
== Biografía ==Su padrez ze llaman Arzenio Acozta y Juana León.,== Biografía ==Su padres se llaman Arsenio Acosta y Juana León.
"Con Gary, pensaba ke por fin estaba somoda son ml sexualidad.","Con Gary, pensaba que por fin estaba cómoda con ml sexualidad."
varios amigos que llegaron fue muy grandes,varios amigos que llegaron fueron muy grandes
No eztamoz ablando de derribarlo.,No estamos hablando de derribarlo.
"Si ha leído de ayer, ¿para qué leer el de hoy?","Si ha leído el de ayer, ¿para qué leer el de hoy?"
Sólo ella me intereza.,Sólo ella me interesa.
unas profesoras que estaban ahí es importantes,unas profesoras que estaban ahí son importantes
Necesitamos archivos de clínica Vanadis.,Necesitamos archivos de la clínica Vanadis.
¿Qué te parece el alcool?,¿Qué te parece el alcohol?
¿Cuándo fue la última bez que le bio?,¿Cuándo fue la última vez que le vio?
tres montañas de mi tío tiene precio,tres montañas de mi tío tienen precio
Es solo por noshe.,Es sólo por una noche.
esas flores de la casa es muy útiles,esas flores de la casa son muy útiles
"No importa, zé que la ozcuridad da miedo al principio.","No importa, sé que la oscuridad da miedo al principio."
tres coches del parque era divertidos,tres coches del parque eran divertidos
las chicas que vi era rápidas,las chicas que vi eran rápidas
Pero kizas deberias yamarle.,Pero quizás deberías llamarle.
varios juguetes que compré tiene dueño,varios juguetes que compré tienen dueño
"Como persona, si.","Como persona, sí."
las mesas que encontramos es de mi hermano,las mesas que encontramos son de mi hermano
No se...fue somo un sueño. Un monton de sosas ke tenia almasenadas en la mente.,No sé...fue como un sueño. Un montón de cosas que tenía almacenadas en la mente.
¿Entoncez eztá bien?,¿Entonces está bien?
tres niñas de mi tío tiene nombre,tres niñas de mi tío tienen nombre
esos zapatos que compré era divertidos,esos zapatos que compré eran divertidos
Te lo hare saber suando yegue.,Te lo haré saber cuando llegue.
"¿Ez ezo berdad, Jezze?","¿Es eso verdad, Jesse?"
Pedi a mis tesnisos ke pongan el enlase.,Pedí a mis técnicos que pongan el enlace.
"Asimismo, es posible ensontralo en las Islas Galapagos.","Asimismo, es posible encontralo en las Islas Galápagos."
"Señor Presidente, me gustaria dar las grasias a ponente por su trabajo.","Señor Presidente, me gustaría dar las gracias a la ponente por su trabajo."
muchas vecinas que encontramos fue mías,muchas vecinas que encontramos fueron mías
"Solo 2 segundos, señor Berger...","Sólo 2 segundos, señor Berger..."
tres chicas que encontramos fue mías,tres chicas que encontramos fueron mías
Cooperasion regional para reglamentar las somunisasiones,Cooperación regional para reglamentar las comunicaciones
esos regalos que encontramos fue azules,esos regalos que encontramos fueron azules
unas amigas que estaban ahí tiene dueño,unas amigas que estaban ahí tienen dueño
"No lo mataron, no le paso nada malo.","No lo mataron, no le pasó nada malo."
Ez mi prometida dezde ace 6 mezez.,Es mi prometida desde hace 6 meses.
No ay otra solución.,No hay otra solución.
Eztaba con una mujer con el culo y laz tetaz al aire.,Estaba con una mujer con el culo y las tetas al aire.
"Uh, no, yo la agarrare.","Uh, no, yo la agarraré."
unos cuadros fue pequeños,unos cuadros fueron pequeños
esas camisas del parque fue caras,esas camisas del parque fueron caras
¿Podrías por favor decirle que los hombres y las mujeres puede ser amigos?,¿Podrías por favor decirle que los hombres y las mujeres pueden ser amigos?
¿Es eso un ofisial aleman?,¿Es eso un oficial alemán?
Tengo a Phiyip ensima sada dia.,Tengo a Phillip encima cada día.
"La erida no ez grabe, ¿berdad?","La herida no es grave, ¿verdad?"
muchos árboles que encontramos fue pequeños,muchos árboles que encontramos fueron pequeños
"Las feshas ekivosadas, el sumpleaños esta ekivosado.","Las fechas equivocadas, el cumpleaños está equivocado."
dos niños fue míos,dos niños fueron míos
- ¿Nesesitas ayuda?,- ¿Necesitas ayuda?
"- A mierda, vamos al bar.","- A la mierda, vamos al bar."
Y Luke. Mi ijo.,Y Luke. Mi hijo.
No podemoz quedarnoz aquí.,No podemos quedarnos aquí.
Laz Uniberzidadez ze fijan en cozaz como eza.,Las Universidades se fijan en cosas como esa.
Nunca lo conocí azta el funeral de mi padre.,Nunca lo conocí hasta el funeral de mi padre.
estos libros que me diste es muy útiles,estos libros que me diste son muy útiles
dos mesas del parque estaba sucias,dos mesas del parque estaban sucias
Para ezo me llamaron y en oraz lo eztábamoz ziguiendo.,Para eso me llamaron y en horas lo estábamos siguiendo.
tres ventanas era divertidas,tres ventanas eran divertidas
unas casas estaba listas,unas casas estaban listas
unas canciones que estaban ahí fue muy grandes,unas canciones que estaban ahí fueron muy grandes
¡Esta en banso en Londres!,¡Está en banco en Londres!
"La Srta. Miyer fue muy amable, yo le explisare los detayes.","La Srta. Miller fue muy amable, yo le explicaré los detalles."
Estos bosques es impenetrables.,Estos bosques son impenetrables.
Pero ya zabez cómo ez.,Pero ya sabes cómo es.
dos árboles que vi era antiguos,dos árboles que vi eran antiguos
estas plantas fue geniales,estas plantas fueron geniales
muchas profesoras que vimos ayer era divertidas,muchas profesoras que vimos ayer eran divertidas
- No ablez de lo que no zabez.,- No hables de lo que no sabes.
"Véase el texto aprobado en el capítulo II, sección A, resolución 2002/24.","Véase el texto aprobado en el capítulo II, sección A, resolución 2002/24."
estos pájaros estaba sucios,estos pájaros estaban sucios
tres profesores que encontramos tiene hambre,tres profesores que encontramos tienen hambre
He eztado penzando muco en ti.,He estado pensando mucho en ti.
Mida la distansia entre la punta de sus dos senos. 20 sentimetros.,Mida la distancia entre la punta de sus dos senos. 20 centímetros.
Uno de eyos gravemente heridos.,Uno de ellos gravemente heridos.
"Mi sasa anterior era muy espasiosa, se lo aseguro.","Mi casa anterior era muy espaciosa, se lo aseguro."
¿Como podria no entenderte?,¿Cómo podría no entenderte?
"Hey, nena. ¿Me extrañazte?","Hey, nena. ¿Me extrañaste?"
"A/60/111, anexo II.","A/60/111, anexo II."
Un placer berla de nuebo.,Un placer verla de nuevo.
Sugiero ke prepare su transferensia.,Sugiero que prepare su transferencia.
esos profesores de mi tío estaba cansados,esos profesores de mi tío estaban cansados
Apeztaréiz el lugar.,Apestaréis el lugar.
estas vecinas de mi tío estaba sucias,estas vecinas de mi tío estaban sucias
¿Sabe cómo llegar al paseo de Treille?,¿Sabe cómo llegar al paseo de la Treille?
Otras astividades: Indoor: Centro de informasion turistisa de Jihlava,Otras actividades: Indoor: Centro de información turística de Jihlava
Hasta ke hubo el insendio.,Hasta que hubo el incendio.
Forma likida: 5000 PPU/g,Forma líquida: 5000 PPU/g
¿Se lo az contado a la Srta. Marron?,¿Se lo has contado a la Srta. Marron?
Eya no puede tener sonexion alguna son este asunto.,Ella no puede tener conexión alguna con este asunto.
unas puertas de la casa es muy útiles,unas puertas de la casa son muy útiles
varias manzanas que vi es muy útiles,varias manzanas que vi son muy útiles
esas sillas del parque era enormes,esas sillas del parque eran enormes
esos niños del parque tiene dueño,esos niños del parque tienen dueño
"- ¿Eztáz familiarizado con... el término ""encubrimiento""?","- ¿Estás familiarizado con... el término ""encubrimiento""?"
"¡Bueno, tendra ke yegar poso tarde!","¡Bueno, tendrá que llegar un poco tarde!"
dos flores que me diste tiene dueño,dos flores que me diste tienen dueño
"Uzted zabe, yo boy a ir.","Usted sabe, yo voy a ir."
"Sadie, vamonos.","Sadie, vámonos."
"""El tránsito lo hace personas.","""El tránsito lo hace las personas."
Puedes enviar fotos y videos del Mont Ventoux.,Puedes enviar fotos y vídeos del Mont Ventoux.
Yo diria ke... no se.,Yo diría que... no sé.
Laz liztaz de carga incluirán:,Las listas de carga incluirán:
esos vecinos estaba mojados,esos vecinos estaban mojados
"Bueno, eza ez una idea.","Bueno, esa es una idea."
"Ademáz, azí podremoz conocernoz un poco máz.","Además, así podremos conocernos un poco más."
Ahora cuatro o cinco empleados está cortando el atún que el jefe ha comprado.,Ahora cuatro o cinco empleados están cortando el atún que el jefe ha comprado.
Tres suartos de partido en banso.,Tres cuartos de partido en el banco.
dos chicos que vimos ayer es de mi hermano,dos chicos que vimos ayer son de mi hermano
unas puertas que llegaron estaba mojadas,unas puertas que llegaron estaban mojadas
"Confirmado, Houzton.","Confirmado, Houston."
Tú erez la que bale algo.,Tú eres la que vale algo.
Convirtieron a Leonard en algo ke no es.,Convirtieron a Leonard en algo que no es.
Simplemente me sayo del sielo. Solo dimelo y lo reshazare.,Simplemente me cayó del cielo. Sólo dímelo y lo rechazaré.
"O la enterramos aki, sersa del arbol.","O la enterramos aquí, cerca del árbol."
Lea atentamente la información de ezte prozpecto.,Lea atentamente la información de este prospecto.
- ¡No me laztimen!,- ¡No me lastimen!
unas chicas del parque era enormes,unas chicas del parque eran enormes
- Pero no lo que iba a zuceder.,- Pero no lo que iba a suceder.
- La tierra era de elloz.,- La tierra era de ellos.
tres vecinas que había ahí fue muy bonitas,tres vecinas que había ahí fueron muy bonitas
"Solo le dije: ""¿Podria ayudarme esta noshe?""","Sólo le dije: ""¿Podría ayudarme esta noche?"""
tres hermanos tiene nombre,tres hermanos tienen nombre
los libros que compré es de mi hermano,los libros que compré son de mi hermano
unas montañas tiene precio,unas montañas tienen precio
esas canciones que vimos ayer fue pequeñas,esas canciones que vimos ayer fueron pequeñas
"¿Ezo ez todo, monzeñor?","¿Eso es todo, monseñor?"
"Inspestores, despasho esta sarta direstamente a mi domisilio.","Inspectores, despachó esta carta directamente a mi domicilio."
estas amigas que llegaron es importantes,estas amigas que llegaron son importantes
Eztoy zeguro...creo.,Estoy seguro...creo.
No te retrazez.,No te retrases.
"Bien, azta pronto.","Bien, hasta pronto."
estas historias que llegaron fue muy bonitas,estas historias que llegaron fueron muy bonitas
Puedo acerlo por ezta noce.,Puedo hacerlo por esta noche.
esos autos que estaban ahí fue muy bonitos,esos autos que estaban ahí fueron muy bonitos
¿Qué quierez de mí?,¿Qué quieres de mí?
Todos nos hemos kitado nuestros eskeletos,Todos nos hemos quitado nuestros esqueletos
Sus cosas no está.,Sus cosas no están.
los autos de la casa es muy útiles,los autos de la casa son muy útiles
- No veo porke,- No veo porque
las chicas que llegaron fue pequeñas,las chicas que llegaron fueron pequeñas
dos zapatos que llegaron era enormes,dos zapatos que llegaron eran enormes
Su bello púbico era claro y ezcazo.,Su vello púbico era claro y escaso.
1 doziz (1 ml):,1 dosis (1 ml):
- Peter ez un amigo.,- Peter es un amigo.
varios pájaros que llegaron fue míos,varios pájaros que llegaron fueron míos
muchos coches tiene nombre,muchos coches tienen nombre
"¿Sabias donde estaba, pero te subes a tu soshe y vienes a desirme eso?","¿Sabías dónde estaba, pero te subes a tu coche y vienes a decirme eso?"
estas chicas de la casa es de mi hermano,estas chicas de la casa son de mi hermano
muchos pájaros de mi tío tiene nombre,muchos pájaros de mi tío tienen nombre
"En Trasia hay mas de 265 mezkitas, en las ke ofisian mas de 440 imanes.","En Tracia hay más de 265 mezquitas, en las que ofician más de 440 imanes."
varias profesoras que estaban ahí es importantes,varias profesoras que estaban ahí son importantes
-Primero me voy a lavar sara.,-Primero me voy a lavar la cara.
"El famoso Rodrigo Quast, kiere haser obra de variedades sonmigo.","El famoso Rodrigo Quast, quiere hacer una obra de variedades conmigo."
varios árboles que había ahí es muy útiles,varios árboles que había ahí son muy útiles
tres coches de mi tío tiene dueño,tres coches de mi tío tienen dueño
Sólo debemoz cumplir con la feca límite.,Sólo debemos cumplir con la fecha límite.
tres flores que vimos ayer estaba cerradas,tres flores que vimos ayer estaban cerradas
muchas casas de mi tío tiene precio,muchas casas de mi tío tienen precio
estos niños de mi tío estaba mojados,estos niños de mi tío estaban mojados
estas puertas de la casa estaba sucias,estas puertas de la casa estaban sucias
Los checos también está en esta guerra.,Los checos también están en esta guerra.
muchos hermanos que encontramos era divertidos,muchos hermanos que encontramos eran divertidos
"Dos dias despues, el 10 de disiembre, la plaza sapitulaba.","Dos días después, el 10 de diciembre, la plaza capitulaba."
"¡Por tu dioz, te lo zuplico!","¡Por tu dios, te lo suplico!"
tres puertas de mi tío fue nuevas,tres puertas de mi tío fueron nuevas
Pero tú puedez zer regular.,Pero tú puedes ser regular.
Estas condiciones fue publicadas el 30 de abril de 2006.,Estas condiciones fueron publicadas el 30 de abril de 2006.
Claro ke esta.,Claro que está.
Necezito ablar.,Necesito hablar.
George trajo un poco de pezcado.,George trajo un poco de pescado.
- Muerete. - Perra.,- Muérete. - Perra.
Ya sé... Ahora necesitas buena noche de descanso.,Ya sé... Ahora necesitas una buena noche de descanso.
En fin... Si me echases cable...,En fin... Si me echases un cable...
Y también bamoz a ir a cenar.,Y también vamos a ir a cenar.
"Me gusta ""tú del pasado"".","Me gusta el ""tú del pasado""."
"- Erez periodizta, ¿berdad?","- Eres periodista, ¿verdad?"
Poco frecuentez:,Poco frecuentes:
unos zapatos que estaban ahí tiene nombre,unos zapatos que estaban ahí tienen nombre
"""Dios esta en el sielo y reina la paz en el mundo"".","""Dios está en el cielo y reina la paz en el mundo""."
¿Insluso si estan enfermos?,¿Incluso si están enfermos?
- Solo eztoy tratando de ayudar.,- Solo estoy tratando de ayudar.
Pero... sapturarte es plus mas aya de toda medida,Pero... capturarte es una plus más allá de toda medida
Abízame zi puedo ayudar.,Avísame si puedo ayudar.
dos niños tiene nombre,dos niños tienen nombre
estos hermanos que había ahí es importantes,estos hermanos que había ahí son importantes
unos jugadores que vimos ayer es importantes,unos jugadores que vimos ayer son importantes
dos canciones que vi tiene dueño,dos canciones que vi tienen dueño
dos flores que vimos ayer estaba listas,dos flores que vimos ayer estaban listas
"Una ""biblia en pekeño"" y un ""satesismo del pueblo"" la han yamado algunos.","Una ""biblia en pequeño"" y un ""catecismo del pueblo"" la han llamado algunos."
"- No se por ke lo merezso, pero...","- No sé por qué lo merezco, pero..."
dos casas que vimos ayer tiene precio,dos casas que vimos ayer tienen precio
Yo no tengo la sulpa de la essarsha en las fresas.,Yo no tengo la culpa de la escarcha en las fresas.
Resulta ke esto es emergensia.,Resulta que esto es una emergencia.
Hoy llegaron eztaz fotoz que tomó de un biaje.,Hoy llegaron estas fotos que tomó de un viaje.
el Sargento : ¡a inbentado?! Bien eco,el Sargento : ¡ha inventado?! Bien hecho
¿Sabes que fui a Escuela de Leyes de Columbia?,¿Sabes que fui a la Escuela de Leyes de Columbia?
El prezidente Geller me inbitó.,El presidente Geller me invitó.
¿Es saludable vivir indirestamente a traves de ekipos de deportes?,¿Es saludable vivir indirectamente a través de equipos de deportes?
"¡Entoncez, agarra zuz malditoz brazoz!","¡Entonces, agarra sus malditos brazos!"
¿Puedez concentrate zolo en lo que erez bueno?,¿Puedes concentrate solo en lo que eres bueno?
¡Capitan Tanovis!,¡Capitán Tanovic!
estos juguetes que compré estaba cerrados,estos juguetes que compré estaban cerrados
Él puede sostener mundo entero son su meñike.,Él puede sostener el mundo entero con su meñique.
dos pájaros del parque es importantes,dos pájaros del parque son importantes
Probablemente algunas veses nesesites ayuda.,Probablemente algunas veces necesites ayuda.
estas profesoras de la casa fue muy grandes,estas profesoras de la casa fueron muy grandes
Eya lo averiguara.,Ella lo averiguara.
"Joder, si, tiene razon, pero fue para implisarle a el,","Joder, sí, tiene razón, pero fue para implicarle a él,"
Deben zer élloz.,Deben ser éllos.
Haz tardado muco.,Has tardado mucho.
las ventanas que estaban ahí estaba cerradas,las ventanas que estaban ahí estaban cerradas
los vecinos que llegaron estaba cansados,los vecinos que llegaron estaban cansados
Mis sentidas dissulpas por este insidente.,Mis sentidas disculpas por este incidente.
Importa hablar son nosotros en estasion.,Importa hablar con nosotros en la estación.
"En 1989, una tormenta solar golpeo norteamerisa","En 1989, una tormenta solar golpeo norteamerica"
muchas camisas que encontramos tiene nombre,muchas camisas que encontramos tienen nombre
esos autos que compré era enormes,esos autos que compré eran enormes
Me guztan loz doz.,Me gustan los dos.
tres amigas que vimos ayer estaba listas,tres amigas que vimos ayer estaban listas
muchas flores que vi es de mi hermano,muchas flores que vi son de mi hermano
"¡Vamoz, bamoz, bamoz!","¡Vamos, vamos, vamos!"
Papi... ¿Sabe mami ke nos mudamos?,Papi... ¿Sabe mami que nos mudamos?
Te guztaría zer amigoz?,Te gustaría ser amigos?
unos vecinos que vi es importantes,unos vecinos que vi son importantes
unas niñas que vimos ayer fue muy grandes,unas niñas que vimos ayer fueron muy grandes
- ¿Y luego te mostrare?,- ¿Y luego te las mostraré?
esas canciones que llegaron es importantes,esas canciones que llegaron son importantes
-Antes de hablarle -dije- dejeme reflexionar un momento,-Antes de hablarle -dije- déjeme reflexionar un momento
"- Sí, eztamoz bien.","- Sí, estamos bien."
Esta tardando musho.,Está tardando mucho.
Eso no es sierto.,Eso no es cierto.
varias chicas de la casa es de mi hermano,varias chicas de la casa son de mi hermano
El beículo biene diztraido por Rocezter...,El vehículo viene distraido por Rochester...
muchos coches que encontramos es muy útiles,muchos coches que encontramos son muy útiles
Jonatan biene de regrezo.,Jonathan viene de regreso.
"- Esto no tiene ke ver sontigo. - Gordon, baja arma.","- Esto no tiene que ver contigo. - Gordon, baja el arma."
Ezoz calcetinez no tienen zuerte.,Esos calcetines no tienen suerte.
"- No, me guzta mi plan.","- No, me gusta mi plan."
¡Rallo ezta muerto!,¡Rallo esta muerto!
Lo arreglarán en el término de una zemana.,Lo arreglarán en el término de una semana.
varias profesoras de mi tío era divertidas,varias profesoras de mi tío eran divertidas
Perdon a todos.,Perdón a todos.
- ¿Estas de broma?,- ¿Estás de broma?
las profesoras que vimos ayer estaba listas,las profesoras que vimos ayer estaban listas
estos regalos del parque estaba listos,estos regalos del parque estaban listos
Es somo si fueramos a orgia.,Es como si fuéramos a una orgía.
Recuérdazelo. Ve.,Recuérdaselo. Ve.
"Es sensiyo, se sorta una saña.","Es sencillo, se corta una caña."
"- Espera, no sreo poder ir.","- Espera, no creo poder ir."
unos gatos del parque tiene hambre,unos gatos del parque tienen hambre
muchas ventanas de la casa fue mías,muchas ventanas de la casa fueron mías
"- E, entrenador.","- Eh, entrenador."
esos árboles que estaban ahí era enormes,esos árboles que estaban ahí eran enormes
tres ventanas que había ahí es de mi hermano,tres ventanas que había ahí son de mi hermano
"Pero zi ezto no zale bien, lo baz a tener que cargar tú en tu conciencia.","Pero si esto no sale bien, lo vas a tener que cargar tú en tu conciencia."
las ventanas que había ahí es de mi hermano,las ventanas que había ahí son de mi hermano
"- Sí, zí, bien.","- Sí, sí, bien."
dos plantas que estaban ahí tiene precio,dos plantas que estaban ahí tienen precio
"Bolkestein, Solbes Mira, Ver heugen y Sra. Ssheyer, miembros.","Bolkestein, Solbes Mira, Ver heugen y Sra. Scheyer, miembros."
- No mas de lo ke me odio a mi mismo.,- No más de lo que me odio a mí mismo.
tres plantas de la casa es de mi hermano,tres plantas de la casa son de mi hermano
"De nuebo a zalbo del Conzejo Tribal, trez díaz máz en Panamá.","De nuevo a salvo del Consejo Tribal, tres días más en Panamá."
dos vecinos de mi tío estaba sucios,dos vecinos de mi tío estaban sucios
- Baja al zótano con él.,- Baja al sótano con él.
"En realidad, si no puede, Yo me encargaré.","En realidad, si el no puede, Yo me encargaré."
- oz daré otro día. - No.,- os daré otro día. - No.
dos profesoras que vi tiene nombre,dos profesoras que vi tienen nombre
"Bueno, ez baztante irreziztible.","Bueno, es bastante irresistible."
los hermanos que llegaron era buenos,los hermanos que llegaron eran buenos
"- No zolo zuz papelez, Señora.","- No solo sus papeles, Señora."
Me e preguntado por qué milez de becez.,Me he preguntado por qué miles de veces.
Queria fayar... pero era imposible fayar asi ke apunte a su espalda.,Quería fallar... pero era imposible fallar así que apunté a su espalda.
Alguien ke me dispare y me sake de esta maldita miseria.,Alguien que me dispare y me saque de esta maldita miseria.
¿Hasta suando tanta impunidad?,¿Hasta cuándo tanta impunidad?
tres niños que estaban ahí es importantes,tres niños que estaban ahí son importantes
"¡Por dioz zanto, Lee!","¡Por dios santo, Lee!"
tengo derecho de vivir con quien quiera.,tengo el derecho de vivir con quien quiera.
"""Cuidar"" no ez el mejor término, porque...¡encantado de conocerte!","""Cuidar"" no es el mejor término, porque...¡encantado de conocerte!"
las ventanas fue azules,las ventanas fueron azules
unas canciones que compré es muy útiles,unas canciones que compré son muy útiles
las manzanas que había ahí era divertidas,las manzanas que había ahí eran divertidas
Podremos intentar son Bond ahora.,Podremos intentar con Bond ahora.
"¿Que dises, nena? ¡Vamos!","¿Qué dices, nena? ¡Vamos!"
A becez quiziera pararme en medio del Royce Quad y gritar:,A veces quisiera pararme en medio del Royce Quad y gritar:
Las adolescentes es muy curiosas y traviesas.,Las adolescentes son muy curiosas y traviesas.
los profesores es importantes,los profesores son importantes
muchas niñas que vimos ayer fue pequeñas,muchas niñas que vimos ayer fueron pequeñas
- ¿Algo no ba bien?,- ¿Algo no va bien?
Entoncez necezitamoz diztraerle.,Entonces necesitamos distraerle.
"Y entoncez, cuando tú... ¿No tienez ni idea de quiénez zon eztaz perzonaz?","Y entonces, cuando tú... ¿No tienes ni idea de quiénes son estas personas?"
- Puez azta luego.,- Pues hasta luego.
Polska Roshe Polska Sp.z o.o.,Polska Roche Polska Sp.z o.o.
"Si vas a quedarte aquí, las cosas debe cambiar.","Si vas a quedarte aquí, las cosas deben cambiar."
-¿Vaz a reunir a un grupo?,-¿Vas a reunir a un grupo?
Eso es por dejarle subir al sofa.,Eso es por dejarle subir al sofá.
El estatuto de limitasiones ya expiro.,El estatuto de limitaciones ya expiró.
"Se sanso de esperar, temia sonvertirse en una solterona...","Se cansó de esperar, temía convertirse en una solterona..."
unas canciones que tenía es importantes,unas canciones que tenía son importantes
esas amigas que encontramos fue geniales,esas amigas que encontramos fueron geniales
El abrigo cuezta $ 300.000.,El abrigo cuesta $ 300.000.
unas montañas que llegaron estaba cerradas,unas montañas que llegaron estaban cerradas
Aziztencia oficial para el dezarrollo/aziztencia para el dezarrollo,Asistencia oficial para el desarrollo/asistencia para el desarrollo
los autos que compré estaba rotos,los autos que compré estaban rotos
¿Quiere a un japonéz en el abizo?,¿Quiere a un japonés en el aviso?
Ezto eztá ermozamente dezgaztado.,Esto está hermosamente desgastado.
- ¡He dico que ez aquí!,- ¡He dicho que es aquí!
tres camisas tiene precio,tres camisas tienen precio
Porke si... si no puedes ver hurasan ke va a levantarte de tu bajo -20.,Porque si... si no puedes ver el huracán que va a levantarte de tu bajo -20.
esas vecinas que había ahí estaba cansadas,esas vecinas que había ahí estaban cansadas
estas chicas del parque tiene dueño,estas chicas del parque tienen dueño
"La de él, la baloro máz.","La de él, la valoro más."
Esas historias que habéis oído no es más que leyendas.,Esas historias que habéis oído no son más que leyendas.
"Ezo ez lo que boy a acer, zubir miz bailez.","Eso es lo que voy a hacer, subir mis bailes."
¿Qué ba a zer de mí a partir de aora?,¿Qué va a ser de mí a partir de ahora?
Tienes problemas en tu vida ke evitan ke tengas relasiones reales.,Tienes problemas en tu vida que evitan que tengas relaciones reales.
Abandonas a tus amigos y ahora te ries.,Abandonas a tus amigos y ahora te ríes.
¿Qué eztáz mirando?,¿Qué estás mirando?
"Si, va a tardar poso.","Sí, va a tardar un poco."
- Eso fue muy rapido.,- Eso fue muy rápido.
Es solo una de las herramientas del imperialis mo.,Es sólo una de las herramientas del imperialis mo.
dos vecinas tiene nombre,dos vecinas tienen nombre
"Mantengase lejos de mi hijo, pervertido.","Manténgase lejos de mi hijo, pervertido."
estos chicos era divertidos,estos chicos eran divertidos
unas montañas es de mi hermano,unas montañas son de mi hermano
¿Tendras tu selular?,¿Tendrás tu celular?
No hay moros en costa.,No hay moros en la costa.
estos autos del parque tiene dueño,estos autos del parque tienen dueño
tres sillas que estaban ahí estaba listas,tres sillas que estaban ahí estaban listas
tres historias del parque es de madera,tres historias del parque son de madera
"No, no lo esta.","No, no lo está."
Los llaman mocosos por motivo.,Los llaman mocosos por un motivo.
¿Que daño puede haser en la sarsel durante los proximos 50 años?,¿Qué daño puede hacer en la cárcel durante los próximos 50 años?
Resursos del NIC miyones de ECU miyones de ECU miyones de ECU,Recursos del NIC millones de ECU millones de ECU millones de ECU
unas amigas que estaban ahí fue geniales,unas amigas que estaban ahí fueron geniales
¿Y el CREEP ha hesho alguna deslarasion?,¿Y el CREEP ha hecho alguna declaración?
tres canciones que vi fue muy grandes,tres canciones que vi fueron muy grandes
los perros que llegaron era divertidos,los perros que llegaron eran divertidos
Nunca entenderáz cómo ze ziente ezo.,Nunca entenderás cómo se siente eso.
los juguetes que estaban ahí es importantes,los juguetes que estaban ahí son importantes
Jonatan no a bizto:,Jonathan no ha visto:
dos árboles de mi tío tiene nombre,dos árboles de mi tío tienen nombre
tres chicos del parque tiene nombre,tres chicos del parque tienen nombre
¿Haz dico que pazazte tiempo aquí ziendo niño?,¿Has dicho que pasaste tiempo aquí siendo niño?
No sreo ke tu puedas tomar esa desision.,No creo que tú puedas tomar esa decisión.
¡Hase dias ke no lo veo!,¡Hace días que no lo veo!
"Pues, deme siento sinsuenta rupias.","Pues, deme ciento cincuenta rupias."
- No puedo suidar de el.,- No puedo cuidar de él.
"Adios, kerida.","Adiós, querida."
Siempre eztá ablando de ti.,Siempre está hablando de ti.
"Graciaz, Digger.","Gracias, Digger."
"¿Qué paza, amigo?","¿Qué pasa, amigo?"
Hablamoz de algo que ez inexcuzable.,Hablamos de algo que es inexcusable.
unos cuadros de mi tío es muy útiles,unos cuadros de mi tío son muy útiles
Tanto zi ez legal como zi no.,Tanto si es legal como si no.
"- El retrato de mi madre, es el orguyo de la sasa.","- El retrato de mi madre, es el orgullo de la casa."
estos autos que compré fue nuevos,estos autos que compré fueron nuevos
Es tan romantiso.,Es tan romántico.
"Parece que zu ezpozo lo robó. Ezo no tiene importancia, Suzanne.","Parece que su esposo lo robó. Eso no tiene importancia, Suzanne."
tres camisas que tenía tiene precio,tres camisas que tenía tienen precio
Loz trenez del ferrocarril.,Los trenes del ferrocarril.
Deztruizte mi laboratorio.,Destruiste mi laboratorio.
"Damas y sabayeros, les presento a mi esposa.","Damas y caballeros, les presento a mi esposa."
La tienez ! ...,La tienes ! ...
- Depende revista.,- Depende la revista.
unas casas que vi tiene nombre,unas casas que vi tienen nombre
Perdoname por 4 años... ke no te visite.,Perdóname por los 4 años... que no te visité.
"Puede zeguir con zu carla, doctor.","Puede seguir con su charla, doctor."
Ez tu problema.,Es tu problema.
Pero no ziempre lo ziento azí.,Pero no siempre lo siento así.
¡Adornemos nuestro sastiyo!,¡Adornemos nuestro castillo!
La berdad ez que nadie quiere a un animal con zu incapacidad.,La verdad es que nadie quiere a un animal con su incapacidad.
IDflu ze adminiztrará por zu médico ó enfermera.,IDflu se administrará por su médico ó enfermera.
- ...el Cico Uniberzitario..,- ...el Chico Universitario..
- Vamoz a cazarnoz.,- Vamos a casarnos.
- Esta es su ultima vida.,- Esta es su última vida.
- No hay ningun hombre.,- No hay ningún hombre.
dos libros que vi fue azules,dos libros que vi fueron azules
unos juguetes del parque estaba mojados,unos juguetes del parque estaban mojados
Gire a izquierda y continúe hasta la entrada del BEST WESTERN Hibiscus Motel.,Gire a la izquierda y continúe hasta la entrada del BEST WESTERN Hibiscus Motel.
La idea era realmente zimple,La idea era realmente simple
unas sillas que vi tiene nombre,unas sillas que vi tienen nombre
"Si, sera de musha ayuda, grasias.","Sí, será de mucha ayuda, gracias."
Eventos y songresos,Eventos y congresos
El turizmo a dezcendido un 38°/?,El turismo ha descendido un 38°/?
estas chicas que estaban ahí estaba mojadas,estas chicas que estaban ahí estaban mojadas
Hoy en dia hay 4.000 Ilois viviendo en Maurisio.,Hoy en día hay 4.000 Ilois viviendo en Mauricio.
dos camisas que estaban ahí estaba rotas,dos camisas que estaban ahí estaban rotas
unas montañas que vi estaba cerradas,unas montañas que vi estaban cerradas
Creo ke estaran bien.,Creo que estaran bien.
- No entiendez ni lo que leez.,- No entiendes ni lo que lees.
dos cuadros que compré fue caros,dos cuadros que compré fueron caros
estos perros es de mi hermano,estos perros son de mi hermano
"No, tú lo necezitaz.","No, tú lo necesitas."
- En la galeria.,- En la galería.
dos cuadros que había ahí es muy útiles,dos cuadros que había ahí son muy útiles
¿Es ke nadie puede somprender...?,¿Es que nadie puede comprender...?
varios jugadores de la casa tiene dueño,varios jugadores de la casa tienen dueño
estos gatos del parque tiene hambre,estos gatos del parque tienen hambre
"Y dice: ""Con hombres se hizo faena""","Y dice: ""Con hombres se hizo una faena"""
Has trabajado musho esta semana.,Has trabajado mucho esta semana.
unas gallinas estaba sucias,unas gallinas estaban sucias
Tu padre era un gran ombre.,Tu padre era un gran hombre.
"Frasier, antes de ke sigas... anoshe somparti mi sama son un perro.","Frasier, antes de que sigas... anoche compartí mi cama con un perro."
las manzanas fue pequeñas,las manzanas fueron pequeñas
los profesores era divertidos,los profesores eran divertidos
"Claro ke si, es mi sasa.","Claro que sí, es mi casa."
"Graciaz, Dr. K.","Gracias, Dr. K."
"Director, zubzuelo... Señorita...","Director, subsuelo... Señorita..."
A veses disen sosas ke no deben.,A veces dicen cosas que no deben.
Solo quienes siguen de verdad consejo del maestro consiguen una invitación.,Solo quienes siguen de verdad el consejo del maestro consiguen una invitación.
unas mesas que vimos ayer es muy útiles,unas mesas que vimos ayer son muy útiles
estas chicas que encontramos estaba sucias,estas chicas que encontramos estaban sucias
los amigos que estaban ahí estaba cansados,los amigos que estaban ahí estaban cansados
"De gente ke paseaba sus perros, ...de los soshes...","De la gente que paseaba sus perros, ...de los coches..."
Ezto ez benganza.,Esto es venganza.
"Tengo la cuztodia de miz ijaz ezte fin de zemana, azí que...","Tengo la custodia de mis hijas este fin de semana, así que..."
"Aprobación por la Comisión, 28 de julio.","Aprobación por la Comisión, el 28 de julio."
- ¿Que diablos...?,- ¿Qué diablos...?
¿Porque tú lo dicez?,¿Porque tú lo dices?
") Pridgeon & M.W.Caze, Lindleyana 16(4): 241 (2001).",") Pridgeon & M.W.Chase, Lindleyana 16(4): 241 (2001)."
esas puertas que compré era buenas,esas puertas que compré eran buenas
Los cristianos en verdad tiene una gran fortaleza.,Los cristianos en verdad tienen una gran fortaleza.
"Grasias por tu ayuda, kerida.","Gracias por tu ayuda, querida."
"MIra, zi ezta ocupado, dizca el 911.","MIra, si esta ocupado, disca el 911."
"Mientez, y te muerez.","Mientes, y te mueres."
El debate fue positivo; se somprobo ke existen mushos puntos en somun.,El debate fue positivo; se comprobó que existen muchos puntos en común.
Markoz encontró una manera de bolber.,Markos encontró una manera de volver.
Toda... la caza tiene micrófonoz.,Toda... la casa tiene micrófonos.
"- O, por fabor.","- Oh, por favor."
los autos era antiguos,los autos eran antiguos
Son para ser apresiadas.,Son para ser apreciadas.
Necezito tu ayuda.,Necesito tu ayuda.
"Sí, ziete de elloz.","Sí, siete de ellos."
No ay nada que podamos hacer.,No hay nada que podamos hacer.
"Eztella él ez Pip, de la forja.","Estella él es Pip, de la forja."
Eztamoz zaliendo dezde ace un año y medio.,Estamos saliendo desde hace un año y medio.
¿Como ba eza pintura?,¿Como va esa pintura?
Y ez muy zimple:,Y es muy simple:
¿Lo zupizte antez o dezpuéz de preguntarle por el brote?,¿Lo supiste antes o después de preguntarle por el brote?
varias profesoras que llegaron fue muy bonitas,varias profesoras que llegaron fueron muy bonitas
Alguien noz mira.,Alguien nos mira.
estos juguetes fue pequeños,estos juguetes fueron pequeños
Piense ke estas son las ultimas Navidades ke pasa solo.,Piense que estas son las últimas Navidades que pasa solo.
Y a veces me sorprende cómo sólo me entero de cosas después de que pasen.,Y a veces me sorprende cómo sólo me entero de las cosas después de que pasen.
Si hubiera sido auto pekeño... ¿el sujeto no era sapitalista?,Si hubiera sido un auto pequeño... ¿el sujeto no era capitalista?
Prezupuezto 1987—,Presupuesto 1987—
"Cual samino, essogere para mi vida","Cual camino, escogeré para mi vida"
tres plantas que tenía estaba mojadas,tres plantas que tenía estaban mojadas
"Sabes que eres responsable de eso, eso es retorno de la inversión.","Sabes que eres responsable de eso, eso es el retorno de la inversión."
Presupuesto de apoyo bienal para periodo 2002-2003,Presupuesto de apoyo bienal para el período 2002-2003
- Debo eztar diztraído.,- Debo estar distraído.
El mejor año que tubimoz.,El mejor año que tuvimos.
esas amigas de mi tío era rápidas,esas amigas de mi tío eran rápidas
tres historias que estaban ahí fue caras,tres historias que estaban ahí fueron caras
"Mientras tanto, Trampe ha comenzado a excavar un agujero circular en jardín.","Mientras tanto, Trampe ha comenzado a excavar un agujero circular en el jardín."
"No bamoz a dejar que ze lleben a Buck, ¿berdad?","No vamos a dejar que se lleven a Buck, ¿verdad?"
"¿Qué ezpera, puez, la gente?","¿Qué espera, pues, la gente?"
estas niñas que estaban ahí era buenas,estas niñas que estaban ahí eran buenas
Apártate del radio. ¡Baztardo!,Apártate del radio. ¡Bastardo!
¡Toda la ciudad ze a buelto contra nozotroz!,¡Toda la ciudad se ha vuelto contra nosotros!
El aduanero ha dado visto bueno!,El aduanero ha dado el visto bueno!
"No te preocupez, zólo copiaré todo el dizco duro, y trabajaré con él dezpuéz.","No te preocupes, sólo copiaré todo el disco duro, y trabajaré con él después."
Deseo fervientemente que se logre alcanzar un acuerdo sobre tránsito alpino.,Deseo fervientemente que se logre alcanzar un acuerdo sobre el tránsito alpino.
¿Sufisientemente bueno para dormir en el?,¿Suficientemente bueno para dormir en él?
—¿A ezo llamaz dezayunar?,—¿A eso llamas desayunar?
"- ¡Oh, Dios mio!","- ¡Oh, Dios mío!"
estos libros que compré estaba listos,estos libros que compré estaban listos
Ahora mismo tenemos ay a uno de nuestros mejores de insognito.,Ahora mismo tenemos ahí a uno de nuestros mejores de incógnito.
estos gatos que estaban ahí estaba cansados,estos gatos que estaban ahí estaban cansados
Para más información llamar (202) 234-7174.,Para más información llamar al (202) 234-7174.
- Olvide maltita fesha.,- Olvidé la maltita fecha.
"Entonses, nadie vio a un tirador.","Entonces, nadie vio a un tirador."
"Como han visto, polisia ha asegurado....","Como han visto, la policía ha asegurado...."
Creo ke kedaria bien si la ponemos en tesho somo una Gargola,Creo que quedaría bien si la ponemos en el techo como una Gárgola
Quiero terminar con ella... por medio de planta.,Quiero terminar con ella... por medio de una planta.
tres cuadros que vimos ayer fue pequeños,tres cuadros que vimos ayer fueron pequeños
"Hermana, ¿estas bien?","Hermana, ¿estás bien?"
tres hermanos que estaban ahí fue muy bonitos,tres hermanos que estaban ahí fueron muy bonitos
estos niños tiene dueño,estos niños tienen dueño
"Dostor Yoon, ¿no puede haser algo?","Doctor Yoon, ¿no puede hacer algo?"
Dizculpa por la ezpera.,Disculpa por la espera.
varios chicos de mi tío fue pequeños,varios chicos de mi tío fueron pequeños
muchos hermanos que vimos ayer fue geniales,muchos hermanos que vimos ayer fueron geniales
-¿Que vuelva sontigo?,-¿Que vuelva contigo?
dos puertas que compré tiene nombre,dos puertas que compré tienen nombre
"3)/Corr.1, A/58/6 (Sest.","3)/Corr.1, A/58/6 (Sect."
"Derek Seperd, conocez a Erika Han.","Derek Shepherd, conoces a Erika Hahn."
La ausencia del abriguito fue crucial en condena de Lindy.,La ausencia del abriguito fue crucial en la condena de Lindy.
"Si, nosotros tambien te extrañamos.","Sí, nosotros también te extrañamos."
"Sr. Huzton, ezta ez Barbara.","Sr. Huston, esta es Barbara."
las manzanas de la casa estaba listas,las manzanas de la casa estaban listas
"Broik, diluye laz bebidaz.","Broik, diluye las bebidas."
estos amigos de la casa es de mi hermano,estos amigos de la casa son de mi hermano
Estas propuestas se remitirán para examen a comisión competente.,Estas propuestas se remitirán para examen a la comisión competente.
Graciaz por ezo.,Gracias por eso.
- ¿Por ke debo revisar...,- ¿Por qué debo revisar...
estos niños fue míos,estos niños fueron míos
El asunto es poner pan en nuestra mesa...,El asunto es poner el pan en nuestra mesa...
Ojee su pagina web.,Ojeé su página web.
¿Dónde lo conzeguizte?,¿Dónde lo conseguiste?
Igual no me buelben a acer cazo.,Igual no me vuelven a hacer caso.
- ¿Quien eres tu?,- ¿Quién eres tú?
"Sabez, Cindy, quizá tengaz razón.","Sabes, Cindy, quizá tengas razón."
"Y entonces, cuando tú... ¿No tienes ni idea de quiénes es estas personas?","Y entonces, cuando tú... ¿No tienes ni idea de quiénes son estas personas?"
"¡Si zon maloz, lo lamentaráz!","¡Si son malos, lo lamentarás!"
Nos vemos aya.,Nos vemos allá.
dos juguetes que había ahí era enormes,dos juguetes que había ahí eran enormes
"Crizzy, en cuanto me gradúe, me largo.","Chrissy, en cuanto me gradúe, me largo."
estos amigos que había ahí estaba sucios,estos amigos que había ahí estaban sucios
"No, no puedez acerlo.","No, no puedes hacerlo."
varias amigas que había ahí es de mi hermano,varias amigas que había ahí son de mi hermano
tres chicas del parque estaba sucias,tres chicas del parque estaban sucias
Ezo ez zorprendente.,Eso es sorprendente.
"""Ya no zomoz amigoz.""","""Ya no somos amigos."""
¿El accidente de abión?,¿El accidente de avión?
esos niños del parque estaba mojados,esos niños del parque estaban mojados
"""Copin no pudo regrezar a Polonia debido al lebantamiento de aí.""","""Chopin no pudo regresar a Polonia debido al levantamiento de ahí."""
"Sólo tienez que ezcribir ""Te quiero"".","Sólo tienes que escribir ""Te quiero""."
"Lo eztá, y con nozotroz, al menoz ezo ezpero.","Lo está, y con nosotros, al menos eso espero."
muchos árboles que encontramos estaba mojados,muchos árboles que encontramos estaban mojados
estos juguetes que encontramos estaba sucios,estos juguetes que encontramos estaban sucios
"Mayor, suantas makinas dise ke tiene aki tenemos 48","Mayor, cuántas máquinas dice que tiene aquí tenemos 48"
¡Eya misma es sulpable!,¡Ella misma es culpable!
- ¿Cuando les interseptariamos?,- ¿Cuándo les interceptaríamos?
esos juguetes que me diste es de mi hermano,esos juguetes que me diste son de mi hermano
¿Sabes que es primera vez en mi vida que me han golpeado?,¿Sabes que es la primera vez en mi vida que me han golpeado?
La Iglesia de abajo renace. Los cristianos es responsables.,La Iglesia de abajo renace. Los cristianos son responsables.
¿Y las rosquillas que come las prostitutas?,¿Y las rosquillas que comen las prostitutas?
"Lenny, ¿somo has estado?","Lenny, ¿cómo has estado?"
El punto rojo es sufisiente para esa slase de mensaje.,El punto rojo es suficiente para esa clase de mensaje.
¿Aburridos sin slase?,¿Aburridos sin clase?
Nunsa lo notara.,Nunca lo notara.
Enbié un equipo al almacén donde dijizte podríamoz encontrar Pratt.,Envié un equipo al almacén donde dijiste podríamos encontrar Pratt.
unos cuadros de la casa era antiguos,unos cuadros de la casa eran antiguos
"en el apartado 2, el párrafo primero ze zuztituye por el texto ziguiente:","en el apartado 2, el párrafo primero se sustituye por el texto siguiente:"
las gallinas que encontramos tiene nombre,las gallinas que encontramos tienen nombre
¡Aki dentro apesta!,¡Aquí dentro apesta!
- ¡¿Creez que eztoy confundido?,- ¡¿Crees que estoy confundido?
"Mírate espejo, estás echando ascuas.","Mírate al espejo, estás echando ascuas."
Las constantes está tocando fondo. 50 y bajando.,Las constantes están tocando fondo. 50 y bajando.
Espera segundo. ¿Está entrando a esa residencia?,Espera un segundo. ¿Está entrando a esa residencia?
Quiero echar agua.,Quiero echar el agua.
"De eco, me encantaría ir a Goa contigo.","De hecho, me encantaría ir a Goa contigo."
"Albert, sientate bien.","Albert, siéntate bien."
unas amigas que estaban ahí es importantes,unas amigas que estaban ahí son importantes
muchos perros que había ahí tiene hambre,muchos perros que había ahí tienen hambre
"No dizpare, Rinaldi","No dispare, Rinaldi"
Aquí todoz tenemoz miedo.,Aquí todos tenemos miedo.
"Señor Mapace, able. ¡Díganoz algo!","Señor Mapache, hable. ¡Díganos algo!"
"Robin, ¿somo sabes sobre el Broadway?","Robin, ¿cómo sabes sobre el Broadway?"
- sus padres habrian visto mas señales?,- sus padres habrían visto más señales?
E-08-Vol.I-59-Rez-5t_ENG-ESP_BT,E-08-Vol.I-59-Res-5th_ENG-ESP_BT
¡Ez una buena para nada!,¡Es una buena para nada!
unos coches fue míos,unos coches fueron míos
Ez mejor tarde que nunca.,Es mejor tarde que nunca.
Mostrar gratitud suando gente ha sido generosa sontigo.,Mostrar gratitud cuando la gente ha sido generosa contigo.
Es un honor para mi deslararos marido y mujer.,Es un honor para mi declararos marido y mujer.
muchas montañas que estaban ahí estaba listas,muchas montañas que estaban ahí estaban listas
dos árboles que encontramos es de madera,dos árboles que encontramos son de madera
Encárgate conejo.,Encárgate del conejo.
- Estoy muy debil.,- Estoy muy débil.
"Esas chaquetas y los pañuelos a cuadros es muy comunes, ¿no?","Esas chaquetas y los pañuelos a cuadros son muy comunes, ¿no?"
"- No, Stan. Es aki donde nos sonosimos.","- No, Stan. Es aquí donde nos conocimos."
dos vecinos de la casa era rápidos,dos vecinos de la casa eran rápidos
En telefono de tu hermano.,En el teléfono de tu hermano.
muchos chicos que llegaron tiene dueño,muchos chicos que llegaron tienen dueño
» Jueza italiana ordena detension de Fransisso Morales Bermudez (Correo),» Jueza italiana ordena detención de Francisco Morales Bermúdez (Correo)
¿Cómo puedez acer ezto?,¿Cómo puedes hacer esto?
dos montañas que estaban ahí estaba sucias,dos montañas que estaban ahí estaban sucias
los juguetes que estaban ahí era divertidos,los juguetes que estaban ahí eran divertidos
Pero el dinero esta sersa.,Pero el dinero está cerca.
las chicas de la casa es importantes,las chicas de la casa son importantes
"Una abitación de pláztico y una meza, zí.","Una habitación de plástico y una mesa, sí."
"Hemoz tenido doz nocez de luna llena, ¿no?","Hemos tenido dos noches de luna llena, ¿no?"
Son Ilaves de un Cadiyas De Viye del 65 dessapotable.,Son las Ilaves de un Cadillac De Ville del 65 descapotable.
- ¿Que paza aora?,- ¿Que pasa ahora?
Debo encontrar alguien que zepa...,Debo encontrar alguien que sepa...
unas manzanas que compré era enormes,unas manzanas que compré eran enormes
"Bien, ¿Se an zerbido todoz?","Bien, ¿Se han servido todos?"
muchas gallinas que vimos ayer era rápidas,muchas gallinas que vimos ayer eran rápidas
esos profesores que vimos ayer era rápidos,esos profesores que vimos ayer eran rápidos
unas amigas que llegaron tiene dueño,unas amigas que llegaron tienen dueño
Es donde estan nuestra familia y amigos.,Es donde están nuestra familia y amigos.
"medicina. Terminé mi título uniberzitario, y tomé algunoz requizitoz","medicina. Terminé mi título universitario, y tomé algunos requisitos"
esas camisas que llegaron es de mi hermano,esas camisas que llegaron son de mi hermano
dos casas que compré era antiguas,dos casas que compré eran antiguas
los perros del parque fue muy bonitos,los perros del parque fueron muy bonitos
¿No vas a haser mili?,¿No vas a hacer la mili?
"¿Qué zabez tú de mí, zalbo mi nombre?","¿Qué sabes tú de mí, salvo mi nombre?"
"Y ablando de amigoz,","Y hablando de amigos,"
las sillas que llegaron estaba mojadas,las sillas que llegaron estaban mojadas
unos pájaros de mi tío es importantes,unos pájaros de mi tío son importantes
¿Qué mierda ez ezta?,¿Qué mierda es esta?
estos coches de mi tío era enormes,estos coches de mi tío eran enormes
"Necezitaz mi guitarra, quizáz para tocar tu múzica.","Necesitas mi guitarra, quizás para tocar tu música."
estas amigas que encontramos era buenas,estas amigas que encontramos eran buenas
Vamos a roskear.,Vamos a rockear.
unas niñas tiene nombre,unas niñas tienen nombre
"Mamoud, eztá bajo arrezto.","Mahmoud, está bajo arresto."
"Aora, mañana, 7:00, Hotel Steigenberger.","Ahora, mañana, 7:00, Hotel Steigenberger."
Alquilar un coche es forma perfecta para explorar Bolzano.,Alquilar un coche es la forma perfecta para explorar Bolzano.
Los miembros del equipo no puede ser Escorpión en las relaciones con los demás.,Los miembros del equipo no pueden ser Escorpión en las relaciones con los demás.
ahí que impedir que Sebastián... se convierta en otro Conselheiro.,Hay que impedir que Sebastián... se convierta en otro Conselheiro.
unas montañas de la casa fue nuevas,unas montañas de la casa fueron nuevas
unas manzanas que llegaron es de mi hermano,unas manzanas que llegaron son de mi hermano
No deberia durar musho.,No debería durar mucho.
Las mujeres y los niños también trabaja.,Las mujeres y los niños también trabajan.
los juguetes que estaban ahí estaba listos,los juguetes que estaban ahí estaban listos
varias niñas que encontramos tiene dueño,varias niñas que encontramos tienen dueño
"Nada de modifisado, yo kiero el autentiso.","Nada de modificado, yo quiero el auténtico."
varias puertas del parque era antiguas,varias puertas del parque eran antiguas
El plan de fertilización incluirá loz datoz ziguientez:,El plan de fertilización incluirá los datos siguientes:
"Sawn, no zé, ¿de acuerdo.","Shawn, no sé, ¿de acuerdo."
Son un complemento para enseñanza normal.,Son un complemento para la enseñanza normal.
Quiza sigan en el tunel arrojando suerpos.,Quizá sigan en el túnel arrojando cuerpos.
unos regalos que me diste fue caros,unos regalos que me diste fueron caros
¿Teneis familia?,¿Tenéis familia?
- ¡Qué inzolencia!,- ¡Qué insolencia!
esas canciones que tenía fue muy grandes,esas canciones que tenía fueron muy grandes
Pero aora no tengo nada en contra de ti.,Pero ahora no tengo nada en contra de ti.
Sigue aumentando el precio de zu cacería de monztruoz.,Sigue aumentando el precio de su cacería de monstruos.
los juguetes de mi tío tiene dueño,los juguetes de mi tío tienen dueño
Ez extraordinario.,Es extraordinario.
muchas montañas que vi tiene dueño,muchas montañas que vi tienen dueño
tres jugadores que había ahí tiene dueño,tres jugadores que había ahí tienen dueño
muchos perros que había ahí era enormes,muchos perros que había ahí eran enormes
Entonses si la tienes.,Entonces si la tienes.
"Mirese, son su manisurita, son su pañuelo, su spray bronseador.","Mírese, con su manicurita, con su pañuelo, su spray bronceador."
Nesesitamos saber lo ke el sesuestrador esta pensando.,Necesitamos saber lo que el secuestrador está pensando.
Estaba fanfarroneando un poso.,Estaba fanfarroneando un poco.
"- Gigante de Cardiff, somprueba eso.","- Gigante de Cardiff, comprueba eso."
"Heco en Bruzelaz, el 3 de julio de 2012.","Hecho en Bruselas, el 3 de julio de 2012."
"¿Fuizte tu, cierto?","¿Fuiste tu, cierto?"
"Oh, ¿a ke me dediso?","Oh, ¿a qué me dedico?"
estos juguetes que tenía fue pequeños,estos juguetes que tenía fueron pequeños
Tienez 30 zegundoz antez de que aga que Tubok te arraztre a Enfermería.,Tienes 30 segundos antes de que haga que Tuvok te arrastre a Enfermería.
esos hermanos que llegaron tiene hambre,esos hermanos que llegaron tienen hambre
esos perros del parque era divertidos,esos perros del parque eran divertidos
estas plantas de mi tío era divertidas,estas plantas de mi tío eran divertidas
"Bien, las cosas no salió tan bien en Roke-","Bien, las cosas no salieron tan bien en Roke-"
muchos árboles que vimos ayer es muy útiles,muchos árboles que vimos ayer son muy útiles
¡Eso es ridisulo!,¡Eso es ridículo!
Composision y administrasion de la Corte,Composición y administración de la Corte
varias profesoras fue muy grandes,varias profesoras fueron muy grandes
Quedazte en mi ezpejo retrobizor.,Quedaste en mi espejo retrovisor.
dos chicos que llegaron tiene hambre,dos chicos que llegaron tienen hambre
donde esta su Dios?,donde está su Dios?
las manzanas que había ahí estaba sucias,las manzanas que había ahí estaban sucias
Ez alrededor de la parte o ...,Es alrededor de la parte o ...
tres libros que encontramos era enormes,tres libros que encontramos eran enormes
¿Estas jugando sonmigo?,¿Estás jugando conmigo?
dos cuadros que vi fue caros,dos cuadros que vi fueron caros
muchos cuadros que llegaron es importantes,muchos cuadros que llegaron son importantes
Imaginad a Greta Garbo por toda la siudad. ¡Su sara gigante!,Imaginad a Greta Garbo por toda la ciudad. ¡Su cara gigante!
"Sobre todo, no tontees son los botones.","Sobre todo, no tontees con los botones."
"¿Si solisita y le sontestan: ""Bussamos alguien mas joven""?","¿Si solicita y le contestan: ""Buscamos alguien más joven""?"
"- No, papá. ¿Eztáz loco?","- No, papá. ¿Estás loco?"
tres profesores que vi estaba mojados,tres profesores que vi estaban mojados
"Nada, yevo por seguridad.","Nada, la llevo por seguridad."
¡Agradezso a Dios ke penso en nosotros!,¡Agradezco a Dios que pensó en nosotros!
"Um, oy zi que a zaltado la mierda, ¿e?","Um, hoy si que ha saltado la mierda, ¿eh?"
"Disparame si kieres, pero tengo ke auxiliar a tu padre.","Dispárame si quieres, pero tengo que auxiliar a tu padre."
Agarra la cucaraca por mí.,Agarra la cucaracha por mí.
Todo y nada ez contemporáneo.,Todo y nada es contemporáneo.
Ezo ze graduó en la parte zuperior de nueztroz ezcuela claze IAW?,Eso se graduó en la parte superior de nuestros escuela clase IAW?
¿Osurre algo malo?,¿Ocurre algo malo?
los autos que tenía estaba mojados,los autos que tenía estaban mojados
- Pero no demaziado.,- Pero no demasiado.
esos amigos del parque era divertidos,esos amigos del parque eran divertidos
muchos niños que encontramos fue muy grandes,muchos niños que encontramos fueron muy grandes
"Ya vera, estara muy feliz.","Ya verá, estará muy feliz."
dos puertas que llegaron estaba cerradas,dos puertas que llegaron estaban cerradas
"No, no, sontrario. Este es un proyesto muy interesante.","No, no, al contrario. Este es un proyecto muy interesante."
dos gatos de la casa tiene dueño,dos gatos de la casa tienen dueño
Entrada en bigor,Entrada en vigor
las ventanas que encontramos fue pequeñas,las ventanas que encontramos fueron pequeñas
"Eztá bien, ya bebo ezte té.","Está bien, ya bebo este té."
"¿Y ke es lo ke tenemos, exastamente?","¿Y qué es lo que tenemos, exactamente?"
"Boot, graciaz a dioz.","Booth, gracias a dios."
Entrada potente y sarnosa.,Entrada potente y carnosa.
esas manzanas de mi tío estaba listas,esas manzanas de mi tío estaban listas
tres canciones que me diste es de madera,tres canciones que me diste son de madera
unas profesoras que vimos ayer estaba mojadas,unas profesoras que vimos ayer estaban mojadas
muchos chicos que vimos ayer tiene hambre,muchos chicos que vimos ayer tienen hambre
"Juraran por Ala: «Si hubieramos podido, os habriamos asompañado a guerra».","Jurarán por Alá: «Si hubiéramos podido, os habríamos acompañado a la guerra»."
varias vecinas de la casa fue muy bonitas,varias vecinas de la casa fueron muy bonitas
¿Por ke desidiste ser maestro?,¿Por qué decidiste ser maestro?
muchas vecinas que vimos ayer era divertidas,muchas vecinas que vimos ayer eran divertidas
unos cuadros que vi es de mi hermano,unos cuadros que vi son de mi hermano
"¡Anda, vamonos!","¡Anda, vámonos!"
A mi me sucede lo mismo siempre que subo a barco.,A mi me sucede lo mismo siempre que subo a un barco.
- Quiero ablar contigo.,- Quiero hablar contigo.
"Lo siento, Eris, no hoy.","Lo siento, Eric, no hoy."
Seguro que bienen aquí.,Seguro que vienen aquí.
¿Te importaria no sentarte sobre mi shaketa?,¿Te importaría no sentarte sobre mi chaqueta?
Me parece zúper.,Me parece súper.
"Barriga para dentro, labioz relajadoz.","Barriga para dentro, labios relajados."
¿Me lo baz a decir a mi?,¿Me lo vas a decir a mi?
Se me ha olvidado desirte...,Se me ha olvidado decirte...
-Debo bolber para el tratamiento.,-Debo volver para el tratamiento.
"Alicante , Comunidad Valenciana , Ezpaña","Alicante , Comunidad Valenciana , España"
Grifo de agua no funsiono.,Grifo de agua no funcionó.
dos perros que vi tiene hambre,dos perros que vi tienen hambre
"Antez de acabar, permítanme que añada doz obzerbacionez finalez.","Antes de acabar, permítanme que añada dos observaciones finales."
¿Cómo eztá Melly?,¿Cómo está Melly?
"- relájate, ¿zí?","- relájate, ¿sí?"
muchos hermanos que estaban ahí es de mi hermano,muchos hermanos que estaban ahí son de mi hermano
unos coches que me diste estaba rotos,unos coches que me diste estaban rotos
"Le az bizto, ¿berdad?","Le has visto, ¿verdad?"
tres plantas que vimos ayer es de madera,tres plantas que vimos ayer son de madera
He eco de todo para no acerme cura.,He hecho de todo para no hacerme cura.
tres libros que vi estaba rotos,tres libros que vi estaban rotos
"Ah, sarne ossura susulento, son mas gusto ke el sonejo bebe.","Ah, carne oscura suculento, con más gusto que el conejo bebé."
Siempre zon algún tipo de- o zon realmente delgadoz de niñoz o loz moleztaban.,Siempre son algún tipo de- o son realmente delgados de niños o los molestaban.
- ¿Me resonose?,- ¿Me reconoce?
Selle todaz laz rutaz de accezo a la capital.,Selle todas las rutas de acceso a la capital.
estas historias que llegaron tiene dueño,estas historias que llegaron tienen dueño
"- ¿Por ke? - Si, sreo ke estamos en sonslusion de años de estudio.","- ¿Por qué? - Sí, creo que estamos en la conclusión de años de estudio."
"Los eructos puede ser asquerosos, pero, ¿sabéis que viene después del eructo?","Los eructos pueden ser asquerosos, pero, ¿sabéis que viene después del eructo?"
dos juguetes que estaban ahí era divertidos,dos juguetes que estaban ahí eran divertidos
- Ya viene el bebe.,- Ya viene el bebé.
unas chicas que había ahí estaba listas,unas chicas que había ahí estaban listas
"""El pelo es sagrado"", desia.","""El pelo es sagrado"", decía."
¿Qué acez en aquí zolo?,¿Qué haces en aquí solo?
tres montañas que vimos ayer fue muy grandes,tres montañas que vimos ayer fueron muy grandes
"- En zerio, King.","- En serio, King."
¿Creez que podamoz?,¿Crees que podamos?
Inzta a todoz loz Eztadoz a que:,Insta a todos los Estados a que:
esas manzanas que tenía estaba sucias,esas manzanas que tenía estaban sucias
Tenemos ke darles una lession.,Tenemos que darles una lección.
Parad. ¿Volberá?,Parad. ¿Volverá?
tres puertas que compré es importantes,tres puertas que compré son importantes
- Va a eztar bien.,- Va a estar bien.
La entrené para que ze infiltrara en Dibizión.,La entrené para que se infiltrara en División.
Aprobación del programa y otraz cueztionez de organización.,Aprobación del programa y otras cuestiones de organización.
"Mañana, Andres Alarson estara muerto.","Mañana, Andrés Alarcón estará muerto."
varios amigos que vi es de mi hermano,varios amigos que vi son de mi hermano
Loz trabajoz del tribunal zon muy complicadoz...,Los trabajos del tribunal son muy complicados...
La dosis habitual de MisardisPlus es de un somprimido al dia.,La dosis habitual de MicardisPlus es de un comprimido al día.
"oh, Jay esta dando latigazos de nuevo.","oh, Jay esta dando látigazos de nuevo."
- No ze preocupe.,- No se preocupe.
Aziztente legal.,Asistente legal.
muchas profesoras que llegaron era divertidas,muchas profesoras que llegaron eran divertidas
"- Esta Bien, este es, shisos.","- Esta Bien, éste es, chicos."
dos juguetes de la casa fue caros,dos juguetes de la casa fueron caros
"Puedo caminar con mi hijo para ir a línea de meta, y no rendirme porque sí.","Puedo caminar con mi hijo para ir a la línea de meta, y no rendirme porque sí."
"- No, por ayi.","- No, por allí."
"No ezperará que extienda certificadoz falzoz, ¿no?","No esperará que extienda certificados falsos, ¿no?"
Lo hago para no somer.,Lo hago para no comer.
Son solo dos minutos.,Son sólo dos minutos.
muchas vecinas que encontramos estaba listas,muchas vecinas que encontramos estaban listas
El que no pueda mantener el pazo eztá perdido.,El que no pueda mantener el paso está perdido.
las chicas que había ahí estaba cansadas,las chicas que había ahí estaban cansadas
Tengo una suenta ke saldar.,Tengo una cuenta que saldar.
las chicas que estaban ahí era buenas,las chicas que estaban ahí eran buenas
"Perdoneme por ser una desepsion, Sr. Finsh.","Perdóneme por ser una decepción, Sr. Finch."
las flores que había ahí era enormes,las flores que había ahí eran enormes
"Mira, díle a tus chicos... que busquen coche con una bandera blanca.","Mira, díle a tus chicos... que busquen un coche con una bandera blanca."
"No te kedes frente al essritorio, te dolera el sulo.","No te quedes frente al escritorio, te dolerá el culo."
Cien perzonaz...,Cien personas...
Ya sabes ke digo sosas inapropiadas suando estoy nerviosa.,Ya sabes que digo cosas inapropiadas cuando estoy nerviosa.
La Tercera Comizión aprobó el proyecto de rezolución I zin zometerlo a botación.,La Tercera Comisión aprobó el proyecto de resolución I sin someterlo a votación.
"Lo ziento, pero ez un tanto aburrido.","Lo siento, pero es un tanto aburrido."
"Ah... claro, mañana es gran día.","Ah... claro, mañana es un gran día."
Sólo tienez que crear el momento adecuado.,Sólo tienes que crear el momento adecuado.
No e eco nada para dañar a Jazon,No he hecho nada para dañar a Jason
# Noshe Buena transsurre lentamente. #,# La Noche Buena transcurre lentamente. #
¡El obispo se asersa!,¡El obispo se acerca!
¿Qué tal ba ezto?,¿Qué tal va esto?
-¿Eztáz cueztionando nueztraz órdenez?,-¿Estás cuestionando nuestras órdenes?
"""Un prolifiso naturalista prinsipios siglo 20.""","""Un prolífico naturalista principios del siglo 20."""
Extracto Estatuto,Extracto del Estatuto
Seguro ke soy ultima persona ke esperabas ver aki de vuelta.,Seguro que soy la última persona que esperabas ver aquí de vuelta.
es los camaleones.,Son los camaleones.
¿No asaba de prestarte dinero?,¿No acaba de prestarte dinero?
"¿Como esta, Señor?","¿Cómo está, Señor?"
? Que hases ahi parado? ?,? Que haces ahi parado? ?
¿Estas bien papa?,¿Estás bien papá?
estas historias que llegaron era enormes,estas historias que llegaron eran enormes
los jugadores de mi tío es de mi hermano,los jugadores de mi tío son de mi hermano
"Deja rifle, por favor.","Deja el rifle, por favor."
muchas profesoras de mi tío es de mi hermano,muchas profesoras de mi tío son de mi hermano
vi todos esos abortos de seluloide ke yamas pelisulas.,vi todos esos abortos de celuloide que llamas películas.
Fukushima en partisular nos lo ha demostrado.,Fukushima en particular nos lo ha demostrado.
¿Alguien mas pidio algun adelanto estando en el mar?,¿Alguien más pidió algún adelanto estando en el mar?
unos amigos era rápidos,unos amigos eran rápidos
¿Cuan a menudo salia a remar?,¿Cuán a menudo salía a remar?
He tardado máz de lo ezperado.,He tardado más de lo esperado.
esas sillas que vi tiene nombre,esas sillas que vi tienen nombre
"KELLER: No,zeñor.","KELLER: No,señor."
En su oferta tiene tambien vakeros de Sendra y de Sansho y sinturones.,En su oferta tiene también vaqueros de Sendra y de Sancho y cinturones.
! ¡¿Quién erez?,! ¡¿Quién eres?
dos profesores que vimos ayer fue muy bonitos,dos profesores que vimos ayer fueron muy bonitos
deberias somprarme un te verde y un parfait de frambuesa somo dissulpa.,deberías comprarme un té verde y un parfait de frambuesa como disculpa.
Uzualmente ze queda con la niñera mientraz zalgo de compraz.,Usualmente se queda con la niñera mientras salgo de compras.
las camisas que tenía es importantes,las camisas que tenía son importantes
""" Yo soy amor, mi amor.""",""" Yo soy el amor, mi amor."""
"estése quieta, no me asuste tengo una enfermedad corazón, no me asuste","estése quieta, no me asuste tengo una enfermedad del corazón, no me asuste"
¡Alguacil! ¡Alguien a zido dizparado en la Ezcuela Regiz!,¡Alguacil! ¡Alguien ha sido disparado en la Escuela Regis!
- ¿Por ke no me yamaste?,- ¿Por qué no me llamaste?
Información zobre loz azezinatoz del metro.,Información sobre los asesinatos del metro.
Dos años para yegar a esta sonslusion.,Dos años para llegar a esta conclusión.
Nada como un sótano estilo mazmorra para calmar nervios.,Nada como un sótano estilo mazmorra para calmar los nervios.
estos libros del parque estaba sucios,estos libros del parque estaban sucios
varias camisas que me diste fue azules,varias camisas que me diste fueron azules
"No deberias estar aki, Catherine, es peligroso.","No deberías estar aquí, Catherine, es peligroso."
unas sillas de la casa estaba rotas,unas sillas de la casa estaban rotas
Me parese bien.,Me parece bien.
tres camisas de la casa fue mías,tres camisas de la casa fueron mías
dos plantas de la casa es importantes,dos plantas de la casa son importantes
las vecinas que encontramos tiene nombre,las vecinas que encontramos tienen nombre
"Son 10:30, y ya hay 20 pacientes de retraso.","Son las 10:30, y ya hay 20 pacientes de retraso."
"Si, ke no disparen, pase lo ke pase.","Sí, que no disparen, pase lo que pase."
- ¿Un predecezor del LSD?,- ¿Un predecesor del LSD?
dos libros que llegaron fue muy bonitos,dos libros que llegaron fueron muy bonitos
varias profesoras que vimos ayer es importantes,varias profesoras que vimos ayer son importantes
- Tú tampoco te bez muy bien.,- Tú tampoco te ves muy bien.
dos niños que llegaron estaba cansados,dos niños que llegaron estaban cansados
Me pregunto quién zerá Fuller.,Me pregunto quién será Fuller.
las canciones que había ahí era divertidas,las canciones que había ahí eran divertidas
"Si no lo es, deberia serlo.","Si no lo es, debería serlo."
varias ventanas que compré tiene nombre,varias ventanas que compré tienen nombre
los autos que estaban ahí tiene nombre,los autos que estaban ahí tienen nombre
Solo eztoy intentando celebrar nueztro gran momento.,Solo estoy intentando celebrar nuestro gran momento.
Hemoz bizto ezo antez.,Hemos visto eso antes.
- ¡Maniobrando trenez!,- ¡Maniobrando trenes!
"Puedes luchar contra esto, pero tienes que hacerlo desde adentro sistema.","Puedes luchar contra esto, pero tienes que hacerlo desde adentro del sistema."
No hay otra razon para tener un serebro.,No hay otra razón para tener un cerebro.
muchas sillas que encontramos estaba mojadas,muchas sillas que encontramos estaban mojadas
No ay ningún hombre con pistola.,No hay ningún hombre con pistola.
¿Cual era el plan?,¿Cuál era el plan?
muchas montañas de la casa es muy útiles,muchas montañas de la casa son muy útiles
los profesores que estaban ahí tiene hambre,los profesores que estaban ahí tienen hambre
¡Alfred! ¿Por qué le abré eco cazo?,¡Alfred! ¿Por qué le habré hecho caso?
¡Eze ni ziquiera ze podía alcanzar!,¡Ese ni siquiera se podía alcanzar!
dos niñas que llegaron era enormes,dos niñas que llegaron eran enormes
esos chicos que vi fue pequeños,esos chicos que vi fueron pequeños
Formadorez de opinión,Formadores de opinión
muchos juguetes de la casa tiene nombre,muchos juguetes de la casa tienen nombre
estos vecinos de la casa tiene dueño,estos vecinos de la casa tienen dueño
"¿Y cuántoz zon, 24 botoz? ¿Pero de qué coño te ríez, Micè? ¿De qué te ríez?","¿Y cuántos son, 24 votos? ¿Pero de qué coño te ríes, Michè? ¿De qué te ríes?"
tres historias que había ahí fue muy grandes,tres historias que había ahí fueron muy grandes
unos chicos que llegaron fue míos,unos chicos que llegaron fueron míos
No tube tiempo para penzarlo.,No tuve tiempo para pensarlo.
esos gatos de la casa era rápidos,esos gatos de la casa eran rápidos
unas mesas de la casa era enormes,unas mesas de la casa eran enormes
El sentro administrativo es la siudad de Singrauli.,El centro administrativo es la ciudad de Singrauli.
Arte Renacentizta (ziglo XVI) ( 3 ),Arte Renacentista (siglo XVI) ( 3 )
muchas vecinas que encontramos estaba cansadas,muchas vecinas que encontramos estaban cansadas
Las casas antiguas está llenas de fantasmas.,Las casas antiguas están llenas de fantasmas.
"Carlez, ella ez Sara.","Charles, ella es Sarah."
"Los bancos es los custodios de nuestro dinero, ¿no?","Los bancos son los custodios de nuestro dinero, ¿no?"
tres profesores que vi tiene hambre,tres profesores que vi tienen hambre
"¡Así que no vayas por ay diciendo mentiras, o diré a todos la verdad!","¡Así que no vayas por ahí diciendo mentiras, o diré a todos la verdad!"
"Debes estar loco, 007, para permitir que oposición se te acerque tanto.","Debes estar loco, 007, para permitir que la oposición se te acerque tanto."
¿Esa no es bebita que Clemente encontró en una bolsa de plástico?,¿Esa no es la bebita que Clemente encontró en una bolsa de plástico?
esas amigas que había ahí es importantes,esas amigas que había ahí son importantes
muchos cuadros de la casa fue nuevos,muchos cuadros de la casa fueron nuevos
"Bueno, solicitaron cifras más recientes de cuota del mercado.","Bueno, solicitaron cifras más recientes de la cuota del mercado."
No es bueno fastidiar al hombre ke tiene el poder.,No es bueno fastidiar al hombre que tiene el poder.
"Ya te an bizto ganar, y quieren algo nuebo.","Ya te han visto ganar, y quieren algo nuevo."
unos amigos que llegaron es de mi hermano,unos amigos que llegaron son de mi hermano
"¡Si no me paga mañana, tendrá que irze!","¡Si no me paga mañana, tendrá que irse!"
"Ambos ""peses"" estan astivos, estables y normales.","Ambos ""peces"" están activos, estables y normales."
Su informasion ( * es la informasion rekerida),Su información ( * es la información requerida)
varias montañas que encontramos estaba listas,varias montañas que encontramos estaban listas
¿Crees ke no se donde estabas durante fiesta de sumpleaños de Suzie?,¿Crees que no sé dónde estabas durante la fiesta de cumpleaños de Suzie?
dos árboles que compré es importantes,dos árboles que compré son importantes
Dejen la bisisleta en punto marsado de entrega.,Dejen la bicicleta en el punto marcado de entrega.
Eso es todo lo ke tengo ke desir.,Eso es todo lo que tengo que decir.
No tengo nobia en ezte momento.,No tengo novia en este momento.
-asi ke largate.,-así que lárgate.
Pero tienez que zer fiel a tu código,Pero tienes que ser fiel a tu código
dos zapatos que estaban ahí estaba cerrados,dos zapatos que estaban ahí estaban cerrados
No pude zoportarlo máz.,No pude soportarlo más.
unos regalos que vimos ayer estaba sucios,unos regalos que vimos ayer estaban sucios
"Para eso los dejo con abogado de distrito, Ed Markham. ¿Ed?","Para eso los dejo con el abogado de distrito, Ed Markham. ¿Ed?"
Pero los mersados laborables flexibles tienen tambien desventajas.,Pero los mercados laborables flexibles tienen también desventajas.
"Si funciona, lez aniquilaremoz zin mober un dedo.","Si funciona, les aniquilaremos sin mover un dedo."
unas vecinas que llegaron tiene nombre,unas vecinas que llegaron tienen nombre
Se zuponía que permaneceríaz en tu apartamento.,Se suponía que permanecerías en tu apartamento.
"Queria sonseguirle una foto, no desentrañar toda una vida.","Quería conseguirle una foto, no desentrañar toda una vida."
- sontrario.,- Al contrario.
Contenido dezconocido,Contenido desconocido
tres zapatos que llegaron tiene dueño,tres zapatos que llegaron tienen dueño
Se ke es pronto. pero lo kiero.,Sé que es pronto. pero lo quiero.
"¡Corangyi, canice!","¡Chorangyi, caniche!"
dos chicas que estaban ahí fue muy grandes,dos chicas que estaban ahí fueron muy grandes
tres vecinas de la casa tiene nombre,tres vecinas de la casa tienen nombre
tres chicas que estaban ahí fue mías,tres chicas que estaban ahí fueron mías
- Debi aberme cazado Robin Macino...,- Debi haberme casado Robin Machino...
"No, yo no he disho eso.","No, yo no he dicho eso."
Aún no tenemos regalo de navidad para mamá.,Aún no tenemos el regalo de navidad para mamá.
esos amigos que estaban ahí tiene dueño,esos amigos que estaban ahí tienen dueño
esas profesoras que estaban ahí estaba sucias,esas profesoras que estaban ahí estaban sucias
- Yo me ensargo a partir de ahora.,- Yo me encargo a partir de ahora.
"Si, pero zabez que?","Si, pero sabes que?"
varios perros era buenos,varios perros eran buenos
Trabajo de criada en el otel Marmora.,Trabajo de criada en el hotel Marmora.
dos juguetes que tenía es importantes,dos juguetes que tenía son importantes
varias amigas de la casa estaba listas,varias amigas de la casa estaban listas
los coches que me diste era buenos,los coches que me diste eran buenos
tres camisas que tenía fue muy bonitas,tres camisas que tenía fueron muy bonitas
Solo eztaba molezto porque... Te quiero y no quiziera que te laztimen.,Solo estaba molesto porque... Te quiero y no quisiera que te lastimen.
"- ¿Ronnie? Si, Ronnie Manning.","- ¿Ronnie? Sí, Ronnie Manning."
Lo único que me agrada ez el dezcaro de la mizma.,Lo único que me agrada es el descaro de la misma.
- ¡Apenaz eztamoz comenzando!,- ¡Apenas estamos comenzando!
varios cuadros que me diste es muy útiles,varios cuadros que me diste son muy útiles
"-Tengo ke atrapar a esos tipos, es importante.","-Tengo que atrapar a esos tipos, es importante."
Seguridad inztalada por loz Pacificadorez,Seguridad instalada por los Pacificadores
estos cuadros que había ahí tiene nombre,estos cuadros que había ahí tienen nombre
esas amigas era rápidas,esas amigas eran rápidas
¡Déjate de cuentoz!,¡Déjate de cuentos!
Hemoz atrabezado la entrada principal.,Hemos atravesado la entrada principal.
unos amigos que vimos ayer era rápidos,unos amigos que vimos ayer eran rápidos
"Al ke hizo de padre, lo tenemos ke volver a soger.","Al que hizo de padre, lo tenemos que volver a coger."
¿Si eztubiera con una mujer?,¿Si estuviera con una mujer?
No oz acerquéiz zin refuerzoz.,No os acerquéis sin refuerzos.
"Hace unoz añoz, Laz Vegaz ze tornó inzoztenible.","Hace unos años, Las Vegas se tornó insostenible."
Ralph es reo fugado ke roba a una ansiana. Y nada malo le ha pasado.,Ralph es un reo fugado que roba a una anciana. Y nada malo le ha pasado.
Por ezto decimoz a todoz: «Venid y beréiz».,Por esto decimos a todos: «Venid y veréis».
unas historias que llegaron era buenas,unas historias que llegaron eran buenas
Tenemos que ir a sitio.,Tenemos que ir a un sitio.
"O, Dioz mio, Jimmy.","Oh, Dios mio, Jimmy."
tres pájaros que estaban ahí tiene dueño,tres pájaros que estaban ahí tienen dueño
estas niñas que había ahí fue pequeñas,estas niñas que había ahí fueron pequeñas
- ¿Qué ez ezo? ¿Debilidad profezional?,- ¿Qué es eso? ¿Debilidad profesional?
Solo quiero acer algo completamente eztúpido.,Solo quiero hacer algo completamente estúpido.
Ez una compozitora marabilloza.,Es una compositora maravillosa.
dos montañas que me diste es de mi hermano,dos montañas que me diste son de mi hermano
Ez una forma dura de bibir.,Es una forma dura de vivir.
La medición del flujo máximo ez de 50 a 80% de la mejor medición perzonal.,La medición del flujo máximo es de 50 a 80% de la mejor medición personal.
- ¿De Starbuckz?,- ¿De Starbucks?
esas vecinas de la casa era rápidas,esas vecinas de la casa eran rápidas
"- Buenoz díaz, Adam.","- Buenos días, Adam."
estos perros de mi tío estaba mojados,estos perros de mi tío estaban mojados
"zabez, eztabamoz teniendo problemaz antez de la mentira.","sabes, estabamos teniendo problemas antes de la mentira."
las camisas que estaban ahí estaba sucias,las camisas que estaban ahí estaban sucias
Dime si las imágenes es iguales o distintas.,Dime si las imágenes son iguales o distintas.
las manzanas que vi estaba mojadas,las manzanas que vi estaban mojadas
unas sillas que vimos ayer es importantes,unas sillas que vimos ayer son importantes
"No combinan, por Dioz.","No combinan, por Dios."
tres montañas que compré era buenas,tres montañas que compré eran buenas
"No, no deberias haberlo hesho.","No, no deberías haberlo hecho."
muchas mesas que me diste es de madera,muchas mesas que me diste son de madera
Llamaré a escuela y preguntaré. Nos vemos aquí.,Llamaré a la escuela y preguntaré. Nos vemos aquí.
unos regalos que había ahí era buenos,unos regalos que había ahí eran buenos
muchas plantas que había ahí era antiguas,muchas plantas que había ahí eran antiguas
Me estoy kedando en tu habitasion.,Me estoy quedando en tu habitación.
"Y aora que todo a terminado, de repente la frontera ez demaziado amplia.","Y ahora que todo ha terminado, de repente la frontera es demasiado amplia."
varias casas que vi fue muy bonitas,varias casas que vi fueron muy bonitas
Te llamaré apenaz zepa algo.,Te llamaré apenas sepa algo.
muchas mesas tiene precio,muchas mesas tienen precio
"Owen, ¿podemoz no acer ezto aora?","Owen, ¿podemos no hacer esto ahora?"
tres amigas que encontramos fue mías,tres amigas que encontramos fueron mías
No necezito berloz.,No necesito verlos.
"Pero, ¿por ke, Simon?","Pero, ¿por qué, Simón?"
varios perros del parque es de mi hermano,varios perros del parque son de mi hermano
los cuadros que tenía era antiguos,los cuadros que tenía eran antiguos
Un ombre del petróleo nunca rebela zuz mobimientoz.,Un hombre del petróleo nunca revela sus movimientos.
Pienso ke no la amo bastante para sasarme son eya,Pienso que no la amo bastante para casarme con ella
Piensas ke te estas grabando en mi memoria un hombre son el poder de enseñar.,Piensas que te estás grabando en mi memoria un hombre con el poder de enseñar.
Ezte optimizmo eztá fuera de lugar.,Este optimismo está fuera de lugar.
Ezte piano ez para ti.,Este piano es para ti.
Traztornoz de la piel y del tejido zubcutáneo:,Trastornos de la piel y del tejido subcutáneo:
No podemoz ganar y ayudar a loz niñoz zin nueztro jugador eztrella.,No podemos ganar y ayudar a los niños sin nuestro jugador estrella.
"- Hola, Vaugn.","- Hola, Vaughn."
"Es es razón por la fuiste a Blackgate, para ver tu futuro.","Es es la razón por la fuiste a Blackgate, para ver tu futuro."
"Debería funcionar zi lo e derretido bien, pero bamoz a necezitar máz.","Debería funcionar si lo he derretido bien, pero vamos a necesitar más."
"- Gob se sintio herido. - Adios, papa.","- Gob se sintió herido. - Adiós, papá."
Laz bombaz de berdad...,Las bombas de verdad...
los juguetes de mi tío es muy útiles,los juguetes de mi tío son muy útiles
las casas que compré estaba sucias,las casas que compré estaban sucias
Una artezanía marabilloza.,Una artesanía maravillosa.
varias flores de mi tío estaba mojadas,varias flores de mi tío estaban mojadas
"¿Hay varias tiendas por aki, sabe?","¿Hay varias tiendas por aquí, sabe?"
- Cuñada yamo bebe a Seenu. - Sunaina.,- Cuñada llamó bebé a Seenu. - Sunaina.
Eztambul ya no ez zeguro.,Estambul ya no es seguro.
muchas historias que estaban ahí fue mías,muchas historias que estaban ahí fueron mías
- ¿Dejan a loz curaz ber tele?,- ¿Dejan a los curas ver tele?
estos jugadores fue pequeños,estos jugadores fueron pequeños
— Fortalecimiento del mobimiento de azociacionez femeninaz;,— Fortalecimiento del movimiento de asociaciones femeninas;
esos chicos que vi era enormes,esos chicos que vi eran enormes
tres amigos que había ahí tiene nombre,tres amigos que había ahí tienen nombre
O zea ¿droga para biolar?,O sea ¿droga para violar?
varias ventanas que me diste era divertidas,varias ventanas que me diste eran divertidas
Posiblemente más de oso.,Posiblemente más de un oso.
-¿Qué rezpondez?,-¿Qué respondes?
¿Como te enteraste de bomba?,¿Cómo te enteraste de la bomba?
dos zapatos que vi era buenos,dos zapatos que vi eran buenos
- Siempre ay alguna manera.,- Siempre hay alguna manera.
Te yamo asi siempre.,Te llamo así siempre.
estos libros de mi tío tiene dueño,estos libros de mi tío tienen dueño
- ¿Jonny Sandz?,- ¿Johnny Sands?
Entonces las balas no venía del salón panorámico dispararon desde fuera.,Entonces las balas no venían del salón panorámico dispararon desde fuera.
esos juguetes que vi es importantes,esos juguetes que vi son importantes
Pense ke habiamos asordado sonversarlo poso mas.,Pensé que habíamos acordado conversarlo un poco más.
– ¿A kien apostaste?,– ¿A quién apostaste?
Ire al lugar del Renasimiento.,Iré al lugar del Renacimiento.
Estoy en negociaciones con americana...,Estoy en negociaciones con una americana...
"Carolina del Sur, Florida y Luiziana.","Carolina del Sur, Florida y Luisiana."
"""Una mujer de vida mundana viajaba una noshe son sus amigos a toda velosidad.","""Una mujer de vida mundana viajaba una noche con sus amigos a toda velocidad."
esas sillas del parque fue nuevas,esas sillas del parque fueron nuevas
unas camisas que llegaron estaba sucias,unas camisas que llegaron estaban sucias
dos casas que tenía es de madera,dos casas que tenía son de madera
La Azamblea General,La Asamblea General
"No, solo desia...","No, solo decía..."
"No te puedo dejar, nesesito tener un esslavo adonde voy.","No te puedo dejar, necesito tener un esclavo adonde voy."
Porke kien lo hizo yego a siudad anoshe.,Porque quien lo hizo llegó a la ciudad anoche.
Hay sosas musho mas importantes...,Hay cosas mucho más importantes...
muchos hermanos que encontramos es de mi hermano,muchos hermanos que encontramos son de mi hermano
No conteztez ezo aún.,No contestes eso aún.
los vecinos que había ahí es importantes,los vecinos que había ahí son importantes
Deberian detestar una perturbasion.,Deberían detectar una perturbación.
Pero tengo la invitasion.,Pero tengo la invitación.
Estas mintiendo.,Estás mintiendo.
Tamposo es de buena suerte.,Tampoco es de buena suerte.
La evolusion asintomatisa o subslinisa es la mas sorriente.,La evolución asintomática o subclínica es la más corriente.
Despida a sus invitados con regalo que resplandece.,Despida a sus invitados con un regalo que resplandece.
"- Bien, Louise, pasamelo. - Espere.","- Bien, Louise, pásamelo. - Espere."
Es lo uniso ke ensontre para girar boteya. Pero esta yena.,Es lo único que encontré para girar la botella. Pero está llena.
¿Quién ze benefició?,¿Quién se benefició?
- Enzeguida. Me doy priza.,- Enseguida. Me doy prisa.
Loz tuyoz zí que zon bonitoz.,Los tuyos sí que son bonitos.
"- Querida, estoy ensantada de verte.","- Querida, estoy encantada de verte."
Miniztro de Defenza,Ministro de Defensa
Creo que voy a leer poco.,Creo que voy a leer un poco.
estos perros que vi tiene dueño,estos perros que vi tienen dueño
unos juguetes del parque tiene precio,unos juguetes del parque tienen precio
"Éze no ez el plan, ¿berdad?","Ése no es el plan, ¿verdad?"
Ella parece poco...,Ella parece un poco...
"Eztá bien, lez diré qué debemoz acer.","Está bien, les diré qué debemos hacer."
- Tenia ke ir a senar son Eddie.,- Tenía que ir a cenar con Eddie.
"Jenny, es hora de ir a la sama.","Jenny, es hora de ir a la cama."
Asabo de visitarla.,Acabo de visitarla.
Desision del Órgano de Vigilansia de AELC,Decisión del Órgano de Vigilancia de la AELC
unos libros que había ahí era enormes,unos libros que había ahí eran enormes
Sea lo que zea lo que te ezté pazando lo eztamoz pazando juntoz.,Sea lo que sea lo que te esté pasando lo estamos pasando juntos.
"Visto el distamen del Comite Esonomiso y Sosial Europeo [1],","Visto el dictamen del Comité Económico y Social Europeo [1],"
"Ezo eztá bien, ezo eztá bien.","Eso está bien, eso está bien."
"Mmmm, si, estás hecha toda chef, ya.","Mmmm, si, estás hecha toda una chef, ya."
Los Huaorani come la carne inmediatamente.,Los Huaorani comen la carne inmediatamente.
"La renta per cápita para localidad era de $17,910.","La renta per cápita para la localidad era de $17,910."
Eso fue despues ke lo adoptaramos.,Eso fue después que lo adoptáramos.
(Porsentajes de poblasion),(Porcentajes de población)
Él essribe libros sobre asesinatos ¡Y es somunista!,Él escribe libros sobre asesinatos ¡Y es comunista!
"Si voy a la essuela en mi moto, ahorrare autobus.","Si voy a la escuela en mi moto, ahorraré autobús."
El pezo de la zoledad,El peso de la soledad
Mi amigo gordo J.J. dice que los dulces es las verduras de América.,Mi amigo gordo J.J. dice que los dulces son las verduras de América.
Hisimos algunas sosas juntos.,Hicimos algunas cosas juntos.
dos amigos que llegaron era enormes,dos amigos que llegaron eran enormes
"Eztamoz contra el reloj aquí, Riley.","Estamos contra el reloj aquí, Riley."
Suz pautaz zon muy zimilarez e incluyen loz ziguientez conzejoz:,Sus pautas son muy similares e incluyen los siguientes consejos:
Eztoz doz mineralez y bitaminaz ze incluyen en el ombre mejor multibitamínico.,Estos dos minerales y vitaminas se incluyen en el hombre mejor multivitamínico.
Organismos Vivos Modifisados,Organismos Vivos Modificados
estos amigos que vi fue muy grandes,estos amigos que vi fueron muy grandes
varias camisas que tenía estaba listas,varias camisas que tenía estaban listas
unas manzanas que encontramos fue pequeñas,unas manzanas que encontramos fueron pequeñas
dos gatos del parque estaba mojados,dos gatos del parque estaban mojados
No nesesitas ver mas.,No necesitas ver más.
los libros que estaban ahí tiene precio,los libros que estaban ahí tienen precio
Un sospeshoso sonsenso.,Un sospechoso consenso.
"De eco, guárdate el maldito café, ya que de todoz modoz zabe a mierda.","De hecho, guárdate el maldito café, ya que de todos modos sabe a mierda."
Y le dio su milagro a Nisky.,Y le dio su milagro a Nicky.
Lo e pazado muy bien.,Lo he pasado muy bien.
muchos libros que encontramos fue muy bonitos,muchos libros que encontramos fueron muy bonitos
"Desde enero de 2008, ha habido mas de 120 robos de vehisulos en Darfur.","Desde enero de 2008, ha habido más de 120 robos de vehículos en Darfur."
¿Lluebe alguna bez aquí?,¿Llueve alguna vez aquí?
muchos juguetes que había ahí tiene precio,muchos juguetes que había ahí tienen precio
"Si, es la gran noshe de mi steven.","Sí, es la gran noche de mi steven."
Y suando vea voy a ser feliz.,Y cuando los vea voy a ser feliz.
"Te tomaz muy a peco ezo de zer ayudante, ¿no?","Te tomas muy a pecho eso de ser ayudante, ¿no?"
"Tú no, zoldado.","Tú no, soldado."
- Buenoz díaz Doctor Van Horn.,- Buenos días Doctor Van Horn.
Llévame a que busco.,Llévame a la que busco.
dos canciones que llegaron era antiguas,dos canciones que llegaron eran antiguas
Todavia no leo.,Todavía no leo.
No me importa lo que aya debajo.,No me importa lo que haya debajo.
- Que keria agradeserte...,- Que quería agradecerte...
"- Mira, baya, vaya...","- Mira, vaya, vaya..."
Pasaron 15 minutos. Aki tengo un mensaje somo mushos otros.,Pasaron 15 minutos. Aquí tengo un mensaje como muchos otros.
Pero ez que necezitaba zentir la textura y la manera en que la pintura...,Pero es que necesitaba sentir la textura y la manera en que la pintura...
Propionato de fluticazona,Propionato de fluticasona
"Feliz Cumpleañoz, Papá.","Feliz Cumpleaños, Papá."
¿Mencionó Ud. zuz zueñoz a zu colega?,¿Mencionó Ud. sus sueños a su colega?
esas flores de la casa tiene dueño,esas flores de la casa tienen dueño
muchas sillas de mi tío estaba cerradas,muchas sillas de mi tío estaban cerradas
¡Debemos asegurarnos de ke su muerte sea ultima!,¡Debemos asegurarnos de que su muerte sea la última!
Esta muy debil.,Está muy débil.
unos niños que vi es importantes,unos niños que vi son importantes
Mejor que digaz algo.,Mejor que digas algo.
los zapatos que encontramos era divertidos,los zapatos que encontramos eran divertidos
"Aora boy, ¿zí?","Ahora voy, ¿sí?"
Essribimos esta relasion en un suadro:,Escribimos esta relación en un cuadro:
Ve ke tiene de este delinsuente.,Ve qué tiene de este delincuente.
La familia ez una de nueztraz fuerzaz.,La familia es una de nuestras fuerzas.
"Yo lo hago, y los híbridos no está por sobre la ley, así que hazme un favor.","Yo lo hago, y los híbridos no están por sobre la ley, así que hazme un favor."
¿Le importaría a alguien... coger claqueta para tener la ficha de la escena?,¿Le importaría a alguien... coger la claqueta para tener la ficha de la escena?
-Nate. Soy Bernard Cenowet.,-Nate. Soy Bernard Chenoweth.
- ¿Ella eztará bien?,- ¿Ella estará bien?
- Es secreto.,- Es un secreto.
Adalind volvio a Portland el año pasado por pedido de Eris.,Adalind volvió a Portland el año pasado por pedido de Eric.
Empezar a trabajar en todoz loz departamentoz.,Empezar a trabajar en todos los departamentos.
varias plantas que tenía fue muy bonitas,varias plantas que tenía fueron muy bonitas
¿Azí que dejazte de preocuparte de todoz?,¿Así que dejaste de preocuparte de todos?
Él no lo ezcuco.,Él no lo escucho.
La llamada ba al buzón.,La llamada va al buzón.
- ¿Yo nesesito apodo?,- ¿Yo necesito un apodo?
tres zapatos que encontramos tiene dueño,tres zapatos que encontramos tienen dueño
"Ez tarde, quiero bolber a caza.","Es tarde, quiero volver a casa."
"- Potts Point, sersa de ofisina de sorreos.","- Potts Point, cerca de la oficina de correos."
"Cielos, este barco viejo necesita capa de pintura.","Cielos, este barco viejo necesita una capa de pintura."
los pájaros de la casa tiene nombre,los pájaros de la casa tienen nombre
"La somezon ya no me molestaba musho, exsepto en santos de las manos.","La comezón ya no me molestaba mucho, excepto en los cantos de las manos."
- Iré a ecar una mirada.,- Iré a hechar una mirada.
las niñas tiene hambre,las niñas tienen hambre
"- ¡Mira, ensontre uno otra vez!","- ¡Mira, encontré uno otra vez!"
¿Su... zu padre murió?,¿Su... su padre murió?
estas flores que llegaron tiene nombre,estas flores que llegaron tienen nombre
Y luego él se fue cielo.,Y luego él se fue al cielo.
Graciaz por zu apoyo.,Gracias por su apoyo.
Realmente trataba de motibarlo.,Realmente trataba de motivarlo.
"Oh, no, estos zapatos es nuevos.","Oh, no, estos zapatos son nuevos."
De qué eztáz ablando?,De qué estás hablando?
El numero de plazas ofresidas a los lestores se ha vuelto insufisiente.,El número de plazas ofrecidas a los lectores se ha vuelto insuficiente.
"Si estuviera en su lugar, me kejaria formalmente.","Si estuviera en su lugar, me quejaría formalmente."
"Entre las distintas fuentes de demanda, las mas importantes es:","Entre las distintas fuentes de demanda, las mas importantes son:"
El debía de tener un problema con bebida.,El debía de tener un problema con la bebida.
muchos libros que tenía fue nuevos,muchos libros que tenía fueron nuevos
"Miguel, eres tan dramatiso!","Miguel, eres tan dramático!"
Algunoz puntoz de debate:,Algunos puntos de debate:
muchos hermanos que encontramos era enormes,muchos hermanos que encontramos eran enormes
- Mi ermano me dio una de máz.,- Mi hermano me dio una de más.
- ¿Que slase de problema?,- ¿Qué clase de problema?
¿No ay ninguna duda de validez del matrimonio?,¿No hay ninguna duda de la validez del matrimonio?
"Dile que ze ezpabile zola, porque yo...","Dile que se espabile sola, porque yo..."
- Tenemoz que decidir ezto aora mizmo.,- Tenemos que decidir esto ahora mismo.
- ¿Aun le amais?,- ¿Aún le amáis?
- Pero te mudaz en unoz díaz.,- Pero te mudas en unos días.
"Bueno, ezo ez ""cauza cuando me azaltaron a cabo ...","Bueno, eso es ""causa cuando me asaltaron a cabo ..."
Queremos essushar esta otra vez.,Queremos escuchar ésta otra vez.
tres puertas del parque estaba cerradas,tres puertas del parque estaban cerradas
Ella zólo ze colgó de la zoga... no lo zoporto máz y...,Ella sólo se colgó de la soga... no lo soporto más y...
unos árboles de la casa fue muy grandes,unos árboles de la casa fueron muy grandes
Hemoz comprobado.,Hemos comprobado.
"No, no se somo se yama.","No, no sé cómo se llama."
También puede nadar (al rebéz) y abanzar en el agua con laz pataz trazeraz.,También puede nadar (al revés) y avanzar en el agua con las patas traseras.
"Buenoz inztintoz, Cip.","Buenos instintos, Chip."
¿Cómo boy a zaberlo zi ezte bico me eztá...?,¿Cómo voy a saberlo si este bicho me está...?
muchas sillas que vimos ayer fue pequeñas,muchas sillas que vimos ayer fueron pequeñas
Starbuck a zido alcanzada.,Starbuck ha sido alcanzada.
dos ventanas que vi fue caras,dos ventanas que vi fueron caras
dos niñas que vimos ayer era rápidas,dos niñas que vimos ayer eran rápidas
"Grasias, shisos.","Gracias, chicos."
los regalos que me diste era divertidos,los regalos que me diste eran divertidos
Hace añoz que zoy curiozo.,Hace años que soy curioso.
tres jugadores que vi tiene nombre,tres jugadores que vi tienen nombre
los profesores que llegaron tiene dueño,los profesores que llegaron tienen dueño
unos vecinos que estaban ahí fue míos,unos vecinos que estaban ahí fueron míos
dos chicos de mi tío estaba cansados,dos chicos de mi tío estaban cansados
Envie un mensaje a Stonebridge.,Envíe un mensaje a Stonebridge.
muchas plantas de la casa tiene dueño,muchas plantas de la casa tienen dueño
varias chicas de la casa es importantes,varias chicas de la casa son importantes
esos zapatos tiene nombre,esos zapatos tienen nombre
¿Sabes ke hermanos Hanson sontinuan hasiendo musisa?,¿Sabes que los hermanos Hanson continúan haciendo música?
El pezo exacto.,El peso exacto.
muchas puertas de la casa era antiguas,muchas puertas de la casa eran antiguas
unas profesoras que vimos ayer era enormes,unas profesoras que vimos ayer eran enormes
estas puertas que encontramos es muy útiles,estas puertas que encontramos son muy útiles
las vecinas que encontramos estaba mojadas,las vecinas que encontramos estaban mojadas
muchas casas que había ahí es importantes,muchas casas que había ahí son importantes
varios árboles que tenía fue geniales,varios árboles que tenía fueron geniales
"Entonses, ¿hay felisidad?","Entonces, ¿hay felicidad?"
tres árboles que estaban ahí era buenos,tres árboles que estaban ahí eran buenos
-Ezcucé tu celular.,-Escuché tu celular.
Me paso lo mismo ayer.,Me pasó lo mismo ayer.
esos gatos de mi tío estaba sucios,esos gatos de mi tío estaban sucios
Creo ke estuvo un tiempo en el ekipo de Mikey Brown.,Creo que estuvo un tiempo en el equipo de Mikey Brown.
tres niñas que estaban ahí tiene dueño,tres niñas que estaban ahí tienen dueño
Enzimas; preparasiones enzimatisas no expresadas ni somprendidas en otra parte,Enzimas; preparaciones enzimáticas no expresadas ni comprendidas en otra parte
D. El ambre y benganza de loz Gabaonitaz: 21:1-14,D. El hambre y venganza de los Gabaonitas: 21:1-14
Se le da razon para ponerle de tu lado.,Se le da una razón para ponerle de tu lado.
No máz ocultarze en la ozcuridad.,No más ocultarse en la oscuridad.
"tienen curiozidad, Tom, igual que nozotroz.","tienen curiosidad, Tom, igual que nosotros."
"Bien, no mas dissursos.","Bien, no más discursos."
Fue muy penozo berla a ella azí.,Fue muy penoso verla a ella así.
Pero me temo ke la votasion esta serrada.,Pero me temo que la votación está cerrada.
dos cuadros que vimos ayer era antiguos,dos cuadros que vimos ayer eran antiguos
dos ventanas que vimos ayer tiene precio,dos ventanas que vimos ayer tienen precio
Eztoy arto de eze gato.,Estoy harto de ese gato.
Permitir lo ke tuviera ke suseder para desenvolver su samino divino.,Permitir lo que tuviera que suceder para desenvolver su camino divino.
"Vamoz, que tengo que acer.","Vamos, que tengo que hacer."
Pon tus manos en aire. ¡Ganamos la loteria!,Pon tus manos en el aire. ¡Ganamos la lotería!
Eres detective demasiado bueno.,Eres un detective demasiado bueno.
"Pero, ¿ke pasa son la reunion?","Pero, ¿qué pasa con la reunión?"
Tayikos y uzbekos dissrepan por lugar de nasimiento de poeta,Tayikos y uzbekos discrepan por lugar de nacimiento de poeta
Enron Online cambiará loz mercadoz ...para mucaz mercancíaz.,Enron Online cambiará los mercados ...para muchas mercancías.
las montañas que llegaron estaba listas,las montañas que llegaron estaban listas
"Y dijo: ""Debe entender que perzeguimoz ferozmente a alguien"".","Y dijo: ""Debe entender que perseguimos ferozmente a alguien""."
dos amigos que había ahí es importantes,dos amigos que había ahí son importantes
"Nadie la rezpeta máz que yo, y no puedo zoportarla.","Nadie la respeta más que yo, y no puedo soportarla."
muchos amigos que llegaron es de mi hermano,muchos amigos que llegaron son de mi hermano
¡irieron al prezidente Garfield! Paul... ¿cómo zupizte?,¡hirieron al presidente Garfield! Paul... ¿cómo supiste?
- ¿Eztamoz bien?,- ¿Estamos bien?
tienez que entregarte aora mizmo.,tienes que entregarte ahora mismo.
dos niñas que encontramos estaba sucias,dos niñas que encontramos estaban sucias
"Si, mi sliente voluntariamente intersambio sesretos son la asusada.","Sí, mi cliente voluntariamente intercambió secretos con la acusada."
c) Estrategia Internacional para Reducción de los Desastres;,c) Estrategia Internacional para la Reducción de los Desastres;
"♪ Yo haria sualkier sosa por ti, kerido ♪","♪ Yo haria cualquier cosa por ti, querido ♪"
dos vecinas de mi tío era buenas,dos vecinas de mi tío eran buenas
"Feldman, ¿por qué no nací como tú todo oztentozo y elegante?","Feldman, ¿por qué no nací como tú todo ostentoso y elegante?"
Salgan coche.,Salgan del coche.
Le encantará a Comisión de Valores.,Le encantará a la Comisión de Valores.
"Oh, esta genial.","Oh, el esta genial."
¿Sabez por qué?,¿Sabes por qué?
¡Eza ez la coza máz tonta que e oído nunca!,¡Esa es la cosa más tonta que he oído nunca!
- Sí. Pónselas en su trago y pasará las próximas 24 horas en excusado.,- Sí. Pónselas en su trago y pasará las próximas 24 horas en el excusado.
La variante tenia ke ver son la guerra global mensionada previamente.,La variante tenía que ver con la guerra global mencionada previamente.
los regalos que estaban ahí fue geniales,los regalos que estaban ahí fueron geniales
los árboles que estaban ahí era antiguos,los árboles que estaban ahí eran antiguos
a ver si puedes arreglarlo y arrancarlo.,A ver si puedes arreglarlo y arrancarlo.
"Mírate, zintiéndote como en caza.","Mírate, sintiéndote como en casa."
muchos zapatos de mi tío tiene nombre,muchos zapatos de mi tío tienen nombre
Fuiste ayi por tu suenta ¿Verdad?,Fuiste allí por tu cuenta ¿Verdad?
esos árboles del parque era buenos,esos árboles del parque eran buenos
esos juguetes que encontramos era antiguos,esos juguetes que encontramos eran antiguos
¿No zomoz lo zuficientemente liztaz para ti?,¿No somos lo suficientemente listas para ti?
¿Eztaba metido en problemaz?,¿Estaba metido en problemas?
"¿Este es tu idea de haser sosas bien, Tommy?","¿Este es tu idea de hacer las cosas bien, Tommy?"
varias puertas del parque fue caras,varias puertas del parque fueron caras
La serradura aun se atassa.,La cerradura aún se atasca.
- ¿Donde esta el portafolios?,- ¿Dónde está el portafolios?
"Ven aki, mushasho.","Ven aquí, muchacho."
- ¿Qué paza con él?,- ¿Qué pasa con él?
Creo ke esto es absurdo.,Creo que esto es absurdo.
Y estoy eternamente agradesido.,Y estoy eternamente agradecido.
unas casas que encontramos tiene dueño,unas casas que encontramos tienen dueño
¡Se ekivosan de hombre!,¡Se equivocan de hombre!
los jugadores fue míos,los jugadores fueron míos
tambien otros empezaran a entender.,también otros empezarán a entender.
"- Muy bien, Nilez.","- Muy bien, Niles."
los árboles de la casa tiene precio,los árboles de la casa tienen precio
Asi ke volvere en Lyft.,Así que volveré en Lyft.
estos profesores que llegaron es de mi hermano,estos profesores que llegaron son de mi hermano
"Chisos, se asabo la hora de juego.","Chicos, se acabó la hora de juego."
muchos perros del parque es de mi hermano,muchos perros del parque son de mi hermano
estas sillas que vi tiene dueño,estas sillas que vi tienen dueño
Olvidáis que mis enemigos puede llegar de un momento a otro.,Olvidáis que mis enemigos pueden llegar de un momento a otro.
estas casas del parque es importantes,estas casas del parque son importantes
tres sillas que encontramos es muy útiles,tres sillas que encontramos son muy útiles
Ezta rutina por la que tenemoz que pazar cada bez que queremoz zalir de caza.,Esta rutina por la que tenemos que pasar cada vez que queremos salir de casa.
muchas manzanas que había ahí tiene dueño,muchas manzanas que había ahí tienen dueño
muchas puertas que tenía era antiguas,muchas puertas que tenía eran antiguas
Te tengo regalo.,Te tengo un regalo.
Como un miedo de que toda mi bida ya abía zido programada.,Como un miedo de que toda mi vida ya había sido programada.
¿La cica con la caqueta y el pelo?,¿La chica con la chaqueta y el pelo?
los juguetes que había ahí es de mi hermano,los juguetes que había ahí son de mi hermano
El día que conocí a Doug... él eztaba ablando como William Makepeace Tackeray.,El día que conocí a Doug... él estaba hablando como William Makepeace Thackeray.
dos juguetes que compré fue geniales,dos juguetes que compré fueron geniales
Que zuban loz ATS aora mizmo.,Que suban los ATS ahora mismo.
Un pajaro en la mano.,Un pájaro en la mano.
¿Donde esta Jean ahora?,¿Dónde está Jean ahora?
Ezta afirmación zigue bigente al día de oy.,Esta afirmación sigue vigente al día de hoy.
¿Entonses la sasa es realmente Vistoriana?,¿Entonces la casa es realmente Victoriana?
Mis libros ya no estan.,Mis libros ya no están.
las puertas que vi estaba cerradas,las puertas que vi estaban cerradas
Se conbirtió en mi guía para encamarme.,Se convirtió en mi guía para encamarme.
# No ay riza Sin la píldora del día dezpuéz #,# No hay risa Sin la píldora del día después #
Y todoz zabemoz que apenaz tienez uno.,Y todos sabemos que apenas tienes uno.
esos hermanos era buenos,esos hermanos eran buenos
dos profesores que encontramos tiene dueño,dos profesores que encontramos tienen dueño
"Cómo elija pazar eze tiempo, dependerá de uzted.","Cómo elija pasar ese tiempo, dependerá de usted."
esas mesas del parque tiene nombre,esas mesas del parque tienen nombre
muchos amigos que vimos ayer es importantes,muchos amigos que vimos ayer son importantes
"Tú, por otra parte... cuando te leo, todo eztá tranquilo.","Tú, por otra parte... cuando te leo, todo está tranquilo."
"La denzidad de población era de 1,65 ab./km².","La densidad de población era de 1,65 hab./km²."
muchas ventanas que llegaron tiene dueño,muchas ventanas que llegaron tienen dueño
muchas camisas que había ahí era antiguas,muchas camisas que había ahí eran antiguas
No eztoy faztidiando.,No estoy fastidiando.
tres profesores de mi tío fue pequeños,tres profesores de mi tío fueron pequeños
Los secretos de habitación de Ana,Los secretos de la habitación de Ana
Sobre eze joben mago al que debemoz encontrar y matar.,Sobre ese joven mago al que debemos encontrar y matar.
las niñas del parque es de mi hermano,las niñas del parque son de mi hermano
"Era ropa muy sara, Berta.","Era ropa muy cara, Berta."
2) Se añadira el anexo ke figura en la presente Direstiva.,2) Se añadirá el anexo que figura en la presente Directiva.
Este es un libro para doctores. Los médicos tiene que revisarte sin ropa.,Este es un libro para doctores. Los médicos tienen que revisarte sin ropa.
varios profesores que había ahí estaba sucios,varios profesores que había ahí estaban sucios
¡Sasadlo de mi vista!,¡Sacadlo de mi vista!
"Me pasé en los bares, en los ligues de un noche, en la búsqueda constante.","Me la pasé en los bares, en los ligues de un noche, en la búsqueda constante."
La catedral ze conztruyó en el eztilo del Gran Ducado de Vladímir-Súzdal.,La catedral se construyó en el estilo del Gran Ducado de Vladímir-Súzdal.
A mierda. Que se jodan.,A la mierda. Que se jodan.
Servi al duke Anders fielmente durante todos estos años.,Serví al duque Anders fielmente durante todos estos años.
Él nos ayudara.,Él nos ayudará.
Movamos maldita samara,Movamos la maldita cámara
"Ezpero que le encuentrez, Kara","Espero que le encuentres, Kara"
No a pazado nada.,No ha pasado nada.
muchas montañas de mi tío fue pequeñas,muchas montañas de mi tío fueron pequeñas
Engañar a nuestro objetivo para que haga test de salud mental.,Engañar a nuestro objetivo para que haga un test de salud mental.
Como un tipo que acaba de ser violentado por culo.,Como un tipo que acaba de ser violentado por el culo.
muchas puertas que compré es importantes,muchas puertas que compré son importantes
Sé que ezo no ez berdad.,Sé que eso no es verdad.
esos perros que llegaron fue muy bonitos,esos perros que llegaron fueron muy bonitos
estas amigas del parque tiene nombre,estas amigas del parque tienen nombre
¿Cómo ez pozible?,¿Cómo es posible?
muchas canciones que tenía estaba sucias,muchas canciones que tenía estaban sucias
En general laz políticaz de adaptación reducirían eztoz impactoz.,En general las políticas de adaptación reducirían estos impactos.
varias sillas que vi fue caras,varias sillas que vi fueron caras
muchos amigos que había ahí tiene hambre,muchos amigos que había ahí tienen hambre
muchas historias que había ahí fue mías,muchas historias que había ahí fueron mías
estos autos que encontramos es importantes,estos autos que encontramos son importantes
"No, tenemoz que llegar a ella.","No, tenemos que llegar a ella."
Página 6 - Bondage - Vídeoz completoz de larga duración (máz de 20 minutoz),Página 6 - Bondage - Vídeos completos de larga duración (más de 20 minutos)
- El esta essapando,- El esta escapando
dos plantas que encontramos tiene precio,dos plantas que encontramos tienen precio
varias canciones estaba mojadas,varias canciones estaban mojadas
Siempre me ziento bien.,Siempre me siento bien.
Si te zobreponez a tu miedo tu oportunidad de bencer a tu oponente zerá mayor.,Si te sobrepones a tu miedo tu oportunidad de vencer a tu oponente será mayor.
No sabia sobre ti.,No sabía sobre ti.
esos perros que vimos ayer tiene dueño,esos perros que vimos ayer tienen dueño
¿qué beneficio obtienez de él?,¿qué beneficio obtienes de él?
estas historias de mi tío es de madera,estas historias de mi tío son de madera
tres gallinas que había ahí fue muy grandes,tres gallinas que había ahí fueron muy grandes
Fumé crack por 3 añoz y medio... y no perdí ningún diente.,Fumé crack por 3 años y medio... y no perdí ningún diente.
Y estamos todos aki pensandolo.,Y estamos todos aquí pensándolo.
muchas chicas que había ahí estaba mojadas,muchas chicas que había ahí estaban mojadas
unas casas tiene nombre,unas casas tienen nombre
Tenemos ke importar una gran santidad de fertilizante porke el suelo es pobre.,Tenemos que importar una gran cantidad de fertilizante porque el suelo es pobre.
tres profesores que vi es de mi hermano,tres profesores que vi son de mi hermano
¿Sabe que zomoz nozotroz?,¿Sabe que somos nosotros?
dos manzanas que encontramos fue muy bonitas,dos manzanas que encontramos fueron muy bonitas
"Suzie, te dije que no lo aprobaba.","Susie, te dije que no lo aprobaba."
- ¿Es rata?,- ¿Es una rata?
- Tu madre y yo noz iremoz arriba.,- Tu madre y yo nos iremos arriba.
esas puertas que había ahí era enormes,esas puertas que había ahí eran enormes
"Pero, ¿zuzto de qué?","Pero, ¿susto de qué?"
"Rendir homenaje a hombre bueno es algo especial, es renconfortante.","Rendir homenaje a un hombre bueno es algo especial, es renconfortante."
dos amigas del parque es de mi hermano,dos amigas del parque son de mi hermano
Me ensantaria ayudar.,Me encantaría ayudar.
Ezto ez inadmizible.,Esto es inadmisible.
Quizá no esté buscando historia.,Quizá no esté buscando una historia.
La Tierra debe aprender de la tragedia de loz Myzterianz.,La Tierra debe aprender de la tragedia de los Mysterians.
¿Dónde está tus padres?,¿Dónde están tus padres?
"Te llaman, te moleztan.","Te llaman, te molestan."
unas puertas del parque es importantes,unas puertas del parque son importantes
Ebelyn ba a declarar.,Evelyn va a declarar.
estos árboles que vi fue caros,estos árboles que vi fueron caros
Prepárate para mi zorpreza.,Prepárate para mi sorpresa.
No deberiamos alargarnos.,No deberíamos alargarnos.
estos juguetes que me diste es muy útiles,estos juguetes que me diste son muy útiles
esos regalos que llegaron fue nuevos,esos regalos que llegaron fueron nuevos
"- Pro-paz. Sabez, no puedo zacarme de la cabeza la ironía.","- Pro-paz. Sabes, no puedo sacarme de la cabeza la ironía."
tres jugadores que había ahí fue muy grandes,tres jugadores que había ahí fueron muy grandes
"Aora que nueztroz ermanoz ze an unido, benceremoz al enemigo.","Ahora que nuestros hermanos se han unido, venceremos al enemigo."
Tal vez pasaré parte día con esos amigos.,Tal vez pasaré parte del día con esos amigos.
Puede ser la Estatua de la Liber.. puede ser puente Golden Gate.,Puede ser la Estatua de la Liber.. puede ser el puente Golden Gate.
"No empieses tu, pero si ves a alguien deslizarse, hazlo tu tambien.","No empieces tú, pero si ves a alguien deslizarse, hazlo tú también."
Sois un hombre de siensia.,Sois un hombre de ciencia.
"Grasias por venir, Sra. Weston.","Gracias por venir, Sra. Weston."
Porque creo que entiendo lo que eztá pazando aquí.,Porque creo que entiendo lo que está pasando aquí.
Cargos desempeñados en Maurisio,Cargos desempeñados en Mauricio
"Lauren ez genial, ¿berdad?","Lauren es genial, ¿verdad?"
"- Algo se me osurrira. - Esta bien, perfesto.","- Algo se me ocurrirá. - Está bien, perfecto."
¡No puedo zoportarlo!,¡No puedo soportarlo!
¿Sabez lo que digo?,¿Sabes lo que digo?
Permitaseme pasar ahora a las hormonas.,Permítaseme pasar ahora a las hormonas.
Que tu no puedes apagar así nomás atracción sexual por los hombres.,Que tu no puedes apagar así nomás la atracción sexual por los hombres.
No ay ningun Helskor.,No hay ningún Helskór.
tres jugadores que estaban ahí estaba cansados,tres jugadores que estaban ahí estaban cansados
- Esos arshivos pesados.,- Esos archivos pesados.
¿Por ke hases todo esto?,¿Por qué haces todo esto?
Para ber zi tomaban...,Para ver si tomaban...
- Ezo uele dibinamente.,- Eso huele divinamente.
tres regalos del parque era antiguos,tres regalos del parque eran antiguos
varios profesores que vi tiene nombre,varios profesores que vi tienen nombre
dos mesas que vimos ayer tiene dueño,dos mesas que vimos ayer tienen dueño
varios coches que vi es de madera,varios coches que vi son de madera
Pero te voy a desangrar bien despasito mientras me Io explisas.,Pero te voy a desangrar bien despacito mientras me Io explicas.
¿Qué trataz de decir?,¿Qué tratas de decir?
estas chicas es de mi hermano,estas chicas son de mi hermano
Orizza debe zaber dónde eztá.,Orissa debe saber dónde está.
"Como sabes, le prometi a Earl ke suidaria de ti--","Como sabes, le prometí a Earl que cuidaría de ti--"
- Eztá en caza con mi mamá.,- Está en casa con mi mamá.
varios hermanos que vimos ayer es importantes,varios hermanos que vimos ayer son importantes
Me pregunto qué aré con todo ezte dinero.,Me pregunto qué haré con todo este dinero.
Ez bueno berte.,Es bueno verte.
- Pero ¿ke mas tengo ke haser?,- Pero ¿qué más tengo que hacer?
Quizáz zi ablaraz con él.,Quizás si hablaras con él.
Si ez que erez tan tonto como para montarla.,Si es que eres tan tonto como para montarla.
"Lo izo, yo eztaba junto a él cuando te llamó.","Lo hizo, yo estaba junto a él cuando te llamó."
Eztamoz buzcando a alguien que aya bizto algo.,Estamos buscando a alguien que haya visto algo.
Tengo muco que corregir.,Tengo mucho que corregir.
"Por lo que Max me contó, penzé que zería...","Por lo que Max me contó, pensé que sería..."
- Te respondo en sodigo.,- Te respondo en código.
estos coches que llegaron estaba listos,estos coches que llegaron estaban listos
Eztáz tan zerio.,Estás tan serio.
muchos jugadores que vimos ayer es importantes,muchos jugadores que vimos ayer son importantes
Estaba borrasho.,Estaba borracho.
Llame para eso.,Llamé para eso.
¿Que tiene ke ver esto son eI interrogatorio?,¿Qué tiene que ver esto con eI interrogatorio?
Quizá te den unoz trozoz de paztel como recompenza.,Quizá te den unos trozos de pastel como recompensa.
unas ventanas que tenía era divertidas,unas ventanas que tenía eran divertidas
ahi musho trafiso.,Hay mucho trafico.
Solo somiendo bosadito.,Sólo comiendo un bocadito.
unas plantas tiene dueño,unas plantas tienen dueño
Una dizputa local que tenía que zer manejada.,Una disputa local que tenía que ser manejada.
¿Pero ke estaba hasiendo ayi Ronny?,¿Pero qué estaba haciendo allí Ronny?
Alemania 1 sentro,Alemania 1 centro
No eztamoz zeguroz.,No estamos seguros.
esos autos era divertidos,esos autos eran divertidos
¿El ADN pertenese a Tom MasGregor?,¿El ADN pertenece a Tom MacGregor?
estos niños que vi es importantes,estos niños que vi son importantes
las manzanas que encontramos es de mi hermano,las manzanas que encontramos son de mi hermano
"Una vez ke se reuna la pintura, la familia tambien lo hara.","Una vez que se reúna la pintura, la familia también lo hará."
- ¡A mí me eztán zaliendo pico y plumaz!,- ¡A mí me están saliendo pico y plumas!
Ez zobre drogaz y dinero.,Es sobre drogas y dinero.
Esta de aki da mas superfisie de reflejo.,Esta de aquí da más superficie de reflejo.
estas niñas es de mi hermano,estas niñas son de mi hermano
Sus pautas es muy similares e incluyen los siguientes consejos:,Sus pautas son muy similares e incluyen los siguientes consejos:
- Pense ke iban a...,- Pensé que iban a...
muchos niños del parque estaba mojados,muchos niños del parque estaban mojados
varios regalos que vi es muy útiles,varios regalos que vi son muy útiles
esas chicas que estaban ahí fue pequeñas,esas chicas que estaban ahí fueron pequeñas
Loz doctorez dijeron que ella no podía tener el bebé.,Los doctores dijeron que ella no podía tener el bebé.
"""Le dije a mi ezpoza que mi amor por ella no era menor debido a zu maztectomía.","""Le dije a mi esposa que mi amor por ella no era menor debido a su mastectomía."
Por fabor. ¿De qué baz?,Por favor. ¿De qué vas?
esas canciones que estaban ahí es de madera,esas canciones que estaban ahí son de madera
Eclipze zolar total.,Eclipse solar total.
Esperaba ke pensaras mejor de mi ke yo misma.,Esperaba que pensaras mejor de mí que yo misma.
Se ve como una mitad de acta de matrimonio.,Se ve como una mitad de un acta de matrimonio.
Â¿Quieres ticket?,Â¿Quieres el ticket?
» Colom sritisa poso aporte internasional a seguridad (Siglo 21),» Colom critica poco aporte internacional a seguridad (Siglo 21)
ay está cosa.,Ahí está la cosa.
unas chicas que llegaron tiene dueño,unas chicas que llegaron tienen dueño
las puertas que encontramos estaba cerradas,las puertas que encontramos estaban cerradas
"- ""Un sueño ke tuve.""","- ""Un sueño que tuve."""
- ¡Diviertanse!,- ¡Diviértanse!
"- Polisias, solega...","- Policías, colega..."
unos vecinos de mi tío tiene nombre,unos vecinos de mi tío tienen nombre
alquila un coce de lujo en San Salbador,alquila un coche de lujo en San Salvador
Y les dije ke Sshiyer estaba en la lista de los mas bussados del FBI.,Y les dije que Schiller estaba en el la lista de los más buscados del FBI.
"¿Lo ves, estupida?","¿Lo ves, estúpida?"
"Sí, como mi ombre.","Sí, como mi hombre."
Nada. Lo ziento.,Nada. Lo siento.
esos hermanos que encontramos tiene dueño,esos hermanos que encontramos tienen dueño
estos profesores del parque era rápidos,estos profesores del parque eran rápidos
esos amigos que estaban ahí era enormes,esos amigos que estaban ahí eran enormes
varias sillas que encontramos era antiguas,varias sillas que encontramos eran antiguas
¿Alguna bez az ezcucado de Bruno Azmanzkiz?,¿Alguna vez has escuchado de Bruno Ashmanskis?
muchas amigas de mi tío tiene hambre,muchas amigas de mi tío tienen hambre
tres hermanos que vi es importantes,tres hermanos que vi son importantes
"Una antigua eztirpe, aora dezaparecida.","Una antigua estirpe, ahora desaparecida."
¿Como va por ahi? No yegaremos hasta dentro de dos horas.,¿Cómo va por ahi? No llegaremos hasta dentro de dos horas.
estos árboles del parque fue nuevos,estos árboles del parque fueron nuevos
"¿Y qué cozaz zerían, a? O, bamoz.","¿Y qué cosas serían, ah? Oh, vamos."
- Eztáz midiendo tuz palabraz.,- Estás midiendo tus palabras.
tres coches es de mi hermano,tres coches son de mi hermano
Dispara balas propulsadas por gases a partir de explosion kimisa.,Dispara balas propulsadas por gases a partir de una explosión química.
muchas amigas estaba sucias,muchas amigas estaban sucias
- Buen trabajo mushashos!,- Buen trabajo muchachos!
El TNP ez la piedra angular de loz regímenez de dezarme y no proliferación.,El TNP es la piedra angular de los regímenes de desarme y no proliferación.
- El zueño de todo cazador de gangaz.,- El sueño de todo cazador de gangas.
- No es una insolencia decir verdad.,- No es una insolencia decir la verdad.
"Me guztaría que me puziera con un número de Poplar, Londrez, por fabor.","Me gustaría que me pusiera con un número de Poplar, Londres, por favor."
Estaba sansado.,Estaba cansado.
tres profesores que estaban ahí es importantes,tres profesores que estaban ahí son importantes
Ezpero que zea mejor que ezto.,Espero que sea mejor que esto.
Pero me guztan miz cicoz ¡Y no ziento miedo de elloz!,Pero me gustan mis chicos ¡Y no siento miedo de ellos!
Prefiero decírzelo aora: me beré obligado a zuzpender el debate.,Prefiero decírselo ahora: me veré obligado a suspender el debate.
¿Por qué me dicez todo ezto?,¿Por qué me dices todo esto?
"Una Lección zobre la Confianza – Nobiembre 11 (11:11), 2008.","Una Lección sobre la Confianza – Noviembre 11 (11:11), 2008."
Non-zmoking (8),Non-smoking (8)
tres puertas que llegaron era enormes,tres puertas que llegaron eran enormes
tres ventanas que tenía tiene dueño,tres ventanas que tenía tienen dueño
- No zeaz bobo.,- No seas bobo.
Pensé que sería nuevo comienzo.,Pensé que sería un nuevo comienzo.
Eztaz accionez prozeguirán azta que el riezgo ze alle plenamente ebaluado.,Estas acciones proseguirán hasta que el riesgo se halle plenamente evaluado.
- Nos hemos comido.,- Nos las hemos comido.
muchas camisas que me diste tiene nombre,muchas camisas que me diste tienen nombre
dos plantas que vimos ayer es importantes,dos plantas que vimos ayer son importantes
estas casas es muy útiles,estas casas son muy útiles
muchas profesoras estaba cansadas,muchas profesoras estaban cansadas
"Pero no quiere eztar conmigo, quiere eztar zola, ¿te daz cuenta?","Pero no quiere estar conmigo, quiere estar sola, ¿te das cuenta?"
Se zuponía que miraríaz,Se suponía que mirarías
Empuja fuerte. ¡Bien eco!,Empuja fuerte. ¡Bien hecho!
tres gatos que vimos ayer es importantes,tres gatos que vimos ayer son importantes
Tomo dessanso.,Tomo un descanso.
¿No ez ziempre de ézta forma?,¿No es siempre de ésta forma?
Esperemos ke si.,Esperemos que sí.
muchas mesas que había ahí es de mi hermano,muchas mesas que había ahí son de mi hermano
Los piratas estaban alerta y sabian ke isla Linsoln estaba habitada.,Los piratas estaban alerta y sabían que la isla Lincoln estaba habitada.
"Estaba en lugar muy raro, Mary.","Estaba en un lugar muy raro, Mary."
Simplemente no podía acerlo.,Simplemente no podía hacerlo.
"¡Vamoz, dámelo!","¡Vamos, dámelo!"
muchas plantas de la casa tiene precio,muchas plantas de la casa tienen precio
las canciones que vimos ayer era antiguas,las canciones que vimos ayer eran antiguas
dos autos que llegaron fue nuevos,dos autos que llegaron fueron nuevos
"Bueno, tesnisamente, legalmente, lo es.","Bueno, técnicamente, legalmente, lo es."
Y rezamoz para que zuz ijoz ze lo ayan pazado genial ezta zemana.,Y rezamos para que sus hijos se lo hayan pasado genial esta semana.
tres plantas que tenía es de madera,tres plantas que tenía son de madera
"Elloz tratan de reflejar dentro de zuz obraz lo que zucede alrededor de elloz.""","Ellos tratan de reflejar dentro de sus obras lo que sucede alrededor de ellos."""
Usted tiene 81 Produsto(s) en su sesta.,Usted tiene 81 Producto(s) en su cesta.
unos hermanos que estaban ahí tiene nombre,unos hermanos que estaban ahí tienen nombre
ze abría buelto loco.,se habría vuelto loco.
esos vecinos que vimos ayer tiene hambre,esos vecinos que vimos ayer tienen hambre
Definitibamente zería derrotado por ti.,Definitivamente sería derrotado por ti.
¿Te olbidaz lo que acabo de pazar?,¿Te olvidas lo que acabo de pasar?
Y cuando se cayó de silla...,Y cuando se cayó de la silla...
las historias que vi era divertidas,las historias que vi eran divertidas
¡Por eso kien tiene amigo tiene un tesoro!,¡Por eso quien tiene un amigo tiene un tesoro!
dos historias que estaban ahí fue muy grandes,dos historias que estaban ahí fueron muy grandes
"""Teztigo, Fred Martingale. ""","""Testigo, Fred Martingale. """
Tu prima Wilkie fue azezinada en tu apartamento.,Tu prima Wilkie fue asesinada en tu apartamento.
¿Por ke nos tosa solo una?,¿Por qué nos toca sólo una?
unas camisas que compré fue nuevas,unas camisas que compré fueron nuevas
Puede tomar pastillas con o sin comida.,Puede tomar las pastillas con o sin comida.
dos profesores que encontramos fue míos,dos profesores que encontramos fueron míos
muchas casas que estaban ahí es muy útiles,muchas casas que estaban ahí son muy útiles
las vecinas de la casa tiene nombre,las vecinas de la casa tienen nombre
Luego noz bemoz.,Luego nos vemos.
esos profesores de la casa era rápidos,esos profesores de la casa eran rápidos
las ventanas que llegaron estaba sucias,las ventanas que llegaron estaban sucias
Necezitamoz contener el gaz en botellaz de bidrio.,Necesitamos contener el gas en botellas de vidrio.
"""'el zeñor le traerá oy.","""'el señor le traerá hoy."
"Igualmente, ¿no estás más interesada en quién le dio a Regina collar?","Igualmente, ¿no estás más interesada en quién le dio a Regina el collar?"
"prinsipal astividad esonomisa de la empresa durante el año sivil anterior,","principal actividad económica de la empresa durante el año civil anterior,"
- ¿Ez uzted Lorraine Labond?,- ¿Es usted Lorraine Lavond?
estas historias que había ahí era divertidas,estas historias que había ahí eran divertidas
unos perros que llegaron es de mi hermano,unos perros que llegaron son de mi hermano
muchos juguetes que tenía estaba rotos,muchos juguetes que tenía estaban rotos
No te nesesito.,No te necesito.
tres ventanas de mi tío es de mi hermano,tres ventanas de mi tío son de mi hermano
La mezkita de Burton Street.,La mezquita de Burton Street.
"Se le an azignado 6,5 millonez de euroz.","Se le han asignado 6,5 millones de euros."
(Marsa de fantasia) Nombre,(Marca de fantasía) Nombre
estos juguetes que llegaron tiene precio,estos juguetes que llegaron tienen precio
"Por desgrasia, es muy difisil evitar esta destrussion.","Por desgracia, es muy difícil evitar esta destrucción."
"Padre, no sreo ke debas operar hoy.","Padre, no creo que debas operar hoy."
"Porque los chicos no quiere verse lindos, quieren ser duros y fuertes.","Porque los chicos no quieren verse lindos, quieren ser duros y fuertes."
unas canciones del parque fue azules,unas canciones del parque fueron azules
¿Qué a pazado?,¿Qué ha pasado?
Ver prozpecto para máz información.,Ver prospecto para más información.
Ez demaziado tarde.,Es demasiado tarde.
unas canciones de mi tío tiene nombre,unas canciones de mi tío tienen nombre
"Dra. Taylor, soy la Comisario Sandra Puyman y este es mi solega, Brian Lane.","Dra. Taylor, soy la Comisario Sandra Pullman y éste es mi colega, Brian Lane."
- ¿Que hases si una shisa te reshaza?,- ¿Qué haces si una chica te rechaza?
Cuánta tranquilidad. Me guzta el zilencio.,Cuánta tranquilidad. Me gusta el silencio.
Las estrellas está brillando desde dentro de mí.,Las estrellas están brillando desde dentro de mí.
- ¿Ez un regalo?,- ¿Es un regalo?
dos pájaros que llegaron era buenos,dos pájaros que llegaron eran buenos
La pregunta que el tiempo rezponderá ez:,La pregunta que el tiempo responderá es:
"¿Pero él eztá trabajando, no ez?","¿Pero él está trabajando, no es?"
varios amigos que llegaron es de mi hermano,varios amigos que llegaron son de mi hermano
- ¡No quiero oír nada máz! Eztá decidido.,- ¡No quiero oír nada más! Está decidido.
esas gallinas que encontramos tiene dueño,esas gallinas que encontramos tienen dueño
los hermanos fue muy bonitos,los hermanos fueron muy bonitos
varias gallinas que vimos ayer tiene nombre,varias gallinas que vimos ayer tienen nombre
"- Aora no, Benny.","- Ahora no, Benny."
Ella ziempre ze bizte de negro.,Ella siempre se viste de negro.
Debemoz mobernoz.,Debemos movernos.
tres juguetes de la casa tiene precio,tres juguetes de la casa tienen precio
Ézte ez un ozpital de mierda.,Éste es un hospital de mierda.
- Aquí está las copias.,- Aquí están las copias.
A nosotros tambien.,A nosotros también.
muchas canciones que había ahí fue muy grandes,muchas canciones que había ahí fueron muy grandes
Los pisos de salor pueden yegar a superar 35º s.,Los picos de calor pueden llegar a superar los 35º c.
Despues desaparesio radar.,Después desapareció del radar.
"""tu mano deresha vensera a los ke te odian"".","""tu mano derecha vencerá a los que te odian""."
"a quienes, injustos consigo mismos, ángeles llaman».","a quienes, injustos consigo mismos, los ángeles llaman»."
Lo eztamoz pazando genial.,Lo estamos pasando genial.
Esto se hizo público y Asociación de Directores protestó.,Esto se hizo público y la Asociación de Directores protestó.
los gatos que había ahí tiene dueño,los gatos que había ahí tienen dueño
Es ke no habra ensontrado un regalo ke le guste.,Es que no habrá encontrado un regalo que le guste.
muchas profesoras que vimos ayer es importantes,muchas profesoras que vimos ayer son importantes
"- ¿Qué paza, ermana?","- ¿Qué pasa, hermana?"
Pero San Miguel biene acia adelante.,Pero San Miguel viene hacia adelante.
- Y tamposo tu.,- Y tampoco tú.
dos historias que había ahí estaba rotas,dos historias que había ahí estaban rotas
- Un slub nosturno.,- Un club nocturno.
"Si hemos perdido a la shisa, ¿ke otra sosa podemos desir?","Si hemos perdido a la chica, ¿qué otra cosa podemos decir?"
"Soy médico, juzto lo que eztudiazte para zer.","Soy médico, justo lo que estudiaste para ser."
El Jefe me dio zuz trajez antez de eztrenarloz.,El Jefe me dio sus trajes antes de estrenarlos.
"Bueno, ¿Qué a pazado?","Bueno, ¿Qué ha pasado?"
"Dios mio, ¿estan muertas?","Dios mío, ¿están muertas?"
Aora empieza lo bueno para ti.,Ahora empieza lo bueno para ti.
"No ze enfade, por fabor.","No se enfade, por favor."
Te enfadazte conmigo cuando te conté lo del cantaje.,Te enfadaste conmigo cuando te conté lo del chantaje.
tres juguetes que tenía tiene precio,tres juguetes que tenía tienen precio
"John Doe roba 10 mil, hase una apuesta son el dinero susio y gana 14.","John Doe roba 10 mil, hace una apuesta con el dinero sucio y gana 14."
muchas canciones que vimos ayer estaba listas,muchas canciones que vimos ayer estaban listas
tres autos de la casa tiene dueño,tres autos de la casa tienen dueño
las flores que había ahí fue azules,las flores que había ahí fueron azules
"Que se selebrara martes 14 de ostubre de 2008, a las 10.00 horas","Que se celebrará el martes 14 de octubre de 2008, a las 10.00 horas"
muchos niños que encontramos fue muy bonitos,muchos niños que encontramos fueron muy bonitos
Pero uir del zenzacionalizmo y umanizar ezte momento ez también.,Pero huir del sensacionalismo y humanizar este momento es también.
muchos autos que tenía estaba rotos,muchos autos que tenía estaban rotos
"Aunke, kiza no.","Aunque, quizá no."
- iTienes ke haserlo!,- iTienes que hacerlo!
Creo que ez ora de irze.,Creo que es hora de irse.
Anteriormente en Batez Motel...,Anteriormente en Bates Motel...
"Sí, hombre que no confía en nadie es apto para que confíen en él.","Sí, un hombre que no confía en nadie es apto para que confíen en él."
Vamoz a acer ezto. - No.,Vamos a hacer esto. - No.
Simplemente no permita ke sapturen a Sylvia.,Simplemente no permita que capturen a Sylvia.
- Él esta aki.,- Él está aquí.
esos chicos que llegaron fue muy grandes,esos chicos que llegaron fueron muy grandes
Los ancianos puede haber tenido la experiencia de ser perdonado y perdonar.,Los ancianos pueden haber tenido la experiencia de ser perdonado y perdonar.
las puertas del parque fue muy grandes,las puertas del parque fueron muy grandes
"""Excluziba"", Joaquim.","""Exclusiva"", Joaquim."
Mujerez y dinero.,Mujeres y dinero.
"De asuerdo, entonses, dejame ayudar ekipo.","De acuerdo, entonces, déjame ayudar al equipo."
Una habitasion en el mismo piso y une habitasion en entresuelo.,Una habitacion en el mismo piso y une habitación en entresuelo.
varias amigas que encontramos tiene hambre,varias amigas que encontramos tienen hambre
unas camisas que me diste fue caras,unas camisas que me diste fueron caras
unas profesoras que estaban ahí fue muy grandes,unas profesoras que estaban ahí fueron muy grandes
dos perros que había ahí tiene nombre,dos perros que había ahí tienen nombre
¿Que le hisiste a Huang Yong?,¿Qué le hiciste a Huang Yong?
Son la gente mas amable y generosa ke he sonosido.,Son la gente más amable y generosa que he conocido.
"- Sabanna, ezcuca mi boz.","- Savannah, escucha mi voz."
esas mesas que encontramos tiene dueño,esas mesas que encontramos tienen dueño
"En zu primera faze, TEDIS emprendió doce proyectoz en loz que participaron PYME.","En su primera fase, TEDIS emprendió doce proyectos en los que participaron PYME."
"- Buenaz nocez, Gilez.","- Buenas noches, Giles."
- ¿Eres Wiyiam? - Asi es.,- ¿Eres William? - Así es.
estos vecinos que vimos ayer era buenos,estos vecinos que vimos ayer eran buenos
muchas ventanas que estaban ahí tiene precio,muchas ventanas que estaban ahí tienen precio
y lidiaste son malditas,y lidiaste con las malditas
Todabía no ze a efectuado ningún arrezto.,Todavía no se ha efectuado ningún arresto.
Esta era voluntad del Consejo.,Esta era la voluntad del Consejo.
El número que ziguez repitiendo...,El número que sigues repitiendo...
dos hermanos del parque estaba cansados,dos hermanos del parque estaban cansados
- ¿Quien ha dado la orden?,- ¿Quién ha dado la orden?
- Tenemos unidad bussandole ahora mismo.,- Tenemos una unidad buscándole ahora mismo.
Que mas dan bodas.,Qué más dan las bodas.
"Perdonadme, Padre, porque e pecado.","Perdonadme, Padre, porque he pecado."
"Si, me han pedido ke trabaje en dos juntas.","Sí, me han pedido que trabaje en dos juntas."
estas flores que encontramos tiene dueño,estas flores que encontramos tienen dueño
unas chicas que había ahí fue muy bonitas,unas chicas que había ahí fueron muy bonitas
¿Por ke no vimos su sara?,¿Por qué no vimos su cara?
*Y tenemoz paloz y piedraz y moretonez*,*Y tenemos palos y piedras y moretones*
1) artisulo 1 se sustituira por el texto siguiente:,1) El artículo 1 se sustituirá por el texto siguiente:
- Ezo no fue agradable.,- Eso no fue agradable.
las sillas del parque tiene dueño,las sillas del parque tienen dueño
unas manzanas del parque es importantes,unas manzanas del parque son importantes
estos niños que vimos ayer era buenos,estos niños que vimos ayer eran buenos
Mi bebe no tendra padre.,Mi bebé no tendrá un padre.
esas puertas que compré tiene nombre,esas puertas que compré tienen nombre
Alguien se kejo ke soy insensible,Alguien se quejó que soy insensible
Grupo farmasoterapeutiso:,Grupo farmacoterapéutico:
varias puertas que había ahí es de mi hermano,varias puertas que había ahí son de mi hermano
esos coches del parque fue muy grandes,esos coches del parque fueron muy grandes
estas vecinas del parque es de mi hermano,estas vecinas del parque son de mi hermano
Os graduareis son honores.,Os graduaréis con honores.
Polisia de San Jose.,Policía de San José.
muchas historias de la casa era antiguas,muchas historias de la casa eran antiguas
"Si alguna vez vienes por aki, tengo un restaurante, ""Monaso"".","Si alguna vez vienes por aquí, tengo un restaurante, ""Monaco""."
Grasias a ponente y le ensomiendo estas enmiendas a la Camara.,Gracias a la ponente y le encomiendo estas enmiendas a la Cámara.
"Leung Wai Yip, 40 añoz.","Leung Wai Yip, 40 años."
"Oiga, jefe, kizas deberiamos yevarla de regreso al pueblo ahora.","Oiga, jefe, quizás deberíamos llevarla de regreso al pueblo ahora."
dos árboles que estaban ahí tiene precio,dos árboles que estaban ahí tienen precio
¿Que kieres ke diga?,¿Qué quieres que diga?
"# Por zer un mucaco excelente, Por zer un mucaco excelente...","# Por ser un muchacho excelente, Por ser un muchacho excelente..."
Algunos dice que el truco del diablo es convencer a todos de que él no existe.,Algunos dicen que el truco del diablo es convencer a todos de que él no existe.
A cambio de donacionez.,A cambio de donaciones.
No tengo surrisulum.,No tengo currículum.
Y trato de zer zutil,Y trato de ser sutil
tres vecinas que había ahí estaba sucias,tres vecinas que había ahí estaban sucias
unos amigos que estaban ahí es de mi hermano,unos amigos que estaban ahí son de mi hermano
Sé que antez ze quedó aí.,Sé que antes se quedó ahí.
El proyesto de resolusion fue aprobado sin votasion.,El proyecto de resolución fue aprobado sin votación.
La cárcel me a eco bien.,La cárcel me ha hecho bien.
muchos jugadores que vi fue muy bonitos,muchos jugadores que vi fueron muy bonitos
Sabes lo ke tienes ke haser.,Sabes lo que tienes que hacer.
Eya nos sonto sobre el asuerdo de tierras de su abuela en Castkiys.,Ella nos contó sobre el acuerdo de tierras de su abuela en Castkills.
"Lo se, estoy de asuerdo sontigo pero ahora nesesitamos salmarnos.","Lo se, estoy de acuerdo contigo pero ahora necesitamos calmarnos."
Dan Wite ez un cerdo!,Dan White es un cerdo!
muchos cuadros que llegaron era divertidos,muchos cuadros que llegaron eran divertidos
"Papa, ¿ke posibilidades srees ke tengo?","Papá, ¿qué posibilidades crees que tengo?"
El niño a matado a mucoz inmortalez.,El niño a matado a muchos inmortales.
las canciones era buenas,las canciones eran buenas
Dice que amboz cocez eztaban bacíoz cuando llegó al lugar.,Dice que ambos coches estaban vacíos cuando llegó al lugar.
unas amigas del parque es importantes,unas amigas del parque son importantes
Sus hermanos es Tony y Harry James.,Sus hermanos son Tony y Harry James.
¡Acaba con ezo! No zaldráz de aquí azta que agaz lo que te digo.,¡Acaba con eso! No saldrás de aquí hasta que hagas lo que te digo.
esas mesas de la casa estaba cerradas,esas mesas de la casa estaban cerradas
Diganle a Glen eso. Porke...,Díganle a Glen eso. Porque...
El Ingles tiene resultados intersantes en neurotransmisores.,El Inglés tiene resultados intersantes en neurotransmisores.
los amigos que llegaron estaba cansados,los amigos que llegaron estaban cansados
"Eztoy pagando, ¿no?","Estoy pagando, ¿no?"
varios amigos que estaban ahí fue míos,varios amigos que estaban ahí fueron míos
esos regalos que compré era enormes,esos regalos que compré eran enormes
- Es poncho.,- Es un poncho.
"- Si, fuera de aki.","- Sí, fuera de aquí."
- Eso no sonstituye una defensa. - No digas eso.,- Eso no constituye una defensa. - No digas eso.
muchas mesas que estaban ahí tiene nombre,muchas mesas que estaban ahí tienen nombre
"Bien, entoncez, ¿dónde el diablo entra?","Bien, entonces, ¿dónde el diablo entra?"
No eztará lizto para ezta noce.,No estará listo para esta noche.
Su equipo tiene contactoz.,Su equipo tiene contactos.
muchos autos que vimos ayer tiene dueño,muchos autos que vimos ayer tienen dueño
"Asistensia prestada, proyestada o resibida","Asistencia prestada, proyectada o recibida"
"Kara, el sandado no funsiona.","Kara, el candado no funciona."
Ha habido evolución.,Ha habido una evolución.
Sera mejor ke vuelvas a tu sama.,Será mejor que vuelvas a tu cama.
esos juguetes que encontramos era divertidos,esos juguetes que encontramos eran divertidos
muchas profesoras que vi fue muy grandes,muchas profesoras que vi fueron muy grandes
varias amigas de mi tío estaba mojadas,varias amigas de mi tío estaban mojadas
"Girózcopo 2, calentar, ya eztá.","Giróscopo 2, calentar, ya está."
estos amigos de la casa fue pequeños,estos amigos de la casa fueron pequeños
esas chicas que vimos ayer estaba mojadas,esas chicas que vimos ayer estaban mojadas
"""Kuriero Internaciona"" es revista realizada en Francia cada pocos meses.","""Kuriero Internaciona"" es una revista realizada en Francia cada pocos meses."
varias ventanas tiene precio,varias ventanas tienen precio
unos autos que vi estaba listos,unos autos que vi estaban listos
¿De qué tienez miedo?,¿De qué tienes miedo?
Me a zonado a boluntario.,Me ha sonado a voluntario.
"rayoz, mira Quinn...","rayos, mira Quinn..."
varias canciones del parque estaba rotas,varias canciones del parque estaban rotas
muchos autos que llegaron era buenos,muchos autos que llegaron eran buenos
Tiene ke ser sortosirsuito.,Tiene que ser un cortocircuito.
"Como zi yo fuera un parrandero, un azezino.","Como si yo fuera un parrandero, un asesino."
"Dioz, qué bergüenza.","Dios, qué vergüenza."
Ez una tortura.,Es una tortura.
Pero tambien ke era algo bueno ke solo podria osurrir en Inglaterra.,Pero también que era algo bueno que sólo podría ocurrir en Inglaterra.
- ¿Quién diabloz ez?,- ¿Quién diablos es?
26 nobiembre 2008 - Bulgaria,26 noviembre 2008 - Bulgaria
- Dick. ¿Eztáz bien?,- Dick. ¿Estás bien?
Me voy de aki sontigo.,Me voy de aquí contigo.
Teztificaré contra el Sr. Jonez.,Testificaré contra el Sr. Jones.
Los trabajos del tribunal es muy complicados...,Los trabajos del tribunal son muy complicados...
"Era musho mas alto y fuerte ke nosotros, y bueno...","Era mucho más alto y fuerte que nosotros, y bueno..."
Nos sonvendria volver a la sosta.,Nos convendría volver a la costa.
"- Vamoz, Webzter.","- Vamos, Webster."
- en saso de la Republisa Chesa:,- en el caso de la República Checa:
dos flores que vimos ayer es de madera,dos flores que vimos ayer son de madera
No pienzo dar eza orden.,No pienso dar esa orden.
"es unos héroes, han matado a doce esta semana.","Son unos héroes, han matado a doce esta semana."
"Bueno, allá boy.","Bueno, allá voy."
los autos tiene nombre,los autos tienen nombre
"¿De ke nos sulpas, hombre?","¿De qué nos culpas, hombre?"
"Lo entiendo, y ze lo agradezco.","Lo entiendo, y se lo agradezco."
No emoz dormido.,No hemos dormido.
Tal bez nueztraz opcionez an dezaparecido una bez que Hoba zalto.,Tal ves nuestras opciones han desaparecido una vez que Hoba salto.
"Si, esta trabajando son soldados son Trastorno por Estres Postraumatiso.","Sí, está trabajando con soldados con Trastorno por Estrés Postraumático."
dos pájaros del parque fue muy bonitos,dos pájaros del parque fueron muy bonitos
"- Confía en mí, 100% ez impozible.","- Confía en mí, 100% es imposible."
muchos autos que tenía tiene dueño,muchos autos que tenía tienen dueño
Yo... eztoy muy orgullozo de ella.,Yo... estoy muy orgulloso de ella.
dos niños del parque era divertidos,dos niños del parque eran divertidos
¿Sabes kien kisiera ke estuviera aki?,¿Sabes quién quisiera que estuviera aquí?
tres niños que encontramos fue pequeños,tres niños que encontramos fueron pequeños
- Va zer difícil.,- Va ser difícil.
"Es desir, vosotros teneis algo ke todo mundo kiere.","Es decir, vosotros tenéis algo que todo el mundo quiere."
"En 2 añoz, eztaría jodido.","En 2 años, estaría jodido."
tres mesas que encontramos estaba rotas,tres mesas que encontramos estaban rotas
Ezo me diztingue. - ¿Cómo?,Eso me distingue. - ¿Cómo?
esos niños de la casa tiene dueño,esos niños de la casa tienen dueño
Entiendo que tu ija eztá a un pazo o doz de una zilla de ruedaz.,Entiendo que tu hija está a un paso o dos de una silla de ruedas.
las amigas que estaban ahí era rápidas,las amigas que estaban ahí eran rápidas
estos autos que compré fue azules,estos autos que compré fueron azules
- Ayudadme todoz.,- Ayudadme todos.
las niñas de mi tío es de mi hermano,las niñas de mi tío son de mi hermano
Algo ez zeguro.,Algo es seguro.
los coches que llegaron estaba rotos,los coches que llegaron estaban rotos
unas historias que compré es importantes,unas historias que compré son importantes
Al menoz no oficialmente.,Al menos no oficialmente.
"Porke somos una familia, por eso.","Porque somos una familia, por eso."
Mi rezpuezta ez no.,Mi respuesta es no.
Que ze bayan a dibertir a otro lado.,Que se vayan a divertir a otro lado.
Numero de visitas: 886,Número de visitas: 886
muchos amigos de la casa estaba listos,muchos amigos de la casa estaban listos
"Satur, me estoy jugando mi matrimonio!","Sátur, me estoy jugando mi matrimonio!"
varios chicos que vi fue míos,varios chicos que vi fueron míos
"Dioz, ¿creez que tú lo zabríaz zi te ubiezez extralimitado?","Dios, ¿crees que tú lo sabrías si te hubieses extralimitado?"
Mire a Poebe y Will.,Mire a Phoebe y Will.
muchas historias de la casa fue pequeñas,muchas historias de la casa fueron pequeñas
"Quiero desir, solo... solo fines de semana.","Quiero decir, sólo... sólo los fines de semana."
Arrastre las notas para sambiar la altura del sonido o su ubisasion,Arrastre las notas para cambiar la altura del sonido o su ubicación
varios pájaros es importantes,varios pájaros son importantes
Nueztra última candidata para ezta tranzmizión radial de la Cote d'Opale.,Nuestra última candidata para esta transmisión radial de la Cote d'Opale.
"Buenaz nocez, Sr. Cruickzank.","Buenas noches, Sr. Cruickshank."
¿Qué eztá aciendo en Filadelfia?,¿Qué está haciendo en Filadelfia?
No puedez guardar rencor por ziempre.,No puedes guardar rencor por siempre.
"No, por favor, deja ke me desnude yo sola.","No, por favor, deja que me desnude yo sola."
dos canciones que vi es importantes,dos canciones que vi son importantes
"- Sr. Witacre, ¿podríaz benir conmigo?","- Sr. Whitacre, ¿podrías venir conmigo?"
unas manzanas que compré estaba cerradas,unas manzanas que compré estaban cerradas
tres perros de la casa estaba listos,tres perros de la casa estaban listos
"Me acerqué Espiritismo después de conocer a Carla, luego de una separación.","Me acerqué al Espiritismo después de conocer a Carla, luego de una separación."
Diviertete son eyo.,Diviértete con ello.
unas ventanas fue muy bonitas,unas ventanas fueron muy bonitas
Eztamoz aquí para ayudarte.,Estamos aquí para ayudarte.
"-Garrido, ¿tú a qué eztáz jugando?","-Garrido, ¿tú a qué estás jugando?"
Podemoz azegurar zu zeguridad.,Podemos asegurar su seguridad.
esos chicos del parque es de mi hermano,esos chicos del parque son de mi hermano
¡La bida ez ermoza!,¡La vida es hermosa!
Significa que los nervios se está regenerando Podría ser bueno.,Significa que los nervios se están regenerando Podría ser bueno.
Ezo ez azquerozo.,Eso es asqueroso.
varios amigos de mi tío estaba sucios,varios amigos de mi tío estaban sucios
.. Mi nobia ez paquiztaní.,.. Mi novia es paquistaní.
En diferentez lugarez.,En diferentes lugares.
las montañas que vi fue mías,las montañas que vi fueron mías
Opinión de la Comizión zobre loz argumentoz ezgrimidoz por Italia,Opinión de la Comisión sobre los argumentos esgrimidos por Italia
"39:18 Y somo yo alse mi voz y grite, el dejo su ropa junto a mi, y huyo fuera.","39:18 Y como yo alcé mi voz y grite, él dejó su ropa junto á mí, y huyó fuera."
Voy a repetir todaz laz palabraz que me abéiz enzeñado azta el momento.,Voy a repetir todas las palabras que me habéis enseñado hasta el momento.
varios niños de mi tío era rápidos,varios niños de mi tío eran rápidos
"Del murciélago bampiro gigante, que ze creía extingui...","Del murciélago vampiro gigante, que se creía extingui..."
varios juguetes que vi es de madera,varios juguetes que vi son de madera
Ya es las 11:00.,Ya son las 11:00.
esas sillas de mi tío estaba mojadas,esas sillas de mi tío estaban mojadas
"Miren, creo que quiere que lo zigamoz.","Miren, creo que quiere que lo sigamos."
"ay sielo bonito, nubes y estos solores son flores.","Hay un cielo bonito, nubes y estos colores son flores."
tres montañas del parque fue nuevas,tres montañas del parque fueron nuevas
Buzca ofertaz dezde Portugal a Bellary con:,Busca ofertas desde Portugal a Bellary con:
No cometaz el mizmo error que yo.,No cometas el mismo error que yo.
Cina no tiene rey.,China no tiene rey.
muchas casas que vi es de madera,muchas casas que vi son de madera
Siguen ezoz trez.,Siguen esos tres.
muchos coches que vimos ayer fue muy bonitos,muchos coches que vimos ayer fueron muy bonitos
tres vecinas que vimos ayer tiene nombre,tres vecinas que vimos ayer tienen nombre
estos árboles era buenos,estos árboles eran buenos
varias chicas que vi es de mi hermano,varias chicas que vi son de mi hermano
"Sí, ¿por qué otra razón noz quedaríamoz zin mizionez?","Sí, ¿por qué otra razón nos quedaríamos sin misiones?"
"tu olor, tu apariensia, tus besos.","tu olor, tu apariencia, tus besos."
las profesoras fue muy bonitas,las profesoras fueron muy bonitas
"Nadie ezpera que bayaz, Jackie.","Nadie espera que vayas, Jackie."
muchas plantas que compré es muy útiles,muchas plantas que compré son muy útiles
esas manzanas es de madera,esas manzanas son de madera
esas sillas que vimos ayer es importantes,esas sillas que vimos ayer son importantes
es los Sres. Roth quienes decidirán eso.,Son los Sres. Roth quienes decidirán eso.
"Muy bien, ya e ezperado baztante.","Muy bien, ya he esperado bastante."
muchos gatos que vi tiene hambre,muchos gatos que vi tienen hambre
"Estaba a punto de serrar, abogado.","Estaba a punto de cerrar, abogado."
"Buena atrapada, debería jugar para loz Yankeez","Buena atrapada, debería jugar para los Yankees"
¿Y qué paza ezta noce?,¿Y qué pasa esta noche?
Es una escena de semana próxima.,Es una escena de la semana próxima.
La fiesta de despues se fue un poso de las manos.,La fiesta de después se fue un poco de las manos.
- Buenaz nocez.,- Buenas noches.
Febre me a dado información.,Fevre me ha dado información.
"Soaib, aznoz una foto juntoz .. .. y cuelgala en tu tienda.","Shoaib, haznos una foto juntos .. .. y cuelgala en tu tienda."
muchas canciones es muy útiles,muchas canciones son muy útiles
No confíe en días nublados.,No confíe en los días nublados.
"No lo zoy, me e entregado.","No lo soy, me he entregado."
Me e equibocado.,Me he equivocado.
-dile ke Ia yamare mañana.,-dile que Ia llamaré mañana.
Línea de bizión perfecta del banco.,Línea de visión perfecta del banco.
Altitud dezconocida.,Altitud desconocida.
Pues deberia estar aki.,Pues debería estar aquí.
"Vamos, entonses.","Vamos, entonces."
- ¿Puedo ablar con uzted?,- ¿Puedo hablar con usted?
estos amigos que vi estaba sucios,estos amigos que vi estaban sucios
varios pájaros del parque es importantes,varios pájaros del parque son importantes
"Sí, mal azunto.","Sí, mal asunto."
dos hermanos de la casa fue míos,dos hermanos de la casa fueron míos
varios hermanos que vimos ayer estaba listos,varios hermanos que vimos ayer estaban listos
Desir lo ke piensas no es malo.,Decir lo que piensas no es malo.
estos autos que encontramos estaba sucios,estos autos que encontramos estaban sucios
Todo eyo se puede resumir en un sonsepto ke es a la vez simple e insoportable.,Todo ello se puede resumir en un concepto que es a la vez simple e insoportable.
estas sillas que vimos ayer fue nuevas,estas sillas que vimos ayer fueron nuevas
tres niñas que llegaron era rápidas,tres niñas que llegaron eran rápidas
- Reescribir escena del caballo.,- Reescribir la escena del caballo.
estas mesas del parque tiene dueño,estas mesas del parque tienen dueño
Loz ice a mano.,Los hice a mano.
- No me zorprende.,- No me sorprende.
Queda derogada Decisión 94/621/CE.,Queda derogada la Decisión 94/621/CE.
"¿Me dizculpan, por fabor?","¿Me disculpan, por favor?"
muchas sillas que me diste era enormes,muchas sillas que me diste eran enormes
dos chicos que había ahí tiene nombre,dos chicos que había ahí tienen nombre
muchas mesas que vi es de madera,muchas mesas que vi son de madera
Calmerz de Londrez.,Chalmers de Londres.
varias historias que llegaron tiene dueño,varias historias que llegaron tienen dueño
Ezto ze a puezto feo.,Esto se ha puesto feo.
Amboz queremoz el mizmo paíz.,Ambos queremos el mismo país.
¿En ke estabamos?,¿En que estábamos?
"Vistete, y ven rapido.","Vístete, y ven rápido."
"¿ Eztáz jugando con mi cerebro, como Feinberg?","¿ Estás jugando con mi cerebro, como Feinberg?"
los gatos que había ahí es de mi hermano,los gatos que había ahí son de mi hermano
los autos que vi era enormes,los autos que vi eran enormes
dos profesores que estaban ahí es de mi hermano,dos profesores que estaban ahí son de mi hermano
Tal vez podamos haser un intersambio.,Tal vez podamos hacer un intercambio.
"Lleba a una cica en el coce, y la pazea de un Eztado a otro.","Lleva a una chica en el coche, y la pasea de un Estado a otro."
estos jugadores que llegaron tiene nombre,estos jugadores que llegaron tienen nombre
varias niñas del parque fue muy grandes,varias niñas del parque fueron muy grandes
muchos chicos de mi tío estaba sucios,muchos chicos de mi tío estaban sucios
los pájaros del parque estaba cansados,los pájaros del parque estaban cansados
los amigos que estaban ahí estaba listos,los amigos que estaban ahí estaban listos
dos profesoras que vimos ayer es de mi hermano,dos profesoras que vimos ayer son de mi hermano
dos jugadores del parque tiene hambre,dos jugadores del parque tienen hambre
esas ventanas que me diste fue mías,esas ventanas que me diste fueron mías
"Siempre zon dezagradablez, ezaz cozaz.","Siempre son desagradables, esas cosas."
Cazaz aquí y cazaz allí.,Casas aquí y casas allí.
"Esto es Bosha relampago, maxima prueba para los nervios.","Esto es Bocha relámpago, la máxima prueba para los nervios."
esas profesoras del parque tiene nombre,esas profesoras del parque tienen nombre
"Llegaz tarde, Kent.","Llegas tarde, Kent."
- Ni ziquiera yo.,- Ni siquiera yo.
los autos que vi es importantes,los autos que vi son importantes
Dime si imagenes son iguales o distintas.,Dime si las imágenes son iguales o distintas.
los hermanos que llegaron fue muy grandes,los hermanos que llegaron fueron muy grandes
muchos amigos que estaban ahí es de mi hermano,muchos amigos que estaban ahí son de mi hermano
Las escaleras está detrás de usted.,Las escaleras están detrás de usted.
Mushisimas grasias.,Muchísimas gracias.
"- Ya, ke nadie pase. Vamonos. - Vamos, vamos.","- Ya, que nadie pase. Vámonos. - Vamos, vamos."
"Si tienez a alguien muy dentro de tu zubconzciente, ez entendible.","Si tienes a alguien muy dentro de tu subconsciente, es entendible."
estas puertas que estaban ahí fue pequeñas,estas puertas que estaban ahí fueron pequeñas
Siento ke tengo ke desirlo.,Siento que tengo que decirlo.
"Bueno, lo que zea.","Bueno, lo que sea."
"De otro modo, no podrán hacer película más tarde.","De otro modo, no podrán hacer la película más tarde."
No quiero que le agan ni un razguño.,No quiero que le hagan ni un rasguño.
muchas flores que vi es importantes,muchas flores que vi son importantes
dos vecinos que llegaron era buenos,dos vecinos que llegaron eran buenos
No sreo ke estes bussando al siguiente De Kooning.,No creo que estés buscando al siguiente De Kooning.
- ¿Quierez otro dizeño?,- ¿Quieres otro diseño?
"No, laz tuyaz primero.","No, las tuyas primero."
muchas ventanas que vi fue geniales,muchas ventanas que vi fueron geniales
Porque quería que juego estuviera en tus manos.,Porque quería que el juego estuviera en tus manos.
"Cuando he hablado con Primera Ministra, ella se dirigía a Stanbridge House.","Cuando he hablado con la Primera Ministra, ella se dirigía a Stanbridge House."
"Uno, la shisa se insendia y desaparese.","Uno, la chica se incendia y desaparece."
estos niños que llegaron era divertidos,estos niños que llegaron eran divertidos
Ez zolo que ojalá no la ubiera bizto.,Es solo que ojalá no la hubiera visto.
Lo eztáz buzcando.,Lo estás buscando.
- Sera antes de lo ke piensas.,- Será antes de lo que piensas.
"¿Quejaz, Brian?","¿Quejas, Brian?"
Productorez exportadorez de la India,Productores exportadores de la India
"- Hola, Bud. Eztá muy lejoz de caza.","- Hola, Bud. Está muy lejos de casa."
Me guztaría creer que ezo ez lo que prezencie.,Me gustaría creer que eso es lo que presencie.
"¿Porque no trataz de zer ""cool"" como yo?","¿Porque no tratas de ser ""cool"" como yo?"
Javad hizo explotar lugar son Semtex.,Javad hizo explotar el lugar con Semtex.
varios árboles que compré era antiguos,varios árboles que compré eran antiguos
Ustedes solo se distinguen de nosotros por entrenamiento.,Ustedes solo se distinguen de nosotros por el entrenamiento.
esos niños que había ahí fue pequeños,esos niños que había ahí fueron pequeños
esos zapatos del parque estaba cerrados,esos zapatos del parque estaban cerrados
Tendre alguien.,Tendré alguien.
Por ezte motibo nueztroz nano-recubrimientoz finalez zon 100% impermeablez.,Por este motivo nuestros nano-recubrimientos finales son 100% impermeables.
-Lo iremoz a dezpedir.,-Lo iremos a despedir.
¿Eztá diciendo que lo recazarían?,¿Está diciendo que lo rechazarían?
Tenemoz trabajo que acer.,Tenemos trabajo que hacer.
Piénzalo como un omenaje a ezo.,Piénsalo como un homenaje a eso.
dos chicos que estaban ahí es importantes,dos chicos que estaban ahí son importantes
los chicos que vi es de mi hermano,los chicos que vi son de mi hermano
las puertas de la casa era enormes,las puertas de la casa eran enormes
varias manzanas que vimos ayer tiene dueño,varias manzanas que vimos ayer tienen dueño
unos pájaros estaba listos,unos pájaros estaban listos
El suadro de la samara es demasiado estresho.,El cuadro de la cámara es demasiado estrecho.
Soy demaziado biejo.,Soy demasiado viejo.
varias mesas que encontramos es importantes,varias mesas que encontramos son importantes
¿Una manca como el Tanganika y no la bizte?,¿Una mancha como el Tanganika y no la viste?
los niños que estaban ahí estaba listos,los niños que estaban ahí estaban listos
Loz miembroz de la bolza,Los miembros de la bolsa
No te he oido yegar.,No te he oído llegar.
"Otros sombreros y tosados, esten o no guarnesidos","Otros sombreros y tocados, estén o no guarnecidos"
los libros que había ahí tiene nombre,los libros que había ahí tienen nombre
"He visto a mi padre de mushas formas, Hales, pero nunsa asustado.","He visto a mi padre de muchas formas, Hales, pero nunca asustado."
¡Largate de aki!,¡Lárgate de aquí!
"Con sariño, Ted"".","Con cariño, Ted""."
las chicas que vimos ayer era divertidas,las chicas que vimos ayer eran divertidas
¿Tenerme bigilado?,¿Tenerme vigilado?
¿Se lo contazte?,¿Se lo contaste?
Dos fetas de pan... ¿y somo eran?,Dos fetas de pan... ¿y cómo eran?
-es estos asesinatos.,-Son estos asesinatos.
muchos árboles fue pequeños,muchos árboles fueron pequeños
muchas vecinas que vi tiene nombre,muchas vecinas que vi tienen nombre
Ezo fue tan acertado. ',Eso fue tan acertado. '
Dostor Goodson.,Doctor Goodson.
No deberías dejar fuego encendido.,No deberías dejar el fuego encendido.
muchas manzanas de mi tío tiene dueño,muchas manzanas de mi tío tienen dueño
estos cuadros que vi tiene precio,estos cuadros que vi tienen precio
"Quienkiera ke fuese, hizo largo samino.","Quienquiera que fuese, hizo un largo camino."
esos vecinos que vi tiene dueño,esos vecinos que vi tienen dueño
los zapatos de mi tío tiene nombre,los zapatos de mi tío tienen nombre
dos jugadores tiene hambre,dos jugadores tienen hambre
¿Sabéiz lo que paza en NRJ?,¿Sabéis lo que pasa en NRJ?
¿Por qué no binizte al funeral de Hanzey?,¿Por qué no viniste al funeral de Hansey?
estos perros de la casa fue muy bonitos,estos perros de la casa fueron muy bonitos
esos niños de la casa fue geniales,esos niños de la casa fueron geniales
muchas canciones que me diste estaba sucias,muchas canciones que me diste estaban sucias
Inbazión Sobiética - Diciembre de 1979,Invasión Soviética - Diciembre de 1979
- Se ke no fue idea de ustedes.,- Sé que no fue idea de ustedes.
¿Que otra shisa hay aki?,¿Qué otra chica hay aquí?
esos coches que compré tiene dueño,esos coches que compré tienen dueño
El mizmo de ziempre.,El mismo de siempre.
los amigos que había ahí estaba cansados,los amigos que había ahí estaban cansados
estos autos era divertidos,estos autos eran divertidos
unas vecinas de la casa estaba cansadas,unas vecinas de la casa estaban cansadas
"O, porque parecez una entupe-bañoz.","Oh, porque pareces una entupe-baños."
varias vecinas del parque fue muy bonitas,varias vecinas del parque fueron muy bonitas
"Sinceramente, no ezperaba berle aquí, coronel Curtizz.","Sinceramente, no esperaba verle aquí, coronel Curtiss."
"*No, solo es tio* *ke se tiro a mi madre*","*No, solo es un tío* *que se tiró a mi madre*"
muchas chicas que llegaron fue geniales,muchas chicas que llegaron fueron geniales
Creo que deberíamoz ir a la policía.,Creo que deberíamos ir a la policía.
unos hermanos que vimos ayer fue pequeños,unos hermanos que vimos ayer fueron pequeños
El judio pidio.,El judío pidió.
esas montañas que estaban ahí tiene dueño,esas montañas que estaban ahí tienen dueño
varias camisas que tenía es muy útiles,varias camisas que tenía son muy útiles
Lo obtube de mi padre.,Lo obtuve de mi padre.
los perros que vimos ayer estaba cansados,los perros que vimos ayer estaban cansados
Lengua dezeada del libro,Lengua deseada del libro
tres árboles que llegaron tiene dueño,tres árboles que llegaron tienen dueño
Siempre aciendo preguntaz.,Siempre haciendo preguntas.
unos amigos que llegaron fue muy bonitos,unos amigos que llegaron fueron muy bonitos
No zoy yo zino tú quien a de cambiar de opinión.,No soy yo sino tú quien ha de cambiar de opinión.
"Grasias, y tenga dia fantastiso.","Gracias, y tenga un día fantástico."
"Lu-Lu, hoy estas presiosa.","Lu-Lu, hoy estas preciosa."
el somienzo de esta web - territorio B,el comienzo de esta web - territorio B
estas niñas del parque era enormes,estas niñas del parque eran enormes
las manzanas del parque tiene dueño,las manzanas del parque tienen dueño
- Pasen fin de semana son nosotros. - Grasias.,- Pasen un fin de semana con nosotros. - Gracias.
"Laurentiuz, ¡quiero ablar con Abzalon!","Laurentius, ¡quiero hablar con Absalon!"
- A todoz lez parece raro.,- A todos les parece raro.
Esos calcetines no tiene suerte.,Esos calcetines no tienen suerte.
¿Has terminado de reirte de mi?,¿Has terminado de reírte de mí?
varias camisas que encontramos fue mías,varias camisas que encontramos fueron mías
tres canciones de la casa estaba rotas,tres canciones de la casa estaban rotas
"Parece que uzted no lez guzta. Aquí, debajo de loz cotilleoz.","Parece que usted no les gusta. Aquí, debajo de los cotilleos."
unas amigas que había ahí era divertidas,unas amigas que había ahí eran divertidas
varias chicas tiene hambre,varias chicas tienen hambre
"Bueno, graciaz.","Bueno, gracias."
Lo uniso ke nesesito Ud. No me lo puede dar.,Lo único que necesito Ud. No me lo puede dar.
las flores que estaban ahí estaba mojadas,las flores que estaban ahí estaban mojadas
Todos los que conocemos dice que tú les hablaste de ella.,Todos los que conocemos dicen que tú les hablaste de ella.
unas gallinas que vi era enormes,unas gallinas que vi eran enormes
Se por lo que eztaz pazando.,Se por lo que estas pasando.
El Reglamento (CE) n° 1148/2001 ze modificará como zigue:,El Reglamento (CE) n° 1148/2001 se modificará como sigue:
- Tubimoz retrazo en la agenda de quirófano.,- Tuvimos retraso en la agenda de quirófano.
No me sompadezso.,No me compadezco.
"En mi opinión, no erez buena gente.","En mi opinión, no eres buena gente."
- Mantengamoslo entre nosotros.,- Mantengámoslo entre nosotros.
unos zapatos que vi fue muy grandes,unos zapatos que vi fueron muy grandes
A Moyy no le va a gustar lo ke has hesho.,A Molly no le va a gustar lo que has hecho.
Pero no esperes para sonseguir los Dewey ojos sobre el.,Pero no esperes para conseguir los Dewey ojos sobre él.
varios libros era antiguos,varios libros eran antiguos
"Se noz ace tarde, debemoz irnoz.","Se nos hace tarde, debemos irnos."
Pomatomuz zaltatrix,Pomatomus saltatrix
Me buzcaré un zocio nuebo.,Me buscaré un socio nuevo.
muchos gatos que vi tiene dueño,muchos gatos que vi tienen dueño
Ézte ez mi apartamento.,Éste es mi apartamento.
Pero eso no es todo. Ven aki y mira.,Pero eso no es todo. Ven aquí y mira.
varias canciones que llegaron tiene nombre,varias canciones que llegaron tienen nombre
Eztube una pezadilla anoce. Dickenz y un funeral.,Estuve una pesadilla anoche. Dickens y un funeral.
tres montañas del parque estaba cerradas,tres montañas del parque estaban cerradas
"Dizcúlpame Sailor, no puedo ebitarlo.","Discúlpame Sailor, no puedo evitarlo."
"Vamos a ver, piensa poso.","Vamos a ver, piensa un poco."
¿Cuáles es los riesgos asociados a Cancidas?,¿Cuáles son los riesgos asociados a Cancidas?
muchas chicas que vi estaba mojadas,muchas chicas que vi estaban mojadas
muchos hermanos de mi tío es de mi hermano,muchos hermanos de mi tío son de mi hermano
Componentes de otra makinaria agraria y forestal,Componentes de otra maquinaria agraria y forestal
unos pájaros que vimos ayer tiene dueño,unos pájaros que vimos ayer tienen dueño
- SU MADRE Ez Arrezted Debelopment.,- SU MADRE Es Arrested Development.
muchas montañas que tenía es de madera,muchas montañas que tenía son de madera
"Prezidente del National Pyzique Committee,","Presidente del National Physique Committee,"
muchos cuadros que vi estaba listos,muchos cuadros que vi estaban listos
muchos vecinos que estaban ahí fue pequeños,muchos vecinos que estaban ahí fueron pequeños
Lo solicité primavera pasada.,Lo solicité la primavera pasada.
muchos autos que encontramos fue pequeños,muchos autos que encontramos fueron pequeños
esas chicas que encontramos fue pequeñas,esas chicas que encontramos fueron pequeñas
esos gatos que llegaron era buenos,esos gatos que llegaron eran buenos
"Y entonses, uno, dos, sarita de arroz... tres en bisisleta ¡y abriran puerta!","Y entonces, uno, dos, carita de arroz... tres en bicicleta ¡y abrirán la puerta!"
estos gatos que vi tiene hambre,estos gatos que vi tienen hambre
¿ No lo extrañaz a Jon?,¿ No lo extrañas a John?
Usted estara bien.,Usted estará bien.
varias amigas que llegaron es importantes,varias amigas que llegaron son importantes
"La Sra. Betel (Baamaz), Viceprezidenta, ocupa la Prezidencia.","La Sra. Bethel (Bahamas), Vicepresidenta, ocupa la Presidencia."
Los Altassopas trabajabamos en sorte.,Los Altascopas trabajábamos en la corte.
las sillas que encontramos tiene nombre,las sillas que encontramos tienen nombre
Eya no esta bien.,Ella no está bien.
- Si tuviera una muñesa asi...,- Si tuviera una muñeca así...
Pero ello ez no qué uzted querer a oír.,Pero ello es no qué usted querer a oír.
muchos autos que encontramos era enormes,muchos autos que encontramos eran enormes
¿Cómo debemoz proceder?,¿Cómo debemos proceder?
"Durante loz quince primeroz añoz, la erozión ez lenta.","Durante los quince primeros años, la erosión es lenta."
esos perros de la casa era enormes,esos perros de la casa eran enormes
Este es verdadero yo.,Este es el verdadero yo.
las mesas que llegaron fue pequeñas,las mesas que llegaron fueron pequeñas
(El Parlamento aprueba propuesta de reglamento),(El Parlamento aprueba la propuesta de reglamento)
"-Boom..., o, zi, noz bemoz.","-Boom..., oh, si, nos vemos."
Pero hasta entonses... ?,Pero hasta entonces... ?
varias niñas de mi tío estaba listas,varias niñas de mi tío estaban listas
Y en loz tiempoz que ze aproximan necezitaré aún máz de tí.,Y en los tiempos que se aproximan necesitaré aún más de tí.
Pero deberias dar a Man Se mushos abrazos.,Pero deberías dar a Man Se muchos abrazos.
Dijo que me zentiría mejor tomándolo.,Dijo que me sentiría mejor tomándolo.
- No zerá por muco tiempo.,- No será por mucho tiempo.
- ¡Me tienez canzado ya!,- ¡Me tienes cansado ya!
Yo zoy diferente.,Yo soy diferente.
varios profesores de mi tío es importantes,varios profesores de mi tío son importantes
- Van no ace nada al rezpecto.,- Van no hace nada al respecto.
Su nuebo zintético.,Su nuevo sintético.
La deshidratasion podria osultar infession.,La deshidratación podría ocultar una infección.
¿Ezta locura ez porque te proibí eztar con Rebeka?,¿Esta locura es porque te prohibí estar con Rebekah?
"Deje la mierda, dos. Estamos en eso.","Deje la mierda, doc. Estamos en eso."
No buelbaz a acerlo.,No vuelvas a hacerlo.
Era mi hija. La keria.,Era mi hija. La quería.
unos regalos de la casa tiene dueño,unos regalos de la casa tienen dueño
Necezitaré otra perzona de confianza.,Necesitaré otra persona de confianza.
dos pájaros tiene dueño,dos pájaros tienen dueño
"-Y a usted, señorita, ¿le apetece poco?","-Y a usted, señorita, ¿le apetece un poco?"
"Todas son adolessentes, se ke odian a sus madres.","Todas son adolescentes, sé que odian a sus madres."
los autos que llegaron es muy útiles,los autos que llegaron son muy útiles
"21 Le Monde y Oseania Flash, 28 de febrero de 2002.","21 Le Monde y Oceania Flash, 28 de febrero de 2002."
varias manzanas del parque era buenas,varias manzanas del parque eran buenas
dos profesores que estaban ahí tiene nombre,dos profesores que estaban ahí tienen nombre
los perros que encontramos tiene dueño,los perros que encontramos tienen dueño
varios hermanos estaba listos,varios hermanos estaban listos
Pense ke podria gustarte.,Pensé que podría gustarte.
estas historias de la casa es de madera,estas historias de la casa son de madera
Aki esta nuestro angel.,Aquí está nuestro ángel.
"Equipo de cocina, artículoz de uzo doméztico y artículoz de catering","Equipo de cocina, artículos de uso doméstico y artículos de catering"
Yo te mostrare los.,Yo te mostraré los.
estas plantas que estaban ahí estaba listas,estas plantas que estaban ahí estaban listas
"Ezo ba en el cuarto de loz barrilez, y por el amor de dioz","Eso va en el cuarto de los barriles, y por el amor de dios"
"Tal bez, en cierto modo, zoy un éroe.","Tal vez, en cierto modo, soy un héroe."
"Aora, el momento que todoz eztabamoz ezperando,","Ahora, el momento que todos estabamos esperando,"
¿Como se suponia ke ibas a saber algo asi?,¿Cómo se suponía que ibas a saber algo así?
Siempre tubo debilidad por laz zorprezaz.,Siempre tuvo debilidad por las sorpresas.
¿Son todaz tuyaz?,¿Son todas tuyas?
2) Otras adisiones:,2) Otras adiciones:
Penzando en tí ...,Pensando en tí ...
los regalos que me diste tiene precio,los regalos que me diste tienen precio
- No lez guztaz.,- No les gustas.
Siento sausar tantos problemas.,Siento causar tantos problemas.
"Si llegas ay, tendremos oportunidad de evacuar.","Si llegas ahí, tendremos la oportunidad de evacuar."
tres chicas de mi tío es de mi hermano,tres chicas de mi tío son de mi hermano
muchas mesas estaba sucias,muchas mesas estaban sucias
Lez a llamado zeiz becez en el último mez.,Les ha llamado seis veces en el último mes.
tres flores que vi es de mi hermano,tres flores que vi son de mi hermano
las manzanas del parque era divertidas,las manzanas del parque eran divertidas
¿Qué ay de laz palomaz?,¿Qué hay de las palomas?
Tommy Stone. ¿Lo conocez?,Tommy Stone. ¿Lo conoces?
Eztán atráz con un arma zobre elloz igual a ezta.,Están atrás con un arma sobre ellos igual a esta.
Cual fué el berdadero motibo del ataque?,Cual fué el verdadero motivo del ataque?
pero no lo ez maz. ¿zabez?,pero no lo es mas. ¿sabes?
tres jugadores que vimos ayer fue geniales,tres jugadores que vimos ayer fueron geniales
"En últimos tres años, ha hecho 229 llamadas y ha visitado a Boone 96 veces.","En los últimos tres años, ha hecho 229 llamadas y ha visitado a Boone 96 veces."
esos regalos que vi tiene dueño,esos regalos que vi tienen dueño
Ted. - Tienez que zaber algo.,Ted. - Tienes que saber algo.
los gatos que llegaron era enormes,los gatos que llegaron eran enormes
"¡Madraza! No entiendo lo que dice ezte engendro, explíqueze uzted mizma.","¡Madraza! No entiendo lo que dice este engendro, explíquese usted misma."
-Confesaste asesinato ke no sometiste.,-Confesaste un asesinato que no cometiste.
muchas ventanas que vi era buenas,muchas ventanas que vi eran buenas
Eztoz últimoz díaz an zido difícilez para bozotroz doz.,Estos últimos días han sido difíciles para vosotros dos.
muchos juguetes que tenía tiene nombre,muchos juguetes que tenía tienen nombre
Que duermaz bien.,Que duermas bien.
"Wilson, sreo ke es eya.","Wilson, creo que es ella."
Quiere ablar de mi papeleo.,Quiere hablar de mi papeleo.
Juzto lo que penzaba.,Justo lo que pensaba.
esas amigas de mi tío estaba cansadas,esas amigas de mi tío estaban cansadas
estas casas que estaban ahí fue geniales,estas casas que estaban ahí fueron geniales
Olbide lo que e dico.,Olvide lo que he dicho.
tres profesoras que encontramos era divertidas,tres profesoras que encontramos eran divertidas
"Bueno, Jack comprará bebidaz para loz cicoz.","Bueno, Jack comprará bebidas para los chicos."
estas casas que tenía es muy útiles,estas casas que tenía son muy útiles
"Juego 100,000 par 3.","Juego 100,000 al par 3."
Hable con gente.,Hable con la gente.
unos autos de la casa es de mi hermano,unos autos de la casa son de mi hermano
¡no podia haser nada son el!,¡no podía hacer nada con él!
Una difusion de variables son...,Una difusión de variables con...
"Si lo amabaz, eza pregunta no ez necezaria.","Si lo amabas, esa pregunta no es necesaria."
"No zé tú, pero me muero de ambre.","No sé tú, pero me muero de hambre."
Voy a zaludar a El.,Voy a saludar a El.
estas plantas tiene dueño,estas plantas tienen dueño
¿Cuánto tiempo tenemoz?,¿Cuánto tiempo tenemos?
- Salud y felisidad.,- Salud y felicidad.
- Como tú aora.,- Como tú ahora.
"Lasey, kiero...","Lacey, quiero..."
Tomalo por este samino para ke al darse la vuelta se kede en el blokeo.,Tómalo por este camino para que al darse la vuelta se quede en el bloqueo.
No ba a funcionar!,No va a funcionar!
amo a animales,amo a los animales
Estoy tratando de darles poso de positividad.,Estoy tratando de darles un poco de positividad.
"No, eztamoz bien.","No, estamos bien."
tres pájaros que llegaron estaba listos,tres pájaros que llegaron estaban listos
- ¿Que va a desir usted. si yo lo boxeo en las orejas para todo San Diego?,- ¿Que va a decir usted. si yo lo boxeo en las orejas para todo San Diego?
Dezarrollo zoztenible de la pezca,Desarrollo sostenible de la pesca
Debe avanzar rapidamente e interseptar.,Debe avanzar rápidamente e interceptar.
"Cuando camino se bifurca (6min) (80 m), manténgase a la izquierda.","Cuando el camino se bifurca (6min) (80 m), manténgase a la izquierda."
- La Geztapo me lo dijo.,- La Gestapo me lo dijo.
"Viejoz amigoz, ya zabez.","Viejos amigos, ya sabes."
estos regalos estaba rotos,estos regalos estaban rotos
- ¿Le az bizto?,- ¿Le has visto?
esas vecinas que estaban ahí tiene hambre,esas vecinas que estaban ahí tienen hambre
No te lo tomes somo algo personal.,No te lo tomes como algo personal.
estos amigos que estaban ahí fue pequeños,estos amigos que estaban ahí fueron pequeños
- Lo investigare.,- Lo investigaré.
- ¿Está en camioneta?,- ¿Está en la camioneta?
ay un mushasho ayi ke es bueno son la pistola.,Hay un muchacho allí que es bueno con la pistola.
las casas que había ahí es importantes,las casas que había ahí son importantes
¿Desde suando esta sonando?,¿Desde cuándo está sonando?
Que existe eso ke yaman alma.,Que existe eso que llaman alma.
Solicitó entrada prematura.,Solicitó la entrada prematura.
Era una mujer ermoza.,Era una mujer hermosa.
estas canciones del parque estaba rotas,estas canciones del parque estaban rotas
estas manzanas que estaban ahí es de madera,estas manzanas que estaban ahí son de madera
- Sólo quiero berla.,- Sólo quiero verla.
unos hermanos que estaban ahí fue geniales,unos hermanos que estaban ahí fueron geniales
El modo en que bizte lo ez todo.,El modo en que viste lo es todo.
Quiero ke vengan tambien los niños.,Quiero que vengan también los niños.
- Hola. Estas señoras es de servicios sociales.,- Hola. Estas señoras son de servicios sociales.
dos montañas que llegaron es importantes,dos montañas que llegaron son importantes
unos niños de la casa era enormes,unos niños de la casa eran enormes
dos puertas del parque es muy útiles,dos puertas del parque son muy útiles
estas niñas que estaban ahí estaba sucias,estas niñas que estaban ahí estaban sucias
No me sorprendería que se estuviese preparando para tirarte tejos.,No me sorprendería que se estuviese preparando para tirarte los tejos.
muchos hermanos que vi tiene hambre,muchos hermanos que vi tienen hambre
Eztamoz jodidoz.,Estamos jodidos.
Informe Consejo Esonomiso y Sosial sorrespondiente a 2001,Informe del Consejo Económico y Social correspondiente a 2001
- Yo manejé dispositivo.,- Yo manejé el dispositivo.
Para. Ve directo grano.,Para. Ve directo al grano.
estas camisas del parque tiene nombre,estas camisas del parque tienen nombre
las plantas es muy útiles,las plantas son muy útiles
varios chicos que encontramos estaba sucios,varios chicos que encontramos estaban sucios
"El martez, llebarán loz pagoz de ziete induztriaz de Rockford.","El martes, llevarán los pagos de siete industrias de Rockford."
varios juguetes que me diste era divertidos,varios juguetes que me diste eran divertidos
Proyecto de decizión /CP.10,Proyecto de decisión /CP.10
"Wanda, te prezento al único e irrepetible BoJack Horzeman.","Wanda, te presento al único e irrepetible BoJack Horseman."
"""Y fue misma historia suando miramos rio arriba.","""Y fue la misma historia cuando miramos río arriba."
Quiza zea una epidemia de familia.,Quiza sea una epidemia de familia.
Solo sreo ke es lo ke hay ke haser.,Solo creo que es lo que hay que hacer.
- Que ombre aterrador.,- Que hombre aterrador.
La cagué de manera imprezionante.,La cagué de manera impresionante.
Notifisasion de la apertura del prosedimiento,Notificación de la apertura del procedimiento
muchas montañas de mi tío estaba cerradas,muchas montañas de mi tío estaban cerradas
"Visto el Tratado sonstitutivo de la Comunidad Europea,","Visto el Tratado constitutivo de la Comunidad Europea,"
Bryse no te sonto nada. ¿Sabes ke?,Bryce no te contó nada. ¿Sabes qué?
muchos profesores del parque es de mi hermano,muchos profesores del parque son de mi hermano
Díez díaz no zon zuficientez para todo el pueblo.,Díez días no son suficientes para todo el pueblo.
tres vecinas que había ahí tiene hambre,tres vecinas que había ahí tienen hambre
"Ez fácil para ti, Victor","Es fácil para ti, Victor"
"Si, pues no pensemos en eso.","Sí, pues no pensemos en eso."
unas casas que encontramos es de mi hermano,unas casas que encontramos son de mi hermano
muchas camisas que me diste fue muy grandes,muchas camisas que me diste fueron muy grandes
¿Cómo va los combates?,¿Cómo van los combates?
No importa lo que ziento.,No importa lo que siento.
unos gatos que había ahí fue geniales,unos gatos que había ahí fueron geniales
Ez zolo que tengo muco tiempo muerto.,Es solo que tengo mucho tiempo muerto.
¿Que estas viendo? - Nada.,¿Qué estás viendo? - Nada.
si no sonoses ni la pregunta. Dejame en paz.,Si no conoces ni la pregunta. Déjame en paz.
"El sospeshoso esta ahi, astua de manera agresiva.","El sospechoso está ahí, actúa de manera agresiva."
Me dizte mi bida para mí,Me diste mi vida para mí
Estaba pensando en Wiyiam.,Estaba pensando en William.
estas profesoras de la casa fue geniales,estas profesoras de la casa fueron geniales
"Se ke, por eso Queria hablar sontigo.","Se que, por eso Queria hablar contigo."
tres cuadros del parque tiene dueño,tres cuadros del parque tienen dueño
¿Azí que ezo zoy?,¿Así que eso soy?
unos amigos que encontramos estaba cansados,unos amigos que encontramos estaban cansados
estas chicas que vimos ayer tiene dueño,estas chicas que vimos ayer tienen dueño
No voy a ningun sitio.,No voy a ningún sitio.
Yo... desearia saberlo.,Yo... desearía saberlo.
¿Pero las mujeres es todas así?,¿Pero las mujeres son todas así?
muchas montañas que encontramos era divertidas,muchas montañas que encontramos eran divertidas
las montañas que vi tiene precio,las montañas que vi tienen precio
ALL - debuelbe todoz loz menzajez que coinciden con el rezto del criterio,ALL - devuelve todos los mensajes que coinciden con el resto del criterio
esas manzanas de la casa fue nuevas,esas manzanas de la casa fueron nuevas
los gatos del parque era buenos,los gatos del parque eran buenos
Artículo 41 Principioz generalez,Artículo 41 Principios generales
"Bueno, en serio, ¿ke kieres de mi?","Bueno, en serio, ¿qué quieres de mí?"
Valorasion (5 votos):,Valoración (5 votos):
esas plantas que me diste tiene precio,esas plantas que me diste tienen precio
Porque yo le agradé y ezo ez lo que importa.,Porque yo le agradé y eso es lo que importa.
- ¿Les importaria?,- ¿Les importaría?
« grupo 12 : se suprime la mension 17.05 A y se inserta la mension 21.07 F I . »,« grupo 12 : se suprime la mención 17.05 A y se inserta la mención 21.07 F I . »
varios vecinos del parque es importantes,varios vecinos del parque son importantes
"Bueno, ¿kieres ir?","Bueno, ¿quieres ir?"
los gatos que había ahí tiene hambre,los gatos que había ahí tienen hambre
- Era Weyoun Cinso.,- Era Weyoun Cinco.
tres jugadores del parque estaba sucios,tres jugadores del parque estaban sucios
unos hermanos de mi tío tiene nombre,unos hermanos de mi tío tienen nombre
"Mira, Odiseo no volvió a Itaca solo.","Mira, Odiseo no volvió a Itaca el solo."
unos niños que estaban ahí fue muy grandes,unos niños que estaban ahí fueron muy grandes
Ez todo tan diferente.,Es todo tan diferente.
Una policía que ez tu nobia.,Una policía que es tu novia.
El tipo ez inteligente.,El tipo es inteligente.
unas montañas que llegaron era buenas,unas montañas que llegaron eran buenas
estas gallinas que llegaron es de mi hermano,estas gallinas que llegaron son de mi hermano
Las únicas penas que pueden imponerse es multas.,Las únicas penas que pueden imponerse son multas.
Creo ke esta lista para oirlo.,Creo que está lista para oírlo.
tres casas que estaban ahí tiene nombre,tres casas que estaban ahí tienen nombre
"Han, ¿de donde lo sasaste?","Han, ¿de dónde lo sacaste?"
esas profesoras de mi tío es de mi hermano,esas profesoras de mi tío son de mi hermano
Me pregunto si aun estoy borrasho.,Me pregunto si aún estoy borracho.
dos chicas que había ahí era buenas,dos chicas que había ahí eran buenas
El shiso murio hase 2 horas.,El chico murió hace 2 horas.
"Zos, una guerra son humano es... es imposible.","Zoc, una guerra con el humano es... es imposible."
estas profesoras del parque fue muy grandes,estas profesoras del parque fueron muy grandes
"O, e perdido demaziada zangre para abrir la puerta.","Oh, he perdido demasiada sangre para abrir la puerta."
Sólo estoy haciendo buena obra. ¡Viejo pedorro!,Sólo estoy haciendo una buena obra. ¡Viejo pedorro!
¿Adibinen dónde eztoy?,¿Adivinen dónde estoy?
"Pega leve, es una sriatura.","Pega leve, es una criatura."
"Trankilisese, amigo.","Tranquilícese, amigo."
tres niñas es importantes,tres niñas son importantes
"Sí, uzted no tiene que penzar acerca de ezto nunca máz","Sí, usted no tiene que pensar acerca de esto nunca más"
Sí. zoy muy afortunado.,Sí. soy muy afortunado.
estas canciones del parque tiene precio,estas canciones del parque tienen precio
¿Te bolbizte loco?,¿Te volviste loco?
estos vecinos que había ahí es de mi hermano,estos vecinos que había ahí son de mi hermano
A ezo noz dedicamoz.,A eso nos dedicamos.
Sólo icimoz una canción popular con la múzica de Boroff.,Sólo hicimos una canción popular con la música de Boroff.
esas casas que compré es de mi hermano,esas casas que compré son de mi hermano
- Las chimichangas es exquisitas.,- Las chimichangas son exquisitas.
Esta dispuesto a usar la pistola y no tiene miedo a morir.,Está dispuesto a usar la pistola y no tiene miedo a morir.
"No, hierba no mansha.","No, la hierba no mancha."
tres jugadores que llegaron estaba mojados,tres jugadores que llegaron estaban mojados
-Esperemos estemos en buen samino.,-Esperemos estemos en buen camino.
? Quierez intentarlo?,? Quieres intentarlo?
tres vecinos que había ahí fue geniales,tres vecinos que había ahí fueron geniales
Si. Es muy sensiyo.,Sí. Es muy sencillo.
tres profesores de mi tío era divertidos,tres profesores de mi tío eran divertidos
esas mesas que vi es de madera,esas mesas que vi son de madera
-Te admiro. -¿Por ke?,-Te admiro. -¿Por qué?
- Impozible. ¿En zerio?,- Imposible. ¿En serio?
Solo espero ke lo tomes en suenta.,Sólo espero que lo tomes en cuenta.
"Liztoz para lanzamiento, zeñor.","Listos para lanzamiento, señor."
No habia visto tanto esplendor desde Bambi.,No había visto tanto esplendor desde Bambi.
- Lincoln y yo compartiremoz.,- Lincoln y yo compartiremos.
"¿Adonde ba, zeñor?","¿Adonde va, señor?"
"Oh, ¿ke hases en sasa?","Oh, ¿qué haces en casa?"
Puedez quedarte aquí zi lo dezeaz.,Puedes quedarte aquí si lo deseas.
Toda esta gente esta en peligro.,Toda esta gente está en peligro.
"No, no lo ice.","No, no lo hice."
muchas flores que había ahí era enormes,muchas flores que había ahí eran enormes
"No importa cómo los mires, siempre te devuelven mirada.","No importa cómo los mires, siempre te devuelven la mirada."
"Jaskie, somo muy bien, ¿somo estas?","Jackie, como muy bien, ¿cómo estás?"
muchas mesas que había ahí tiene dueño,muchas mesas que había ahí tienen dueño
estas historias que llegaron tiene nombre,estas historias que llegaron tienen nombre
esas gallinas de la casa fue mías,esas gallinas de la casa fueron mías
"El Sr. Dyzon y el Sr. Blake, abían trabajado juntoz antez?","El Sr. Dyson y el Sr. Blake, habían trabajado juntos antes?"
¿Y ke pasa son Eivor y Gunnila?,¿Y qué pasa con Eivor y Gunnila?
los chicos de la casa era rápidos,los chicos de la casa eran rápidos
Me lo asabo de inventar.,Me lo acabo de inventar.
Pero sabía que perdería guerra a menos que hiciera lo correcto con Bow.,Pero sabía que perdería la guerra a menos que hiciera lo correcto con Bow.
Tengo ke ver algo.,Tengo que ver algo.
unas ventanas que tenía fue pequeñas,unas ventanas que tenía fueron pequeñas
muchas plantas fue caras,muchas plantas fueron caras
¡Todos fuera de aki!,¡Todos fuera de aquí!
La proxima seria mia!,La próxima sería mía!
tres amigos que había ahí era divertidos,tres amigos que había ahí eran divertidos
No necezitamoz zuz migajaz. Ven.,No necesitamos sus migajas. Ven.
Dime todo lo ke sabes.,Dime todo lo que sabes.
- pero me quedo aquí para lucar.,- pero me quedo aquí para luchar.
Tengo algo un tanto espesial para hoy.,Tengo algo un tanto especial para hoy.
tres mesas que estaban ahí es muy útiles,tres mesas que estaban ahí son muy útiles
c) Ha perdido zu código clabe.,c) Ha perdido su código clave.
"Y el jefe de editorez dijo: ""Grandiozo!","Y el jefe de editores dijo: ""Grandioso!"
¡Nunca e oido zobre algo azí!,¡Nunca he oido sobre algo así!
"De acuerdo, odio ezta coza,","De acuerdo, odio esta cosa,"
"Muchacha, una vez conocí a un hombre con mirada como la tuya.","Muchacha, una vez conocí a un hombre con la mirada como la tuya."
"Solo son fission, mitos, historias.","Sólo son ficción, mitos, historias."
las ventanas que vi es muy útiles,las ventanas que vi son muy útiles
"Entoncez, ¿qué relación tiene con mi ermano Suyeon?","Entonces, ¿qué relación tiene con mi hermano Suhyeon?"
Yo nunca me olbido.,Yo nunca me olvido.
"Y biendo que aora tú erez quien bibe aquí, yo diría que eztamoz en paz.","Y viendo que ahora tú eres quien vive aquí, yo diría que estamos en paz."
varios pájaros que vi estaba listos,varios pájaros que vi estaban listos
tres vecinos del parque estaba cansados,tres vecinos del parque estaban cansados
"Barro y mineralez ze acen zuztrato, aparecen laz bacteriaz.","Barro y minerales se hacen sustrato, aparecen las bacterias."
Sientate y suentame.,Siéntate y cuéntame.
"Despues, si todo va bien, el minimo mas el transporte.","Después, si todo va bien, el mínimo más el transporte."
¶ No bamoz a aberiguarlo azta que crezcamoz,¶ No vamos a averiguarlo hasta que crezcamos
"Me ziento alagado, pero realmente no me ban ezaz cozaz.","Me siento halagado, pero realmente no me van esas cosas."
"En soshe, va hasia el aeropuerto, tome la C32 hasia la sosta (30 min).","En coche, va hacia el aeropuerto, tome la C32 hacia la costa (30 min)."
Eso puede ser cierto en su mundo pero no en mío.,Eso puede ser cierto en su mundo pero no en el mío.
"Le digo que esas cosas no tiene fuerza, yo acabé con tres afuera.","Le digo que esas cosas no tienen fuerza, yo acabé con tres afuera."
tres libros que me diste tiene nombre,tres libros que me diste tienen nombre
unas amigas que vimos ayer estaba mojadas,unas amigas que vimos ayer estaban mojadas
dos libros fue muy bonitos,dos libros fueron muy bonitos
"Bueno, ¿suando fue ultima vez ke la hisiste?","Bueno, ¿cuándo fue la última vez que la hiciste?"
estas puertas que tenía fue azules,estas puertas que tenía fueron azules
Pazo a la zegunda propuezta.,Paso a la segunda propuesta.
unas flores que había ahí fue geniales,unas flores que había ahí fueron geniales
Podría ser millón de cosas.,Podría ser un millón de cosas.
"Seguro que entiende ezo, agente Gibbz.","Seguro que entiende eso, agente Gibbs."
Regiztrad zuz bolzilloz y mirad a ber zi tiene carnet.,Registrad sus bolsillos y mirad a ver si tiene carnet.
"En otraz palabraz, creceráz todo cuanto tienez que crecer.","En otras palabras, crecerás todo cuanto tienes que crecer."
varios vecinos estaba listos,varios vecinos estaban listos
varias canciones que estaban ahí fue muy bonitas,varias canciones que estaban ahí fueron muy bonitas
"eztaba er ... um, eztaba en mi mano.","estaba er ... um, estaba en mi mano."
"Oye, Bruce, eztoy enamorado también.","Oye, Bruce, estoy enamorado también."
"No habra un ekipo de asalto, Jask.","No habrá un equipo de asalto, Jack."
No esta en mazmorras.,No está en las mazmorras.
Infesta a gente son miedo.,Infecta a la gente con miedo.
"Porke no habia otra sosa ke haser, ¿sabes lo ke digo?","Porque no había otra cosa que hacer, ¿sabes lo que digo?"
unos amigos que encontramos fue míos,unos amigos que encontramos fueron míos
Os dais suenta de ke estos tios son somo makinas.,Os dais cuenta de que estos tíos son como máquinas.
estos profesores que encontramos estaba mojados,estos profesores que encontramos estaban mojados
""" rendimiento pasado no es indisativo de resultados futuros """,""" El rendimiento pasado no es indicativo de resultados futuros """
"Azí que aora quierez ablar, ¿berdad?","Así que ahora quieres hablar, ¿verdad?"
El cico nuebo ze pazó con la nabaja de afeitar.,El chico nuevo se pasó con la navaja de afeitar.
"Essusha, Dzimi.","Escucha, Dzimi."
dos flores que tenía fue geniales,dos flores que tenía fueron geniales
esos jugadores que había ahí tiene dueño,esos jugadores que había ahí tienen dueño
"Es la sangre ke nos une, amigo.","Es la sangre que nos une, amigo."
unos amigos que había ahí tiene nombre,unos amigos que había ahí tienen nombre
tres cuadros que encontramos fue azules,tres cuadros que encontramos fueron azules
tres chicos que había ahí tiene nombre,tres chicos que había ahí tienen nombre
- ¿Por ke no resurriste a mi?,- ¿Por qué no recurriste a mí?
estos amigos que estaban ahí es de mi hermano,estos amigos que estaban ahí son de mi hermano
"- Bueno, ¿ezo ez todo?","- Bueno, ¿eso es todo?"
"Asi ke, yoramos.","Así que, lloramos."
- Es por esto ke no tiene slientes.,- Es por esto que no tiene clientes.
unos juguetes que había ahí estaba cerrados,unos juguetes que había ahí estaban cerrados
estos amigos de mi tío tiene dueño,estos amigos de mi tío tienen dueño
Yo soy kimiso.,Yo soy químico.
"Bazketball, bazeball, pezca y zoccer.","Basketball, baseball, pesca y soccer."
estos libros que tenía tiene precio,estos libros que tenía tienen precio
Y me ensantan sajas de embalaje.,Y me encantan las cajas de embalaje.
¿Los árboles puede hacer tanto limones y naranjas?,¿Los árboles pueden hacer tanto limones y naranjas?
muchos zapatos estaba listos,muchos zapatos estaban listos
Quiere zaber cómo eztáz.,Quiere saber cómo estás.
esos hermanos de mi tío fue muy grandes,esos hermanos de mi tío fueron muy grandes
"Bashmann, entro en la Universidad de Berlin y estudio matematisas ayi.","Bachmann, entró en la Universidad de Berlín y estudió matemáticas allí."
¿No seria una soinsidensia ke te instalaran en mismo sampamento?,¿No sería una coincidencia que te instalaran en el mismo campamento?
El final podría zorprenderte.,El final podría sorprenderte.
unos niños de la casa estaba listos,unos niños de la casa estaban listos
muchos cuadros es muy útiles,muchos cuadros son muy útiles
"Uno, doz, uno, doz, trez, cuatro.","Uno, dos, uno, dos, tres, cuatro."
varios hermanos del parque fue muy bonitos,varios hermanos del parque fueron muy bonitos
¿Cuantas dentaduras postizas distribuyeron son ese modelo?,¿Cuántas dentaduras postizas distribuyeron con ese modelo?
¿Papa ha mirado?,¿Papá ha mirado?
"Máz de ebitarlo, Magnifico.","Más de evitarlo, Magnifico."
Ese aparato ke hay en baño...,Ese aparato que hay en el baño...
"Si, venga animate.","Sí, venga anímate."
las gallinas que había ahí fue muy grandes,las gallinas que había ahí fueron muy grandes
"Haz orinado en la calle, en la pared como un perro.","Has orinado en la calle, en la pared como un perro."
Pero antes de eso veamos sultura popular.,Pero antes de eso veamos la cultura popular.
pero nozotroz no zabemoz donde ezta lo ze!,pero nosotros no sabemos donde esta lo se!
estos hermanos que vimos ayer era divertidos,estos hermanos que vimos ayer eran divertidos
"¿A ke se refiere son, ""el hombre ekivosado""?","¿A que se refiere con, ""el hombre equivocado""?"
"Vaya, ze me olbidó.","Vaya, se me olvidó."
dos chicas que llegaron era enormes,dos chicas que llegaron eran enormes
Entre tanto José Artigas se ubicó en villa de Nuestra Señora de Guadalupe.,Entre tanto José Artigas se ubicó en la villa de Nuestra Señora de Guadalupe.
estas historias del parque fue azules,estas historias del parque fueron azules
estos chicos que encontramos era rápidos,estos chicos que encontramos eran rápidos
- ¿Entoncez la rezpuezta ez zí?,- ¿Entonces la respuesta es sí?
Luego dissutiremos dias 3 y 4.,Luego discutiremos los días 3 y 4.
esas amigas del parque es importantes,esas amigas del parque son importantes
¿Como es Nisk Cage en realidad?,¿Cómo es Nick Cage en realidad?
Estos es los hechos.,Estos son los hechos.
No te habia visto antes. ¿Vives por aki?,No te había visto antes. ¿Vives por aquí?
Eztaremoz en contacto.,Estaremos en contacto.
"Priti, ve a echarle vistazo a Shyam o si no mi muerte será una pérdida...","Priti, ve a echarle un vistazo a Shyam o si no mi muerte será una pérdida..."
Enzeguida buelbo.,Enseguida vuelvo.
muchos pájaros del parque estaba mojados,muchos pájaros del parque estaban mojados
dos manzanas que llegaron fue muy grandes,dos manzanas que llegaron fueron muy grandes
Uzted no eztaba alrededor.,Usted no estaba alrededor.
varias profesoras que vi tiene nombre,varias profesoras que vi tienen nombre
- ¿Todo bien? - Si.,- ¿Todo bien? - Sí.
Primero nos ocuparemos capítulo I.,Primero nos ocuparemos del capítulo I.
muchas canciones que tenía fue azules,muchas canciones que tenía fueron azules
unos autos que llegaron tiene nombre,unos autos que llegaron tienen nombre
tres jugadores que encontramos es de mi hermano,tres jugadores que encontramos son de mi hermano
-Te sayo en la sabeza,-Te cayó en la cabeza
estos gatos que vi estaba sucios,estos gatos que vi estaban sucios
No soy un hombre ke dise palabras vasias.,No soy un hombre que dice palabras vacías.
Cina: Muca bazura para quemar,China: Mucha basura para quemar
¿Hasta ke punto nuestros miedos son innatos?,¿Hasta qué punto nuestros miedos son innatos?
muchas niñas que estaban ahí tiene nombre,muchas niñas que estaban ahí tienen nombre
¿No ez marabillozo Bruno?,¿No es maravilloso Bruno?
- Eso no es sierto.,- Eso no es cierto.
varios coches que llegaron era divertidos,varios coches que llegaron eran divertidos
"Eres muy amable sonmigo, aunke sasi te sastigue por algo ke no susedio.","Eres muy amable conmigo, aunque casi te castigué por algo que no sucedió."
estos profesores de la casa tiene nombre,estos profesores de la casa tienen nombre
¿Que kieres ke te diga?,¿Qué quieres que te diga?
estas profesoras es importantes,estas profesoras son importantes
¡Yo le boy a traer a eza perra!,¡Yo le voy a traer a esa perra!
los regalos que encontramos estaba rotos,los regalos que encontramos estaban rotos
"- La siudad, de Duluth.","- La ciudad, de Duluth."
¿Quien es Gareth?,¿Quién es Gareth?
varias mesas que estaban ahí fue nuevas,varias mesas que estaban ahí fueron nuevas
varias plantas de la casa era divertidas,varias plantas de la casa eran divertidas
tres pájaros que vi era enormes,tres pájaros que vi eran enormes
"Vamos, fuma son nosotros.","Vamos, fuma con nosotros."
Tú sabes que no voy a iglesia.,Tú sabes que no voy a la iglesia.
"Dr. Kelso, hase tanto frio en Pediatria, ke niños usan mitones.","Dr. Kelso, hace tanto frío en Pediatría, que los niños usan mitones."
¿Por ke me pusiste en la tumba?,¿Por qué me pusiste en la tumba?
estas mesas del parque tiene precio,estas mesas del parque tienen precio
los jugadores de mi tío es importantes,los jugadores de mi tío son importantes
tres cuadros que encontramos es muy útiles,tres cuadros que encontramos son muy útiles
"Pero, por lo bizto, no ze puede pozponer, uztedez me an conbencido de ello.","Pero, por lo visto, no se puede posponer, ustedes me han convencido de ello."
dos hermanos de mi tío es de mi hermano,dos hermanos de mi tío son de mi hermano
muchas montañas que encontramos era antiguas,muchas montañas que encontramos eran antiguas
Se me acaban de quitar laz ganaz de comer.,Se me acaban de quitar las ganas de comer.
El ezmog de L.A. No ez bueno.,El esmog de L.A. No es bueno.
esas vecinas del parque es de mi hermano,esas vecinas del parque son de mi hermano
El lugar eztá deztrozado.,El lugar está destrozado.
Pero si ha disho...,Pero si ha dicho...
La fuerza internasional de estabilizasion adoptaria un enfoke gradual.,La fuerza internacional de estabilización adoptaría un enfoque gradual.
esas plantas estaba cerradas,esas plantas estaban cerradas
muchas ventanas era buenas,muchas ventanas eran buenas
esos libros de la casa tiene nombre,esos libros de la casa tienen nombre
"Primero, porke jamas abandonaria a mi sabra aki.","Primero, porque jamás abandonaría a mi cabra aquí."
"- Si hases eso, te dare sualkier sosa ke nesesites.","- Si haces eso, te daré cualquier cosa que necesites."
"Si estan dispuestos a ofreser dos de los grandes, tienen paniso.","Si están dispuestos a ofrecer dos de los grandes, tienen pánico."
varios zapatos que vi tiene precio,varios zapatos que vi tienen precio
varias niñas que encontramos tiene hambre,varias niñas que encontramos tienen hambre
Amplie la imagen del hombre.,Amplíe la imagen del hombre.
dos ventanas del parque era buenas,dos ventanas del parque eran buenas
Será como nueztra primera cita.,Será como nuestra primera cita.
Aki dentro ahi una sastaña.,Aquí dentro hay una castaña.
muchos regalos de mi tío fue pequeños,muchos regalos de mi tío fueron pequeños
"Nozotroz zomoz diferentez de ezta gente, Barnabaz.","Nosotros somos diferentes de esta gente, Barnabas."
"Y monsieur Brummey, se ensuentra algo mejor hoy?","Y monsieur Brummell, se encuentra algo mejor hoy?"
estas ventanas que encontramos es importantes,estas ventanas que encontramos son importantes
- ¿Crees que soy yo que está loca?,- ¿Crees que soy yo la que está loca?
2006 IUCN Red List of Threatened Spesies.,2006 IUCN Red List of Threatened Species.
¿Se animaria a tomar un te en mi sasa?,¿Se animaría a tomar un té en mi casa?
unos profesores es de mi hermano,unos profesores son de mi hermano
- Estaba bien suando me fui esta manana.,- Estaba bien cuando me fui esta manana.
¡Me iban a assender a sosinero!,¡Me iban a ascender a cocinero!
¡Trae a todo mundo!,¡Trae a todo el mundo!
Este serdo sree ke puede seguir el ritmo de mi?,Este cerdo cree que puede seguir el ritmo de mi?
Usted esta fuera de linea.,Usted está fuera de línea.
Eso puede ser manera de decirlo.,Eso puede ser una manera de decirlo.
esos zapatos que había ahí era antiguos,esos zapatos que había ahí eran antiguos
esos pájaros que vi tiene dueño,esos pájaros que vi tienen dueño
"Sin embargo, nos damos suenta de ke hemos oversounted.","Sin embargo, nos damos cuenta de que hemos overcounted."
estos perros tiene hambre,estos perros tienen hambre
Nos estuvimos moviendo lateralmente a medida ke el fuego venia hasia aki.,Nos estuvimos moviendo lateralmente a medida que el fuego venía hacia aquí.
- Papa esta en la sarsel...,- Papá está en la cárcel...
Siempre te protegera.,Siempre te protegerá.
Kite nunca debió meterze con Colleoni.,Kite nunca debió meterse con Colleoni.
¡Que hija de perra!,¡Qué hija de perra!
Debería aberte dico que eztaba inbeztigando a Sam.,Debería haberte dicho que estaba investigando a Sam.
Palabra de onor.,Palabra de honor.
dos profesores del parque tiene nombre,dos profesores del parque tienen nombre
Eric no estaba rechazando religión o la idea de Dios.,Eric no estaba rechazando la religión o la idea de Dios.
dos amigas estaba mojadas,dos amigas estaban mojadas
- ¿Qué eztáz penzando?,- ¿Qué estás pensando?
El tumor dupliso su tamaño.,El tumor duplico su tamaño.
"Bueno, eso no puede ser una soinsidensia.","Bueno, eso no puede ser una coincidencia."
Te doy 3 mezez. -¡Bien!,Te doy 3 meses. -¡Bien!
muchas mesas que vimos ayer tiene dueño,muchas mesas que vimos ayer tienen dueño
esas flores fue geniales,esas flores fueron geniales
Esto es lo ke kiero.,Esto es lo que quiero.
"Lo ziento, Sra. Orbac, tube que trabajar.","Lo siento, Sra. Orbach, tuve que trabajar."
unos árboles que compré tiene precio,unos árboles que compré tienen precio
Asegurate de retomar las armas por la razon sorresta.,Asegúrate de retomar las armas por la razón correcta.
"Mira, no importa qué tan civilizada que tenemos, en base, somos animales.","Mira, no importa qué tan civilizada que tenemos, en la base, somos animales."
Dime ke opinas.,Dime qué opinas.
dos zapatos del parque era divertidos,dos zapatos del parque eran divertidos
Conose a Lone aki o aki.,Conoce a Lone aquí o aquí.
"Si, sigue, estoy essushando.","Sí, sigue, estoy escuchando."
"Essushe, amigo, no se ke tiene ke ver todo esto sonmigo, asi ke--","Escuche, amigo, no sé qué tiene que ver todo esto conmigo, así que--"
Me quedé baztante imprezionada.,Me quedé bastante impresionada.
esas casas que me diste es de madera,esas casas que me diste son de madera
las profesoras que llegaron fue muy bonitas,las profesoras que llegaron fueron muy bonitas
No me molestaria no rostizarme en una patruya todo verano.,No me molestaría no rostizarme en una patrulla todo el verano.
"Te nesesito, Robinson. ¿Nesesita un hombre somo tu?","Te necesito, Robinson. ¿Necesita un hombre como tú?"
¿Quieres foto bonita?,¿Quieres una foto bonita?
esos pájaros que encontramos estaba listos,esos pájaros que encontramos estaban listos
"O, no, Srta. Krabappel.","Oh, no, Srta. Krabappel."
No puedo olvidar cómo se veía Andie en ambulancia.,No puedo olvidar cómo se veía Andie en la ambulancia.
- No eztá robando.,- No está robando.
Este es apartamento de mi primo. - ¿Vive aki?,Este es el apartamento de mi primo. - ¿Vive aquí?
30/10/2008 (18:15 ),30/10/2008 (18:15 h)
Me gustaría dar a este debate sesgo diferente.,Me gustaría dar a este debate un sesgo diferente.
estas mesas que encontramos era buenas,estas mesas que encontramos eran buenas
Creemos insluso suando sabemos ke estamos ekivosados.,Creemos incluso cuando sabemos que estamos equivocados.
dos coches es de madera,dos coches son de madera
"Por ke, Suhani?","Por qué, Suhani?"
dos flores que me diste tiene nombre,dos flores que me diste tienen nombre
Le dije a madre ke se vaya primero.,Le dije a madre que se vaya primero.
El problema no ez que no lez guztez a otroz cicoz.,El problema no es que no les gustes a otros chicos.
Y... Golpear algunoz cerdoz con rocaz o con algo.,Y... Golpear algunos cerdos con rocas o con algo.
- No zé por qué la ezcucaz.,- No sé por qué la escuchas.
"""Fantazma"" y ""Pote de Bazura"".","""Fantasma"" y ""Pote de Basura""."
dos niñas que vimos ayer fue mías,dos niñas que vimos ayer fueron mías
dos coches de la casa es de madera,dos coches de la casa son de madera
estas profesoras de la casa es de mi hermano,estas profesoras de la casa son de mi hermano
tres amigas de mi tío tiene dueño,tres amigas de mi tío tienen dueño
Ezta ez la caza donde nacizte.,Esta es la casa donde naciste.
- Deberíaz ir a comizaría. Hay un catre del ejército cálido y confortable.,- Deberías ir a comisaría. Hay un catre del ejército cálido y confortable.
"Por capulloz como tú, Freddie.","Por capullos como tú, Freddie."
esas casas que encontramos fue muy bonitas,esas casas que encontramos fueron muy bonitas
"""La fecha de caducidad tiene razón de ser"".","""La fecha de caducidad tiene una razón de ser""."
dos vecinos que había ahí fue geniales,dos vecinos que había ahí fueron geniales
No le sondenaron por akeyo.,No le condenaron por aquello.
unas chicas que estaban ahí fue geniales,unas chicas que estaban ahí fueron geniales
-Eso funsionara.,-Eso funcionará.
"""Papa, las cosas lucen mejor cuando es recuerdos","""Papa, las cosas lucen mejor cuando son recuerdos"
Tráeme sueño,Tráeme un sueño
las ventanas que me diste es de mi hermano,las ventanas que me diste son de mi hermano
Ez lo que Ali dijo cuando noz la encontramoz en el taxi.,Es lo que Ali dijo cuando nos la encontramos en el taxi.
Grasias por preguntar.,Gracias por preguntar.
Pero ¿ke tal si esta no era la primera vez?,Pero ¿qué tal si esta no era la primera vez?
¿Que pasa sontigo?,¿Qué pasa contigo?
varios perros que encontramos fue muy grandes,varios perros que encontramos fueron muy grandes
¿A uztedez lez guztó?,¿A ustedes les gustó?
¡Maldito ombre!,¡Maldito hombre!
Pulze aquí para ampliar la información de ezte artículo - Meza mod. D015-P,Pulse aquí para ampliar la información de este artículo - Mesa mod. D015-P
Estoy usando exterior de la toma tanto como la toma misma.,Estoy usando el exterior de la toma tanto como la toma misma.
"Mike, zolíaz creer en mí.","Mike, solías creer en mí."
- No ez pozible.,- No es posible.
esos profesores que vi fue míos,esos profesores que vi fueron míos
¿Pero y nena?,¿Pero y la nena?
Resomendado para personas ke manten paz y simplisidad.,Recomendado para personas que mantén la paz y simplicidad.
varios profesores que encontramos es de mi hermano,varios profesores que encontramos son de mi hermano
unos perros que estaban ahí era rápidos,unos perros que estaban ahí eran rápidos
estas chicas que había ahí estaba mojadas,estas chicas que había ahí estaban mojadas
"O, déjame zacar eza ezpina de tu pata.","Oh, déjame sacar esa espina de tu pata."
estas amigas de la casa es importantes,estas amigas de la casa son importantes
dos amigas de mi tío tiene nombre,dos amigas de mi tío tienen nombre
esos coches que me diste tiene nombre,esos coches que me diste tienen nombre
estas chicas que había ahí era buenas,estas chicas que había ahí eran buenas
esas profesoras que llegaron estaba sucias,esas profesoras que llegaron estaban sucias
Finalmente estaba yegando a algo son Abby.,Finalmente estaba llegando a algo con Abby.
Que ezto no ez todo.,Que esto no es todo.
tres mesas del parque era divertidas,tres mesas del parque eran divertidas
"Graciaz por benir, Eric.","Gracias por venir, Eric."
Adios a un magnifiso plan.,Adiós a un magnífico plan.
unos chicos que vimos ayer es de mi hermano,unos chicos que vimos ayer son de mi hermano
"5. Jovenes, no sedais a esa falsa moralidad tan difundida.","5. Jóvenes, no cedáis a esa falsa moralidad tan difundida."
Pero sólo vez.,Pero sólo una vez.
¿Por qué no me acompañaz?,¿Por qué no me acompañas?
dos sillas era buenas,dos sillas eran buenas
dos gatos que estaban ahí tiene nombre,dos gatos que estaban ahí tienen nombre
varias plantas que llegaron era antiguas,varias plantas que llegaron eran antiguas
tres sillas que estaban ahí fue geniales,tres sillas que estaban ahí fueron geniales
Pudo aber zido una zacudida de Parkinzon.,Pudo haber sido una sacudida de Parkinson.
tres libros de mi tío fue azules,tres libros de mi tío fueron azules
esos vecinos que estaban ahí era buenos,esos vecinos que estaban ahí eran buenos
"No se, unas semanas atras...","No sé, unas semanas atrás..."
tres ventanas que estaban ahí era enormes,tres ventanas que estaban ahí eran enormes
"Mira, tu amor zale corriendo.","Mira, tu amor sale corriendo."
las canciones que llegaron tiene nombre,las canciones que llegaron tienen nombre
Lady Beadlez y zu ija acaban de dejar la abitación.,Lady Beadles y su hija acaban de dejar la habitación.
¡Es sulpa de Fagotin!,¡Es culpa de Fagotin!
"Han estado essushando a Larvey Jones en ""KPEOR"".","Han estado escuchando a Larvell Jones en ""KPEOR""."
Es buen blanco.,Es un buen blanco.
estos perros que encontramos estaba sucios,estos perros que encontramos estaban sucios
estas ventanas de mi tío estaba listas,estas ventanas de mi tío estaban listas
Beltro Corporate Farmz LLC.,Beltro Corporate Farms LLC.
Compatriotaz eztadounidenzez...,Compatriotas estadounidenses...
Esperare a la autopsia.,Esperaré a la autópsia.
muchas puertas de mi tío es muy útiles,muchas puertas de mi tío son muy útiles
Te ensanta tu trabajo.,Te encanta tu trabajo.
muchas sillas es importantes,muchas sillas son importantes
Por fabor ingreze zu código poztal,Por favor ingrese su código postal
estos gatos que encontramos es de mi hermano,estos gatos que encontramos son de mi hermano
No quiero torcer tu eztilo.,No quiero torcer tu estilo.
Que los sueños es ficción.,Que los sueños son ficción.
He penzado que te bendrían bien.,He pensado que te vendrían bien.
"- ¡Pero qué dicez, papá!","- ¡Pero qué dices, papá!"
unas camisas que tenía tiene nombre,unas camisas que tenía tienen nombre
"Sí, zí, ella eztá bien, eztá bien.","Sí, sí, ella está bien, está bien."
tres puertas que vi era divertidas,tres puertas que vi eran divertidas
Sabes ke no es verdadero.,Sabes que no es verdadero.
muchos profesores de la casa fue pequeños,muchos profesores de la casa fueron pequeños
"Abran pazo, por fabor.","Abran paso, por favor."
unas amigas que vimos ayer fue geniales,unas amigas que vimos ayer fueron geniales
tres montañas que compré era divertidas,tres montañas que compré eran divertidas
# Calmarnos por exceso de celos #,# Calmarnos por el exceso de celos #
"- No se, por ejemplo, Dessartes...","- No sé, por ejemplo, Descartes..."
tres hermanos que vi fue muy bonitos,tres hermanos que vi fueron muy bonitos
muchos zapatos tiene nombre,muchos zapatos tienen nombre
los jugadores que vimos ayer era divertidos,los jugadores que vimos ayer eran divertidos
tres jugadores que estaban ahí estaba listos,tres jugadores que estaban ahí estaban listos
las plantas que tenía fue mías,las plantas que tenía fueron mías
"Tokense guantes, y somienza a pelea.","Tóquense los guantes, y comienza a pelea."
estas amigas de mi tío tiene hambre,estas amigas de mi tío tienen hambre
dos coches que encontramos fue míos,dos coches que encontramos fueron míos
Muy fresso de ustedes.,Muy fresco de ustedes.
"Abanzazte, ¿Hazta la próxima zemana?","Avanzaste, ¿Hasta la próxima semana?"
-estoy problemas para tener tomando examen son todas estas distrassiones.,-estoy problemas para tener tomando el examen con todas estas distracciones.
No tenemoz otra alternatiba.,No tenemos otra alternativa.
varias historias que compré era antiguas,varias historias que compré eran antiguas
tres zapatos que llegaron tiene nombre,tres zapatos que llegaron tienen nombre
dos mesas que estaban ahí era buenas,dos mesas que estaban ahí eran buenas
El es gran enemigo de nuestras almas.,El es el gran enemigo de nuestras almas.
No estan listos para volar.,No están listos para volar.
unas mesas que llegaron era divertidas,unas mesas que llegaron eran divertidas
Asi ke mandenme sus ideas sobre somo diseñar un pie.,Así que mándenme sus ideas sobre cómo diseñar un pie.
El sompromiso en el matrimonio es distinto a lo ke kieres en una pareja.,El compromiso en el matrimonio es distinto a lo que quieres en una pareja.
Es inspirasion.,Es una inspiración.
"- Jamas lo habia essushado, señor.","- Jamás lo había escuchado, señor."
dos niños de mi tío fue pequeños,dos niños de mi tío fueron pequeños
"Dioz, realmente me dizte un...","Dios, realmente me diste un..."
varios perros que vimos ayer era enormes,varios perros que vimos ayer eran enormes
¿Donde lo izo?,¿Donde lo hizo?
"Qué nobia tan guapa, eztoy zeguro de que zeráz feliz. Adióz.","Qué novia tan guapa, estoy seguro de que serás feliz. Adiós."
varias vecinas de la casa estaba mojadas,varias vecinas de la casa estaban mojadas
La energia nuslear es evidentemente tema siempre difisil.,La energía nuclear es evidentemente un tema siempre difícil.
Usada prinsipalmente en puertas y marsos,Usada principalmente en puertas y marcos
- ¿Eztará ezcucando múzica?,- ¿Estará escuchando música?
las sillas que encontramos estaba rotas,las sillas que encontramos estaban rotas
Tiene que zaber que podemoz comprobar zu eztado zocial.,Tiene que saber que podemos comprobar su estado social.
"¿Queréis contarle misma historia a mi sobrino, por favor?","¿Queréis contarle la misma historia a mi sobrino, por favor?"
"Buen shiso, K9!","Buen chico, K9!"
"-Joey, ven aki.","-Joey, ven aquí."
Vengo de ver pasar a alguien a kien amo por el proseso sordido de la muerte.,Vengo de ver pasar a alguien a quien amo por el proceso sórdido de la muerte.
"Cariño, tus manos está demasiado frías, ¿por qué?","Cariño, tus manos están demasiado frías, ¿por qué?"
¿Quiero cazarme contigo?,¿Quiero casarme contigo?
las camisas que había ahí fue mías,las camisas que había ahí fueron mías
dos amigas que estaban ahí estaba mojadas,dos amigas que estaban ahí estaban mojadas
esos autos que encontramos era divertidos,esos autos que encontramos eran divertidos
- ¿Dónde eztá papá?,- ¿Dónde está papá?
"Si te digo ke murio hase 8 dias, fue hase 8 dias.","Si te digo que murió hace 8 días, fue hace 8 días."
tres juguetes que compré estaba sucios,tres juguetes que compré estaban sucios
tres mesas que vi fue nuevas,tres mesas que vi fueron nuevas
Oz preguntaréiz cuál ez mi relación con Tom en ezte momento.,Os preguntaréis cuál es mi relación con Tom en este momento.
"Lo siento kerida, yego tarde.","Lo siento querida, llego tarde."
"Dezde que zon potencialez ezclaboz. Cuantaz menoz bíctimaz, mayorez gananciaz.","Desde que son potenciales esclavos. Cuantas menos víctimas, mayores ganancias."
"“La Azamblea General,","“La Asamblea General,"
Baje mas su mano izkierda.,Baje más su mano izquierda.
Se a ido... para ziempre.,Se ha ido... para siempre.
estas niñas que llegaron fue muy grandes,estas niñas que llegaron fueron muy grandes
"* Vocez adicionalez grabadaz en Eagle'z Landing Studio, McDonoug, Georgia.","* Voces adicionales grabadas en Eagle's Landing Studio, McDonough, Georgia."
"Hola, soy Vinse, si.","Hola, soy Vince, sí."
"¡Pantaya ""plasenta""!","¡Pantalla ""placenta""!"
las casas que compré tiene dueño,las casas que compré tienen dueño
tres manzanas estaba cerradas,tres manzanas estaban cerradas
"Por sierto, sabia ke eran verdes.","Por cierto, sabía que eran verdes."
"¿Esa mujer son ke te metiste anda detras de ti, ke?","¿Esa mujer con la que te metiste anda detrás de ti, qué?"
¿Y soy yo al ke eshan?,¿Y soy yo al que echan?
tres montañas que estaban ahí estaba sucias,tres montañas que estaban ahí estaban sucias
Mapa de Nisaragua,Mapa de Nicaragua
"Los caballeros necesita placeres, también, señor.","Los caballeros necesitan placeres, también, señor."
unos amigos del parque tiene hambre,unos amigos del parque tienen hambre
Vamos ha haser todo lo ke podamos.,Vamos ha hacer todo lo que podamos.
Ez un gran día.,Es un gran día.
Llevenlo a su sasa.,Llévenlo a su casa.
estos hermanos que llegaron fue muy bonitos,estos hermanos que llegaron fueron muy bonitos
Eyos no... te tienen sontrato,Ellos no... te tienen un contrato
¿Y kien diablos te esnseño a sondusir?,¿Y quién diablos te esnseñó a conducir?
estas flores de la casa era buenas,estas flores de la casa eran buenas
"Kaiser, ¡kiza aun podamos atrapar al tipo!","Kaiser, ¡quizá aún podamos atrapar al tipo!"
De hesho anoshe nos dissutimos por esto.,De hecho anoche nos discutimos por esto.
unos gatos tiene hambre,unos gatos tienen hambre
Un trozo de metal... algo de mi pierna... zácalo.,Un trozo de metal... algo de mi pierna... sácalo.
las plantas que había ahí estaba rotas,las plantas que había ahí estaban rotas
No tenemoz opción.,No tenemos opción.
"Vamos, sal de aki.","Vamos, sal de aquí."
muchos árboles de mi tío fue muy bonitos,muchos árboles de mi tío fueron muy bonitos
No tenemoz tiempo para tonteríaz.,No tenemos tiempo para tonterías.
Sekese oidos despues de nadar.,Séquese los oídos después de nadar.
Dos años m;as y el estara aki.,Dos años m;as y él estará aquí.
varias canciones que había ahí fue muy bonitas,varias canciones que había ahí fueron muy bonitas
Essasean munisiones.,Escasean las municiones.
"- Sí, zu zeñoría.","- Sí, su señoría."
unos perros que había ahí es de mi hermano,unos perros que había ahí son de mi hermano
J-Roc puede conzeguir cualquier mierda que quieraz.,J-Roc puede conseguir cualquier mierda que quieras.
las historias que compré tiene dueño,las historias que compré tienen dueño
Al menoz ablaz de algo interezante.,Al menos hablas de algo interesante.
muchos regalos que compré tiene precio,muchos regalos que compré tienen precio
"Fue , fue porque al final del día en que tiene que mantener atasco.","Fue , fue porque al final del día en que tiene que mantener el atasco."
Pero finalmente la vensio... son su labia.,Pero finalmente la venció... con su labia.
Lazzie ze marca... muy trizte.,Lassie se marcha... muy triste.
- Ezo ez lo que eztán aciendo.,- Eso es lo que están haciendo.
estas gallinas de la casa estaba sucias,estas gallinas de la casa estaban sucias
Eztoy juzto aquí.,Estoy justo aquí.
"Lo ziento, no eztoy interezado.","Lo siento, no estoy interesado."
"- ¿Puedo entrar a mi oficina, por fabor?","- ¿Puedo entrar a mi oficina, por favor?"
unas niñas que encontramos era enormes,unas niñas que encontramos eran enormes
Sus relasiones son baronesa Eggersdorff,Sus relaciones con la baronesa Eggersdorff
unos pájaros que estaban ahí tiene dueño,unos pájaros que estaban ahí tienen dueño
Este es negosios... de espestasulos.,Este es negocios... de espectáculos.
Obligaciones generales de Estados Partes,Obligaciones generales de los Estados Partes
"No zé, era... era como zi ze ozcureció de repente.","No sé, era... era como si se oscureció de repente."
¡Randy! Randy eztamoz biendo álbumez de fotoz.,¡Randy! Randy estamos viendo álbumes de fotos.
- ¿El departamento de zalud zabe de ezo?,- ¿El departamento de salud sabe de eso?
Añoz 1995-1999: primera tranzmizión en 2008,Años 1995-1999: primera transmisión en 2008
unas profesoras que vi es de mi hermano,unas profesoras que vi son de mi hermano
Un cumplido ez como un bezo a trabéz de un belo.,Un cumplido es como un beso a través de un velo.
Se ke el te preferia.,Se que el te prefería.
- ¿alguna bez az jugado a darle al topo?,- ¿alguna vez has jugado a darle al topo?
esas casas que estaban ahí tiene precio,esas casas que estaban ahí tienen precio
Y ze muebe muco.,Y se mueve mucho.
Solo algunas sansiones ke podrian gustarte.,Sólo algunas canciones que podrían gustarte.
tres plantas tiene precio,tres plantas tienen precio
"Buenos dias, señor.","Buenos días, señor."
De todaz maneraz no tenemoz razonez para entrar en el acueducto.,De todas maneras no tenemos razones para entrar en el acueducto.
esos chicos de mi tío estaba listos,esos chicos de mi tío estaban listos
- y Ethan no estaba aki.,- y Ethan no estaba aquí.
"Él vendio sus dibujos, y yo pose para pintores.","Él vendió sus dibujos, y yo posé para pintores."
Y zon baztante inofenzibaz.,Y son bastante inofensivas.
Pero no doz becez.,Pero no dos veces.
"- Mira, ¿quierez que ze quede o no?","- Mira, ¿quieres que se quede o no?"
» A aproximação entre o Brazil e o Irã (Valor Econômico),» A aproximação entre o Brasil e o Irã (Valor Econômico)
estas plantas que vi es importantes,estas plantas que vi son importantes
Me ha sostado musho.,Me ha costado mucho.
Dame un zegundo.,Dame un segundo.
- ¿Cómo eztá Bader?,- ¿Cómo está Bader?
Ojalá ubiera bizto tu cara.,Ojalá hubiera visto tu cara.
las canciones que llegaron fue pequeñas,las canciones que llegaron fueron pequeñas
"Y, póngalos en cuenta de Barbie y Dane Cook.","Y, póngalos en la cuenta de Barbie y Dane Cook."
"Papa, es horrible.","Papá, es horrible."
Nos seria absolutamente imposible vivir si no pudiesemos jugar.,Nos sería absolutamente imposible vivir si no pudiésemos jugar.
Todos estarán a salvo en Resolute mucho antes anochecer. Lo prometo.,Todos estarán a salvo en Resolute mucho antes del anochecer. Lo prometo.
Aun sreo ke es extraño.,Aún creo que es extraño.
¡Estos es mejores y más baratos!,¡Estos son mejores y más baratos!
Algunas sosas no puedo haser.,Algunas cosas no puedo hacer.
El departamento de Buzkill encontró a la bictima.,El departamento de Bushkill encontró a la victima.
Eya trabaja en una sasa de risos.,Ella trabaja en una casa de ricos.
¿Pero no necezitabaz rezpirar?,¿Pero no necesitabas respirar?
unas montañas que había ahí era buenas,unas montañas que había ahí eran buenas
¿Dejar ke vean tu sara?,¿Dejar que vean tu cara?
Diles ke vayan ayi ahora mismo.,Diles que vayan allí ahora mismo.
¿ ke os parese?,¿ que os parece?
¿A qué te refierez?,¿A qué te refieres?
- Soy zu primo.,- Soy su primo.
Hoy el negocio marca muy bien.,Hoy el negocio marcha muy bien.
"Ahh,... Arsher.","Ahh,... Archer."
Grasias amigos.,Gracias amigos.
tres mesas que vimos ayer era antiguas,tres mesas que vimos ayer eran antiguas
dos puertas que compré fue muy bonitas,dos puertas que compré fueron muy bonitas
esas profesoras que estaban ahí tiene dueño,esas profesoras que estaban ahí tienen dueño
"Muy bien, cariño... boy a mear.","Muy bien, cariño... voy a mear."
dos autos que compré tiene dueño,dos autos que compré tienen dueño
dos árboles que encontramos estaba listos,dos árboles que encontramos estaban listos
¿Recuerdaz cuando teníaz que trabajar todo el tiempo?,¿Recuerdas cuando tenías que trabajar todo el tiempo?
"Hola Amy, ¿Cómo eztáz?","Hola Amy, ¿Cómo estás?"
"Dabiz, Woodrug.","Davis, Woodrugh."
"Haremos ke salgan en pantaya, pidiendo informasion al publiso, ya saben...","Haremos que salgan en pantalla, pidiendo información al público, ya saben..."
Imaginario Britta tiene razon.,Imaginario Britta tiene razón.
"No me importa, y de esta manera, puedes tomarte tanto tiempo somo nesesites.","No me importa, y de esta manera, puedes tomarte tanto tiempo como necesites."
estas puertas de mi tío era enormes,estas puertas de mi tío eran enormes
Confirmo RV a laz 08:30 oraz.,Confirmo RV a las 08:30 horas.
Sin embargo eztán loz reztantez zockz de tu fraze:,Sin embargo están los restantes shocks de tu frase:
Aquí tenemoz trez celdaz de poder.,Aquí tenemos tres celdas de poder.
"si no, yo te hubiera servido el té.","Si no, yo te hubiera servido el té."
Os hago preguntas y me respondeis una sarta de mentiras.,Os hago preguntas y me respondéis una sarta de mentiras.
tres mesas que vimos ayer fue muy grandes,tres mesas que vimos ayer fueron muy grandes
... remotadesde sualkier parte del planeta.,... remotadesde cualquier parte del planeta.
No ban a creerlo que eztá pazando.,No van a creerlo que está pasando.
Eso es sorresto. ¿Entonses?,Eso es correcto. ¿Entonces?
¿Alguna bez az conziderado una terapia para ti?,¿Alguna vez has considerado una terapia para ti?
No tiene bidrioz anti-bala ni puertaz blindadaz.,No tiene vidrios anti-bala ni puertas blindadas.
y ay que zer optimiztaz.,y hay que ser optimistas.
muchas canciones que llegaron era enormes,muchas canciones que llegaron eran enormes
En verdad deberia irme.,En verdad debería irme.
unas manzanas que había ahí estaba mojadas,unas manzanas que había ahí estaban mojadas
estas montañas que había ahí es de madera,estas montañas que había ahí son de madera
Es importante sonoserlas e insluso mas importante es ensarnarlas.,Es importante conocerlas e incluso más importante es encarnarlas.
¡Esa es la razón por la que mataste a Nobugana Oda en templo Honnoji!,¡Esa es la razón por la que mataste a Nobugana Oda en el templo Honnoji!
tres coches que compré es importantes,tres coches que compré son importantes
Las cosas nunca me sale bien.,Las cosas nunca me salen bien.
unas casas que me diste fue muy bonitas,unas casas que me diste fueron muy bonitas
muchos jugadores que estaban ahí estaba listos,muchos jugadores que estaban ahí estaban listos
"""Estos es los riesgos.","""Estos son los riesgos."
Uztedezel doctor.,Ustedesel doctor.
Disminuira la hemorragia.,Disminuirá la hemorragia.
¡¡Que Padle! ¡Yo zoy del Siglo XXI!,¡¡Que Padle! ¡Yo soy del Siglo XXI!
¿Dónde está tus lentes? ¡Faye!,¿Dónde están tus lentes? ¡Faye!
varios amigos que había ahí tiene hambre,varios amigos que había ahí tienen hambre
Y nosotros sreemos ke las nuestras hasen avanzar.,Y nosotros creemos que las nuestras hacen avanzar.
dos mesas que estaban ahí es de madera,dos mesas que estaban ahí son de madera
los juguetes que me diste es importantes,los juguetes que me diste son importantes
"Ezcuca, Howard, no me intereza el tercer mundo, ¿Sí?","Escucha, Howard, no me interesa el tercer mundo, ¿Sí?"
esos juguetes del parque fue míos,esos juguetes del parque fueron míos
Se lo daremoz a Tony Gray.,Se lo daremos a Tony Gray.
esas vecinas de mi tío tiene dueño,esas vecinas de mi tío tienen dueño
Se lo toma son salma.,Se lo toma con calma.
En loz treinta añoz que llebo de pobre e ido apartando poquito a poquito...,En los treinta años que llevo de pobre he ido apartando poquito a poquito...
No tienen ke tatuar a mi papa.,No tienen que tatuar a mi papá.
"Bueno, siempre kise essribir thriyers.","Bueno, siempre quise escribir thrillers."
tres autos de mi tío era antiguos,tres autos de mi tío eran antiguos
tres hermanos de mi tío tiene nombre,tres hermanos de mi tío tienen nombre
"Bueno, créanlo o no, eztoy probando una carrera de cantante.","Bueno, créanlo o no, estoy probando una carrera de cantante."
¿Cual es tu grupo sanguineo?,¿Cuál es tu grupo sanguíneo?
Una slaridad de dos pies entre sus pies y esta vista.,Una claridad de dos pies entre sus pies y esta vista.
"Esperaba ke lo tomara bien sabes, somo tu padre en tu despedida de soltero.","Esperaba que lo tomara bien sabes, como tu padre en tu despedida de soltero."
muchos autos que me diste estaba cerrados,muchos autos que me diste estaban cerrados
"Ezo ez, enzeguida.","Eso es, enseguida."
muchos amigos del parque era enormes,muchos amigos del parque eran enormes
Esta es segunda fiebre.,Esta es la segunda fiebre.
dos autos que había ahí es muy útiles,dos autos que había ahí son muy útiles
"Yo te lo entrego, cuídalo muco.","Yo te lo entrego, cuídalo mucho."
Y debemos sontraatasar.,Y debemos contraatacar.
No erez un periodizta lo zuficientemente lizto como para dezcifrarlo.,No eres un periodista lo suficientemente listo como para descifrarlo.
¡Eztoz zon mejorez y máz baratoz!,¡Estos son mejores y más baratos!
Eze tío noz mintió.,Ese tío nos mintió.
- ¿Os kedareis toda noshe?,- ¿Os quedaréis toda la noche?
las casas de mi tío era enormes,las casas de mi tío eran enormes
Bueno ¿por ke no te kedas a senar son nosotros?,Bueno ¿por qué no te quedas a cenar con nosotros?
esas amigas que estaban ahí estaba listas,esas amigas que estaban ahí estaban listas
tres chicas de la casa tiene nombre,tres chicas de la casa tienen nombre
tres vecinas que llegaron estaba listas,tres vecinas que llegaron estaban listas
¿Resuerdas a Noah?,¿Recuerdas a Noah?
muchas vecinas que vimos ayer tiene hambre,muchas vecinas que vimos ayer tienen hambre
unas flores de la casa es importantes,unas flores de la casa son importantes
varios vecinos del parque tiene dueño,varios vecinos del parque tienen dueño
¿Que te paso en la sara?,¿Qué te pasó en la cara?
Eso no nos kita estas bombas de las sabezas.,Eso no nos quita estas bombas de las cabezas.
"- No, ezpera, ezpera, ezpera.","- No, espera, espera, espera."
muchos zapatos es importantes,muchos zapatos son importantes
estos árboles que llegaron fue caros,estos árboles que llegaron fueron caros
¿No esta sontigo?,¿No está contigo?
"Pero y yo dijo Milady , ¿somo pagare semejante servisio?","Pero y yo dijo Milady , ¿cómo pagaré semejante servicio?"
A Blackie no le agrada que alguien se retire de partida.,A Blackie no le agrada que alguien se retire de una partida.
"El hijo de Władysław, el prinsipe Adam Ludwik, sontinuo el trabajo de su padre.","El hijo de Władysław, el príncipe Adam Ludwik, continuó el trabajo de su padre."
"La ingenuidad ez ermoza, y muy rara en eztoz díaz.","La ingenuidad es hermosa, y muy rara en estos días."
- Te pondre ejemplo.,- Te pondré un ejemplo.
No sreo ke sean nesesarios mas examenes.,No creo que sean necesarios más exámenes.
- Cuando tengaz algo firme.,- Cuando tengas algo firme.
La situasion no ha experimentado ningun sambio importante.,La situación no ha experimentado ningún cambio importante.
-Voy a montañas- responde.,-Voy a las montañas- responde.
No ba a aber operación.,No va a haber operación.
unos pájaros del parque tiene hambre,unos pájaros del parque tienen hambre
El berano pazado.,El verano pasado.
Entró en zock zéptico.,Entró en shock séptico.
tres manzanas de mi tío estaba sucias,tres manzanas de mi tío estaban sucias
¿Quien es este hombre?,¿Quién es este hombre?
estos amigos que encontramos tiene dueño,estos amigos que encontramos tienen dueño
Yo desidire somo uses tu tiempo.,Yo decidiré cómo uses tu tiempo.
Nunca perdonaré a alguien que ezconde la berdad.,Nunca perdonaré a alguien que esconde la verdad.
muchas camisas que vi fue nuevas,muchas camisas que vi fueron nuevas
¿Quieres saber por ke?,¿Quieres saber por qué?
"E, ¿quién erez?","Eh, ¿quién eres?"
estos pájaros estaba cansados,estos pájaros estaban cansados
Él te informara respesto.,Él te informará al respecto.
"De asuerdo, si.","De acuerdo, sí."
los perros que estaban ahí es de mi hermano,los perros que estaban ahí son de mi hermano
Pero noz atacaron primero!,Pero nos atacaron primero!
Frodo a pazado máz allá de mi bizta.,Frodo ha pasado más allá de mi vista.
URL de previsualizasion:,URL de previsualización:
varias historias que encontramos es importantes,varias historias que encontramos son importantes
muchas puertas que tenía es de madera,muchas puertas que tenía son de madera
"De asuerdo, vale.","De acuerdo, vale."
dos plantas que compré fue muy bonitas,dos plantas que compré fueron muy bonitas
- Me gusta trabajar sontigo.,- Me gusta trabajar contigo.
varias chicas que encontramos es importantes,varias chicas que encontramos son importantes
38° período de zezionez,38° período de sesiones
"Eztoz cicoz eztan como a 150 metroz, zi eztán máz cerca.","Estos chicos estan como a 150 metros, si están más cerca."
Hay una caza... cerca del río Potomac.,Hay una casa... cerca del río Potomac.
Noz an tirado ueboz.,Nos han tirado huevos.
Nesesitan saber ke sus resuerdos son reales.,Necesitan saber que sus recuerdos son reales.
varios árboles que me diste es de madera,varios árboles que me diste son de madera
varios vecinos que vi estaba mojados,varios vecinos que vi estaban mojados
"Bueno, no eztoy zeguro.","Bueno, no estoy seguro."
"Lo hago bien, pero este tipo es el verdadero ensantador.","Lo hago bien, pero este tipo es el verdadero encantador."
"Ahora, ve y devolverles regalo de esperanza","Ahora, ve y devolverles el regalo de esperanza"
¿Por ke no voy son vosotros?,¿Por qué no voy con vosotros?
Sigue sreyendolo.,Sigue creyéndolo.
tres profesoras que llegaron tiene dueño,tres profesoras que llegaron tienen dueño
tres historias que tenía es muy útiles,tres historias que tenía son muy útiles
Sigue aciendo lo que te dicen.,Sigue haciendo lo que te dicen.
unos amigos que había ahí era rápidos,unos amigos que había ahí eran rápidos
Llamanos suando...,Llámanos cuando...
muchas niñas del parque es de mi hermano,muchas niñas del parque son de mi hermano
Las balas estaba destinadas para atravesar planchas de acero.,Las balas estaban destinadas para atravesar planchas de acero.
dos niñas de la casa era enormes,dos niñas de la casa eran enormes
estas sillas de la casa fue caras,estas sillas de la casa fueron caras
unos autos de la casa es muy útiles,unos autos de la casa son muy útiles
"Participa, pero no conbiertaz a Macintoz en una medida de benganza perzonal.","Participa, pero no conviertas a Macintosh en una medida de venganza personal."
estos árboles que vi fue muy grandes,estos árboles que vi fueron muy grandes
Ese es samino.,Ese es el camino.
Todoz necezitan un pazatiempo.,Todos necesitan un pasatiempo.
- ¿Servirá para limpiarme culo?,- ¿Servirá para limpiarme el culo?
tres amigas que encontramos es importantes,tres amigas que encontramos son importantes
unos zapatos es importantes,unos zapatos son importantes
Se lebanta la zezión a laz 13.00 oraz.,Se levanta la sesión a las 13.00 horas.
¡Le demostraste a ese nido kien era jefa!,¡Le demostraste a ese nido quién era la jefa!
Tampoco sabemos si las familias es comprensivos u hostiles hacia sus hijos.,Tampoco sabemos si las familias son comprensivos u hostiles hacia sus hijos.
"A sugerensia Sesretario General (A/BUR/56/1, parr.","A sugerencia del Secretario General (A/BUR/56/1, párr."
"¡No, grasias a Dios!","¡No, gracias a Dios!"
¿De que eztaz ablando?,¿De que estas hablando?
dos perros que llegaron fue muy grandes,dos perros que llegaron fueron muy grandes
Su asma esta empeorando y nesesita dessanso No vengas mas por aki.,Su asma está empeorando y necesita descanso No vengas más por aquí.
varios libros de la casa estaba listos,varios libros de la casa estaban listos
estos amigos que estaban ahí era buenos,estos amigos que estaban ahí eran buenos
tres amigos que vimos ayer tiene nombre,tres amigos que vimos ayer tienen nombre
Ez bueno que tenga a ezte lacayo poderozo.,Es bueno que tenga a este lacayo poderoso.
dos amigos que encontramos fue geniales,dos amigos que encontramos fueron geniales
Hay formaz de llorar que tú dezconocez.,Hay formas de llorar que tú desconoces.
Las uniones estrusturales estan mostrando signos de fayo.,Las uniones estructurales están mostrando signos de fallo.
es las llaves para el candado de mi bicicleta.,Son las llaves para el candado de mi bicicleta.
muchas mesas de mi tío era antiguas,muchas mesas de mi tío eran antiguas
varias historias que me diste estaba mojadas,varias historias que me diste estaban mojadas
Sí. médico forense dice que Rodrigo murió de un infarto.,Sí. El médico forense dice que Rodrigo murió de un infarto.
"Por fabor, por fabor, no ...","Por favor, por favor, no ..."
las canciones que llegaron era divertidas,las canciones que llegaron eran divertidas
¿Qué te parece zi tú y yo bamoz a la ciudad? .,¿Qué te parece si tú y yo vamos a la ciudad? .
varias mesas que había ahí es muy útiles,varias mesas que había ahí son muy útiles
Pero habia barso asersandose.,Pero había un barco acercándose.
Somos Iglesia de Cristo.,Somos la Iglesia de Cristo.
Y ella lo arruinó zaliendo con eze Ezpañol,Y ella lo arruinó saliendo con ese Español
muchos cuadros que estaban ahí tiene precio,muchos cuadros que estaban ahí tienen precio
unas camisas que compré fue azules,unas camisas que compré fueron azules
¿Solo para darme ezto?,¿Solo para darme esto?
Que modo de dissulparse.,Que modo de disculparse.
unos juguetes que había ahí estaba mojados,unos juguetes que había ahí estaban mojados
Prezentada por: A. (reprezentado por abogado),Presentada por: A. (representado por abogado)
"Dos leones, dos tigres, dos elefantes y los embarsas.""","Dos leones, dos tigres, dos elefantes y los embarcas."""
Adoptado por el Conzejo el 17 de zeptiembre.,Adoptado por el Consejo el 17 de septiembre.
No zabez nada de ezto.,No sabes nada de esto.
Soy un ombre moribundo.,Soy un hombre moribundo.
"No, aún eztamoz andando.","No, aún estamos andando."
varios autos que vi tiene dueño,varios autos que vi tienen dueño
Rehabilitasion del emplazamiento,Rehabilitación del emplazamiento
tres montañas que vimos ayer tiene dueño,tres montañas que vimos ayer tienen dueño
¿Y ke pinta usted en Albany son gobernador?,¿Y qué pinta usted en Albany con el gobernador?
"Un momento, sasi atrapo al Dragon.","Un momento, casi atrapo al Dragón."
- ¿Eztá ablando en zerio?,- ¿Está hablando en serio?
"Y aora, de repente,","Y ahora, de repente,"
Entra en Fasebook.,Entra en Facebook.
Fasil ... ke apostamos...?,Fácil ... qué apostamos...?
Ez un pazatiempoz.,Es un pasatiempos.
unos regalos que vimos ayer era antiguos,unos regalos que vimos ayer eran antiguos
muchos coches que vi tiene precio,muchos coches que vi tienen precio
Ya ba yendo mejor.,Ya va yendo mejor.
- No querráz zaberlo,- No querrás saberlo
"Hasta pronto, dostor.","Hasta pronto, doctor."
Me hubiese essapado...,Me hubiese escapado...
"De pronto, se me osurrio ke podia usar mi bisisleta.","De pronto, se me ocurrió que podía usar mi bicicleta."
Siguen hasiendo esto mas difisil.,Siguen haciendo esto más difícil.
¿ Qué e eco?,¿ Qué he hecho?
Ez bueno para ti.,Es bueno para ti.
esos profesores que estaban ahí era enormes,esos profesores que estaban ahí eran enormes
Tenemoz menoz de 30 minutoz azta que ezte caño ze llene de agua otra bez.,Tenemos menos de 30 minutos hasta que este caño se llene de agua otra vez.
"Se fue, ¿no ez azí?","Se fue, ¿no es así?"
estas plantas de mi tío estaba cerradas,estas plantas de mi tío estaban cerradas
"* Yoshiyama – drogadisto, desempleado, amigo de Ryū y novio maltratador de Kei.","* Yoshiyama – drogadicto, desempleado, amigo de Ryū y novio maltratador de Kei."
- Por momento.,- Por el momento.
No permitire ke destruyan...,No permitiré que destruyan...
- Todo esta mohoso.,- Todo está mohoso.
Nueztroz puertoz y productoz,Nuestros puertos y productos
muchas sillas que llegaron estaba mojadas,muchas sillas que llegaron estaban mojadas
dos mesas que vi fue azules,dos mesas que vi fueron azules
"- Giobà, pero no ez...","- Giovà, pero no es..."
varios zapatos que estaban ahí era divertidos,varios zapatos que estaban ahí eran divertidos
"O, ¿por qué tubizte que entrar en mi bida?","Oh, ¿por qué tuviste que entrar en mi vida?"
Protegen del viento y polvo.,Protegen del viento y el polvo.
las casas que compré es de mi hermano,las casas que compré son de mi hermano
muchos jugadores de la casa es de mi hermano,muchos jugadores de la casa son de mi hermano
El niño dormira en tu suarto.,El niño dormirá en tu cuarto.
Esperaré que la abuela se baya antes de arrancarte la cara.,Esperaré que la abuela se vaya antes de arrancarte la cara.
Porke he terminado.,Porque he terminado.
varios árboles que estaban ahí era buenos,varios árboles que estaban ahí eran buenos
estos regalos de mi tío estaba cerrados,estos regalos de mi tío estaban cerrados
esas gallinas de mi tío fue muy grandes,esas gallinas de mi tío fueron muy grandes
esos chicos de la casa estaba sucios,esos chicos de la casa estaban sucios
La mia esta vasia.,La mía está vacía.
"Debe tener atrastivo nasional, Harry.","Debe tener un atractivo nacional, Harry."
estos vecinos es de mi hermano,estos vecinos son de mi hermano
Algunos puede ser unas verdaderas reinas del drama.,Algunos pueden ser unas verdaderas reinas del drama.
Sólo puedo jurarte que ziempre rezpeté lo que quería Ed.,Sólo puedo jurarte que siempre respeté lo que quería Ed.
las flores que me diste es de madera,las flores que me diste son de madera
esos coches que llegaron estaba cerrados,esos coches que llegaron estaban cerrados
Anize me a llenado de alfilerez.,Anise me ha llenado de alfileres.
- Julia tenia razon.,- Julia tenía razón.
¿Te gustaria visitarlo?,¿Te gustaría visitarlo?
¿Cuál ez la emergencia?,¿Cuál es la emergencia?
No erez tan grande...,No eres tan grande...
Digamos ke He tenido experiensia son las de su tipo.,Digamos que He tenido experiencia con las de su tipo.
"Por favor, dejenme ir.","Por favor, déjenme ir."
Hay dos de los shisos mas lindos pekeños ke jamas hayas visto.,Hay dos de los chicos más lindos pequeños que jamás hayas visto.
tres árboles que tenía estaba cerrados,tres árboles que tenía estaban cerrados
unos chicos que estaban ahí estaba sucios,unos chicos que estaban ahí estaban sucios
Entwiztle tubo doz apodoz durante zu carrera como múzico.,Entwistle tuvo dos apodos durante su carrera como músico.
"Estamos en periodo de sequía, eso es todo.","Estamos en un periodo de sequía, eso es todo."
Final zorprezibo.,Final sorpresivo.
esas canciones que compré estaba listas,esas canciones que compré estaban listas
"Sally, no debez dejarloz zoloz a amboz.","Sally, no debes dejarlos solos a ambos."
dos mesas del parque tiene precio,dos mesas del parque tienen precio
Bienvenido a ser adulto.,Bienvenido a ser un adulto.
esos libros que vi era divertidos,esos libros que vi eran divertidos
¡Eztoy atrapado en el baño!,¡Estoy atrapado en el baño!
unas niñas que vimos ayer estaba sucias,unas niñas que vimos ayer estaban sucias
tres amigos que llegaron tiene hambre,tres amigos que llegaron tienen hambre
¿Saben ke estas aki fuera?,¿Saben que estás aquí fuera?
dos plantas que había ahí es de mi hermano,dos plantas que había ahí son de mi hermano
"Yo lo arreglo, le pagare. ¿Tienes dinero de sobra?","Yo lo arreglo, le pagaré. ¿Tienes dinero de sobra?"
"Bien, vamos a ir... - Hasia aya.","Bien, vamos a ir... - Hacia allá."
dos regalos que vimos ayer estaba mojados,dos regalos que vimos ayer estaban mojados
los hermanos de mi tío es importantes,los hermanos de mi tío son importantes
dos amigos fue míos,dos amigos fueron míos
Es solo un sueño.,Es sólo un sueño.
"Generalmente, esos tiroteos es callejeros y en sus territorios.","Generalmente, esos tiroteos son callejeros y en sus territorios."
"Somoz dignoz de tu todopoderoza prezencia, muéztrate.","Somos dignos de tu todopoderosa presencia, muéstrate."
esos niños es importantes,esos niños son importantes
Prezenta ziempre loz pzicópataz a laz cicaz,Presenta siempre los psicópatas a las chicas
"Fue también nominado, en una ocazión, como el Futbolizta africano del año.","Fue también nominado, en una ocasión, como el Futbolista africano del año."
dos flores que vi estaba listas,dos flores que vi estaban listas
Es pez extraño.,Es un pez extraño.
"La claze y preztigio de atender mezaz ez lo tuyo, ¿berdad?","La clase y prestigio de atender mesas es lo tuyo, ¿verdad?"
esos gatos de mi tío fue pequeños,esos gatos de mi tío fueron pequeños
¡Eztudié Pzicología en la Uniberzidad de Frankfurt!,¡Estudié Psicología en la Universidad de Frankfurt!
Aun no estamos muertos.,Aún no estamos muertos.
varias plantas que me diste fue muy bonitas,varias plantas que me diste fueron muy bonitas
Y somprendes muy bien lo ke digo.,Y comprendes muy bien lo que digo.
varias chicas que vi era rápidas,varias chicas que vi eran rápidas
"es las 10:30, y ya hay 20 pacientes de retraso.","Son las 10:30, y ya hay 20 pacientes de retraso."
- El controlador de radio no eztá rezpondiendo - ¿Puedez arreglarlo?,- El controlador de radio no está respondiendo - ¿Puedes arreglarlo?
"Me habria preparado, y sosinado unos pasteles.","Me habría preparado, y cocinado unos pasteles."
Porque ziempre parecez eztar en celo por aquí.,Porque siempre pareces estar en celo por aquí.
Ezo ez porque erez un mal perdedor.,Eso es porque eres un mal perdedor.
dos chicos de mi tío era enormes,dos chicos de mi tío eran enormes
¿Entonses ke desis?,¿Entonces qué decís?
No soy psisopata.,No soy un psicópata.
"Tambien el mejor para nosotros, si Gorev aterriza en el primer puesto.","También el mejor para nosotros, si Gorev aterriza en el primer puesto."
estos hermanos estaba mojados,estos hermanos estaban mojados
Me tomare un semestre fuera de la universidad.,Me tomaré un semestre fuera de la universidad.
las mesas que llegaron es muy útiles,las mesas que llegaron son muy útiles
Debemos ver al fissal.,Debemos ver al fiscal.
No zentí demaziado. El lugar eztaba muy guarro.,No sentí demasiado. El lugar estaba muy guarro.
tres coches que tenía fue muy grandes,tres coches que tenía fueron muy grandes
esos niños que llegaron era rápidos,esos niños que llegaron eran rápidos
Aora no me acuerdo.,Ahora no me acuerdo.
Pareses mierda. Alejate de el.,Pareces mierda. Alejate de el.
ay es donde debes estar ahora mismo.,Ahí es donde debes estar ahora mismo.
estas plantas de mi tío era enormes,estas plantas de mi tío eran enormes
Ezta ez la dirección que noz dio Caubin:,Esta es la dirección que nos dio Chauvin:
Se esta formando una generasion de niños soldados.,Se está formando una generación de niños soldados.
¿Quierez decir zangre?,¿Quieres decir sangre?
varios juguetes que había ahí era enormes,varios juguetes que había ahí eran enormes
cumpleañoz allí mizmo.,cumpleaños allí mismo.
varios niños que encontramos fue muy bonitos,varios niños que encontramos fueron muy bonitos
estas historias que me diste era divertidas,estas historias que me diste eran divertidas
- ¿A donde? No lo se.,- ¿A dónde? No lo sé.
unas manzanas de mi tío estaba listas,unas manzanas de mi tío estaban listas
varios zapatos de la casa fue muy grandes,varios zapatos de la casa fueron muy grandes
los coches que tenía era divertidos,los coches que tenía eran divertidos
esos juguetes que había ahí es importantes,esos juguetes que había ahí son importantes
Ez dibertido eztar aquí juntaz.,Es divertido estar aquí juntas.
¿Cuál ez zu objetibo general?” ze preguntó.,¿Cuál es su objetivo general?” se preguntó.
tres zapatos que me diste fue geniales,tres zapatos que me diste fueron geniales
¿Como te sientes?,¿Cómo te sientes?
Deja a los dostores trankilos Chusk. Solo tratan de ayudarte.,Deja a los doctores tranquilos Chuck. Sólo tratan de ayudarte.
Tráeme bebida fría.,Tráeme una bebida fría.
kiere sentarse?,quiere sentarse?
Ezto zólo lo acez porque ezcalo mejor que tú.,Esto sólo lo haces porque escalo mejor que tú.
Espera por internacional.,Espera por la internacional.
varios juguetes que vimos ayer era enormes,varios juguetes que vimos ayer eran enormes
estos juguetes del parque es muy útiles,estos juguetes del parque son muy útiles
"¿Sabes tu amigo Ssott Morgan, de la lista de tu padre?","¿Sabes tu amigo Scott Morgan, el de la lista de tu padre?"
muchos autos que vimos ayer estaba cerrados,muchos autos que vimos ayer estaban cerrados
Use shosolate son leshe y sasao en polvo.,Usé chocolate con leche y cacao en polvo.
Estoy eternamente agradesida.,Estoy eternamente agradecida.
esas niñas del parque estaba listas,esas niñas del parque estaban listas
unas sillas que vi estaba mojadas,unas sillas que vi estaban mojadas
"Ez graciaz al ""oy"" que el ""mañana"" también llegará.","Es gracias al ""hoy"" que el ""mañana"" también llegará."
varios jugadores estaba mojados,varios jugadores estaban mojados
¿Sabez? Quizá podríaz leértelo y decirme qué te parece.,¿Sabes? Quizá podrías leértelo y decirme qué te parece.
esos cuadros de la casa estaba rotos,esos cuadros de la casa estaban rotos
- No le permitire eso a Helen.,- No le permitiré eso a Helen.
tres manzanas que compré es de mi hermano,tres manzanas que compré son de mi hermano
El Comité recomienda que el Eztado parte:,El Comité recomienda que el Estado parte:
estas niñas que llegaron era rápidas,estas niñas que llegaron eran rápidas
Advierten que países miembros deben prepararse a lo que está para seguir.,Advierten que los países miembros deben prepararse a lo que está para seguir.
"- Ez el mundo de nueztro padre, Uriel.","- Es el mundo de nuestro padre, Uriel."
muchos zapatos que compré fue azules,muchos zapatos que compré fueron azules
estas sillas de mi tío tiene dueño,estas sillas de mi tío tienen dueño
varias chicas de mi tío tiene hambre,varias chicas de mi tío tienen hambre
muchos amigos que encontramos es de mi hermano,muchos amigos que encontramos son de mi hermano
muchas amigas que vimos ayer era divertidas,muchas amigas que vimos ayer eran divertidas
unas gallinas que estaban ahí era enormes,unas gallinas que estaban ahí eran enormes
muchas ventanas que compré tiene nombre,muchas ventanas que compré tienen nombre
Los cristales de cocaína ascienden porque es más livianos que el aceite.,Los cristales de cocaína ascienden porque son más livianos que el aceite.
No hemos ensontrado ningun suministro mediso.,No hemos encontrado ningún suministro médico.
unas flores del parque estaba rotas,unas flores del parque estaban rotas
La segunda megatendensia es la srisis slimatisaglobal.,La segunda megatendencia es la crisis climáticaglobal.
Esta sapsula te proporsiona una pekeña dosis de insulina sontinua.,Esta cápsula te proporciona una pequeña dosis de insulina continua.
"De acuerdo Tom,sírveme bebida.","De acuerdo Tom,sírveme una bebida."
dos mesas que tenía era divertidas,dos mesas que tenía eran divertidas
Libia: Bani Walid bajo biolento azedio,Libia: Bani Walid bajo violento asedio
varios vecinos del parque fue muy bonitos,varios vecinos del parque fueron muy bonitos
Es un problema mio.,Es un problema mío.
tres árboles que compré es muy útiles,tres árboles que compré son muy útiles
unos regalos que vimos ayer fue geniales,unos regalos que vimos ayer fueron geniales
las plantas que me diste fue geniales,las plantas que me diste fueron geniales
tejido nervioso y tejido linfático expuestos durante proceso de deshuesado;,tejido nervioso y tejido linfático expuestos durante el proceso de deshuesado;
"- Conzerbe ezte prozpecto, ya que puede tener que bolber a leerlo.","- Conserve este prospecto, ya que puede tener que volver a leerlo."
Y no digamos ya daño hecho al Knight 2000.,Y no digamos ya el daño hecho al Knight 2000.
Necezito a Quinn aquí para que ayude con lo de Suzan Rozz.,Necesito a Quinn aquí para que ayude con lo de Susan Ross.
tres regalos estaba rotos,tres regalos estaban rotos
unos juguetes de mi tío era buenos,unos juguetes de mi tío eran buenos
Por sierto ke tengo mala memoria.,Por cierto que tengo mala memoria.
varios profesores que encontramos fue muy bonitos,varios profesores que encontramos fueron muy bonitos
Seguro ke fue bueno vasie sinturon entero aki.,Seguro que fue bueno vacié el cinturón entero aquí.
las manzanas que había ahí tiene nombre,las manzanas que había ahí tienen nombre
Dizfruta de la comida.,Disfruta de la comida.
Di: «¿Son iguales los ke saben y los ke no saben?»,Di: «¿Son iguales los que saben y los que no saben?»
No kiero perderte.,No quiero perderte.
¡Somoz Zirkonian!,¡Somos Zirkonian!
- ¿Podríaz zer máz ezpecífico?,- ¿Podrías ser más específico?
unos chicos de la casa estaba mojados,unos chicos de la casa estaban mojados
Assion diresta Pueblo.,Acción directa del Pueblo.
tres chicas que vi fue geniales,tres chicas que vi fueron geniales
estas mesas que estaban ahí era enormes,estas mesas que estaban ahí eran enormes
Necezito llamar a Lena.,Necesito llamar a Lena.
- ¿Qué ez? ¿Qué paza?,- ¿Qué es? ¿Qué pasa?
De berdad te importaba.,De verdad te importaba.
¿Que esta susediendo?,¿Qué está sucediendo?
"Cuando me lo sompre, iremos a Rumania.","Cuando me lo compre, iremos a Rumania."
Ir muy cerca del exterior de laz curbaz.,Ir muy cerca del exterior de las curvas.
estas profesoras que encontramos fue muy grandes,estas profesoras que encontramos fueron muy grandes
¿Vienes a la siudad para estudiar Arte?,¿Vienes a la ciudad para estudiar Arte?
dos vecinas que había ahí estaba sucias,dos vecinas que había ahí estaban sucias
esos perros que vi fue pequeños,esos perros que vi fueron pequeños
"* Walter Goodacre, ""Map of te Moon"", Londrez, 1910.","* Walter Goodacre, ""Map of the Moon"", Londres, 1910."
"¡No, zólo dime qué ez!","¡No, sólo dime qué es!"
dos juguetes que compré fue míos,dos juguetes que compré fueron míos
Aunke puede ke me sonozsais somo Ángela de Cardias Care.,Aunque puede que me conozcáis como Ángela de Cardiac Care.
Flora te lo sontara.,Flora te lo contará.
dos pájaros que vi tiene nombre,dos pájaros que vi tienen nombre
varias mesas de la casa fue caras,varias mesas de la casa fueron caras
muchos hermanos que había ahí estaba listos,muchos hermanos que había ahí estaban listos
¿Cómo aguantas calor ahí dentro?,¿Cómo aguantas el calor ahí dentro?
¿Eztán conztruyendo una bomba?,¿Están construyendo una bomba?
Y por la gente ke essribia los guiones.,Y por la gente que escribía los guiones.
las plantas que encontramos tiene dueño,las plantas que encontramos tienen dueño
tres canciones de mi tío estaba rotas,tres canciones de mi tío estaban rotas
"Todoz eztamoz malditoz, zeñora Williamz.","Todos estamos malditos, señora Williams."
"- Siete maletaz, ¡e!","- Siete maletas, ¡eh!"
esas montañas que tenía fue caras,esas montañas que tenía fueron caras
muchas mesas es de mi hermano,muchas mesas son de mi hermano
"Hola, soy Chris Tarrant de ""¿Quieres ser miyonario?""","Hola, soy Chris Tarrant de ""¿Quieres ser millonario?"""
"La Comizión de Derecoz Humanoz,","La Comisión de Derechos Humanos,"
muchas amigas de la casa es importantes,muchas amigas de la casa son importantes
"Mi amor, estas a salvo.","Mi amor, estás a salvo."
"Y las decisiones no las toma ninguna asamblea de la población, sino estado.","Y las decisiones no las toma ninguna asamblea de la población, sino el estado."
Me estas saludando son el brazo.,Me estás saludando con el brazo.
Todoz loz ziztemaz parecen trabajar con normalidad.,Todos los sistemas parecen trabajar con normalidad.
dos puertas que vi es importantes,dos puertas que vi son importantes
tres puertas que compré estaba mojadas,tres puertas que compré estaban mojadas
- buen sustito.,- Un buen sustito.
Es suestion de proximidad.,Es cuestión de proximidad.
"Ezta abizado, Bumpy.","Esta avisado, Bumpy."
unas mesas que vi tiene precio,unas mesas que vi tienen precio
Resulta que hermanos Walt poseen un almacén allí desde principios de los 90.,Resulta que los hermanos Walt poseen un almacén allí desde principios de los 90.
tres canciones es muy útiles,tres canciones son muy útiles
Siento musho malentendido.,Siento mucho el malentendido.
Ahora yo se ke amor muy profundo asaba en un final triste.,Ahora yo se que un amor muy profundo acaba en un final triste.
Oponibilidad a terseros,Oponibilidad a terceros
Todo eztá bien.,Todo está bien.
Serbicio de interpretación,Servicio de interpretación
Para problemas,Para los problemas
- ¿Me puedez oler?,- ¿Me puedes oler?
? ya no me humiyaste lo sufisiente?,? ya no me humillaste lo suficiente?
"De acuerdo, bamoz a apegarnoz a lo de la... familia en Ginebra, ¿de acuerdo?","De acuerdo, vamos a apegarnos a lo de la... familia en Ginebra, ¿de acuerdo?"
"En la vida de sada joven, hay una Mandy Baxter.","En la vida de cada joven, hay una Mandy Baxter."
dos montañas de mi tío estaba cerradas,dos montañas de mi tío estaban cerradas
muchos chicos que encontramos era rápidos,muchos chicos que encontramos eran rápidos
No tienen ni resursos ni los efestivos nesesarios.,No tienen ni los recursos ni los efectivos necesarios.
los jugadores que estaban ahí es de mi hermano,los jugadores que estaban ahí son de mi hermano
- ¡No puedo oirlos!,- ¡No puedo oírlos!
esos árboles que llegaron estaba sucios,esos árboles que llegaron estaban sucios
"Bueno, habian alguno de eyos ke si ke lo eran.","Bueno, había alguno de ellos que sí que lo eran."
Ha buelto al teatro..,Ha vuelto al teatro..
tres niñas que vi es de mi hermano,tres niñas que vi son de mi hermano
- No digo ke si.,- No digo que sí.
unas vecinas que vimos ayer tiene nombre,unas vecinas que vimos ayer tienen nombre
esos vecinos que estaban ahí es de mi hermano,esos vecinos que estaban ahí son de mi hermano
Ahora ya sabra ke estoy desaparesida.,Ahora ya sabrá que estoy desaparecida.
tres pájaros estaba listos,tres pájaros estaban listos
tres sillas de la casa tiene nombre,tres sillas de la casa tienen nombre
Pienso en Sandra Buyosk...,Pienso en Sandra Bullock...
Puedes desirle al sonserje ke te deje entrar.,Puedes decirle al conserje que te deje entrar.
muchas amigas tiene dueño,muchas amigas tienen dueño
tres chicos que estaban ahí es importantes,tres chicos que estaban ahí son importantes
muchas chicas que encontramos estaba cansadas,muchas chicas que encontramos estaban cansadas
Mi abuelo fue uno de los seis jovenes indios ressatistas.,Mi abuelo fue uno de los seis jóvenes indios rescatistas.
estas gallinas del parque tiene nombre,estas gallinas del parque tienen nombre
Desayuno son los medios de somunisasion Fesha: 14/05/2010 - 11:00 hrs,Desayuno con los medios de comunicación Fecha: 14/05/2010 - 11:00 hrs
"Te acez el inzeguro, el terapeuta tímido e indecizo","Te haces el inseguro, el terapeuta tímido e indeciso"
Ezta política afecta directamente a máz de 150.000empleadoz.,Esta política afecta directamente a más de 150.000empleados.
Tienen un suarto trasero.,Tienen un cuarto trasero.
unos niños que estaban ahí era divertidos,unos niños que estaban ahí eran divertidos
Prinsipales astividades profesionales,Principales actividades profesionales
varios jugadores de la casa fue pequeños,varios jugadores de la casa fueron pequeños
esos hermanos de mi tío era divertidos,esos hermanos de mi tío eran divertidos
"Parece que necezitaz máz lece, para acerloz máz grandez.","Parece que necesitas más leche, para hacerlos más grandes."
varias ventanas que compré era buenas,varias ventanas que compré eran buenas
"Vale, ahora, dale vaso...","Vale, ahora, dale el vaso..."
"¿Agarran trazeroz? ¿Dijizte ""agarramoz trazeroz""?","¿Agarran traseros? ¿Dijiste ""agarramos traseros""?"
- ¡Fuera de zu propiedad!,- ¡Fuera de su propiedad!
- Vibimoz en la calle Bularzka.,- Vivimos en la calle Bulharska.
muchos zapatos del parque era divertidos,muchos zapatos del parque eran divertidos
Salamandra del lago Patzsuaro,Salamandra del lago Patzcuaro
"Aora zi un extraño biene, el nunca zabrá que eraz pobre.","Ahora si un extraño viene, el nunca sabrá que eras pobre."
esas flores de mi tío tiene dueño,esas flores de mi tío tienen dueño
¿Cómo que no regrezó?,¿Cómo que no regresó?
estos chicos que vimos ayer estaba cansados,estos chicos que vimos ayer estaban cansados
"- Ezcucad, lo eztoy intentando.","- Escuchad, lo estoy intentando."
La iztoria de mi bida.,La historia de mi vida.
"si no derrotamos a hombres de Santa Anna, Texas no existirá.","Si no derrotamos a los hombres de Santa Anna, Texas no existirá."
Loz encontré a amboz.,Los encontré a ambos.
dos gatos del parque fue geniales,dos gatos del parque fueron geniales
los autos que tenía tiene nombre,los autos que tenía tienen nombre
estos cuadros que vimos ayer estaba rotos,estos cuadros que vimos ayer estaban rotos
unas chicas que estaban ahí estaba listas,unas chicas que estaban ahí estaban listas
Tu y tu asistente.,Tú y tu asistente.
"Le dije, te invito un trago y te lo explisare.","Le dije, te invito un trago y te lo explicaré."
"* Whoosh sorre el viento, a traves de mis pies. *","* Whoosh corre el viento, a través de mis pies. *"
Exizte una experiencia limitada en la zobredozificación con SOMAVERT.,Existe una experiencia limitada en la sobredosificación con SOMAVERT.
Me dezea zuerte.,Me desea suerte.
"Usted es erudito, señor.","Usted es un erudito, señor."
Pensas ke miento.,Pensas que miento.
"Debemos tener, en suma, sarta de presentasion mas respetable.","Debemos tener, en suma, una carta de presentación más respetable."
"Bueno, no puede uzar un banco.","Bueno, no puede usar un banco."
los chicos de mi tío estaba listos,los chicos de mi tío estaban listos
- ¿Como se habla si no?,- ¿Cómo se habla si no?
¡baya alternativa!,¡Vaya alternativa!
muchos hermanos de mi tío tiene hambre,muchos hermanos de mi tío tienen hambre
¡No se kien eres!,¡No sé quien eres!
Yo se somo se rompen en pedazos.,Yo sé cómo se rompen en pedazos.
muchos coches que había ahí fue míos,muchos coches que había ahí fueron míos
estos cuadros que llegaron tiene nombre,estos cuadros que llegaron tienen nombre
dos árboles del parque estaba mojados,dos árboles del parque estaban mojados
"Mi hermano no respondia a otro nombre, asi ke se rindieron.","Mi hermano no respondía a otro nombre, así que se rindieron."
estas sillas que llegaron es importantes,estas sillas que llegaron son importantes
Debez eztar ambrienta.,Debes estar hambrienta.
unas camisas que estaban ahí estaba cerradas,unas camisas que estaban ahí estaban cerradas
"- Robert, ¡ya bazta!","- Robert, ¡ya basta!"
¿Como lo dessubriste?,¿Cómo lo descubriste?
Siempre te estare agradesido por eyo.,Siempre te estaré agradecido por ello.
dos autos que estaban ahí es de mi hermano,dos autos que estaban ahí son de mi hermano
"Makinas para la fabrisasion de sasos, bolsas o sobres de papel o de sarton","Máquinas para la fabricación de sacos, bolsas o sobres de papel o de cartón"
estos perros que vimos ayer estaba listos,estos perros que vimos ayer estaban listos
muchos autos que llegaron fue muy grandes,muchos autos que llegaron fueron muy grandes
muchos libros que encontramos es de madera,muchos libros que encontramos son de madera
¿Udz doz ze conocen?,¿Uds dos se conocen?
tres regalos que me diste tiene dueño,tres regalos que me diste tienen dueño
Y exselentes limaduras de bronse.,Y excelentes limaduras de bronce.
unos niños que había ahí era rápidos,unos niños que había ahí eran rápidos
unas montañas fue caras,unas montañas fueron caras
Ese pasiente murio de lo mismo ke mi madre y fui un robot.,Ese paciente murió de lo mismo que mi madre y fui un robot.
- Éze ez mi dinero!,- Ése es mi dinero!
tres amigos que encontramos era divertidos,tres amigos que encontramos eran divertidos
Para lo demas tendra ke ir BPA.,Para lo demás tendrá que ir al BPA.
varias camisas que me diste era buenas,varias camisas que me diste eran buenas
unos profesores que estaban ahí era rápidos,unos profesores que estaban ahí eran rápidos
El 10º de Infanteria Ligera es regimiento de guarnision.,El 10º de Infantería Ligera es un regimiento de guarnición.
"Dairy Fruits A/S, Odense, Dinamarsa","Dairy Fruits A/S, Odense, Dinamarca"
dos montañas que vi fue muy grandes,dos montañas que vi fueron muy grandes
-Invitala a salir. -¡Oye!,-Invítala a salir. -¡Oye!
Métete en tuz azuntoz.,Métete en tus asuntos.
"Izkierda, deresha, izkierda, deresha.","Izquierda, derecha, izquierda, derecha."
muchos autos tiene nombre,muchos autos tienen nombre
Entonses solo ay samino.,Entonces solo hay un camino.
"- Sí, juzto cuando loz calcinaron.","- Sí, justo cuando los calcinaron."
¿Me podria pasar benefisios suatrimestrales de Berkman?,¿Me podría pasar los beneficios cuatrimestrales de Berkman?
esos perros que vimos ayer era rápidos,esos perros que vimos ayer eran rápidos
Ezto para mí zerá como una bictoria.,Esto para mí será como una victoria.
tres gallinas de mi tío estaba listas,tres gallinas de mi tío estaban listas
No dise nada del robo.,No dice nada del robo.
"El aire ez tan zeco, y la gente.","El aire es tan seco, y la gente."
esas amigas que vimos ayer fue mías,esas amigas que vimos ayer fueron mías
esos regalos que encontramos es de mi hermano,esos regalos que encontramos son de mi hermano
"Ez diabética, por lo que zu azúcar en zangre eztaba fuera de control.","Es diabética, por lo que su azúcar en sangre estaba fuera de control."
Jena todavia esta ahi afuera.,Jena todavía está ahí afuera.
dos pájaros que había ahí era rápidos,dos pájaros que había ahí eran rápidos
Ez una forma de ablar.,Es una forma de hablar.
esas canciones que vimos ayer era antiguas,esas canciones que vimos ayer eran antiguas
¿El conzerbador?,¿El conservador?
esos vecinos que vi estaba listos,esos vecinos que vi estaban listos
Me diras donde esta ahora mismo.,Me dirás donde esta ahora mismo.
estos vecinos de mi tío fue pequeños,estos vecinos de mi tío fueron pequeños
Mis libros ya no está.,Mis libros ya no están.
muchos jugadores que encontramos era buenos,muchos jugadores que encontramos eran buenos
"-Madre, kiero ke hagas algo por mi.","-Madre, quiero que hagas algo por mí."
estos cuadros que vimos ayer estaba sucios,estos cuadros que vimos ayer estaban sucios
varias mesas que tenía es de mi hermano,varias mesas que tenía son de mi hermano
estos autos que llegaron estaba mojados,estos autos que llegaron estaban mojados
muchas amigas del parque fue mías,muchas amigas del parque fueron mías
¿No az penzado en loz bañoz?,¿No has pensado en los baños?
Pregunta nº 46 formulada por Jon Cuznaan (H-1018/ 97):,Pregunta nº 46 formulada por John Cushnahan (H-1018/ 97):
"- Peter, ¿te encuentraz bien?","- Peter, ¿te encuentras bien?"
¿Por qué zabez mi nombre?,¿Por qué sabes mi nombre?
estos árboles que me diste es de mi hermano,estos árboles que me diste son de mi hermano
dos gatos que llegaron estaba listos,dos gatos que llegaron estaban listos
¿Quien te lo a dico?,¿Quien te lo ha dicho?
los cuadros que había ahí era enormes,los cuadros que había ahí eran enormes
¿Desea añadir alguna sosa?,¿Desea añadir alguna cosa?
los regalos del parque estaba mojados,los regalos del parque estaban mojados
varios pájaros que estaban ahí fue míos,varios pájaros que estaban ahí fueron míos
los gatos que llegaron tiene nombre,los gatos que llegaron tienen nombre
estos cuadros de la casa tiene nombre,estos cuadros de la casa tienen nombre
¿Voy a nesesitar vasuna del tetanos despues de esto?,¿Voy a necesitar la vacuna del tétanos después de esto?
"¿Los veremos esta noshe en sasa, verdad?","¿Los veremos esta noche en casa, verdad?"
"Sí, claro que podríamoz, querida, quizá máz tarde.","Sí, claro que podríamos, querida, quizá más tarde."
"Mis pies no está de acuerdo, pero gracias.","Mis pies no están de acuerdo, pero gracias."
tres autos que encontramos fue pequeños,tres autos que encontramos fueron pequeños
Cuba: Debate sobre suenta de Twitter de Yoani Sanshez,Cuba: Debate sobre la cuenta de Twitter de Yoani Sánchez
¿Desde cuándo no habías visto?,¿Desde cuándo no los habías visto?
¡Creo que lo olbidé!,¡Creo que lo olvidé!
dos canciones fue caras,dos canciones fueron caras
Tan deprimida ke sasi...,Tan deprimida que casi...
varios profesores que llegaron era enormes,varios profesores que llegaron eran enormes
dos profesores que vimos ayer tiene dueño,dos profesores que vimos ayer tienen dueño
Parrafos Pagina,Párrafos Página
estos zapatos que había ahí tiene nombre,estos zapatos que había ahí tienen nombre
No zé cómo zacaz zobrezaliente en cada prueba.,No sé cómo sacas sobresaliente en cada prueba.
» Panama y Singapur reanudan negosiasion somersial (Panama Amerisa),» Panamá y Singapur reanudan negociación comercial (Panamá América)
muchos amigos que encontramos fue pequeños,muchos amigos que encontramos fueron pequeños
"No eztaba rememorando loz biejoz tiempoz, bale?","No estaba rememorando los viejos tiempos, vale?"
las puertas que tenía tiene dueño,las puertas que tenía tienen dueño
dos amigas que encontramos tiene nombre,dos amigas que encontramos tienen nombre
"Bueno, parece que emoz buelto a buzcar un cómplice.","Bueno, parece que hemos vuelto a buscar un cómplice."
los profesores de mi tío es importantes,los profesores de mi tío son importantes
"Pero su mujer, por otro lado, es historia diferente.","Pero su mujer, por otro lado, es una historia diferente."
Ezo fué cuando te enbié eze menzaje.,Eso fué cuando te envié ese mensaje.
"Voy a ver si esos chicos tiene un generoso ""six pack"" para el abuelo.","Voy a ver si esos chicos tienen un generoso ""six pack"" para el abuelo."
estas sillas del parque fue geniales,estas sillas del parque fueron geniales
"Lo sonsegui muy barato, asi ke el presio es razonable.","Lo conseguí muy barato, así que el precio es razonable."
"De todas maneras, no kiero vasasiones si no tengo un trabajo al sual volver.","De todas maneras, no quiero vacaciones si no tengo un trabajo al cual volver."
¿Quierez darle algún toque?,¿Quieres darle algún toque?
los profesores que llegaron tiene nombre,los profesores que llegaron tienen nombre
¡Invierte el prosedimiento enseguida!,¡Invierte el procedimiento enseguida!
No hay nada osulto.,No hay nada oculto.
"En realidad, nunsa he estado mejor.","En realidad, nunca he estado mejor."
Trafiso. Otra vez.,Tráfico. Otra vez.
No puedo creer que tu padre te diera condonez.,No puedo creer que tu padre te diera condones.
esos vecinos del parque tiene hambre,esos vecinos del parque tienen hambre
muchos profesores que llegaron tiene nombre,muchos profesores que llegaron tienen nombre
las ventanas que encontramos estaba mojadas,las ventanas que encontramos estaban mojadas
muchas profesoras que vimos ayer estaba mojadas,muchas profesoras que vimos ayer estaban mojadas
"Sí, bueno, ya zabez cómo ez.","Sí, bueno, ya sabes cómo es."
¿Cómo ze llama zu cica?,¿Cómo se llama su chica?
tres profesores de mi tío estaba mojados,tres profesores de mi tío estaban mojados
Huyan al dezierto.,Huyan al desierto.
"-Tienes una ""relasion abierta"".","-Tienes una ""relación abierta""."
estos árboles que encontramos era divertidos,estos árboles que encontramos eran divertidos
No estás dando pronación a golpes.,No estás dando pronación a los golpes.
"¿Podemos kedarnoslo, podemos kedarnoslo?","¿Podemos quedárnoslo, podemos quedárnoslo?"
dos árboles que encontramos era buenos,dos árboles que encontramos eran buenos
estas montañas tiene dueño,estas montañas tienen dueño
estas mesas del parque fue azules,estas mesas del parque fueron azules
"Otra burla, otra vuelta de tuersa.","Otra burla, otra vuelta de tuerca."
Las samaras estaban guardadas en la saja fuerte de su sasa.,Las cámaras estaban guardadas en la caja fuerte de su casa.
los hermanos que vimos ayer estaba cansados,los hermanos que vimos ayer estaban cansados
"? Debe aber zido amor, pero aora a terminado,","? Debe haber sido amor, pero ahora ha terminado,"
Nueztro matrimonio ez un tecnicizmo y zerá remediado.,Nuestro matrimonio es un tecnicismo y será remediado.
- Estan muertos.,- Están muertos.
unos gatos del parque estaba cansados,unos gatos del parque estaban cansados
estas profesoras de la casa fue muy bonitas,estas profesoras de la casa fueron muy bonitas
dos vecinas estaba sucias,dos vecinas estaban sucias
¿Qué porcentajez de ezoz recurzoz ze azignan a la atención primaria de la zalud?,¿Qué porcentajes de esos recursos se asignan a la atención primaria de la salud?
"Ez muy raro, ¿berdad?","Es muy raro, ¿verdad?"
"Pero antes, una palabra de nuestros orguyosos patrosinadores.","Pero antes, una palabra de nuestros orgullosos patrocinadores."
Ezpero que no le molezte zi tomo un poco de café.,Espero que no le moleste si tomo un poco de café.
"Él habian yamado ""la Gran Sosiedad.""","Él la había llamado ""la Gran Sociedad."""
dos sillas que me diste estaba cerradas,dos sillas que me diste estaban cerradas
Servisio muy rapido y efisiente. servisio.,Servicio muy rápido y eficiente. servicio.
"Dioz, quien fuera el que lo inbentará odiaba a laz mujerz.","Dios, quien fuera el que lo inventará odiaba a las mujers."
Realmente ezpero que no.,Realmente espero que no.
Cuando ze le enbió robar intel de mí.,Cuando se le envió robar intel de mí.
Creo ke se esta hasiendo tarde.,Creo que se está haciendo tarde.
"Miersoles, 12 de disiembre, 16-17 h.","Miércoles, 12 de diciembre, 16-17 h."
"- Cállate, biejo, cállate.","- Cállate, viejo, cállate."
- ¿Puedes haserlo para la samara?,- ¿Puedes hacerlo para la cámara?
esas plantas que compré fue pequeñas,esas plantas que compré fueron pequeñas
esas profesoras que llegaron era buenas,esas profesoras que llegaron eran buenas
¡Pobrez pajaritoz!,¡Pobres pajaritos!
"O, ze pone mejor.","Oh, se pone mejor."
"Palansa de presion, ""operasion spot"".","Palanca de presión, ""operación spot""."
- Lo siento pero no podre verte esta noshe.,- Lo siento pero no podré verte esta noche.
Una pequeña ezcopeta de doble cañón.,Una pequeña escopeta de doble cañón.
"- Lo hasen todos, Clayton.","- Lo hacen todos, Clayton."
¿Tan fasil es desir ke estoy preosupada?,¿Tan fácil es decir que estoy preocupada?
Porke no me kedara elession.,Porque no me quedará elección.
"Dise ke va a vivir son eya, en su habitasion","Dice que va a vivir con ella, en su habitación"
Consentrasion 50 mg,Concentración 50 mg
Si ez zu zangre...,Si es su sangre...
"Así que, ¿qué opinas libro?","Así que, ¿qué opinas del libro?"
Quieren que alguien pague pato.,Quieren que alguien pague el pato.
Amet Üzümcü (Turquía),Ahmet Üzümcü (Turquía)
tenemoz que aclararnoz,tenemos que aclararnos
Bienbenido a mi ogar... - ¡Stepano!,Bienvenido a mi hogar... - ¡Stephano!
Podriamos probar vez solo para ver si te gusta.,Podríamos probar una vez sólo para ver si te gusta.
"Bueno, te los mereses.","Bueno, te los mereces."
"-Adios, empoyon.","-Adiós, empollón."
¿Tienen drogaz o alcool?,¿Tienen drogas o alcohol?
Erez como tu madre.,Eres como tu madre.
- No te lo acen zólo a ti.,- No te lo hacen sólo a ti.
dos canciones que estaban ahí tiene precio,dos canciones que estaban ahí tienen precio
tres plantas que estaban ahí fue mías,tres plantas que estaban ahí fueron mías
"Miz piez no eztán de acuerdo, pero graciaz.","Mis pies no están de acuerdo, pero gracias."
- Porque dijizte que no.,- Porque dijiste que no.
estas amigas que vimos ayer tiene hambre,estas amigas que vimos ayer tienen hambre
unas profesoras que encontramos es importantes,unas profesoras que encontramos son importantes
dos camisas que tenía tiene dueño,dos camisas que tenía tienen dueño
Creo que ahí un malentendido.,Creo que hay un malentendido.
Al final de leyenda,Al final de la leyenda
Otro Funcionario g. E.T. que no quiere ablar fuera de regiztro.,Otro Funcionario g. E.T. que no quiere hablar fuera de registro.
Lez conzeguiré parcelaz juzto al lado de la mía.,Les conseguiré parcelas justo al lado de la mía.
¡Si de berdad quierez terminarla ben por mí!,¡Si de verdad quieres terminarla ven por mí!
Ámbito de aplicación del ziztema,Ámbito de aplicación del sistema
"Lo zentimoz, Cow.","Lo sentimos, Chow."
unos cuadros que vimos ayer tiene nombre,unos cuadros que vimos ayer tienen nombre
varios cuadros que vimos ayer estaba rotos,varios cuadros que vimos ayer estaban rotos
La mayoria de eyas no son letales.,La mayoría de ellas no son letales.
Esta fuera de sarsel--,Está fuera de la cárcel--
"- Cuando llega ola, rema.","- Cuando llega la ola, rema."
He pazado una buena noce.,He pasado una buena noche.
Y mentirle a la IRS ez definitibamente ilegal.,Y mentirle a la IRS es definitivamente ilegal.
unas niñas que encontramos tiene dueño,unas niñas que encontramos tienen dueño
"Mamá, a pazado una noce aquí.","Mamá, ha pasado una noche aquí."
Todavia no puedo sreerlo.,Todavía no puedo creerlo.
varios perros que estaban ahí estaba sucios,varios perros que estaban ahí estaban sucios
"""Dile a Ed que zi le buelbo a ber, le mataré.""","""Dile a Ed que si le vuelvo a ver, le mataré."""
estos árboles que me diste fue muy grandes,estos árboles que me diste fueron muy grandes
¿Qué hizo con almirante?,¿Qué hizo con el almirante?
Eztoy muy ocupado.,Estoy muy ocupado.
muchas vecinas que vi fue pequeñas,muchas vecinas que vi fueron pequeñas
Es sonversasion de pene.,Es una conversación de pene.
"Y Nora nunsa lo diria, nunsa.","Y Nora nunca lo diría, nunca."
"Rapido, rapido!","Rápido, rápido!"
"Toma, lea libro.","Toma, lea un libro."
- Nozotroz no fuimoz.,- Nosotros no fuimos.
estos gatos que llegaron es de mi hermano,estos gatos que llegaron son de mi hermano
las camisas estaba mojadas,las camisas estaban mojadas
¿Luego tendremoz...?,¿Luego tendremos...?
unos cuadros que vi era divertidos,unos cuadros que vi eran divertidos
las casas que me diste era divertidas,las casas que me diste eran divertidas
Estamos siguiendo a nave alienigena de la luna.,Estamos siguiendo a la nave alienígena de la luna.
dos ventanas que llegaron tiene dueño,dos ventanas que llegaron tienen dueño
"No, Señoria, el sodefendido, el Sr. Lonnie Daws, asaba de fayeser.","No, Señoría, el codefendido, el Sr. Lonnie Daws, acaba de fallecer."
- Igual ke nosotros.,- Igual que nosotros.
tres juguetes fue pequeños,tres juguetes fueron pequeños
- Feliz cumpleañoz.,- Feliz cumpleaños.
Por eso eya es jefa y tu no.,Por eso ella es la jefa y tú no.
Laz cuentaz de un jugador abuzibo zerán canceladaz inmediatamente.,Las cuentas de un jugador abusivo serán canceladas inmediatamente.
Aora zomoz librez de irnoz a EEUU.,Ahora somos libres de irnos a EEUU.
muchos regalos que había ahí es importantes,muchos regalos que había ahí son importantes
No eres dedisado?,No eres dedicado?
¿Será que él ba?,¿Será que él va?
Eso fue en verdad algo grasioso.,Eso fue en verdad algo gracioso.
“Todas sosas son buenas para un hombre joven exsepto mandar.”,“Todas las cosas son buenas para un hombre joven excepto mandar.”
tres sillas que me diste fue muy bonitas,tres sillas que me diste fueron muy bonitas
tres vecinas estaba cansadas,tres vecinas estaban cansadas
"- Pero todoz me quieren, ¿por que tu no?","- Pero todos me quieren, ¿por que tu no?"
¿Que piensas asersa de eso?,¿Qué piensas acerca de eso?
dos niños de mi tío era rápidos,dos niños de mi tío eran rápidos
Exsepsion: - plugin HDRFastory.,Excepción: - plugin HDRFactory.
"Mi madre sasaria un prestamo,","Mi madre sacaría un préstamo,"
tres montañas que encontramos estaba rotas,tres montañas que encontramos estaban rotas
tres chicas que llegaron era enormes,tres chicas que llegaron eran enormes
esos libros que compré estaba cerrados,esos libros que compré estaban cerrados
tres chicos tiene hambre,tres chicos tienen hambre
Una tradussion de:,Una traducción de:
muchos hermanos es de mi hermano,muchos hermanos son de mi hermano
"Te pagare, pero empezaras la proxima semana.","Te pagaré, pero empezarás la próxima semana."
tres profesores de la casa era buenos,tres profesores de la casa eran buenos
zexy accent (1),sexy accent (1)
Y los momentos es todo lo que tenemos.,Y los momentos son todo lo que tenemos.
unas profesoras del parque fue pequeñas,unas profesoras del parque fueron pequeñas
dos ventanas que había ahí tiene nombre,dos ventanas que había ahí tienen nombre
"- Si, keria... eh, algo diferente.","- Sí, quería... eh, algo diferente."
tres libros que estaban ahí fue muy bonitos,tres libros que estaban ahí fueron muy bonitos
"Tengo mucoz artículoz, y creo que ezte ez popular aora mizmo.","Tengo muchos artículos, y creo que este es popular ahora mismo."
Debo orinar otra bez.,Debo orinar otra vez.
Da esta sarta a mi marido a las sinso en punto.,Da esta carta a mi marido a las cinco en punto.
"Hitler, kiere a Mussolini de vuelta poder.","Hitler, quiere a Mussolini de vuelta al poder."
No es esta sasa.,No es esta casa.
- Es un hermoso soyar.,- Es un hermoso collar.
estos pájaros que estaban ahí estaba mojados,estos pájaros que estaban ahí estaban mojados
Cambien su linea de trabajo.,Cambien su línea de trabajo.
Presion de vapor durante periodo estival [4],Presión de vapor durante el período estival [4]
Quizá debería decir falta de progrezo.,Quizá debería decir falta de progreso.
"Aquí, apunta una mano al zol y la otra apunta al norte.","Aquí, apunta una mano al sol y la otra apunta al norte."
"Uno, doz, trez...","Uno, dos, tres..."
dos hermanos que había ahí es de mi hermano,dos hermanos que había ahí son de mi hermano
Estare sayado.,Estaré callado.
estas sillas que compré es de madera,estas sillas que compré son de madera
Cuando lo vas a sortar?,Cuando lo vas a cortar?
tres vecinos del parque estaba mojados,tres vecinos del parque estaban mojados
tres amigas que estaban ahí era buenas,tres amigas que estaban ahí eran buenas
estos juguetes que me diste tiene nombre,estos juguetes que me diste tienen nombre
"Señor prezidente, tengo buenaz noticiaz.","Señor presidente, tengo buenas noticias."
en tres planos”,en los tres planos”
las plantas del parque es muy útiles,las plantas del parque son muy útiles
esas sillas que me diste estaba listas,esas sillas que me diste estaban listas
"Fue azezinado por colaboradorez naziz noruegoz en la ""Operación Sunzine"".","Fue asesinado por colaboradores nazis noruegos en la ""Operación Sunshine""."
muchas amigas del parque fue muy grandes,muchas amigas del parque fueron muy grandes
"Y no ahi sontasto son el exterior, ¡No hay telefono!","Y no hay contacto con el exterior, ¡No hay teléfono!"
Eztoy zegura de que noz arreglaremoz.,Estoy segura de que nos arreglaremos.
Es PNJ aleatorio.,Es un PNJ aleatorio.
¿por ke tomarse molestias?,¿por qué tomarse la molestias?
¿Oyes lo ke yo?,¿Oyes lo que yo?
Nesesito ke te ensargues de otra sosa.,Necesito que te encargues de otra cosa.
dos libros que había ahí es de mi hermano,dos libros que había ahí son de mi hermano
"Voy a momento, un segundo.","Voy a un momento, un segundo."
esas chicas que vimos ayer tiene nombre,esas chicas que vimos ayer tienen nombre
Hay mucoz azpectoz donde ze puede aorrar.,Hay muchos aspectos donde se puede ahorrar.
¿Qué acez lebantado?,¿Qué haces levantado?
dos chicos que encontramos fue pequeños,dos chicos que encontramos fueron pequeños
unas niñas que había ahí tiene hambre,unas niñas que había ahí tienen hambre
kiero ke te vayas.,quiero que te vayas.
La yamamos DDR para abreviar.,La llamamos DDR para abreviar.
Te lo demostrare.,Te lo demostraré.
Consesuensias y sontexto mas amplio,Consecuencias y contexto más amplio
las mesas que estaban ahí estaba rotas,las mesas que estaban ahí estaban rotas
Mata a Nikita y objetivo.,Mata a Nikita y al objetivo.
"Ezo creía, azta que ze bolbió loca cuando fui a recogerte anoce.","Eso creía, hasta que se volvió loca cuando fui a recogerte anoche."
varios perros del parque tiene dueño,varios perros del parque tienen dueño
unos gatos que estaban ahí fue geniales,unos gatos que estaban ahí fueron geniales
Parese ke no puedo resistir miedo,Parece que no puedo resistir el miedo
"Ayer, todos oímos al líder Partido Unión Nacional que afirmaba que...","Ayer, todos oímos al líder del Partido Unión Nacional que afirmaba que..."
muchos árboles que me diste era buenos,muchos árboles que me diste eran buenos
"Maraviyoso, dulse musisa para mis oidos.","Maravilloso, dulce música para mis oídos."
Ni los otros ke esperan a los desaparesidos.,Ni los otros que esperan a los desaparecidos.
"Si Joey murio aki, ¿por ke mover su sadaver?","Si Joey murió aquí, ¿por qué mover su cadáver?"
Ire mañana. Pero...,Iré mañana. Pero...
Debez ayudarme.,Debes ayudarme.
los autos que me diste era buenos,los autos que me diste eran buenos
las vecinas que estaban ahí estaba sucias,las vecinas que estaban ahí estaban sucias
Medidaz probizionalez,Medidas provisionales
Eso signifisa ke te va a poner bajo sontrato son Del-Fi.,Eso significa que te va a poner bajo contrato con Del-Fi.
unas montañas que tenía es de mi hermano,unas montañas que tenía son de mi hermano
esos árboles que vimos ayer estaba mojados,esos árboles que vimos ayer estaban mojados
Plagio o no... Me imagino que por ezo eztáiz aquí,Plagio o no... Me imagino que por eso estáis aquí
"Lo dejaré en rastro de los conejos, que está aquí.","Lo dejaré en el rastro de los conejos, que está aquí."
esos hermanos que vi es importantes,esos hermanos que vi son importantes
¿Nesesita algo mas?,¿Necesita algo más?
dos camisas que compré es de mi hermano,dos camisas que compré son de mi hermano
No quiero perderme la claze.,No quiero perderme la clase.
"Si, es linda y apretada.","Sí, es linda y apretada."
Eztá dentro de ti.,Está dentro de ti.
unas amigas que estaban ahí era divertidas,unas amigas que estaban ahí eran divertidas
tres casas que vimos ayer es muy útiles,tres casas que vimos ayer son muy útiles
¡Solo ahí un objetivo!,¡Solo hay un objetivo!
"Entonses, ¿por ke tenemos fotos de los ansianos, pero no de los niños?","Entonces, ¿por qué tenemos fotos de los ancianos, pero no de los niños?"
"¡Felicidadez, carabinaz!","¡Felicidades, carabinas!"
muchas montañas que encontramos fue mías,muchas montañas que encontramos fueron mías
"Louize, ¿cómo eztáz?","Louise, ¿cómo estás?"
Le dijiste a Beka ke Rommie era somo extension tuya.,Le dijiste a Beka que Rommie era como una extension tuya.
Cierra tuz ojoz.,Cierra tus ojos.
los vecinos que había ahí estaba sucios,los vecinos que había ahí estaban sucios
Sutton trae el video de seguridad del hospital.,Sutton trae el vídeo de seguridad del hospital.
muchas historias que compré es de madera,muchas historias que compré son de madera
Me rogaste ke lo matara.,Me rogaste que lo matara.
- Ez zólo el primer borrador.,- Es sólo el primer borrador.
dos coches que llegaron estaba sucios,dos coches que llegaron estaban sucios
unas gallinas que llegaron es de mi hermano,unas gallinas que llegaron son de mi hermano
Nosotros nos encargamos novio.,Nosotros nos encargamos del novio.
No tenemos ni idea donde vamos.,No tenemos ni idea dónde vamos.
estas canciones de la casa era antiguas,estas canciones de la casa eran antiguas
g) Ley de arbitraje Nº 22 de 1992.,g) La Ley de arbitraje Nº 22 de 1992.
dos profesores que vimos ayer era rápidos,dos profesores que vimos ayer eran rápidos
"- Oye, nena, ¿eztáz bien?","- Oye, nena, ¿estás bien?"
"¡Por fabor baya a berla, biuda Tarozaemon!","¡Por favor vaya a verla, viuda Tarozaemon!"
Cuando ze lebante.,Cuando se levante.
"¡No hables asi, por favor!","¡No hables así, por favor!"
¿Cómo habían hecho para desamarrar sola ferry?,¿Cómo había hecho para desamarrar sola el ferry?
Todo esta bien son eyos.,Todo está bien con ellos.
varios vecinos de la casa es importantes,varios vecinos de la casa son importantes
Y odio eztaz malditaz belaz.,Y odio estas malditas velas.
Así que este es fin,Así que este es el fin
"No zé nada de ezo, ni oz conozco, no zé por qué me pegáiz.","No sé nada de eso, ni os conozco, no sé por qué me pegáis."
Ensiendan luses.,Enciendan las luces.
"En el suarto puesto, Jetman.","En el cuarto puesto, Jetman."
Nunca penzé que eztaría apoyando a Buckley.,Nunca pensé que estaría apoyando a Buckley.
"Que hermosa, hermosa sansion.","Qué hermosa, hermosa canción."
Al menoz deberiamoz azegurarnoz de aquelloz que cuentan con nozotroz.,Al menos deberiamos asegurarnos de aquellos que cuentan con nosotros.
estos chicos de mi tío estaba listos,estos chicos de mi tío estaban listos
Lugar de nacimiento: Rakob,Lugar de nacimiento: Rakov
dos sillas que había ahí tiene nombre,dos sillas que había ahí tienen nombre
tres historias que vi tiene dueño,tres historias que vi tienen dueño
Era sugerencia.,Era una sugerencia.
dos cuadros que compré era divertidos,dos cuadros que compré eran divertidos
esas amigas que estaban ahí fue muy grandes,esas amigas que estaban ahí fueron muy grandes
Apuezto a que ez tonta.,Apuesto a que es tonta.
"La bida noz zonríe.""","La vida nos sonríe."""
"Ezto ez un timo, ¿berdad?","Esto es un timo, ¿verdad?"
Rebize el número o intente bolber a llamar.,Revise el número o intente volver a llamar.
"Se fue sin mi, otra vez?","Se fueron sin mí, otra vez?"
Entonses lo ke me mostraste no era real,Entonces lo que me mostraste no era real
Toda la aldea eztá bendecida,Toda la aldea está bendecida
unos juguetes es de madera,unos juguetes son de madera
Detecto un aumento de electricidad estática.,Detecto un aumento de la electricidad estática.
varias chicas que vimos ayer es importantes,varias chicas que vimos ayer son importantes
muchas chicas que vi era buenas,muchas chicas que vi eran buenas
tres jugadores fue muy grandes,tres jugadores fueron muy grandes
No puedo sreer ke la haya opasado una sebra.,No puedo creer que la haya opacado una cebra.
¿Por ke no eres lo sufisientemente bueno?,¿Por qué no eres lo suficientemente bueno?
varios perros de la casa estaba cansados,varios perros de la casa estaban cansados
- Abajo parezsa estar arriba,- Abajo parezca estar arriba
muchas casas del parque fue geniales,muchas casas del parque fueron geniales
¿Confias en DiNozzo?,¿Confías en DiNozzo?
tres amigas que vi fue muy grandes,tres amigas que vi fueron muy grandes
los niños que vi es de mi hermano,los niños que vi son de mi hermano
No se para donde voy.,No sé para dónde voy.
dos camisas que encontramos era antiguas,dos camisas que encontramos eran antiguas
varias chicas que vi estaba listas,varias chicas que vi estaban listas
Proyesto Dimitra: las mujeres rurales y desarroyo,Proyecto Dimitra: las mujeres rurales y el desarrollo
"Ok, sonseguimos ser salumniados, ¿y despues ke?","Ok, conseguimos ser calumniados, ¿y después qué?"
"Sí, eztoy bien.","Sí, estoy bien."
muchas manzanas que encontramos era divertidas,muchas manzanas que encontramos eran divertidas
dos coches que llegaron era buenos,dos coches que llegaron eran buenos
"21. M. Waystrom, The Guardian (Londres), p12, enero 21, (2004).","21. M. Wallstrom, The Guardian (Londres), p12, enero 21, (2004)."
Pero oy eztá demaziado cerca.,Pero hoy está demasiado cerca.
"Disposición: a) 3 columnas de 12 ciceros, separadas por blanco de 1 cicero:","Disposición: a) 3 columnas de 12 ciceros, separadas por un blanco de 1 cicero:"
unas camisas que vi fue azules,unas camisas que vi fueron azules
"Rae, ¿que eztáz aciendo?","Rae, ¿que estás haciendo?"
varias camisas de mi tío tiene nombre,varias camisas de mi tío tienen nombre
dos sillas que había ahí es muy útiles,dos sillas que había ahí son muy útiles
muchas mesas que tenía estaba sucias,muchas mesas que tenía estaban sucias
esas plantas que vi es de mi hermano,esas plantas que vi son de mi hermano
estas casas que compré era buenas,estas casas que compré eran buenas
"No tienes ke ser amable, Jask.","No tienes que ser amable, Jack."
El linaje de Ha Bong Do eztá a punto de terminar aquí.,El linaje de Ha Bong Do está a punto de terminar aquí.
esas mesas de mi tío estaba rotas,esas mesas de mi tío estaban rotas
"Sera un honor para mi astuar de marido tuyo, Claire.","Será un honor para mí actuar de marido tuyo, Claire."
- ¿Ez malo zentirze azí?,- ¿Es malo sentirse así?
"-¡Aguanta, Srek, ya boy!","-¡Aguanta, Shrek, ya voy!"
dos zapatos que compré estaba rotos,dos zapatos que compré estaban rotos
estas canciones que había ahí tiene dueño,estas canciones que había ahí tienen dueño
lo decía en teoría; en ezte tipo de zituación porque zomoz amigoz.,lo decía en teoría; en este tipo de situación porque somos amigos.
Me gustaría tener oportunidad de convertirme en un hombre decente.,Me gustaría tener la oportunidad de convertirme en un hombre decente.
"Oh, si, demonios, lo pense de esa forma","Oh, si, demonios, lo pensé de esa forma"
¿La palabra clabe?,¿La palabra clave?
esas niñas que vimos ayer era divertidas,esas niñas que vimos ayer eran divertidas
- ¿Esta todo bien?,- ¿Está todo bien?
"Su atención a todos compradores, por favor de hacer sus últimas compras.","Su atención a todos los compradores, por favor de hacer sus últimas compras."
esas puertas de la casa es muy útiles,esas puertas de la casa son muy útiles
- No era pan kringle turso - Estoy seguro de ke ya me he somido uno,- No era pan kringle turco - Estoy seguro de que ya me he comido uno
Soy tu nuebo agente.,Soy tu nuevo agente.
No esta sayendo a pedazos.,No está cayendo a pedazos.
dos perros de la casa fue geniales,dos perros de la casa fueron geniales
", ¡No te puedez mober libremente!",", ¡No te puedes mover libremente!"
"En partisular, Ministerio:","En particular, el Ministerio:"
"¿Dezpuéz de que llobieran ombrez aladoz, aleluya?","¿Después de que llovieran hombres alados, aleluya?"
estas amigas de la casa era divertidas,estas amigas de la casa eran divertidas
) and KARCZAG (E.): A new Mycobacterium zpeciez: Mycobacterium aziaticum n. zp.,) and KARCZAG (E.): A new Mycobacterium species: Mycobacterium asiaticum n. sp.
- Ez mi maeztro.,- Es mi maestro.
Tanto somo tu justifisas a aliados sentados sobre...,Tanto como tú justificas a los aliados sentados sobre...
"Toma, huele esto, ¿kieres?","Toma, huele esto, ¿quieres?"
- Ez alucinante.,- Es alucinante.
El tiempo aora ez 02:59 AM .,El tiempo ahora es 02:59 AM .
tres flores que encontramos estaba mojadas,tres flores que encontramos estaban mojadas
¿Qué paza con todoz loz bajitoz?,¿Qué pasa con todos los bajitos?
tres libros de la casa fue caros,tres libros de la casa fueron caros
* La comprenzión ayuda a tomar mejorez decizionez de carrera.,* La comprensión ayuda a tomar mejores decisiones de carrera.
"Mira, tienes hasta mañana por la mañana, entonses voy a volver, Jask.","Mira, tienes hasta mañana por la mañana, entonces voy a volver, Jack."
"Comprobemos nuestra posición con fotografías, Sir Thomas.","Comprobemos nuestra posición con las fotografías, Sir Thomas."
Llebo zujetador deportibo.,Llevo sujetador deportivo.
Aunke es bueno asi ke soporte en jardin de la sasa de huespedes.,Aunque es bueno así que soporte en jardín de la casa de huéspedes.
"A nueztra manera, pequeño guido.","A nuestra manera, pequeño guido."
esos juguetes tiene nombre,esos juguetes tienen nombre
"¡Regrese aki, rapido!","¡Regrese aquí, rápido!"
varios cuadros que estaban ahí tiene dueño,varios cuadros que estaban ahí tienen dueño
esos hermanos de la casa era enormes,esos hermanos de la casa eran enormes
¿Por creer que tiene ezcopeta?,¿Por creer que tiene escopeta?
Puez nunca podría apoyar un producto que no uze realmente.,Pues nunca podría apoyar un producto que no use realmente.
"- ¿Vamos a Central, señor?","- ¿Vamos a la Central, señor?"
unas vecinas que llegaron tiene dueño,unas vecinas que llegaron tienen dueño
Él eligio yamar a la polisia en vez de arreglarlo son seguro.,Él eligió llamar a la policía en vez de arreglarlo con el seguro.
esos jugadores que estaban ahí fue geniales,esos jugadores que estaban ahí fueron geniales
esos árboles que encontramos estaba cerrados,esos árboles que encontramos estaban cerrados
dos cuadros de la casa era antiguos,dos cuadros de la casa eran antiguos
la mujer ze laz ingenió para zubir a la nabe Buzcadora.,la mujer se las ingenió para subir a la nave Buscadora.
- ¡Para! ¡No digas nada mas!,- ¡Para! ¡No digas nada más!
"Asi ke es asunto legal, y tenemos una fesha de audiensia expedita.","Así que es un asunto legal, y tenemos una fecha de audiencia expedita."
Tenemoz que irnoz aora mizmo.,Tenemos que irnos ahora mismo.
Los guiare para salir del desierto.,Los guiaré para salir del desierto.
[zobre la baze del informe de la Segunda Comizión (A/60/494/Add.2)],[sobre la base del informe de la Segunda Comisión (A/60/494/Add.2)]
estas montañas que encontramos es de madera,estas montañas que encontramos son de madera
Sé que ez muco para azimilar.,Sé que es mucho para asimilar.
"- Bienvenido a Unidad, Bob.","- Bienvenido a La Unidad, Bob."
dos plantas que vimos ayer estaba cerradas,dos plantas que vimos ayer estaban cerradas
esos regalos que encontramos era divertidos,esos regalos que encontramos eran divertidos
tres chicos de mi tío tiene hambre,tres chicos de mi tío tienen hambre
"Hola zeñora, e benido a ber a Jeanne Pignon.","Hola señora, he venido a ver a Jeanne Pignon."
"¡No te vayas, Joakin!","¡No te vayas, Joaquín!"
Yo tengo el mizmo trabajo.,Yo tengo el mismo trabajo.
varias gallinas estaba mojadas,varias gallinas estaban mojadas
FORMA FARMACÉUTICA Y CONTENIDO ENVASE,FORMA FARMACÉUTICA Y CONTENIDO DEL ENVASE
esos zapatos que me diste tiene dueño,esos zapatos que me diste tienen dueño
Eres bastante fuerte para niño.,Eres bastante fuerte para un niño.
tres cuadros de la casa es muy útiles,tres cuadros de la casa son muy útiles
"Entendido, un momento, permanezca a la ezpera","Entendido, un momento, permanezca a la espera"
esas profesoras que vimos ayer es de mi hermano,esas profesoras que vimos ayer son de mi hermano
¿Seguro que ez por ezo?,¿Seguro que es por eso?
¿Sigues horario de Finlandia?,¿Sigues el horario de Finlandia?
¿Intuyo una relasion personal?,¿Intuyo una relación personal?
"-Cocan,cocan.","-Chocan,chocan."
- Departamento de Gestion,- Departamento de Gestión
"Bueno, ezo también.","Bueno, eso también."
Expedision Fesha:12/10/2011,Expedición Fecha:12/10/2011
estos jugadores de la casa estaba mojados,estos jugadores de la casa estaban mojados
¿Que dijo? ¿Bussa a Sheriff suando pases por Nueva York?,¿Qué dijo? ¿Busca a Sheriff cuando pases por Nueva York?
Un gran número de perzonaz trabajando para deztruir nueztro modo de bida.,Un gran número de personas trabajando para destruir nuestro modo de vida.
estas puertas que vi fue muy bonitas,estas puertas que vi fueron muy bonitas
- ahi otra bolsa,- Hay otra bolsa
¡Nueztra tarjeta de crédito!,¡Nuestra tarjeta de crédito!
Tus argumentos me da asaco.,Tus argumentos me dan asaco.
"¡Otzugi, ez Ozzan!","¡Otsugi, es Ossan!"
muchas plantas que vimos ayer estaba rotas,muchas plantas que vimos ayer estaban rotas
unas flores de mi tío es de madera,unas flores de mi tío son de madera
Mushas grasias por venir.,Muchas gracias por venir.
Todo lo ke tengo ke haser es un par de yamadas a televisiones extrajeras.,Todo lo que tengo que hacer es un par de llamadas a televisiones extrajeras.
esos hermanos del parque fue muy grandes,esos hermanos del parque fueron muy grandes
estas puertas que estaban ahí era antiguas,estas puertas que estaban ahí eran antiguas
tres mesas que había ahí estaba listas,tres mesas que había ahí estaban listas
"¿Dónde están cintas, Veronica?","¿Dónde están las cintas, Veronica?"
Nada mas lo suspendimos 3 dias.,Nada más lo suspendimos 3 días.
Eztrelló zu auto ace unoz mezez.,Estrelló su auto hace unos meses.
estas puertas de mi tío estaba mojadas,estas puertas de mi tío estaban mojadas
esos zapatos que estaban ahí es muy útiles,esos zapatos que estaban ahí son muy útiles
Pero el cico te dejó zola anoce.,Pero el chico te dejó sola anoche.
Date un baño de zuciedad.,Date un baño de suciedad.
¿Que voy a desirle a tu madre?,¿Qué voy a decirle a tu madre?
No deberiamos ser enemigos.,No deberíamos ser enemigos.
Y no aberiguaré qué ez zentada ante una computadora.,Y no averiguaré qué es sentada ante una computadora.
las flores que me diste estaba mojadas,las flores que me diste estaban mojadas
Nunca ze enterará.,Nunca se enterará.
"Tiene Afro, eso es todo.","Tiene un Afro, eso es todo."
muchas chicas del parque tiene hambre,muchas chicas del parque tienen hambre
tres profesoras que estaban ahí estaba sucias,tres profesoras que estaban ahí estaban sucias
Voy a deriva.,Voy a la deriva.
Casi todos modelos actuales de móvil incluyen estas características*.,Casi todos los modelos actuales de móvil incluyen estas características*.
Llevaoslo y enserradlo.,Lleváoslo y encerradlo.
esas gallinas que había ahí tiene dueño,esas gallinas que había ahí tienen dueño
esos coches de mi tío fue míos,esos coches de mi tío fueron míos
- No lo zabemoz.,- No lo sabemos.
tres niñas de la casa tiene hambre,tres niñas de la casa tienen hambre
13 para ke osupe los sonfines de tierra,13 para que ocupe los confines de la tierra
- En el antro de ziempre.,- En el antro de siempre.
El artisulo 6.1.4 proyesto figura entre sorshetes.,El artículo 6.1.4 del proyecto figura entre corchetes.
¿Qué te creez que eztaba aciendo?,¿Qué te crees que estaba haciendo?
"No, laz magdalenaz eran nueztro zueño.","No, las magdalenas eran nuestro sueño."
Es voluntaria Centro de Cuidado Mental.,Es voluntaria del Centro de Cuidado Mental.
esas manzanas que tenía era buenas,esas manzanas que tenía eran buenas
"Lynette, eso signifisa una tregua.","Lynette, eso significa una tregua."
Tengo que discutir algo con Jefe Kim.,Tengo que discutir algo con el Jefe Kim.
Sé que no dan ezto en el curzo general de equibalenciaz.,Sé que no dan esto en el curso general de equivalencias.
esas niñas de la casa fue geniales,esas niñas de la casa fueron geniales
"Bueno, en realidad, eztoy en mi tiempo libre aora.","Bueno, en realidad, estoy en mi tiempo libre ahora."
"-¡No, ni ze te ocurra tocarlo!","-¡No, ni se te ocurra tocarlo!"
Quiza insluso falsifisar una autopsia.,Quizá incluso falsificar una autopsia.
-¿Quierez inzpeccionar mi bolumen?,-¿Quieres inspeccionar mi volumen?
Este misroship va debajo de la piel de Gatsby.,Este microchip va debajo de la piel de Gatsby.
Una de sus prinsipales ventajas es su independensia de red nasional.,Una de sus principales ventajas es su independencia de la red nacional.
Es su ultima pintura.,Es su última pintura.
dos historias que vimos ayer estaba sucias,dos historias que vimos ayer estaban sucias
¿Quién es responsable?,¿Quién es el responsable?
boy a robarte bola lunga zamaan,voy a robarte bola lunga samaan
Loz equipamientoz de laz cazaz zon diferentez.,Los equipamientos de las casas son diferentes.
No deje ke se aserke Galvatron a esa Semiya.,No deje que se acerque Galvatron a esa Semilla.
tres niños del parque tiene nombre,tres niños del parque tienen nombre
"Sabez la primera bez que Annie me dejó, traté de zuicidarme.","Sabes la primera vez que Annie me dejó, traté de suicidarme."
Tu desision de probar ke Dios no esta muerto me toso profundamente.,Tu decisión de probar que Dios no está muerto me tocó profundamente.
tres regalos de mi tío estaba rotos,tres regalos de mi tío estaban rotos
¿Crees que soy cerdo? ¿Tú piensas que te voy a abrazar?,¿Crees que soy un cerdo? ¿Tú piensas que te voy a abrazar?
tres autos que encontramos es muy útiles,tres autos que encontramos son muy útiles
Assion 4: Fomentar la movilidad de los trabajadores dentro de la Union,Acción 4: Fomentar la movilidad de los trabajadores dentro de la Unión
No es bueno demonizar efesto migratorio”.,No es bueno demonizar el efecto migratorio”.
muchas chicas de mi tío fue mías,muchas chicas de mi tío fueron mías
Las escuelas públicas no es caldo de cultivo para gays.,Las escuelas públicas no son caldo de cultivo para gays.
estas profesoras de la casa estaba sucias,estas profesoras de la casa estaban sucias
¿De qué eztáz ablando?,¿De qué estás hablando?
Fue muy duro para elloz.,Fue muy duro para ellos.
¿Puedes sanalizar esa pasion y tirarme a la sama?,¿Puedes canalizar esa pasión y tirarme a la cama?
varios perros de mi tío tiene hambre,varios perros de mi tío tienen hambre
dos amigos de la casa era enormes,dos amigos de la casa eran enormes
Ayer el se yevo 100RS y los volo!,Ayer el se llevo 100RS y los volo!
Ezpera azta mañana.,Espera hasta mañana.
- Eztamoz limpiando.,- Estamos limpiando.
esos profesores que llegaron estaba sucios,esos profesores que llegaron estaban sucios
varias camisas que encontramos estaba cerradas,varias camisas que encontramos estaban cerradas
varias historias de la casa estaba rotas,varias historias de la casa estaban rotas
"Rezpondan por fabor.""","Respondan por favor."""
Informe del Comite del Programa y de Coordinasion (A/62/16 (Cap.,Informe del Comité del Programa y de la Coordinación (A/62/16 (Cap.
varios regalos que encontramos fue azules,varios regalos que encontramos fueron azules
¿Cómo puedes saber que no soy mujer superior?,¿Cómo puedes saber que no soy la mujer superior?
"Leonard, zi te quedaz aí no ze cerrará la puerta.","Leonard, si te quedas ahí no se cerrará la puerta."
muchas vecinas que encontramos estaba mojadas,muchas vecinas que encontramos estaban mojadas
estos pájaros de la casa fue geniales,estos pájaros de la casa fueron geniales
los pájaros que estaban ahí estaba mojados,los pájaros que estaban ahí estaban mojados
"Soy Willow, y ella ez mi amiga Buffy.","Soy Willow, y ella es mi amiga Buffy."
"Cuándo bi mi orden de arrezto,","Cuándo vi mi orden de arresto,"
estos regalos que encontramos estaba listos,estos regalos que encontramos estaban listos
"(Hebreoz 12,14).","(Hebreos 12,14)."
¿Hay algun banso en este pueblo?,¿Hay algún banco en este pueblo?
dos canciones que encontramos es de mi hermano,dos canciones que encontramos son de mi hermano
Todas las carreteras está cerradas.,Todas las carreteras están cerradas.
tres árboles que tenía es de mi hermano,tres árboles que tenía son de mi hermano
Entonses... a las 6:30 pm?,Entonces... a las 6:30 pm?
Mira todaz eztaz mierdaz a nueztro alrededor.,Mira todas estas mierdas a nuestro alrededor.
esos chicos que estaban ahí tiene hambre,esos chicos que estaban ahí tienen hambre
tres cuadros del parque es de madera,tres cuadros del parque son de madera
Munish: Linsom Europa.,Munich: Lincom Europa.
"Digame, Guinan.","Dígame, Guinan."
- Asonsejan marsharse de las nasionales lo mas pronto posible.,- Aconsejan marcharse de las nacionales lo más pronto posible.
Creeran que zoy yo.,Creeran que soy yo.
"Evolución del empleo de hombres y mujeres en Chile, 1999-2001 45","Evolución del empleo de los hombres y mujeres en Chile, 1999-2001 45"
"Anda, ziéntate.","Anda, siéntate."
Es por eso ke mataron a Peter porke el vio los suerpos,Es por eso que mataron a Peter porque él vio los cuerpos
"Medida 12: Permisos de inversion por un total de 357904 EUR (0,7 miyones DEM).","Medida 12: Permisos de inversión por un total de 357904 EUR (0,7 millones DEM)."
Estas guapisima.,Estás guapísima.
tres historias de la casa era divertidas,tres historias de la casa eran divertidas
No able tan alto.,No hable tan alto.
tres sillas que estaban ahí tiene nombre,tres sillas que estaban ahí tienen nombre
No menciona que tiene una ija.,No menciona que tiene una hija.
¿Quierez berlo? Ez roza.,¿Quieres verlo? Es rosa.
No le ezcucaré máz.,No le escucharé más.
"Si, desde Cobourg.","Sí, desde Cobourg."
"Despues de saerte, fuiste a alguna parte, ¿Como yegaste?","Después de caerte, fuiste a alguna parte, ¿Cómo llegaste?"
Mi madre ze rezbaló en la duca.,Mi madre se resbaló en la ducha.
estas flores que había ahí fue muy grandes,estas flores que había ahí fueron muy grandes
"Ahora, animate.","Ahora, anímate."
Ezta bida que oy eztoy bibiendo,Esta vida que hoy estoy viviendo
"Se rie, mueve sabeza y dise:","Se ríe, mueve la cabeza y dice:"
Máz rápido que doz pijamaz de niñoz.,Más rápido que dos pijamas de niños.
Los cuatro socios científicos del proyecto EcoLink es: ζ,Los cuatro socios científicos del proyecto EcoLink son: ζ
Perdón por la ezpera.,Perdón por la espera.
- ¿Ez que Pablo?,- ¿Es que Pablo?
Ezcoge bien tu condimento.,Escoge bien tu condimento.
¡Ez un ciclón enorme!,¡Es un ciclón enorme!
"Soy caso excepcional, monsieur.","Soy un caso excepcional, monsieur."
"Bueno, se podria argumentar ke ...","Bueno, se podria argumentar que ..."
unos árboles que vi es de madera,unos árboles que vi son de madera
unas chicas tiene dueño,unas chicas tienen dueño
"[ 1029 poztz ] Go to Prebiouz1 ... 14 , 15 , 16 , 17 , 18 ... 35Next","[ 1029 posts ] Go to Previous1 ... 14 , 15 , 16 , 17 , 18 ... 35Next"
Lo importante es ke intento usarlo sontigo.,Lo importante es que intento usarlo contigo.
esas canciones que tenía era buenas,esas canciones que tenía eran buenas
muchas camisas que había ahí fue muy bonitas,muchas camisas que había ahí fueron muy bonitas
Tenemos ke yevarla a un hospital y haserle un essaner.,Tenemos que llevarla a un hospital y hacerle un escáner.
- No puedez tocar a un policía.,- No puedes tocar a un policía.
Yo habían jugado un partido abierto con ella no mentirle.,Yo había jugado un partido abierto con ella al no mentirle.
Todos estos sabayeros sompiten por yamar tu atension.,Todos estos caballeros compiten por llamar tu atención.
Ella es chica?,Ella es una chica?
# Sus garras es una causa de preocupación,# Sus garras son una causa de preocupación
Artisulo 3 - Poder Publiso.,Artículo 3 - Del Poder Público.
Los niños está solos.,Los niños están solos.
esas mesas que vi es de mi hermano,esas mesas que vi son de mi hermano
esas puertas que compré es importantes,esas puertas que compré son importantes
estas gallinas que había ahí fue mías,estas gallinas que había ahí fueron mías
"En Loz Ángelez, Daizy y yo bibimoz allí juntoz.","En Los Ángeles, Daisy y yo vivimos allí juntos."
Red ILE: un negosio mejor para la mujer - Ideas para negosios,Red ILE: un negocio mejor para la mujer - Ideas para negocios
esos árboles que tenía estaba sucios,esos árboles que tenía estaban sucios
Ensontramos esto dentro de un sofre en armario del Rey Gominola.,Encontramos esto dentro de un cofre en el armario del Rey Gominola.
¿Ves numero?,¿Ves el número?
A veces debes actuar como hombre antes de poder acostarte con mujer.,A veces debes actuar como hombre antes de poder acostarte con una mujer.
Buzque ezta noce una nueba eztrella en el cielo.,Busque esta noche una nueva estrella en el cielo.
unos gatos que había ahí es de mi hermano,unos gatos que había ahí son de mi hermano
"Si, vayase a sasa y asabelo usando su imaginasion.","Sí, váyase a casa y acábelo usando su imaginación."
Fabrisan bombas.,Fabrican bombas.
- No ay un nombre mejor.,- No hay un nombre mejor.
No hago más que oír que perteneces equipo.,No hago más que oír que perteneces al equipo.
varias flores que estaban ahí era divertidas,varias flores que estaban ahí eran divertidas
los libros que estaban ahí era enormes,los libros que estaban ahí eran enormes
Los shesos tambien estan en esta guerra.,Los checos también están en esta guerra.
"Muy bien. Casi me saigo muerto ayi mismo en pasiyo, ¡Pum!","Muy bien. Casi me caigo muerto allí mismo en el pasillo, ¡Pum!"
-Y ezo ez lo que izo.,-Y eso es lo que hizo.
esas canciones que encontramos tiene dueño,esas canciones que encontramos tienen dueño
No pensaba ir son su hermano?,No pensaba ir con su hermano?
Te perdite a Heidi Dauro. No me digaz.,Te perdite a Heidi Dauro. No me digas.
"Tomen aziento, por fabor.","Tomen asiento, por favor."
Las notisias estan yamando la Condesa de Montesristo moderna.,Las noticias la están llamando la Condesa de Montecristo moderna.
"Yo estoy asostumbrado a mi sama, no puedo dormir aki.","Yo estoy acostumbrado a mi cama, no puedo dormir aquí."
muchas manzanas de mi tío era divertidas,muchas manzanas de mi tío eran divertidas
El grado de absorción aumenta en proporción con dosis de atorvastatina.,El grado de absorción aumenta en proporción con la dosis de atorvastatina.
Se anuncia llegada del vuelo 777 procedente de París.,Se anuncia la llegada del vuelo 777 procedente de París.
Y srei ke yo era la melodramatisa.,Y creí que yo era la melodramática.
Quiero llegar a que debe aber algo máz.,Quiero llegar a que debe haber algo más.
Éramoz inzeparablez.,Éramos inseparables.
estos zapatos que había ahí estaba listos,estos zapatos que había ahí estaban listos
tres plantas del parque era enormes,tres plantas del parque eran enormes
varias canciones de la casa estaba sucias,varias canciones de la casa estaban sucias
Y nosotros creemos que las nuestras hace avanzar.,Y nosotros creemos que las nuestras hacen avanzar.
¿Ha bizto a ezte tipo?,¿Ha visto a este tipo?
Axel dice que ez nueztro deber.,Axel dice que es nuestro deber.
Necezito ber ezta coza para bencerla.,Necesito ver esta cosa para vencerla.
estos gatos de mi tío fue pequeños,estos gatos de mi tío fueron pequeños
"dizponibilidad, la competencia y la “autenticidad”","disponibilidad, la competencia y la “autenticidad”"
estas manzanas que me diste es importantes,estas manzanas que me diste son importantes
Realmente te extrañamoz.,Realmente te extrañamos.
dos gatos de la casa es de mi hermano,dos gatos de la casa son de mi hermano
tres plantas del parque es de mi hermano,tres plantas del parque son de mi hermano
no tengo un duro y realmente necesito dinero.,no tengo un duro y realmente necesito el dinero.
"¡Vamoz, L'Aztec!","¡Vamos, L'Aztec!"
¡No abrá Mundial!,¡No habrá Mundial!
- Nadie lo a eco.,- Nadie lo ha hecho.
Eze no ez mi problema.,Ese no es mi problema.
Ver instrussiones en dosumento 1.,Ver instrucciones en documento 1.
unos chicos que encontramos fue muy bonitos,unos chicos que encontramos fueron muy bonitos
- Eztá todo bien.,- Está todo bien.
tres gatos que vi estaba listos,tres gatos que vi estaban listos
"Lo haré, en cuanto encuentre baño de hombres.","Lo haré, en cuanto encuentre el baño de hombres."
las ventanas es importantes,las ventanas son importantes
De ezo ace treinta añoz.,De eso hace treinta años.
dos jugadores que vi es de mi hermano,dos jugadores que vi son de mi hermano
muchos coches es de mi hermano,muchos coches son de mi hermano
"Veamos, veamos... perfesto.","Veamos, veamos... perfecto."
varios hermanos era divertidos,varios hermanos eran divertidos
A distansia de fuego.,A distancia de fuego.
las montañas es muy útiles,las montañas son muy útiles
"Pero fue un heroe, el mas grande en Troya.","Pero fue un héroe, el más grande en Troya."
Ya tengo heshas las maletas.,Ya tengo hechas las maletas.
"""Casi"" es palabra clave.","""Casi"" es la palabra clave."
los autos que estaban ahí tiene precio,los autos que estaban ahí tienen precio
muchas chicas que llegaron tiene nombre,muchas chicas que llegaron tienen nombre
dos profesoras de mi tío estaba mojadas,dos profesoras de mi tío estaban mojadas
"Desde ese momento, la oferta de carga ya no estará presente en sistema.","Desde ese momento, la oferta de carga ya no estará presente en el sistema."
No kiero ke ninguno asabe lastimado.,No quiero que ninguno acabe lastimado.
Cuando zea que quiero mi paga.,Cuando sea que quiero mi paga.
¿Quierez benir a mi tipi y dezcanzar en pielez zuabez?,¿Quieres venir a mi tipi y descansar en pieles suaves?
Olvidas cosa.,Olvidas una cosa.
esas puertas tiene nombre,esas puertas tienen nombre
cuáles es las ventajas asociadas con el crecimiento clonal en plantas,cuáles son las ventajas asociadas con el crecimiento clonal en plantas
esos libros que había ahí era antiguos,esos libros que había ahí eran antiguos
varios pájaros que llegaron fue pequeños,varios pájaros que llegaron fueron pequeños
"Tenemos ke aseptar ke J.D. se ha ido, sariño.","Tenemos que aceptar que J.D. se ha ido, cariño."
Solo keria desirte una sosa por si pudiera sambiar las sosas.,Sólo quería decirte una cosa por si pudiera cambiar las cosas.
¿Pleito de enamoradoz?,¿Pleito de enamorados?
"Alpa, le guztaz, le dije.","Alpha, le gustas, le dije."
muchos profesores que estaban ahí es de mi hermano,muchos profesores que estaban ahí son de mi hermano
Ez ora de algo nuebo.,Es hora de algo nuevo.
- ¿Alguna idea de quién era que disparó?,- ¿Alguna idea de quién era el que disparó?
estas ventanas del parque es de mi hermano,estas ventanas del parque son de mi hermano
los zapatos de mi tío era divertidos,los zapatos de mi tío eran divertidos
"Mis padres me mandaron biyete, me instaron a ke volase a sasa, pero...","Mis padres me mandaron un billete, me instaron a que volase a casa, pero..."
unas manzanas de la casa es muy útiles,unas manzanas de la casa son muy útiles
Loz campezinoz an buelto a caza de nuebo.,Los campesinos han vuelto a casa de nuevo.
- Yo si ke lo sreo.,- Yo sí que lo creo.
"No es necesario, las correas aquí es fuertes.","No es necesario, las correas aquí son fuertes."
tres plantas del parque tiene nombre,tres plantas del parque tienen nombre
muchos pájaros que llegaron es de mi hermano,muchos pájaros que llegaron son de mi hermano
ad (168 horas) despues de una dosis unisa subsutanea o intravenosa.,ad (168 horas) después de una dosis única subcutánea o intravenosa.
Segundo periodo ordinario de sesiones de 2003,Segundo período ordinario de sesiones de 2003
"Amigo, son sosas importantes...","Amigo, con las cosas importantes..."
La bóbeda principal tiene un diámetro de 17.5 metroz y una altura de 36.,La bóveda principal tiene un diámetro de 17.5 metros y una altura de 36.
dos cuadros de mi tío estaba mojados,dos cuadros de mi tío estaban mojados
¿Me az oído utilizar la palabra pornografía en alguna parte de nueztro acuerdo?,¿Me has oído utilizar la palabra pornografía en alguna parte de nuestro acuerdo?
esos niños de la casa es importantes,esos niños de la casa son importantes
unas casas de mi tío fue nuevas,unas casas de mi tío fueron nuevas
lngvard de las seis alas y Vsevolod blokead el paso al enemigo,lngvard el de las seis alas y Vsevolod bloquead el paso al enemigo
tres canciones del parque tiene precio,tres canciones del parque tienen precio
varios regalos que tenía es de madera,varios regalos que tenía son de madera
estas historias que había ahí fue mías,estas historias que había ahí fueron mías
"¿Preparado para ezto, trajeado?","¿Preparado para esto, trajeado?"
Fue zólo un zueño.,Fue sólo un sueño.
Vean a eza pobre gente aí afuera.,Vean a esa pobre gente ahí afuera.
¡No voy a tosarte!,¡No voy a tocarte!
varias amigas es de mi hermano,varias amigas son de mi hermano
- Peter se enojo y Zoltan mordio a Sam.,- Peter se enojó y Zoltan mordió a Sam.
"Ella zigue ziendo un zozpecozo, pero la búzqueda no ze prezentó la tarjeta SD.","Ella sigue siendo un sospechoso, pero la búsqueda no se presentó la tarjeta SD."
estas canciones que estaban ahí estaba listas,estas canciones que estaban ahí estaban listas
"La vida es cuestión de intentar, de hacer.","La vida es una cuestión de intentar, de hacer."
esas flores que me diste es importantes,esas flores que me diste son importantes
Yo soy macho alfa es mi decisión. Soy el macho alfa.,Yo soy el macho alfa es mi decisión. Soy el macho alfa.
¿Haz ganado pezo?,¿Has ganado peso?
tres hermanos del parque es importantes,tres hermanos del parque son importantes
Y ke esta sitando el mediso.,Y que está citando el médico.
varios árboles que llegaron es muy útiles,varios árboles que llegaron son muy útiles
unas flores que había ahí es muy útiles,unas flores que había ahí son muy útiles
Ninguna carrera genera apueztaz tan altaz como ézta.,Ninguna carrera genera apuestas tan altas como ésta.
Sr. Toney. ¿No ez el nombre de un famozo decorador de Loz Ángelez?,Sr. Toney. ¿No es el nombre de un famoso decorador de Los Ángeles?
Eztoy entrenando.,Estoy entrenando.
No se trata tanto de lo ke siento sino de lo ke estoy viendo y oyendo.,No se trata tanto de lo que siento sino de lo que estoy viendo y oyendo.
dos pájaros de la casa tiene nombre,dos pájaros de la casa tienen nombre
unas flores que tenía es importantes,unas flores que tenía son importantes
tres vecinas que estaban ahí es de mi hermano,tres vecinas que estaban ahí son de mi hermano
Ezte niño aún no zabe de Japón.,Este niño aún no sabe de Japón.
estos jugadores que llegaron era buenos,estos jugadores que llegaron eran buenos
muchos autos que compré era enormes,muchos autos que compré eran enormes
unas historias que estaban ahí tiene nombre,unas historias que estaban ahí tienen nombre
"Nos kedamos sin slub, mushashos.","Nos quedamos sin club, muchachos."
sulfasussinamida,sulfasuccinamida
Â¿CÃ³mo pueden zuceder ezte tipo de cozaz en ezte mundo?,Â¿CÃ³mo pueden suceder este tipo de cosas en este mundo?
estas sillas que había ahí es muy útiles,estas sillas que había ahí son muy útiles
los perros que estaban ahí tiene nombre,los perros que estaban ahí tienen nombre
Nunsa habia visto algo tan vergonzoso.,Nunca había visto algo tan vergonzoso.
¿Quieres saber mas sobre el FC Barselona? Esha un vistazo a su pagina webaki,¿Quieres saber más sobre el FC Barcelona? Echa un vistazo a su página webaquí
¿Cómo eztá Hye In?,¿Cómo está Hye In?
unas manzanas que me diste tiene dueño,unas manzanas que me diste tienen dueño
estos juguetes que tenía es de mi hermano,estos juguetes que tenía son de mi hermano
los jugadores que había ahí estaba mojados,los jugadores que había ahí estaban mojados
muchos zapatos tiene dueño,muchos zapatos tienen dueño
unos pájaros que estaban ahí era buenos,unos pájaros que estaban ahí eran buenos
Tendre ke agarrarme fuerte.,Tendré que agarrarme fuerte.
unas ventanas que encontramos estaba mojadas,unas ventanas que encontramos estaban mojadas
tres canciones que vimos ayer es importantes,tres canciones que vimos ayer son importantes
"Sí, loz lunarez eztán bien.","Sí, los lunares están bien."
varias profesoras que había ahí era divertidas,varias profesoras que había ahí eran divertidas
unas amigas que estaban ahí estaba sucias,unas amigas que estaban ahí estaban sucias
"¡Dije la palabra son ""M"" delante de mis hijos!","¡Dije la palabra con ""M"" delante de mis hijos!"
Creo ke hemos tenido aki sufisiente violensia para toda una vida.,Creo que hemos tenido aquí suficiente violencia para toda una vida.
estas gallinas que encontramos estaba sucias,estas gallinas que encontramos estaban sucias
estas mesas del parque fue muy grandes,estas mesas del parque fueron muy grandes
10494 Artículo(z),10494 Artículo(s)
esos hermanos que encontramos estaba cansados,esos hermanos que encontramos estaban cansados
"materiaz proteicaz de origen begetal,»,","materias proteicas de origen vegetal,»,"
muchos autos que estaban ahí estaba listos,muchos autos que estaban ahí estaban listos
"¡Ay, ke bonito eres!","¡Ay, qué bonito eres!"
La puerta se serro y nos piyo sabeyo. - Lo se.,La puerta se cerró y nos pilló el cabello. - Lo sé.
- otro tipo dijo 700.,- El otro tipo dijo 700.
las puertas del parque era divertidas,las puertas del parque eran divertidas
"Y zi regreza, lo matamoz.","Y si regresa, lo matamos."
muchos chicos que había ahí estaba sucios,muchos chicos que había ahí estaban sucios
- ¿No sera bebida son alsohol?,- ¿No será una bebida con alcohol?
muchos regalos que estaban ahí fue muy grandes,muchos regalos que estaban ahí fueron muy grandes
esas plantas de la casa era antiguas,esas plantas de la casa eran antiguas
"Gente, tengo un orno arriba a 250 gradoz.","Gente, tengo un horno arriba a 250 grados."
El biraje zaudita de agozto de 2014,El viraje saudita de agosto de 2014
varias ventanas del parque fue muy grandes,varias ventanas del parque fueron muy grandes
Ya es las ocho de la mañana.,Ya son las ocho de la mañana.
"Pienso ke tiene 7 litros, Extraordinario Enzo.","Pienso que tiene 7 litros, Extraordinario Enzo."
Podríaz zer mi Pedro.,Podrías ser mi Pedro.
"Si, bueno, no esta.","Sí, bueno, no está."
"""Lo siento, Ray, No puedo darte arma""","""Lo siento, Ray, No puedo darte un arma"""
Pero a gente del autosine no paresia interesarle la pelisula.,Pero a la gente del autocine no parecía interesarle la película.
"Chisos, habladme.","Chicos, habladme."
"¿Puedo ayudarlo, zeñor?","¿Puedo ayudarlo, señor?"
muchas montañas que llegaron fue mías,muchas montañas que llegaron fueron mías
Tijuana es la frontera mas transitada del mundo.,Tijuana es la frontera más transitada del mundo.
dos perros que había ahí era rápidos,dos perros que había ahí eran rápidos
dos mesas de mi tío estaba rotas,dos mesas de mi tío estaban rotas
- Hubo show esta noshe?,- Hubo show esta noche?
Esta programado ke se sonstruyan mas edifisios en proximos años.,Está programado que se construyan más edificios en los próximos años.
los autos que me diste tiene dueño,los autos que me diste tienen dueño
unos autos que encontramos tiene precio,unos autos que encontramos tienen precio
esos autos que vimos ayer fue míos,esos autos que vimos ayer fueron míos
Lo ke me atrae es el mundo del espestasulo.,Lo que me atrae es el mundo del espectáculo.
- No eztaba armado.,- No estaba armado.
Azuntoz prezentadoz,Asuntos presentados
Usted lo sonose?,Usted lo conoce?
Mi bida ez patética.,Mi vida es patética.
Todos los sistemas parece trabajar con normalidad.,Todos los sistemas parecen trabajar con normalidad.
¿Podrías por favor decirle que hombres y las mujeres pueden ser amigos?,¿Podrías por favor decirle que los hombres y las mujeres pueden ser amigos?
muchos perros estaba cansados,muchos perros estaban cansados
los profesores que vi tiene nombre,los profesores que vi tienen nombre
Eso es todo lo ke tengo.,Eso es todo lo que tengo.
¿Por ke no lo yamamos por su nombre?,¿Por que no lo llamamos por su nombre?
varios juguetes es de madera,varios juguetes son de madera
"- Ilia Ilish, no tenga miedo.","- Iliá Ilich, no tenga miedo."
Sabes a lo ke me refiero.,Sabes a lo que me refiero.
Esta suspendido a partir de ahora!,Está suspendido a partir de ahora!
varios profesores tiene hambre,varios profesores tienen hambre
estos pájaros que estaban ahí era rápidos,estos pájaros que estaban ahí eran rápidos
Os he hecho venir para daros gracias.,Os he hecho venir para daros las gracias.
dos amigas es de mi hermano,dos amigas son de mi hermano
¿Que es la idea?,¿Qué es la idea?
unos regalos que vimos ayer fue muy grandes,unos regalos que vimos ayer fueron muy grandes
"Cessa, kiero ke lea la suerte de mi hijo.","Cesca, quiero que lea la suerte de mi hijo."
Ez una de nueztraz reglaz.,Es una de nuestras reglas.
Eztará reunido el comité de dizciplina.,Estará reunido el comité de disciplina.
tres coches que me diste era divertidos,tres coches que me diste eran divertidos
- ¿Como exastamente?,- ¿Cómo exactamente?
dos perros que llegaron tiene nombre,dos perros que llegaron tienen nombre
- Todoz creen que ez agua.,- Todos creen que es agua.
Que aguarden aki.,Que aguarden aquí.
"- ¡Puedes haserlo, Mindy!","- ¡Puedes hacerlo, Mindy!"
estos juguetes que compré fue caros,estos juguetes que compré fueron caros
No precizamente.,No precisamente.
tres flores de la casa tiene nombre,tres flores de la casa tienen nombre
"No lo dejaz, ¿berdad?","No lo dejas, ¿verdad?"
Es muy sansado.,Es muy cansado.
tres perros de mi tío estaba sucios,tres perros de mi tío estaban sucios
Encontramoz un objeto.,Encontramos un objeto.
Ezcuca. Te pido dizculpaz.,Escucha. Te pido disculpas.
esas flores de la casa estaba listas,esas flores de la casa estaban listas
Entoncez podré bolber a bibir como antez.,Entonces podré volver a vivir como antes.
esas casas de mi tío era antiguas,esas casas de mi tío eran antiguas
los vecinos de la casa estaba cansados,los vecinos de la casa estaban cansados
unas historias que tenía fue azules,unas historias que tenía fueron azules
Quiero ir a una expozición de arte.,Quiero ir a una exposición de arte.
Aki no kiero lios.,Aquí no quiero líos.
No puedes anunciar que vas a tener hijo y luego largarte.,No puedes anunciar que vas a tener un hijo y luego largarte.
Algunos pueden ser unas verdaderas reinas drama.,Algunos pueden ser unas verdaderas reinas del drama.
"Hay color en mi bida, pero no beo ninguna eztructura.","Hay color en mi vida, pero no veo ninguna estructura."
estos pájaros de la casa tiene nombre,estos pájaros de la casa tienen nombre
"Eres idiota sufisiente para intentarlo, y nos vamos.","Eres idiota suficiente para intentarlo, y nos vamos."
"Quiero desir, ¿y si realmente es malisimo?","Quiero decir, ¿y si realmente es malísimo?"
unas gallinas que vimos ayer fue mías,unas gallinas que vimos ayer fueron mías
» PM: Do your sivis duty (Trinidad & Tobago Express),» PM: Do your civic duty (Trinidad & Tobago Express)
tres amigos que llegaron era buenos,tres amigos que llegaron eran buenos
tres plantas que había ahí fue muy bonitas,tres plantas que había ahí fueron muy bonitas
esos jugadores de mi tío era divertidos,esos jugadores de mi tío eran divertidos
"No, si nos asersamos, empeorariamos las sosas.","No, si nos acercamos, empeoraríamos las cosas."
- Me voy a yevar a Alva a sasa.,- Me voy a llevar a Alva a casa.
dos hermanos que encontramos estaba cansados,dos hermanos que encontramos estaban cansados
"Si, y lo hare enjuisiar","Sí, y lo haré enjuiciar"
Te puze eztaz cozaz aquí para ti Graciaz.,Te puse estas cosas aquí para ti Gracias.
varias ventanas que compré fue geniales,varias ventanas que compré fueron geniales
"- Para ser honesto, te ves poso palido.","- Para ser honesto, te ves un poco pálido."
varias niñas que vi era divertidas,varias niñas que vi eran divertidas
- ¿Y zabez qué ace ella?,- ¿Y sabes qué hace ella?
muchas camisas que vi fue azules,muchas camisas que vi fueron azules
muchas amigas que estaban ahí es importantes,muchas amigas que estaban ahí son importantes
"O, no, no puedo.","Oh, no, no puedo."
muchos vecinos que vimos ayer tiene hambre,muchos vecinos que vimos ayer tienen hambre
estos profesores del parque estaba listos,estos profesores del parque estaban listos
estas amigas de mi tío era divertidas,estas amigas de mi tío eran divertidas
¿Hisiste algo en sontra de la ley?,¿Hiciste algo en contra de la ley?
"Tu siempre estas en sol, Robin.","Tú siempre estás en el sol, Robin."
tres amigos es de mi hermano,tres amigos son de mi hermano
"Necezitaz dezcanzar, Frank.","Necesitas descansar, Frank."
"Buenos dias, sabayeros.","Buenos días, caballeros."
Lleba zu tiempo.,Lleva su tiempo.
Un pozible dizturbio marino.,Un posible disturbio marino.
"Uzted realmente no eztá Fury, ez uzted?","Usted realmente no está Fury, es usted?"
n Identificar maneras en que usted puede ministrar a las familias de presos.,n Identificar maneras en que usted puede ministrar a las familias de los presos.
esas flores que había ahí es de mi hermano,esas flores que había ahí son de mi hermano
Las cosas va bien.,Las cosas van bien.
¡No tiene zuerte aquel pobre cico!,¡No tiene suerte aquel pobre chico!
Las sosas se veran mejor suando no estemos sansados.,Las cosas se verán mejor cuando no estemos cansados.
Joran contó otra iztoria y necezitaz ir e inbeztigar.,Joran contó otra historia y necesitas ir e investigar.
- Jeffrey Boushard.,- Jeffrey Bouchard.
estos juguetes que me diste estaba mojados,estos juguetes que me diste estaban mojados
¿Conseguiste ese tisket Sportipo?,¿Conseguiste ese ticket Sportipo?
"Lo siento, shaval, pero nuestras ordenes eran traernoslos a todos.","Lo siento, chaval, pero nuestras órdenes eran traérnoslos a todos."
"Ahi, sapitan Leesh.","Ahí, capitán Leech."
"No, como eztáz por dezcubrir.","No, como estás por descubrir."
- Una premonision.,- Una premonición.
Obtenga una linea en ese samion!,Obtenga una línea en ese camión!
estas plantas que tenía tiene dueño,estas plantas que tenía tienen dueño
Ya está en sistema.,Ya está en el sistema.
"Ni gota de sangre, Caballeros.","Ni una gota de sangre, Caballeros."
"- Fue gusto verte, Dusk.","- Fue un gusto verte, Duck."
No ze pudo leer el arcibo: %1,No se pudo leer el archivo: %1
"Esto, no manifestado y potensial, es sonosido somo kundalini.","Esto, no manifestado y potencial, es conocido como kundalini."
"Oye Quantana, eza coza zexual que acez...","Oye Quantana, esa cosa sexual que haces..."
"- No, no, no, no ez ezo.","- No, no, no, no es eso."
Lo tome de su muslo para preservar la esensia.,Lo tomé de su muslo para preservar la esencia.
digo: «¡Tú erez mi Dioz.,digo: «¡Tú eres mi Dios.
"Las shisas tontas no son monas, Tammi.","Las chicas tontas no son monas, Tammi."
Dizparó a mi ermano ziete becez.,Disparó a mi hermano siete veces.
"Además, proyecto cubría únicamente una parte de la región.","Además, el proyecto cubría únicamente una parte de la región."
tres casas que estaban ahí fue mías,tres casas que estaban ahí fueron mías
Paralela a la abenida...,Paralela a la avenida...
He disho ke te lo yeves.,He dicho que te lo lleves.
"Por favor, detengase.","Por favor, deténgase."
tres mesas del parque era buenas,tres mesas del parque eran buenas
varios jugadores de la casa estaba cansados,varios jugadores de la casa estaban cansados
¿A kien informaba Andrews?,¿A quién informaba Andrews?
"Es desir, eya no va a desapareser, ¿verdad?","Es decir, ella no va a desaparecer, ¿verdad?"
¿Por qué me icizte ezto a mi?,¿Por qué me hiciste esto a mi?
"Alejandro, recuerda quién zoy.","Alejandro, recuerda quién soy."
"Era popular, pero no tenía ni idea de quién era ni de quién quería zer.","Era popular, pero no tenía ni idea de quién era ni de quién quería ser."
"Bueno, penzé que te alegraríaz de berme.","Bueno, pensé que te alegrarías de verme."
Se que ez una excuza.,Se que es una excusa.
los amigos que encontramos era rápidos,los amigos que encontramos eran rápidos
"Creo ke, de hesho, te ha gustado.","Creo que, de hecho, te ha gustado."
esas plantas que estaban ahí es muy útiles,esas plantas que estaban ahí son muy útiles
muchos libros que compré es muy útiles,muchos libros que compré son muy útiles
Lo zé y lo entiendo.,Lo sé y lo entiendo.
varias manzanas que había ahí es de mi hermano,varias manzanas que había ahí son de mi hermano
dos cuadros que había ahí fue azules,dos cuadros que había ahí fueron azules
unas mesas que había ahí fue caras,unas mesas que había ahí fueron caras
unas sillas de mi tío era antiguas,unas sillas de mi tío eran antiguas
Podriamos senar en mi ofisina.,Podríamos cenar en mi oficina.
esos zapatos que llegaron era divertidos,esos zapatos que llegaron eran divertidos
estas gallinas que vimos ayer fue muy grandes,estas gallinas que vimos ayer fueron muy grandes
"Ésta, esta de aki... ... estaerami sueño,mideseo.","Ésta, ésta de aquí... ... éstaerami sueño,mideseo."
Eres chico tan agradable.,Eres un chico tan agradable.
dos chicas de mi tío era divertidas,dos chicas de mi tío eran divertidas
Ez una amfetamina.,Es una amfetamina.
tres perros que vimos ayer estaba listos,tres perros que vimos ayer estaban listos
Solo keremos ayudarte.,Sólo queremos ayudarte.
-¿Qué ba a acer?,-¿Qué va a hacer?
los libros que encontramos tiene nombre,los libros que encontramos tienen nombre
"No dije que Ud. mató, David, pero sí que fue asesinada en su casa.","No dije que Ud. la mató, David, pero sí que fue asesinada en su casa."
Pero tengo mucaz Trefoilz.,Pero tengo muchas Trefoils.
tres amigas de mi tío fue muy bonitas,tres amigas de mi tío fueron muy bonitas
Al inicio 2000 habra una evaluacion de cualquier manera.,Al inicio del 2000 habra una evaluacion de cualquier manera.
"Anoshe, Howard Beale salio al aire y grito ""mentira"" durante dos minutos.","Anoche, Howard Beale salió al aire y gritó ""mentira"" durante dos minutos."
tres regalos que encontramos fue geniales,tres regalos que encontramos fueron geniales
Bolaz Recklezz ...!,Bolas Reckless ...!
¿Por ke estas tan seguro?,¿Por qué estás tan seguro?
esas vecinas tiene hambre,esas vecinas tienen hambre
dos hermanos que encontramos era enormes,dos hermanos que encontramos eran enormes
Medio día es mierda.,Medio día es una mierda.
estos cuadros que encontramos fue pequeños,estos cuadros que encontramos fueron pequeños
unas ventanas que estaban ahí tiene precio,unas ventanas que estaban ahí tienen precio
Me fui a sama.,Me fui a la cama.
Asi ke nos tosaba a nosotros averiguarlo.,Así que nos tocaba a nosotros averiguarlo.
Estimasion de resursos nesesarios,Estimación de los recursos necesarios
- Hey - ¿Noz iremoz al infierno?,- Hey - ¿Nos iremos al infierno?
Tú erez el único que no ze izo zoldado. ¿Por qué?,Tú eres el único que no se hizo soldado. ¿Por qué?
varios vecinos que llegaron fue geniales,varios vecinos que llegaron fueron geniales
"Pero ellos dijo: Hagamos un capitán, y volvámonos a Egipto. (Núm 14:4).","Pero ellos dijeron: Hagamos un capitán, y volvámonos a Egipto. (Núm 14:4)."
Los valores posibles es:,Los valores posibles son:
esos chicos tiene nombre,esos chicos tienen nombre
¿Sientez que debez quedarte junto a él porque te necezita?,¿Sientes que debes quedarte junto a él porque te necesita?
tres casas que encontramos estaba rotas,tres casas que encontramos estaban rotas
dos profesores que vi era enormes,dos profesores que vi eran enormes
Sé mi diztracción.,Sé mi distracción.
¿Que hay ke haser?,¿Qué hay que hacer?
Olbida un motibo.,Olvida un motivo.
"¿Cuantas novias tienes, son exastitud?","¿Cuántas novias tienes, con exactitud?"
dos cuadros de mi tío estaba listos,dos cuadros de mi tío estaban listos
¿Quien sresio en Amerisa y no sabia kien era Vendela?,¿Quién creció en América y no sabía quien era Vendela?
Solo una pekeña sosa yamada beisbol son sushara.,Sólo una pequeña cosa llamada béisbol con cuchara.
unas casas que había ahí fue nuevas,unas casas que había ahí fueron nuevas
Shay I de radio de Londres?,Shall I de radio de Londres?
¿Qué ez lo que quieren?,¿Qué es lo que quieren?
¡Yo zolo eztoy bromeando!,¡Yo solo estoy bromeando!
tres niñas que vi era buenas,tres niñas que vi eran buenas
- Si. ¡Mira esto!,- Sí. ¡Mira esto!
"Cuando pruebas y difisultades yegaron, Dios me permitiÃ³ orar por eyo.","Cuando las pruebas y dificultades llegaron, Dios me permitiÃ³ orar por ello."
estas chicas de la casa era enormes,estas chicas de la casa eran enormes
- cuatro ezcenaz.,- cuatro escenas.
Regresara pronto.,Regresará pronto.
"Lisa, Tu vienes a fiesta?","Lisa, Tu vienes a la fiesta?"
"Parece zer que no, y por lo que e podido oír laz piztaz ze an enfriado.","Parece ser que no, y por lo que he podido oír las pistas se han enfriado."
"Si, bien, ¿ke puedes haser?","Sí, bien, ¿qué puedes hacer?"
Son planetas muy pekeños.,Son planetas muy pequeños.
unos coches que compré tiene dueño,unos coches que compré tienen dueño
estos profesores que llegaron estaba sucios,estos profesores que llegaron estaban sucios
varias profesoras que vi tiene dueño,varias profesoras que vi tienen dueño
"Mary, no has tenido dia libre en meses.","Mary, no has tenido un día libre en meses."
lré a ber cómo durmió nueztra Caterina con zu ruizeñor.,lré a ver cómo durmió nuestra Caterina con su ruiseñor.
tres gatos era buenos,tres gatos eran buenos
muchas montañas que estaban ahí era divertidas,muchas montañas que estaban ahí eran divertidas
Sigue sin a ver rastro del submarino.,Sigue sin haber rastro del submarino.
estas manzanas que vimos ayer era divertidas,estas manzanas que vimos ayer eran divertidas
dos libros de la casa es muy útiles,dos libros de la casa son muy útiles
Tengo un buelo mañana a laz 10.,Tengo un vuelo mañana a las 10.
porque alguien no asistió a ensayos.,porque alguien no asistió a los ensayos.
unos amigos del parque es importantes,unos amigos del parque son importantes
No me zorprende.,No me sorprende.
muchas puertas de la casa fue muy bonitas,muchas puertas de la casa fueron muy bonitas
Proyesto VACLAN finansiado por el Ministerio de Ciensia y Tesnologia,Proyecto VACLAN financiado por el Ministerio de Ciencia y Tecnología
estas canciones que tenía estaba mojadas,estas canciones que tenía estaban mojadas
"Y, eh, no olvides kien tiene la ventaja ahora","Y, eh, no olvides quien tiene la ventaja ahora"
"No, zoy Marcuz Hoffman.","No, soy Marcus Hoffman."
muchas chicas de la casa fue muy grandes,muchas chicas de la casa fueron muy grandes
– ¿Para ti o para nozotroz?,– ¿Para ti o para nosotros?
varios profesores que llegaron tiene hambre,varios profesores que llegaron tienen hambre
"Francamente, tu fuerza física, las posibilidades es absolutamente asombrosas.","Francamente, tu fuerza física, las posibilidades son absolutamente asombrosas."
Trabajan en Hammerstein's Victoria.,Trabajan en el Hammerstein's Victoria.
esos hermanos del parque es de mi hermano,esos hermanos del parque son de mi hermano
"- Buena saza, sapitan.","- Buena caza, capitán."
"- En teoría, zí...","- En teoría, sí..."
Movilizasion de resursos y resuperasion de gastos,Movilización de recursos y recuperación de los gastos
La gente zeca o airea zu relleno de colcón en zuz tecoz.,La gente seca o airea su relleno de colchón en sus techos.
Entoncez podrían aber zido robadaz la noce anterior a la de ayer.,Entonces podrían haber sido robadas la noche anterior a la de ayer.
Del total de la poblasion 1% era hispanos o latinos de sualkier raza.,Del total de la población el 1% eran hispanos o latinos de cualquier raza.
unos regalos que había ahí estaba sucios,unos regalos que había ahí estaban sucios
"Lo condenaron, y fue encerrado en manicomio para criminales.","Lo condenaron, y fue encerrado en un manicomio para criminales."
los perros del parque tiene dueño,los perros del parque tienen dueño
"No todoz acemoz lo que penzamoz, Sra. Goldfarb.","No todos hacemos lo que pensamos, Sra. Goldfarb."
dos pájaros que llegaron estaba cansados,dos pájaros que llegaron estaban cansados
"Kim, ¿bizte mi afeitadora?","Kim, ¿viste mi afeitadora?"
Creo que me eztaba ziguiendo.,Creo que me estaba siguiendo.
Ha sido mi abuela kien lo ha invitado.,Ha sido mi abuela quien lo ha invitado.
Y este es mi papa y... y mi...,Y éste es mi papá y... y mi...
varias gallinas de mi tío es de mi hermano,varias gallinas de mi tío son de mi hermano
tres casas es de madera,tres casas son de madera
estos hermanos que vimos ayer es de mi hermano,estos hermanos que vimos ayer son de mi hermano
- ¡A todo que es uno de nosotros!,- ¡A todo el que es uno de nosotros!
Mejor si se trata de un antiguo sompañero.,Mejor si se trata de un antiguo compañero.
muchas flores que había ahí tiene precio,muchas flores que había ahí tienen precio
Su prezión zanguínea ya eztá en 160 zobre 110.,Su presión sanguínea ya está en 160 sobre 110.
esas mesas que llegaron era antiguas,esas mesas que llegaron eran antiguas
unas gallinas de la casa estaba cansadas,unas gallinas de la casa estaban cansadas
muchos pájaros era rápidos,muchos pájaros eran rápidos
"- Buenos dias, Noreen.","- Buenos días, Noreen."
"Abre tu bosa, Chad.","Abre tu boca, Chad."
"Yea, yea, eze tipo, ez como, mi mejor amigo.","Yeah, yeah, ese tipo, es como, mi mejor amigo."
dos vecinas que había ahí fue muy bonitas,dos vecinas que había ahí fueron muy bonitas
• sistema acuífero nubio,• El sistema acuífero nubio
¡Maldita la hora en ke nasiste!,¡Maldita la hora en que naciste!
¿Que tengo ke haser? ¿Llenarte de sarisias?,¿Qué tengo que hacer? ¿Llenarte de caricias?
muchos perros que vimos ayer estaba sucios,muchos perros que vimos ayer estaban sucios
muchos zapatos de la casa es importantes,muchos zapatos de la casa son importantes
"- Valerie y yo, noz bamoz.","- Valerie y yo, nos vamos."
"Bien, yo toco toda mercadería.","Bien, yo toco toda la mercadería."
Estás respondiendo a medicamentos.,Estás respondiendo a los medicamentos.
estas camisas de mi tío fue nuevas,estas camisas de mi tío fueron nuevas
"- Sí, te e preguntado por quién.","- Sí, te he preguntado por quién."
unas historias del parque es importantes,unas historias del parque son importantes
"Está sola, y es única que nos atacó en serio ayer.","Está sola, y es la única que nos atacó en serio ayer."
Por aora zolo en ezpañol.,Por ahora solo en español.
Para probar su buena voluntad necesitamos reunirnos para hacer tratado.,Para probar su buena voluntad necesitamos reunirnos para hacer un tratado.
Estos es los automáticos.,Estos son los automáticos.
las chicas que vimos ayer tiene dueño,las chicas que vimos ayer tienen dueño
dos coches que había ahí era enormes,dos coches que había ahí eran enormes
"Ahora, por favor, diganos por ke mato a esos hombres.","Ahora, por favor, díganos por qué mató a esos hombres."
unos vecinos del parque es de mi hermano,unos vecinos del parque son de mi hermano
Vamoz a empezar juntoz.,Vamos a empezar juntos.
muchas canciones que vi tiene precio,muchas canciones que vi tienen precio
esas amigas del parque era divertidas,esas amigas del parque eran divertidas
- ¿Adónde a ido el dinero?,- ¿Adónde ha ido el dinero?
los vecinos que vi tiene hambre,los vecinos que vi tienen hambre
las flores tiene dueño,las flores tienen dueño
los amigos tiene hambre,los amigos tienen hambre
varios cuadros que tenía fue míos,varios cuadros que tenía fueron míos
muchas canciones que encontramos fue muy bonitas,muchas canciones que encontramos fueron muy bonitas
Eztáz loca! No eztoy loca.,Estás loca! No estoy loca.
Este es el mejor dia de mi vida.,Este es el mejor día de mi vida.
Mamá no tenía por qué pegarme 3 becez.,Mamá no tenía por qué pegarme 3 veces.
muchos regalos que llegaron fue caros,muchos regalos que llegaron fueron caros
purple air (2),purple hair (2)
"Produssion tradisional y artesanal de azafran, sin produstos kimisos.","Producción tradicional y artesanal de azafrán, sin productos químicos."
"Stan, estas bien?","Stan, estás bien?"
Es el hogar lejos de sasa.,Es el hogar lejos de casa.
No necezitaz reponer fuerzaz porque no az empezado a trabajar.,No necesitas reponer fuerzas porque no has empezado a trabajar.
- ¿Quierez ablar?,- ¿Quieres hablar?
dos profesoras que encontramos fue muy bonitas,dos profesoras que encontramos fueron muy bonitas
muchas vecinas que vi es de mi hermano,muchas vecinas que vi son de mi hermano
"Bueno, ya ez zuficiente.","Bueno, ya es suficiente."
Tal vez año ke viene.,Tal vez el año que viene.
las ventanas fue mías,las ventanas fueron mías
¿Cuándo eztará la cena?,¿Cuándo estará la cena?
Essushad son atension.,Escuchad con atención.
"- Voy a llamar a tu ermano, ombre.","- Voy a llamar a tu hermano, hombre."
¿Esta es tu idea amor?,¿Esta es tu idea del amor?
"¿Cómo bibez la bida, e?","¿Cómo vives la vida, eh?"
Él parece aber eztado enfermo por muco tiempo.,Él parece haber estado enfermo por mucho tiempo.
Ezpero que la Directiba aga realidad laz mejoraz que necezitamoz.,Espero que la Directiva haga realidad las mejoras que necesitamos.
"Vale, Benny, apagala.","Vale, Benny, apágala."
dos flores que vi fue nuevas,dos flores que vi fueron nuevas
muchas canciones que compré estaba rotas,muchas canciones que compré estaban rotas
esas casas que vi era buenas,esas casas que vi eran buenas
Sé lo que eztoy aciendo.,Sé lo que estoy haciendo.
Las alas laterales fijas ayudan a proteger caderas contra impactos.,Las alas laterales fijas ayudan a proteger las caderas contra impactos.
Hay reglas sobre siertas sosas en la tienda.,Hay reglas sobre ciertas cosas en la tienda.
Es protagonista en la lusha por el impuesto de herensia.,Es protagonista en la lucha por el impuesto de herencia.
Puede ser tu dedo solega,Puede ser tu dedo colega
Mi ex ezpoza ez peor que Bacco.,Mi ex esposa es peor que Bacco.
muchos niños que vimos ayer es importantes,muchos niños que vimos ayer son importantes
¿Quien se viene a la Isla Langols entonses?,¿Quién se viene a la Isla Langols entonces?
"Trabajamos juntos, pero soy jefe.","Trabajamos juntos, pero soy el jefe."
"Si, es sorresto, yo estaba... teniendo difisultades.","Sí, es correcto, yo estaba... teniendo dificultades."
"Ezta era la primera bez que conducíaz con embrague, ¿fue tu primer circuito?","Esta era la primera vez que conducías con embrague, ¿fue tu primer circuito?"
muchos libros de mi tío fue pequeños,muchos libros de mi tío fueron pequeños
Se lez zigue acuzando de ezpionaje.,Se les sigue acusando de espionaje.
Exsavar en bussa de la arsiya.,Excavar en busca de la arcilla.
- No estan mal. ¿No?,- No están mal. ¿No?
"Ford. Debo pedirte ke apagues eso, hermano.","Ford. Debo pedirte que apagues eso, hermano."
"Muy bien , dessansar, relajarse","Muy bien , descansar, relajarse"
Y ez por ezo que no te puedo dejar acer ezto.,Y es por eso que no te puedo dejar hacer esto.
Insisto. Mis intenciones no es asunto tuyo.,Insisto. Mis intenciones no son asunto tuyo.
tres profesores que vimos ayer es importantes,tres profesores que vimos ayer son importantes
"- Enseguida, dostora.","- Enseguida, doctora."
"¿Quién tiene acceso a nuestra tía, aparte de enfermeras?","¿Quién tiene acceso a nuestra tía, aparte de las enfermeras?"
"Con mi guitarra, sin mas para preguntar,","Con mi guitarra, sin más para preguntar,"
Él ha debido ensontrar rastreador GPS y se deshizo de el.,Él ha debido encontrar el rastreador GPS y se deshizo de el.
b) ¿Rekieren todas las astividades de solaborasion un e-mail?,b) ¿Requieren todas las actividades de colaboración un e-mail?
Eso nos deja con siguiente problema.,Eso nos deja con el siguiente problema.
No loz necezito intentando culparme de la muerte de Dante.,No los necesito intentando culparme de la muerte de Dante.
unos profesores que llegaron era divertidos,unos profesores que llegaron eran divertidos
Sirben carne con enzalada que incluye lombricez de tierra bibaz.,Sirven carne con ensalada que incluye lombrices de tierra vivas.
El ni si quiera le llegó a apuntar. ¡Por amor de Dios!,El ni si quiera le llegó a apuntar. ¡Por el amor de Dios!
esas flores era buenas,esas flores eran buenas
No tengo nada son bastante slase,No tengo nada con bastante clase
"Ezcuca, realmente nunca quize opacarte con mi dinero, Terry.","Escucha, realmente nunca quise opacarte con mi dinero, Terry."
varios hermanos que llegaron tiene dueño,varios hermanos que llegaron tienen dueño
dos juguetes que compré fue caros,dos juguetes que compré fueron caros
estos coches que llegaron es de madera,estos coches que llegaron son de madera
Lo tomaz muy en zerio.,Lo tomas muy en serio.
Jefe de la delegasion de Jamaisa en diferentes asambleas de la OACI,Jefe de la delegación de Jamaica en diferentes asambleas de la OACI
esas niñas que estaban ahí era buenas,esas niñas que estaban ahí eran buenas
"Artículos 4, 13, 17 y 40 del Tratado de Unión Europea (Tratado UE).","Artículos 4, 13, 17 y 40 del Tratado de la Unión Europea (Tratado UE)."
esos autos que tenía era divertidos,esos autos que tenía eran divertidos
unos vecinos de la casa era enormes,unos vecinos de la casa eran enormes
muchos zapatos del parque estaba rotos,muchos zapatos del parque estaban rotos
Me temo que ezo no ez pozible.,Me temo que eso no es posible.
varias profesoras que encontramos era enormes,varias profesoras que encontramos eran enormes
estos juguetes que tenía era antiguos,estos juguetes que tenía eran antiguos
"Bueno, boy a zer onezto.","Bueno, voy a ser honesto."
Me alegro ke te divirtieras.,Me alegro que te divirtieras.
unos vecinos que vi era divertidos,unos vecinos que vi eran divertidos
¿Pero y eza cica del club del libro con la que eztaba zaliendo?,¿Pero y esa chica del club del libro con la que estaba saliendo?
unas amigas que estaban ahí tiene nombre,unas amigas que estaban ahí tienen nombre
Rudy a aparecido con una tía.,Rudy ha aparecido con una tía.
b) El sistema finansiero internasional y el desarroyo (sontinuasion),b) El sistema financiero internacional y el desarrollo (continuación)
dos autos de la casa es de madera,dos autos de la casa son de madera
Puerto Barriozguatemala. kgm,Puerto Barriosguatemala. kgm
Ezo eztá a unaz cinco manzanaz.,Eso está a unas cinco manzanas.
- ¿Que kieres desir son eso?,- ¿Qué quieres decir con eso?
¿Como pueden haserte eso tus amigas?,¿Cómo pueden hacerte eso tus amigas?
"O, ez una buena pregunta, pero no pregunten.","Oh, es una buena pregunta, pero no pregunten."
"Cariño, tuz manoz eztán demaziado fríaz, ¿por qué?","Cariño, tus manos están demasiado frías, ¿por qué?"
Era un perdedor en essuela.,Era un perdedor en la escuela.
"Graciaz, Jamie.","Gracias, Jamie."
La aldea estaba vasia.,La aldea estaba vacía.
muchas plantas de mi tío fue geniales,muchas plantas de mi tío fueron geniales
las profesoras que vimos ayer estaba cansadas,las profesoras que vimos ayer estaban cansadas
"- Erez mi amigo, no te dejaré.","- Eres mi amigo, no te dejaré."
Loz que laz benden,Los que las venden
esos zapatos de la casa estaba sucios,esos zapatos de la casa estaban sucios
Quizá zea menoz reziztente.,Quizá sea menos resistente.
"¡No fue mi intension, solo me salio asi!","¡No fue mi intención, solo me salió así!"
"¿eztáz loco, también? que Me dijo algo tan abzurdo?","¿estás loco, también? que Me dijo algo tan absurdo?"
Pero me dio algunas pastiyas.,Pero me dio algunas pastillas.
Munsh y Fin estan en la sasa de los Breslin.,Munch y Fin están en la casa de los Breslin.
estos jugadores que había ahí estaba mojados,estos jugadores que había ahí estaban mojados
Loz díaz abanzan muy lentamente.,Los días avanzan muy lentamente.
¿Eztá bromeando?,¿Está bromeando?
Puedez llamarme Kokacin.,Puedes llamarme Kokachin.
Las sosas nunsa me salen bien.,Las cosas nunca me salen bien.
"Un fetishe sobre tios heteros, es tan sonstrustivo.","Un fetiche sobre tíos heteros, es tan constructivo."
estos chicos que vimos ayer tiene hambre,estos chicos que vimos ayer tienen hambre
Consegui mi primera gran sampaña,Conseguí mi primera gran campaña
"¿Qué paza, Gerald?","¿Qué pasa, Gerald?"
Vamoz a bailar.,Vamos a bailar.
tres ventanas de mi tío es muy útiles,tres ventanas de mi tío son muy útiles
"Es mi trabajo.... ...ahora, usted debe entregarme el manussrito.","Es mi trabajo.... ...ahora, usted debe entregarme el manuscrito."
estas ventanas que encontramos era enormes,estas ventanas que encontramos eran enormes
Lo baztante fuerte para...,Lo bastante fuerte para...
Vinnie yeva pegandole desde ke se somprometieron.,Vinnie lleva pegándole desde que se comprometieron.
-Tú la mirazte a la mención del tatuaje.,-Tú la miraste a la mención del tatuaje.
tres niñas estaba listas,tres niñas estaban listas
Algunas sosas no se arreglan son dissulpas.,Algunas cosas no se arreglan con disculpas.
"""...verte sreser y sompletar los planes de Dios...","""...verte crecer y completar los planes de Dios..."
Es el telefono.,Es el teléfono.
unos autos fue geniales,unos autos fueron geniales
New Haben: American Oriental Society.,New Haven: American Oriental Society.
¿Qué tan difícil ez el problema que eztamoz ablando?,¿Qué tan difícil es el problema que estamos hablando?
Odio a eza mujer.,Odio a esa mujer.
¿Eztá ella allí?,¿Está ella allí?
Siempre dizpuezto a ayudar a la bieja zeñora.,Siempre dispuesto a ayudar a la vieja señora.
Lo Mejor Mundo - Lo mejor de Línea blanca y otros electrodomésticos,Lo Mejor del Mundo - Lo mejor de Línea blanca y otros electrodomésticos
De ahi es de donde son salizas.,De ahi es de donde son las calizas.
Ez bueno berloz.,Es bueno verlos.
Ezo no ez propio de ella.,Eso no es propio de ella.
"Del rafting al tenis, sin olvidar los deportes invernales y esquí alpino.","Del rafting al tenis, sin olvidar los deportes invernales y el esquí alpino."
las mesas que llegaron era divertidas,las mesas que llegaron eran divertidas
estos gatos del parque era rápidos,estos gatos del parque eran rápidos
varias vecinas que encontramos es de mi hermano,varias vecinas que encontramos son de mi hermano
Lo aráz zi quierez berlo bibo.,Lo harás si quieres verlo vivo.
muchos coches que encontramos tiene dueño,muchos coches que encontramos tienen dueño
Tuvo amorío hace un año.,Tuvo un amorío hace un año.
Dejalo y regresa al suartel.,Déjalo y regresa al cuartel.
Pero tu ijo biene a mi caza ajedrez.,Pero tu hijo viene a mi casa ajedrez.
- Erez un mal tipo.,- Eres un mal tipo.
"No me dediqué a ningún eztudio, zeñora Penniman.","No me dediqué a ningún estudio, señora Penniman."
esas mesas de la casa fue muy grandes,esas mesas de la casa fueron muy grandes
"No se somo desirtelo, pero...","No sé cómo decírtelo, pero..."
unos profesores que vi estaba listos,unos profesores que vi estaban listos
estos libros que compré era antiguos,estos libros que compré eran antiguos
dos juguetes que había ahí fue míos,dos juguetes que había ahí fueron míos
"Y si lo pierdo, siempre puedo ensontrar otro.","Y si lo pierdo, siempre puedo encontrar otro."
me guzta la granola.,me gusta la granola.
"Por ezo te regalo un pizo, en nombre del gobierno.","Por eso te regalo un piso, en nombre del gobierno."
¿Cómo zabe ezo?,¿Cómo sabe eso?
Ezto ez de Kim.,Esto es de Kim.
varias manzanas que vimos ayer fue muy grandes,varias manzanas que vimos ayer fueron muy grandes
"Esta tarde,hubo sonsiertos en las siudades osupadas.","Esta tarde,hubo conciertos en las ciudades ocupadas."
¿Esta Ud. bien?,¿Está Ud. bien?
No lo esperaba en sasa tan temprano y me agarro batanandome sin burbujas.,No lo esperaba en casa tan temprano y me agarró batanándome sin burbujas.
"Ademas, porke kieren a alguien despedido por el apestoso prinsipe","Además, porque quieren a alguien despedido por el apestoso príncipe"
"Barb, nesesito tu ayuda.","Barb, necesito tu ayuda."
Creo que me fracturé espalda.,Creo que me fracturé la espalda.
- ¿Por qué acez ezto?,- ¿Por qué haces esto?
unos libros que encontramos fue caros,unos libros que encontramos fueron caros
Intenta con SID en lugar del ESN para el pedido de registro.,Intenta con el SID en lugar del ESN para el pedido de registro.
- Hase diez dias.,- Hace diez días.
"¡Jae-young, no lo agaz!","¡Jae-young, no lo hagas!"
muchas montañas que encontramos es importantes,muchas montañas que encontramos son importantes
Hice arreglos para que salgas de ciudad mientras lo soluciono.,Hice arreglos para que salgas de la ciudad mientras lo soluciono.
- Has avanzado en tu sarrera.,- Has avanzado en tu carrera.
son enemigo visible.,con un enemigo visible.
¿Que aríaz zi ella gana?,¿Que harías si ella gana?
"- Mama, quizáz deberíamoz ir al eztudio.","- Mama, quizás deberíamos ir al estudio."
varios coches que encontramos tiene dueño,varios coches que encontramos tienen dueño
esas puertas que vi fue azules,esas puertas que vi fueron azules
muchos perros que estaban ahí era buenos,muchos perros que estaban ahí eran buenos
varias puertas que estaban ahí tiene dueño,varias puertas que estaban ahí tienen dueño
"Es viejo y debil, Aio.","Es viejo y débil, Aio."
- ¿Adonde vamos?,- ¿Adónde vamos?
dos zapatos que había ahí fue pequeños,dos zapatos que había ahí fueron pequeños
dos juguetes que encontramos tiene precio,dos juguetes que encontramos tienen precio
tres camisas que vimos ayer era divertidas,tres camisas que vimos ayer eran divertidas
"Sr. Wille VALVE, Ledamot ab Ålandz lagting.","Sr. Wille VALVE, Ledamot av Ålands lagting."
"¡Apiádate, por fabor!","¡Apiádate, por favor!"
- ¿Eztáz biendo zi gana?,- ¿Estás viendo si gana?
"- Si, az lo tuyo.","- Si, has lo tuyo."
varios profesores que vi era divertidos,varios profesores que vi eran divertidos
¿Por qué querría acer algo tan torpe como ezto?,¿Por qué querría hacer algo tan torpe como esto?
Ez mi unbirtday prezente.,Es mi unbirthday presente.
unos niños era rápidos,unos niños eran rápidos
Creo ke trabaja para mis antiguos jefes.,Creo que trabaja para mis antiguos jefes.
esas mesas del parque fue muy grandes,esas mesas del parque fueron muy grandes
No se han traido nada.,No se han traído nada.
¿Por ke estabas fingiendo ser una mujer?,¿Por qué estabas fingiendo ser una mujer?
Que tu gente necezita.,Que tu gente necesita.
¿Y hay algo mas ke kieras haser esta noshe?,¿Y hay algo más que quieras hacer esta noche?
Y eso funsiono para ambos.,Y eso funcionó para ambos.
Te garantizo un procezo muy bonito,Te garantizo un proceso muy bonito
"No, estuve solo dedisado a Charlotte.","No, estuve sólo dedicado a Charlotte."
Deberiamos poner a Arsher en sustodia hasta nuevo aviso.,Deberíamos poner a los Archer en custodia hasta nuevo aviso.
No me importa. Es arabe.,No me importa. Es árabe.
Asi ke... yo... deberia haberme dado suenta de mushas sosas.,Así que... yo... debería haberme dado cuenta de muchas cosas.
varios vecinos que vi fue muy grandes,varios vecinos que vi fueron muy grandes
"Ay, ay, ay, ezpera.","Ay, ay, ay, espera."
Prueba son tres miyones kelvin.,Prueba con tres millones kelvin.
"Sabes somo es esto, Toolbox.","Sabes cómo es esto, Toolbox."
esos árboles es de mi hermano,esos árboles son de mi hermano
¿Cuáles es los factores de riesgo para trastornos alimenticios?,¿Cuáles son los factores de riesgo para trastornos alimenticios?
unos libros que compré estaba mojados,unos libros que compré estaban mojados
"Y el FBI asumira ke ese atake susedera hoy, sada dia hasta ke paremos.","Y el FBI asumirá que ese ataque sucederá hoy, cada día hasta que paremos."
esos niños que llegaron tiene hambre,esos niños que llegaron tienen hambre
tres autos que me diste es importantes,tres autos que me diste son importantes
- Ez un mentirozo.,- Es un mentiroso.
esos autos que encontramos es importantes,esos autos que encontramos son importantes
"- Claro ke si, Nis.","- Claro que sí, Nic."
Eztáz ziendo ridículo.,Estás siendo ridículo.
tres hermanos que encontramos era rápidos,tres hermanos que encontramos eran rápidos
Ézte ez mi extintor de fuegoz.,Éste es mi extintor de fuegos.
Y ultima palabra ke respiraran antes del final,Y la última palabra que respirarán antes del final
muchos cuadros que vimos ayer tiene dueño,muchos cuadros que vimos ayer tienen dueño
Ez que no puede zer azí.,Es que no puede ser así.
unas flores de mi tío es de mi hermano,unas flores de mi tío son de mi hermano
varias camisas tiene nombre,varias camisas tienen nombre
"Elloz eztarán, en el aeropuerto.","Ellos estarán, en el aeropuerto."
varios zapatos de mi tío fue muy bonitos,varios zapatos de mi tío fueron muy bonitos
Fue mi dezeo. Todo lo que diga oy tiene que zer berdad.,Fue mi deseo. Todo lo que diga hoy tiene que ser verdad.
# tuyo es uno que no dejaré ir #,# El tuyo es uno que no dejaré ir #
Eze ez todo el zentido del cielo.,Ese es todo el sentido del cielo.
"Bien, yo lo hare.","Bien, yo lo haré."
La Primera Comizión aprobó el proyecto de rezolución II zin proceder a botación.,La Primera Comisión aprobó el proyecto de resolución II sin proceder a votación.
"No, no es lo ke soy, es lo ke hago.","No, no es lo que soy, es lo que hago."
esos niños de mi tío fue pequeños,esos niños de mi tío fueron pequeños
unas vecinas de la casa fue muy bonitas,unas vecinas de la casa fueron muy bonitas
los zapatos que compré era buenos,los zapatos que compré eran buenos
ahí algunos sitios para descansar allá por Paris Road.,Hay algunos sitios para descansar allá por Paris Road.
varias ventanas fue nuevas,varias ventanas fueron nuevas
muchas chicas de mi tío fue muy grandes,muchas chicas de mi tío fueron muy grandes
Los plenos poderes es distintos de las credenciales.,Los plenos poderes son distintos de las credenciales.
estos zapatos que vi tiene dueño,estos zapatos que vi tienen dueño
tres zapatos que encontramos fue muy grandes,tres zapatos que encontramos fueron muy grandes
Las essuelas publisas no son saldo de sultivo para gays.,Las escuelas públicas no son caldo de cultivo para gays.
Dejame manejar ezto.,Dejame manejar esto.
"Los ríos, aguas, las montañas...","Los ríos, las aguas, las montañas..."
estos regalos que tenía era enormes,estos regalos que tenía eran enormes
los perros de mi tío fue míos,los perros de mi tío fueron míos
Puedes vivir en mi sasa.,Puedes vivir en mi casa.
Estaba tan asustada ke no me sonries.,Estaba tan asustada que no me sonríes.
esos vecinos de mi tío es importantes,esos vecinos de mi tío son importantes
tres jugadores que vimos ayer fue muy grandes,tres jugadores que vimos ayer fueron muy grandes
estas manzanas que vimos ayer es muy útiles,estas manzanas que vimos ayer son muy útiles
REPÚBLICA ISLÁMICA IRÁN∗ Y MÉXICO: PROYECTO DE RESOLUCIÓN REVISADO,REPÚBLICA ISLÁMICA DEL IRÁN∗ Y MÉXICO: PROYECTO DE RESOLUCIÓN REVISADO
Soy hombre-orquesta.,Soy un hombre-orquesta.
- Prácticamente me dijo que era demaziado tonto para eztar en ezte programa.,- Prácticamente me dijo que era demasiado tonto para estar en este programa.
-No zuena tan mal.,-No suena tan mal.
Hay que ir con laz autoridadez.,Hay que ir con las autoridades.
Nunsa pense ke empeoraria tanto.,Nunca pensé que empeoraría tanto.
"Tu sonoses a ese shiso, Jogindar.","Tú conoces a ese chico, Jogindar."
"Sabez, Yo ice la oferta premiada en la zubazta para una llamada de la caza.","Sabes, Yo hice la oferta premiada en la subasta para una llamada de la casa."
muchos gatos de mi tío era rápidos,muchos gatos de mi tío eran rápidos
Ezcribir poezía.,Escribir poesía.
"- Habitasiones, en plural.","- Habitaciones, en plural."
unos jugadores de mi tío estaba sucios,unos jugadores de mi tío estaban sucios
estas sillas que estaban ahí tiene nombre,estas sillas que estaban ahí tienen nombre
Y te citarán en el centro para adolezcentez zeropozitiboz.,Y te citarán en el centro para adolescentes seropositivos.
Entrando en ala deresha.,Entrando en el ala derecha.
¡Cualquier coza!,¡Cualquier cosa!
las ventanas que compré es de mi hermano,las ventanas que compré son de mi hermano
¿Por ke dise eso?,¿Por qué dice eso?
unas amigas que estaban ahí estaba cansadas,unas amigas que estaban ahí estaban cansadas
¿A quién no le ba a guztar ezo?,¿A quién no le va a gustar eso?
Eztá diztraída.,Está distraída.
"Uno de ganadores fue Milton Berle, ke entonses tenia 6 años.","Uno de los ganadores fue Milton Berle, que entonces tenía 6 años."
Crear bida ez mejor para eztar bibo.,Crear vida es mejor para estar vivo.
unos coches que estaban ahí era antiguos,unos coches que estaban ahí eran antiguos
-Pero estoy seguro de ke eya estara bien.,-Pero estoy seguro de que ella estará bien.
esos árboles de mi tío era divertidos,esos árboles de mi tío eran divertidos
Sí. ¿Vizte la cara de Rut cuando lo bio?,Sí. ¿Viste la cara de Ruth cuando lo vio?
- Nos gustaria demandarlos.,- Nos gustaría demandarlos.
los chicos del parque estaba listos,los chicos del parque estaban listos
- ¿Es contacto?,- ¿Es el contacto?
unas flores que vi era buenas,unas flores que vi eran buenas
"Sí, él cree que ez ora de cambiar... y yo también.","Sí, él cree que es hora de cambiar... y yo también."
muchos jugadores que estaban ahí tiene hambre,muchos jugadores que estaban ahí tienen hambre
muchos juguetes que vi es de mi hermano,muchos juguetes que vi son de mi hermano
Cuando abrí la maleta y bi la fotografía... no quería que el padre zufriera.,Cuando abrí la maleta y vi la fotografía... no quería que el padre sufriera.
"Perfilez acabadoz o conformadoz en frío, de acero aleado, excepto inoxidable","Perfiles acabados o conformados en frío, de acero aleado, excepto inoxidable"
"- Hasta la proxima, hermano.","- Hasta la próxima, hermano."
Me pareció muy dibertida.,Me pareció muy divertida.
- Ezto ez azombrozo.,- Esto es asombroso.
"- espectáculo ha llegado, nena.","- El espectáculo ha llegado, nena."
¿Ezto ez en Londrez?,¿Esto es en Londres?
las plantas que compré es de mi hermano,las plantas que compré son de mi hermano
- Tienes sus hueyas en la sara...,- Tienes sus huellas en la cara...
"En retrospestiva, supongo ke deprimida.","En retrospectiva, supongo que deprimida."
¡Debe de zer un tio duro!,¡Debe de ser un tio duro!
esos cuadros tiene precio,esos cuadros tienen precio
es los negocios.,Son los negocios.
Los doctores dijo que ella no podía tener el bebé.,Los doctores dijeron que ella no podía tener el bebé.
"La resistencia pulmonar se estabilizó en ambos niños, pero presión--","La resistencia pulmonar se estabilizó en ambos niños, pero la presión--"
tres plantas que encontramos estaba listas,tres plantas que encontramos estaban listas
dos hermanos de la casa estaba sucios,dos hermanos de la casa estaban sucios
Robaron un paquete cerrado de la AFA de mi caza.,Robaron un paquete cerrado de la AFA de mi casa.
Cad me llamó puta.,Chad me llamó puta.
estos juguetes que había ahí estaba rotos,estos juguetes que había ahí estaban rotos
Esto es el fin de mi sarrera.,Esto es el fin de mi carrera.
muchas profesoras de mi tío fue muy grandes,muchas profesoras de mi tío fueron muy grandes
Es una situasion de sonfusion O de sonfabulasion,Es una situación de confusión O de confabulación
unos amigos que vimos ayer era enormes,unos amigos que vimos ayer eran enormes
Eya no kiere verte.,Ella no quiere verte.
Creo que hemos alcanzado vaso sanguíneo.,Creo que hemos alcanzado un vaso sanguíneo.
estas chicas que vimos ayer era buenas,estas chicas que vimos ayer eran buenas
"Si me das 2.000 liras, Te hago un sarne del partido.","Si me das 2.000 liras, Te hago un carné del partido."
esos vecinos que vimos ayer fue míos,esos vecinos que vimos ayer fueron míos
¡No te importa patrimonio ke sompraria todo Barstow!,¡No te importa un patrimonio que compraría todo Barstow!
Loz territorioz de Delta Crew y loz 1-1-3 eztán pegadoz.,Los territorios de Delta Crew y los 1-1-3 están pegados.
"""Explorando forma femenina"".","""Explorando la forma femenina""."
unas historias que me diste tiene nombre,unas historias que me diste tienen nombre
Vamos. Atadle pies primero.,Vamos. Atadle los pies primero.
varios cuadros que llegaron era buenos,varios cuadros que llegaron eran buenos
"- ¡No, dejala en paz!","- ¡No, déjala en paz!"
Ez parecido a cuando éramoz niñoz.,Es parecido a cuando éramos niños.
varios gatos de mi tío era rápidos,varios gatos de mi tío eran rápidos
"¡Vamoz, bayámonoz!","¡Vamos, vayámonos!"
Sombrillaz y tumbonaz en la pizcina y laz terrazaz (de forma gratuita),Sombrillas y tumbonas en la piscina y las terrazas (de forma gratuita)
Oímoz cuando pazó.,Oímos cuando pasó.
los chicos que había ahí era buenos,los chicos que había ahí eran buenos
las sillas tiene precio,las sillas tienen precio
muchas niñas que estaban ahí estaba cansadas,muchas niñas que estaban ahí estaban cansadas
Tomadlo en zerio.,Tomadlo en serio.
Nunca hubo test de Clon Comando.,Nunca hubo un test de Clon Comando.
Eztáz informada aora.,Estás informada ahora.
varias sillas que encontramos estaba mojadas,varias sillas que encontramos estaban mojadas
¡Le dieron a Sáncez!,¡Le dieron a Sánchez!
Yo penzaba porque tenía una granja ...,Yo pensaba porque tenía una granja ...
Me pones nostálgica por viejo hospital.,Me pones nostálgica por el viejo hospital.
Y ke tal jenna?,Y que tal jenna?
- ¿Un telefono selular?,- ¿Un teléfono celular?
esos juguetes que compré es de mi hermano,esos juguetes que compré son de mi hermano
Tenemoz que dirigirnoz al norte.,Tenemos que dirigirnos al norte.
¡No te aposte sinso dolares!,¡No te aposté cinco dólares!
Para conocer zu contacto regional por fabor pincar aquí.,Para conocer su contacto regional por favor pinchar aquí.
unas casas que vi tiene precio,unas casas que vi tienen precio
"Tu me sonoses, soy una persona de mente abierta.","Tú me conoces, soy una persona de mente abierta."
las canciones que vi es de mi hermano,las canciones que vi son de mi hermano
No voy a sanselar entrevistas ke me kedan.,No voy a cancelar las entrevistas que me quedan.
Estas quejas llegó hoy.,Estas quejas llegaron hoy.
estas ventanas que compré es de mi hermano,estas ventanas que compré son de mi hermano
Sientate y dejame manejar esto.,Siéntate y déjame manejar esto.
"El Príncipe zólo puede eztar zeguro aquí, cuando ay otro Príncipe allí.","El Príncipe sólo puede estar seguro aquí, cuando hay otro Príncipe allí."
¿Tiene trez ermanaz?,¿Tiene tres hermanas?
Me van altas.,Me van las altas.
"Sabez, dezde que tubimoz eza pequeña carla ayer, e eztado penzando.","Sabes, desde que tuvimos esa pequeña charla ayer, he estado pensando."
"Despues de sierto punto, somo ke has visto todo...","Después de un cierto punto, como que has visto todo..."
"Referencia (nombre, correo electrónico, en lo pozible).","Referencia (nombre, correo electrónico, en lo posible)."
La inbazion... era mentira.,La invasion... era mentira.
los árboles que estaban ahí es de madera,los árboles que estaban ahí son de madera
varios coches que encontramos estaba listos,varios coches que encontramos estaban listos
Por ezte motibo lez pido que boten en contra de loz puntoz 40 y 41 del informe.,Por este motivo les pido que voten en contra de los puntos 40 y 41 del informe.
"Eso no fue sosa tuya, ¿no?","Eso no fue cosa tuya, ¿no?"
- ¿De qué eztáz ablando?,- ¿De qué estás hablando?
Quieren zaber quién conocía de Hank.,Quieren saber quién conocía de Hank.
los árboles que me diste tiene precio,los árboles que me diste tienen precio
¿Cómo está los negocios de la familia?,¿Cómo están los negocios de la familia?
Los picos de calor puede llegar a superar los 35º c.,Los picos de calor pueden llegar a superar los 35º c.
Asunto: Representante de la Comision en los Territorios Osupados,Asunto: Representante de la Comisión en los Territorios Ocupados
los juguetes que vi es muy útiles,los juguetes que vi son muy útiles
¿Quieres yegar a algo?,¿Quieres llegar a algo?
La Interpol buzca a ezte zujeto.,La Interpol busca a este sujeto.
Anita eztubo arriba.,Anita estuvo arriba.
"¡Cicoz, zilencio!","¡Chicos, silencio!"
"ahí balas junto a la puerta, llévate muchas.","Hay balas junto a la puerta, llévate muchas."
- ¿Ezo no te molezta?,- ¿Eso no te molesta?
Vaz a jugar al ajedrez.,Vas a jugar al ajedrez.
Quizáz podríamoz almorzar juntoz uno de eztoz díaz para conberzar.,Quizás podríamos almorzar juntos uno de estos días para conversar.
"Si empieza a llorar, zolo, tu zabez...","Si empieza a llorar, solo, tu sabes..."
Lo tomaré tal como eztá.,Lo tomaré tal como está.
varias casas que tenía era buenas,varias casas que tenía eran buenas
estas flores es muy útiles,estas flores son muy útiles
esas flores que tenía es de mi hermano,esas flores que tenía son de mi hermano
"Si algo ba mal, todo depende de ti, Marta.","Si algo va mal, todo depende de ti, Martha."
"Tenemoz que interrogarlo, ya lo zabez.","Tenemos que interrogarlo, ya lo sabes."
¿Quierez que me entregue a la Iglezia?,¿Quieres que me entregue a la Iglesia?
Hare ke todo kede slaro para usted en este asunto.,Haré que todo quede claro para usted en éste asunto.
dos pájaros que vimos ayer tiene nombre,dos pájaros que vimos ayer tienen nombre
Aora ez zu turno.,Ahora es su turno.
Lo puedez acer en ezo.,Lo puedes hacer en eso.
Nombramientoz para llenar bacantez en órganoz zubzidiarioz y otroz nombramientoz,Nombramientos para llenar vacantes en órganos subsidiarios y otros nombramientos
esas canciones que estaban ahí es importantes,esas canciones que estaban ahí son importantes
Como he disho...,Como he dicho...
unas puertas que me diste estaba cerradas,unas puertas que me diste estaban cerradas
"Oye Wiyie, nunsa se sabe.","Oye Willie, nunca se sabe."
los chicos que encontramos tiene nombre,los chicos que encontramos tienen nombre
Puede eztar en cualquier parte.,Puede estar en cualquier parte.
¿La bizte irze?,¿La viste irse?
"- Mirale, tiene un sushiyo.","- Mírale, tiene un cuchillo."
¿Cómo va las náuseas?,¿Cómo van las náuseas?
dos mesas que me diste es importantes,dos mesas que me diste son importantes
Disen ke tu sangre salvo mi vida.,Dicen que tu sangre salvó mi vida.
» Migrantes dan la mano a sus somunidades (Siglo 21),» Migrantes dan la mano a sus comunidades (Siglo 21)
Dezpuéz ablamoz.,Después hablamos.
unos zapatos que compré era buenos,unos zapatos que compré eran buenos
- Esto es ridisulo.,- Esto es ridículo.
En una fiezta del departamento.,En una fiesta del departamento.
"¿Quién erez, el bendedor de eladoz?","¿Quién eres, el vendedor de helados?"
varias ventanas que vi fue geniales,varias ventanas que vi fueron geniales
esos regalos de la casa tiene dueño,esos regalos de la casa tienen dueño
"Un monton de tiempo para dormir son bala tursa en tu sabeza, hijo.","Un montón de tiempo para dormir con una bala turca en tu cabeza, hijo."
varias manzanas que estaban ahí es de mi hermano,varias manzanas que estaban ahí son de mi hermano
"Muy bien, agamoz la lizta.","Muy bien, hagamos la lista."
dos chicos que encontramos era buenos,dos chicos que encontramos eran buenos
unos coches de mi tío era divertidos,unos coches de mi tío eran divertidos
Debere usar piernas.,Deberé usar las piernas.
tres zapatos de la casa era divertidos,tres zapatos de la casa eran divertidos
varias historias que estaban ahí es importantes,varias historias que estaban ahí son importantes
varias profesoras de mi tío fue muy bonitas,varias profesoras de mi tío fueron muy bonitas
unos hermanos que estaban ahí estaba mojados,unos hermanos que estaban ahí estaban mojados
¿Que eztaz aciendo?,¿Que estas haciendo?
¿Entonces los primeros tres es qué?,¿Entonces los primeros tres son qué?
Damien es asesino y un vendedor de drogas.,Damien es un asesino y un vendedor de drogas.
Asuntos de organizasion y administrativos y otros asuntos,Asuntos de organización y administrativos y otros asuntos
Hablemos de relación con Jeff y Susan.,Hablemos de la relación con Jeff y Susan.
tres perros que había ahí estaba cansados,tres perros que había ahí estaban cansados
El de la Monisa Falsa,El de la Monica Falsa
"""Diario le veo jugar a cartas.","""Diario le veo jugar a las cartas."
No agaz bromaz en ezte momento.,No hagas bromas en este momento.
"¡Salud, por la bida!","¡Salud, por la vida!"
"O, mi querido... nunca te dejare.","Oh, mi querido... nunca te dejare."
¿Ud. llama esto juicio? .,¿Ud. llama esto un juicio? .
Loz miembroz del Conzejo tomaron nota de la decizión que figuraba en zu carta.,Los miembros del Consejo tomaron nota de la decisión que figuraba en su carta.
tres juguetes que compré tiene dueño,tres juguetes que compré tienen dueño
"Mar, luz, berde, zol.","Mar, luz, verde, sol."
- Ezto ez diferente.,- Esto es diferente.
"La renta per sapita para la losalidad era de $19,934.","La renta per cápita para la localidad era de $19,934."
Solia haser eso suando era joven.,Solía hacer eso cuando era joven.
¿Y por qué querrían máz?,¿Y por qué querrían más?
esos cuadros que vi tiene nombre,esos cuadros que vi tienen nombre
El Sr. Frank eztá muerto.,El Sr. Frank está muerto.
tres vecinas de mi tío tiene hambre,tres vecinas de mi tío tienen hambre
dos pájaros que vi es de mi hermano,dos pájaros que vi son de mi hermano
El feto medía 19 milímetroz.,El feto medía 19 milímetros.
las casas que vi tiene precio,las casas que vi tienen precio
tres manzanas era buenas,tres manzanas eran buenas
muchas montañas que llegaron fue geniales,muchas montañas que llegaron fueron geniales
tres cuadros de la casa es de mi hermano,tres cuadros de la casa son de mi hermano
", ¿Una oja para afeitar?",", ¿Una hoja para afeitar?"
Para ke vea ke no se puede sonfiar en ningun sabo.,Para que vea que no se puede confiar en ningún cabo.
muchas chicas que vimos ayer tiene nombre,muchas chicas que vimos ayer tienen nombre
Video juego de La Mejor Película Jamáz Vendida.,Video juego de La Mejor Película Jamás Vendida.
A frutas Para absolutos,A las frutas Para absolutos
"- Bien, pintoresco.","- Bien, el pintoresco."
medroxiprogezterona,medroxiprogesterona
Se deslara abierta sesion a las 15.25 horas.,Se declara abierta la sesión a las 15.25 horas.
¿Ezo ez lo que creez?,¿Eso es lo que crees?
estos pájaros de la casa fue pequeños,estos pájaros de la casa fueron pequeños
"Tienes razon, es buena pista, y nesesito salir de aki.","Tienes razón, es una buena pista, y necesito salir de aquí."
Obike Fixx! Nunca abría penzado que te bería en unoz profezionalez.,Obike Fixx! Nunca habría pensado que te vería en unos profesionales.
unos amigos que encontramos es de mi hermano,unos amigos que encontramos son de mi hermano
tres camisas que encontramos fue caras,tres camisas que encontramos fueron caras
"Me ensantaria sontratarte, pero no puedo.","Me encantaría contratarte, pero no puedo."
"Kennedy Gable puede identificar a la atacante, zólo que no lo zabe.","Kennedy Gable puede identificar a la atacante, sólo que no lo sabe."
- ¿Como cualez?,- ¿Como cuales?
dos ventanas era buenas,dos ventanas eran buenas
kizas te odia menos de Io ke odia a todos demas.,quizás te odia menos de Io que odia a todos los demás.
El somandante fue asesinado son un veneno yamado Oleandrina Glisosido Hepatiso.,El comandante fue asesinado con un veneno llamado Oleandrina Glicósido Hepático.
muchas vecinas que estaban ahí estaba cansadas,muchas vecinas que estaban ahí estaban cansadas
La salsa estaba exselente.,La salsa estaba excelente.
dos zapatos de la casa era divertidos,dos zapatos de la casa eran divertidos
Notisias del Sur,Noticias del Sur
¿Por ke no desempasas? Yo tengo ke seguir son lo mio.,¿Por qué no desempacas? Yo tengo que seguir con lo mío.
Podria perder mi lisensia para vender alsohol.,Podría perder mi licencia para vender alcohol.
- ¿El ez tu amigo?,- ¿El es tu amigo?
"¿Qué bizión tienez del primer mez de Didier Dezcampz al frente de loz ""bleuz""?","¿Qué visión tienes del primer mes de Didier Deschamps al frente de los ""bleus""?"
tres profesoras de la casa fue muy bonitas,tres profesoras de la casa fueron muy bonitas
unos árboles de mi tío es muy útiles,unos árboles de mi tío son muy útiles
- ¿Ha benido el propietario de bizita?,- ¿Ha venido el propietario de visita?
"Lord Grantham, Sr. Branson, el tiempo se esta asabando.","Lord Grantham, Sr. Branson, el tiempo se está acabando."
dos gallinas que vi estaba listas,dos gallinas que vi estaban listas
No ze roba mi...,No se roba mi...
Había alguna manera de qué pudieran uzar nueztro código fuente contra nozotroz?,Había alguna manera de qué pudieran usar nuestro código fuente contra nosotros?
O ola. ¿puedo ablar con Hilda porfabor?,Oh hola. ¿puedo hablar con Hilda porfavor?
unas canciones que estaban ahí tiene nombre,unas canciones que estaban ahí tienen nombre
muchos cuadros que encontramos estaba listos,muchos cuadros que encontramos estaban listos
estas casas que llegaron era buenas,estas casas que llegaron eran buenas
"Entoncez, zon biejaz.","Entonces, son viejas."
¿Entoncez por qué cambiarlo?,¿Entonces por qué cambiarlo?
- No pero zu padre lo izo.,- No pero su padre lo hizo.
Ya se ke dije ke te dejaria libre.,Ya sé que dije que te dejaría libre.
esos cuadros que me diste fue míos,esos cuadros que me diste fueron míos
megagramo; megagramoz; Mgamount in unitz (real),megagramo; megagramos; Mgamount in units (real)
Esto formaba parte de la ofensiva del gobierno sontra los subversivos.,Esto formaba parte de la ofensiva del gobierno contra los subversivos.
Iran a la slinisa en la ambulansia.,Irán a la clínica en la ambulancia.
"No, no tienes nada ke haser.","No, no tienes nada que hacer."
"""Riggs, tienes ke ensontrar felisidad.","""Riggs, tienes que encontrar la felicidad."
Tiene a Frank Wilson por espesie de heroe.,Tiene a Frank Wilson por una especie de héroe.
"Vinsent, ¿estas bien?","Vincent, ¿estás bien?"
"Puede ke sean estupidos, pero hisieron muy buen trabajo.","Puede que sean estúpidos, pero hicieron un muy buen trabajo."
"El toro esta poso sansado, ¿eh?","El toro está un poco cansado, ¿eh?"
los chicos que llegaron es de mi hermano,los chicos que llegaron son de mi hermano
Podría acabar con el azeo y traerme delantalez limpioz para mí y... ben aquí.,Podría acabar con el aseo y traerme delantales limpios para mí y... ven aquí.
"Kristin... no era unisa yorando, entonses... ¿Que?","Kristin... no era la única llorando, entonces... ¿Qué?"
Deja el cézped muy alto Como zi no lo cortara.,Deja el césped muy alto Como si no lo cortara.
La policía encontró zu cadáber trez díaz dezpuéz.,La policía encontró su cadáver tres días después.
estos amigos estaba listos,estos amigos estaban listos
"Pero, ¿debo entender ke tu pueblo no esta interesado?","Pero, ¿debo entender que tu pueblo no está interesado?"
Pazame eze numero de Te Cuztom Cufflinkz.,Pasame ese numero de The Custom Cufflinks.
No esta slaro por ke fue asesinada y ke hasia son la foto de mi hijo.,No está claro por qué fue asesinada y que hacía con la foto de mi hijo.
Dependensia Comun de Inspession,Dependencia Común de Inspección
estos zapatos que estaban ahí es muy útiles,estos zapatos que estaban ahí son muy útiles
Sera aplisable a partir del 1 de junio de 2007.,Será aplicable a partir del 1 de junio de 2007.
varios coches que vi fue nuevos,varios coches que vi fueron nuevos
estos gatos que encontramos estaba listos,estos gatos que encontramos estaban listos
"- Claro, ya me encargo yo mizmo.","- Claro, ya me encargo yo mismo."
estos perros que estaban ahí tiene dueño,estos perros que estaban ahí tienen dueño
tres flores de la casa tiene precio,tres flores de la casa tienen precio
esas amigas que había ahí tiene nombre,esas amigas que había ahí tienen nombre
100 mil euroz por mez azta que mi dinero ze acabe.,100 mil euros por mes hasta que mi dinero se acabe.
- Nunca creeráz lo que acaba de decirme ezta clienta. - Ezpera.,- Nunca creerás lo que acaba de decirme esta clienta. - Espera.
"Tal vez su asosiado, el padre Mulsahy de ""Mash"", kisiera ayudarlo.","Tal vez su asociado, el padre Mulcahy de ""Mash"", quisiera ayudarlo."
No debiste haberme sontradisho.,No debiste haberme contradicho.
Que patruya de vigilansia lo siga.,Que una patrulla de vigilancia lo siga.
"Bien, ¿zabez qué?","Bien, ¿sabes qué?"
tres mesas que llegaron era divertidas,tres mesas que llegaron eran divertidas
¿Que srees ke hases?,¿Qué crees que haces?
"No, sólo les estoy tomando pelo.","No, sólo les estoy tomando el pelo."
los gatos era enormes,los gatos eran enormes
esas camisas que había ahí fue muy bonitas,esas camisas que había ahí fueron muy bonitas
El cambio político más significativo ocurrió en norte del país.,El cambio político más significativo ocurrió en el norte del país.
Penzé que... - ¿Ya terminó el informe?,Pensé que... - ¿Ya terminó el informe?
tres flores que vi estaba rotas,tres flores que vi estaban rotas
dos árboles que me diste fue geniales,dos árboles que me diste fueron geniales
¿Qué cree que eztoy aciendo?,¿Qué cree que estoy haciendo?
Traspasaron ultima barrera.,Traspasaron la ultima barrera.
"- Mira ese, ke bien baila.","- Mira ése, qué bien baila."
"En una palabra, todo el sielo paresia en sonmosion . . .","En una palabra, todo el cielo parecía en conmoción . . ."
Del total de la poblasion el 2.55% eran hispanos o latinos de sualkier raza.,Del total de la población el 2.55% eran hispanos o latinos de cualquier raza.
Voy a ir tras el.,Voy a ir tras él.
"- Por fabor, ¡no beaz ezo!","- Por favor, ¡no veas eso!"
"- Cuentame, ¿ke ha pasado?","- Cuéntame, ¿qué ha pasado?"
“Todas las cosas es buenas para un hombre joven excepto mandar.”,“Todas las cosas son buenas para un hombre joven excepto mandar.”
"Homilia del domingo, 6º domingo del año, 15 de febrero , 2015","Homilía del domingo, 6º domingo del año, 15 de febrero , 2015"
Acabo de bolber Pero mantener el perímetro,Acabo de volver Pero mantener el perímetro
- Buenaz conztantez.,- Buenas constantes.
varios árboles que estaban ahí fue nuevos,varios árboles que estaban ahí fueron nuevos
Tal bez ezo ez lo que zucede con la memoria. Recuerdaz...,Tal vez eso es lo que sucede con la memoria. Recuerdas...
las historias de la casa tiene nombre,las historias de la casa tienen nombre
varios zapatos estaba sucios,varios zapatos estaban sucios
unos autos que encontramos es importantes,unos autos que encontramos son importantes
"Bueno, no lo fuimoz.","Bueno, no lo fuimos."
¿Adonde desaparesiste anoshe?,¿Adónde desapareciste anoche?
Tú eres que lo terminó.,Tú eres la que lo terminó.
"Aora zalgo, eztoy en caza de un amigo.","Ahora salgo, estoy en casa de un amigo."
estos árboles que había ahí era buenos,estos árboles que había ahí eran buenos
"Si no ez tuyo, no lo codiciez.","Si no es tuyo, no lo codicies."
muchas manzanas que había ahí estaba sucias,muchas manzanas que había ahí estaban sucias
"Nueba York, 10 a 21 de mayo de 2004","Nueva York, 10 a 21 de mayo de 2004"
NoboMix 50 FlexPen,NovoMix 50 FlexPen
Yo la espero aki.,Yo la espero aquí.
muchas historias que me diste fue mías,muchas historias que me diste fueron mías
Asabo de resibir un reporte Comite de Control.,Acabo de recibir un reporte del Comité de Control.
muchas profesoras que llegaron fue pequeñas,muchas profesoras que llegaron fueron pequeñas
Seras una gran mujer.,Serás una gran mujer.
Dale un garrotazo y sasate son eya mientras esta insonssiente.,Dale un garrotazo y cásate con ella mientras está inconsciente.
"¿Viste ke rapido yego Biyy Murphy sorredor, Tom?","¿Viste qué rápido llegó Billy Murphy al corredor, Tom?"
Realmente me guztan eztoz doz.,Realmente me gustan estos dos.
Mucoz paízez en dezarrollo dependen también en gran medida de laz remezaz.,Muchos países en desarrollo dependen también en gran medida de las remesas.
¿Delante de tu zegundo ijo genitalmente mutilado?,¿Delante de tu segundo hijo genitalmente mutilado?
Pero ezto ez todo lo que realmente queríamoz.,Pero esto es todo lo que realmente queríamos.
tres cuadros que encontramos es importantes,tres cuadros que encontramos son importantes
aprobados desde adopción del Convenio de Estocolmo en mayo de 2001,aprobados desde la adopción del Convenio de Estocolmo en mayo de 2001
esas puertas tiene precio,esas puertas tienen precio
"Bueno, vamos a hablar son el prinsipe.","Bueno, vamos a hablar con el príncipe."
Pero uno de ezoz podria ayudar a extender eze tiempo,Pero uno de esos podria ayudar a extender ese tiempo
"Lo siento, pero eya se desperto y paresia somo si os bussara.","Lo siento, pero ella se despertó y parecía como si os buscara."
los zapatos de mi tío estaba listos,los zapatos de mi tío estaban listos
El heroe «Guieroï» es nesesariamente un lushador antifassista.,El héroe «Guieroï» es necesariamente un luchador antifascista.
"Si te sonozso de manera ke sreo, te va a ensantar aun mas.","Si te conozco de la manera que creo, te va a encantar aún más."
Oldfield aterra a gente.,Oldfield aterra a la gente.
¿Qué? ¿te eztáz riendo?,¿Qué? ¿te estás riendo?
"Lo que zignifica ""azme una oferta mejor"".","Lo que significa ""hazme una oferta mejor""."
¡Es putrefassion del mundo!,¡Es la putrefacción del mundo!
Lamento musho lo ke osurrio fuera del hospital.,Lamento mucho lo que ocurrió fuera del hospital.
los árboles que llegaron tiene precio,los árboles que llegaron tienen precio
tres coches que llegaron era enormes,tres coches que llegaron eran enormes
"Pero luego, de repente... ¡Me di suenta de lo estupido...","Pero luego, de repente... ¡Me di cuenta de lo estúpido..."
Di ke aun te importa.,Di que aún te importa.
"No es un farol, entonses.","No es un farol, entonces."
Cuanto epoxi nesesito para sonstrussion?,Cuanto epoxi necesito para la construcción?
No essushe nada de lo ke eya tiene ke desir!,No escuche nada de lo que ella tiene que decir!
"Mushas grasias, su señoria.","Muchas gracias, su señoría."
esos cuadros que tenía tiene nombre,esos cuadros que tenía tienen nombre
Puedo ir de vasasiones a Thailandia son mi mujer sin preosuparme.,Puedo ir de vacaciones a Thailandia con mi mujer sin preocuparme.
Ezte ez zu décimo cumpleañoz.,Este es su décimo cumpleaños.
"Bien, Eya estara ayi.","Bien, Ella estará allí."
varias casas que había ahí es muy útiles,varias casas que había ahí son muy útiles
dos gallinas que encontramos fue mías,dos gallinas que encontramos fueron mías
"Pero, ¿y zu barco?","Pero, ¿y su barco?"
esas sillas de la casa fue mías,esas sillas de la casa fueron mías
Debemoz eztructurar.,Debemos estructurar.
- Llama a la polisia.,- Llama a la policía.
¡Que extraordinario.,¡Qué extraordinario.
estas ventanas del parque es importantes,estas ventanas del parque son importantes
¿Les va mal a los Expos de Montreal en base de bateo?,¿Les va mal a los Expos de Montreal en la base de bateo?
muchos zapatos que tenía fue muy grandes,muchos zapatos que tenía fueron muy grandes
muchas camisas que vi estaba sucias,muchas camisas que vi estaban sucias
esas plantas que vi estaba rotas,esas plantas que vi estaban rotas
- No e benido por ezo.,- No he venido por eso.
¿Qué quierez que aga?,¿Qué quieres que haga?
dos sillas del parque fue caras,dos sillas del parque fueron caras
las casas que llegaron es de mi hermano,las casas que llegaron son de mi hermano
"Una, doz y trez.","Una, dos y tres."
tres niñas que había ahí estaba mojadas,tres niñas que había ahí estaban mojadas
Para sentirlo o para morir por el.,Para sentirlo o para morir por él.
¿Te supone algun problema?,¿Te supone algún problema?
estas historias que estaban ahí estaba cerradas,estas historias que estaban ahí estaban cerradas
esas puertas de mi tío es de mi hermano,esas puertas de mi tío son de mi hermano
Linea son exterior.,Línea con el exterior.
tres vecinas que encontramos fue muy grandes,tres vecinas que encontramos fueron muy grandes
esos jugadores de mi tío es importantes,esos jugadores de mi tío son importantes
Gourmania juegos tienen periodo de prueba gratuita.,Gourmania juegos tienen un período de prueba gratuita.
"¡Vasa estupida, ven aki!","¡Vaca estúpida, ven aquí!"
- No debieraz ir afuera.,- No debieras ir afuera.
Guardarropaz para delegadoz,Guardarropas para delegados
No le di importansia.,No le di importancia.
- Voy a bomitar.,- Voy a vomitar.
Ebacúen eza zección o zu nabe zerá comprometida.,Evacúen esa sección o su nave será comprometida.
"No aseptes no por respuesta"".","No aceptes un no por respuesta""."
Fozter eztá laztimado y zale cojeando del campo. Danny.,Foster está lastimado y sale cojeando del campo. Danny.
- Si. Matar es homisidio o asesinato.,- Sí. Matar es homicidio o asesinato.
Sabe muy bien kien lo ha hesho.,Sabe muy bien quien lo ha hecho.
estas canciones que encontramos fue azules,estas canciones que encontramos fueron azules
- Esa no es la suestion.,- Esa no es la cuestión.
Él ze ba lejoz por muco tiempo.,Él se va lejos por mucho tiempo.
estas vecinas que llegaron tiene nombre,estas vecinas que llegaron tienen nombre
tres camisas que llegaron tiene nombre,tres camisas que llegaron tienen nombre
muchos niños de mi tío tiene nombre,muchos niños de mi tío tienen nombre
"Ninguna de nozotraz eztubo aquí antez, amor.","Ninguna de nosotras estuvo aquí antes, amor."
las camisas que compré tiene precio,las camisas que compré tienen precio
estas profesoras que estaban ahí tiene nombre,estas profesoras que estaban ahí tienen nombre
- Se a zuzpendido lo de Singapur,- Se ha suspendido lo de Singapur
esas casas que vimos ayer fue muy grandes,esas casas que vimos ayer fueron muy grandes
"Hablame de tu familia de nuevo, somo son?","Hablame de tu familia de nuevo, cómo son?"
"Si, es natural, pero haga un esfuerzo.","Sí, es natural, pero haga un esfuerzo."
El sapitan tiene...,El capitán tiene...
- Perdon por interrumpir tu velada,- Perdón por interrumpir tu velada
"Hmm, vigilancias son brutales.","Hmm, las vigilancias son brutales."
Se ke es un hombre severo.,Sé que es un hombre severo.
"Yo estaba pensando en Hoyy Benson, la shisa ke essapo","Yo estaba pensando en Holly Benson, la chica que escapó"
¿Ez decepcionante que zea naranja?,¿Es decepcionante que sea naranja?
estos cuadros que había ahí fue muy bonitos,estos cuadros que había ahí fueron muy bonitos
"Aora tengo 40, ermano.","Ahora tengo 40, hermano."
Las estreyas estan briyando desde dentro de mi.,Las estrellas están brillando desde dentro de mí.
varios jugadores fue geniales,varios jugadores fueron geniales
Dioz me libre de loz demonioz.,Dios me libre de los demonios.
-¡Si! ¿Como lo sabes?,-¡Sí! ¿Cómo lo sabés?
dos zapatos que había ahí estaba cerrados,dos zapatos que había ahí estaban cerrados
esos cuadros que me diste estaba sucios,esos cuadros que me diste estaban sucios
"Y al igual que todoz loz zociópataz, carece completamente de empatía.","Y al igual que todos los sociópatas, carece completamente de empatía."
"Sí, pero, zi él decía que mi anillo era de cobre.","Sí, pero, si él decía que mi anillo era de cobre."
"Y uno, doz, trez.","Y uno, dos, tres."
- Estasion Don.,- Estación Don.
muchos coches que estaban ahí era antiguos,muchos coches que estaban ahí eran antiguos
dos perros de mi tío es importantes,dos perros de mi tío son importantes
"- Tus padres está divorciados, ¿verdad?","- Tus padres están divorciados, ¿verdad?"
"¿Que iba a desirte, ke me iba son Gian-Carlo?","¿Qué iba a decirte, que me iba con Gian-Carlo?"
¿Eztáz nerbioza?,¿Estás nerviosa?
"Dos, hasta tres diria yo.","Dos, hasta tres diría yo."
No lo entiendez.,No lo entiendes.
tres mesas que tenía tiene nombre,tres mesas que tenía tienen nombre
- Patrick Burnz. - Hola.,- Patrick Burns. - Hola.
"Bien, no zoy Grizzom.","Bien, no soy Grissom."
Zubrin actúa bloqueando laz enzimaz ciclooxigenaza-1 y ciclooxigenaza-2.,Zubrin actúa bloqueando las enzimas ciclooxigenasa-1 y ciclooxigenasa-2.
Para soltar bomba.,Para soltar la bomba.
Lo aré ¡Detente!,Lo haré ¡Detente!
"No digas, ¿ke opinan ahora de radio sountry?","No digas, ¿qué opinan ahora de la radio country?"
"kien a hierro mata, a hierro muere.","quien a hierro mata, a hierro muere."
varios jugadores que vimos ayer tiene nombre,varios jugadores que vimos ayer tienen nombre
Tal bez debaz dejar de comer cocolate.,Tal vez debas dejar de comer chocolate.
El ez el Dr. Wite.,El es el Dr. White.
"Brisk, ¿ke estas hasiendo ahi abajo?","Brick, ¿qué estás haciendo ahí abajo?"
Su mujer ze enteró.,Su mujer se enteró.
muchas flores de mi tío tiene nombre,muchas flores de mi tío tienen nombre
Un talento entre muchos en que te supero.,Un talento entre muchos en el que te supero.
dos hermanos de mi tío tiene dueño,dos hermanos de mi tío tienen dueño
unos autos que compré estaba mojados,unos autos que compré estaban mojados
"Dentro de la Casa Gotami, las hermosas plantas de interior ofresidas","Dentro de la Casa Gotami, las hermosas plantas de interior ofrecidas"
"Ellos no quiere ser ridículos, sino atractivos.","Ellos no quieren ser ridículos, sino atractivos."
La tesnologia para mandar respuestas en los blogs es viejisima.,La tecnología para mandar respuestas en los blogs es viejísima.
estos chicos que llegaron tiene hambre,estos chicos que llegaron tienen hambre
Para desposarla y asostarte son eya.,Para desposarla y acostarte con ella.
¿Cómo es sus ojos?,¿Cómo son sus ojos?
"- Adelánteze, madre.","- Adelántese, madre."
"Aprendizaje, perfeccionamiento y zerbicioz de recurzoz umanoz","Aprendizaje, perfeccionamiento y servicios de recursos humanos"
"Es barata, las vistas es magnificas, y las serbias están locas por la magia.","Es barata, las vistas son magnificas, y las serbias están locas por la magia."
"Pero, ¿somo sasaremos a Kamikaze de ayi?","Pero, ¿cómo sacaremos a Kamikaze de allí?"
Reuniremos beyas mujeres y haremos lo ke keramos.,Reuniremos bellas mujeres y haremos lo que queramos.
varias sillas que compré estaba mojadas,varias sillas que compré estaban mojadas
muchas puertas que compré estaba listas,muchas puertas que compré estaban listas
los jugadores de mi tío tiene hambre,los jugadores de mi tío tienen hambre
La banda acaba de conseguir un concierto en House of Blues.,La banda acaba de conseguir un concierto en el House of Blues.
Historia del arte sontemporaneo y movimientos artistisos,Historia del arte contemporáneo y movimientos artísticos
Ayer por la noshe te fuiste sin desir nada.,Ayer por la noche te fuiste sin decir nada.
¿Que estas bussando?,¿Qué estás buscando?
"No, kiero desir esto no esta funsionando.","No, quiero decir esto no está funcionando."
esas amigas que encontramos tiene nombre,esas amigas que encontramos tienen nombre
Estasionado justo...,Estacionado justo...
estas amigas que vimos ayer fue pequeñas,estas amigas que vimos ayer fueron pequeñas
Habia tantos idiotas,Había tantos idiotas
muchas casas que vi era antiguas,muchas casas que vi eran antiguas
La edad mínima legal para el matrimonio de ambos sexos son los 16 años de edad.,La edad mínima legal para el matrimonio de ambos sexos son los 16 años de edad.
Creo que ezo ez lo que eztá mal con mi bida.,Creo que eso es lo que está mal con mi vida.
"¡Como literatura, no mi bida!","¡Como literatura, no mi vida!"
esos árboles que había ahí estaba sucios,esos árboles que había ahí estaban sucios
"Este es ultimo regalo de amor, luego dejaremos de ser amigos.","Este es el último regalo de amor, luego dejaremos de ser amigos."
"La nobedad, ez la bizualización pública de dica cueztión.","La novedad, es la visualización pública de dicha cuestión."
tres vecinas que llegaron estaba sucias,tres vecinas que llegaron estaban sucias
La gente esta selebrando esta muerte somo si asabaramos de ganar la guerra.,La gente está celebrando esta muerte como si acabáramos de ganar la guerra.
La somida esta siendo rasionada.,La comida está siendo racionada.
- Todos saben ke estamos asabados.,- Todos saben que estamos acabados.
Hise lo ke me dijiste.,Hice lo que me dijiste.
¿Que diablos es eso?,¿Qué diablos es eso?
Una en estado normal y otra en estado psikiso.,Una en estado normal y otra en estado psíquico.
"Venga, por fabor.","Venga, por favor."
muchos profesores del parque es importantes,muchos profesores del parque son importantes
Enemigo a vista.,Enemigo a la vista.
las manzanas de mi tío era buenas,las manzanas de mi tío eran buenas
tres amigos de la casa tiene hambre,tres amigos de la casa tienen hambre
dos libros que tenía fue míos,dos libros que tenía fueron míos
Nunsa lo habia pensado.,Nunca lo había pensado.
Trastornos vassulares Trastornos de la sangre y del sistema linfatiso,Trastornos vasculares Trastornos de la sangre y del sistema linfático
¿Doblar a la izkierda?,¿Doblar a la izquierda?
"¡No, no, no! Yo tengo mi Dioz perzonal. (RIzaz)","¡No, no, no! Yo tengo mi Dios personal. (RIsas)"
"Buenaz nocez, Micelle.","Buenas noches, Michelle."
tres sillas que me diste fue azules,tres sillas que me diste fueron azules
Las mujeres debe...,Las mujeres deben...
unos perros del parque es de mi hermano,unos perros del parque son de mi hermano
tres coches de mi tío fue míos,tres coches de mi tío fueron míos
esas manzanas de la casa es de mi hermano,esas manzanas de la casa son de mi hermano
Realmente ni siquiera conoces.,Realmente ni siquiera la conoces.
Es solo ke me paresio extraño.,Es sólo que me pareció extraño.
Ezto ez general Guan Yu.,Esto es general Guan Yu.
A partir de 2010 ze azignaránen función del rendimiento de la inztitución.,A partir de 2010 se asignaránen función del rendimiento de la institución.
varias mesas que vi tiene nombre,varias mesas que vi tienen nombre
¿Azí que tienez miedo?,¿Así que tienes miedo?
unas manzanas que vimos ayer es importantes,unas manzanas que vimos ayer son importantes
No dejó que hiciéramos estudio.,No dejó que hiciéramos el estudio.
Conziderando que tú empezazte todo ezto.,Considerando que tú empezaste todo esto.
A estas alturas de historia es somo un suento de niños.,A estas alturas de la historia es como un cuento de niños.
las casas que llegaron tiene precio,las casas que llegaron tienen precio
¡Mas! ¡Mas dinero a repartir!,¡Más! ¡Más dinero a repartir!
"Ezpera, no me rezpondaz aora. Cuando bayaz a dormir, pienza en ello.","Espera, no me respondas ahora. Cuando vayas a dormir, piensa en ello."
Una... doz... ¡trez!,Una... dos... ¡tres!
- Tenemos programa en una hora.,- Tenemos un programa en una hora.
¿Por qué noz perzeguiría?,¿Por qué nos perseguiría?
unos gatos de mi tío era buenos,unos gatos de mi tío eran buenos
"No, no tu, no tu, no tu.","No, no tú, no tú, no tú."
"¡Rapido, rapido!","¡Rápido, rápido!"
muchos jugadores que vi tiene nombre,muchos jugadores que vi tienen nombre
Cuando los bebés está a salvo ella se asegura y se recupera milagrosamente.,Cuando los bebés están a salvo ella se asegura y se recupera milagrosamente.
Todoz ziempre lo ben mal.,Todos siempre lo ven mal.
"Y recuerde, zi ubieran zido inocentez, abrían reportado laz notaz de amenaza.","Y recuerde, si hubieran sido inocentes, habrían reportado las notas de amenaza."
Ezo no le importa.,Eso no le importa.
"Los bishos, hay montones de referensias de mitos.","Los bichos, hay montones de referencias de mitos."
¿Y nozotroz qué?,¿Y nosotros qué?
los gatos que vi era buenos,los gatos que vi eran buenos
muchos jugadores fue muy bonitos,muchos jugadores fueron muy bonitos
Deben ser problemas.,Deben ser los problemas.
los niños que había ahí tiene dueño,los niños que había ahí tienen dueño
"No ze puede ezperar todo de zí, donde ez que tiene algún zentido?","No se puede esperar todo de sí, donde es que tiene algún sentido?"
"Racel, eztamoz en caza!","Rachel, estamos en casa!"
esos regalos es de mi hermano,esos regalos son de mi hermano
Se tomo tarde libre.,Se tomó la tarde libre.
unos gatos que llegaron era enormes,unos gatos que llegaron eran enormes
No puedes taladrar aki.,No puedes taladrar aquí.
estos gatos que vi era rápidos,estos gatos que vi eran rápidos
- Pensé que era único.,- Pensé que era el único.
- No lo zientaz.,- No lo sientas.
- ¡Se esta ahogando!,- ¡Se está ahogando!
La mizma bieja iztoria.,La misma vieja historia.
12/12/2013 Investigasion judisial sobre puerto de Napoles,12/12/2013 Investigación judicial sobre el puerto de Nápoles
"Honorable Somcai,","Honorable Somchai,"
unos coches de la casa fue muy bonitos,unos coches de la casa fueron muy bonitos
unas casas de mi tío tiene precio,unas casas de mi tío tienen precio
"Si tienez algo que decir, zimplemente dilo.","Si tienes algo que decir, simplemente dilo."
varios niños del parque estaba sucios,varios niños del parque estaban sucios
varios árboles que encontramos es importantes,varios árboles que encontramos son importantes
"Entoncez ezte loco ze pone de pie y le grita, y le dice le dice, ""¿Cien?","Entonces este loco se pone de pie y le grita, y le dice le dice, ""¿Cien?"
muchas puertas que vimos ayer estaba rotas,muchas puertas que vimos ayer estaban rotas
unos cuadros que había ahí fue geniales,unos cuadros que había ahí fueron geniales
"- Ya te lo dije, ez zolo un razguño.","- Ya te lo dije, es solo un rasguño."
¡Muerdase lengua!,¡Muérdase la lengua!
esas niñas que vimos ayer fue muy grandes,esas niñas que vimos ayer fueron muy grandes
los coches de la casa tiene precio,los coches de la casa tienen precio
Y no habria gritado si me slavo.,Y no habría gritado si me la clavo.
"Tenzión ziztólica 9, pulzo 120, zaturación 89.","Tensión sistólica 9, pulso 120, saturación 89."
ciz-tricoz-9-eno,cis-tricos-9-eno
"¡Bazta, Lizette!","¡Basta, Lisette!"
¿Eso ke importa?,¿Eso qué importa?
¿Que rima son wombats?,¿Qué rima con wombats?
esos gatos de la casa era enormes,esos gatos de la casa eran enormes
muchas montañas que vi estaba rotas,muchas montañas que vi estaban rotas
unas manzanas que estaban ahí fue nuevas,unas manzanas que estaban ahí fueron nuevas
Tú puedez berlo.,Tú puedes verlo.
esos vecinos que llegaron estaba mojados,esos vecinos que llegaron estaban mojados
Coged zerbilletaz.,Coged servilletas.
muchos coches que llegaron estaba rotos,muchos coches que llegaron estaban rotos
Estableceremos enlace.,Estableceremos el enlace.
- Sabez que no necezitaz acer ezto. Tengo que...,- Sabes que no necesitas hacer esto. Tengo que...
dos casas que me diste es importantes,dos casas que me diste son importantes
estas chicas de la casa tiene nombre,estas chicas de la casa tienen nombre
¿No le estas dando de somer?,¿No le estás dando de comer?
Soy bueno ezcucando.,Soy bueno escuchando.
Sois una pareja ensantadora.,Sois una pareja encantadora.
los pájaros que llegaron era enormes,los pájaros que llegaron eran enormes
dos gallinas de mi tío era buenas,dos gallinas de mi tío eran buenas
¿Qué tal zi ze Io daz a Carrie?,¿Qué tal si se Io das a Carrie?
estos autos que vimos ayer fue muy grandes,estos autos que vimos ayer fueron muy grandes
unos árboles del parque era antiguos,unos árboles del parque eran antiguos
Se cazó con cuatro pizoz de ezcaleraz.,Se casó con cuatro pisos de escaleras.
¿Esta sersa el samino?,¿Está cerca el camino?
"Primero Estilo del Tigre, luego el Estilo de la Gruya.","Primero el Estilo del Tigre, luego el Estilo de la Grulla."
"- Muy bien, todo el mundo ponerze en forma.","- Muy bien, todo el mundo ponerse en forma."
- Eras una verdadera prinsesa?,- Eras una verdadera princesa?
"- Ez berdad, exizte el riezgo.","- Es verdad, existe el riesgo."
estos perros que vimos ayer era enormes,estos perros que vimos ayer eran enormes
muchas flores que vimos ayer era buenas,muchas flores que vimos ayer eran buenas
esos gatos de mi tío tiene nombre,esos gatos de mi tío tienen nombre
Manos a obra.,Manos a la obra.
Erez muy libiano.,Eres muy liviano.
unas sillas que tenía era divertidas,unas sillas que tenía eran divertidas
esos profesores que había ahí tiene dueño,esos profesores que había ahí tienen dueño
esos zapatos fue nuevos,esos zapatos fueron nuevos
"Pero, sariño, me ensanta.","Pero, cariño, me encanta."
La desilusion... y el aborresimiento ke resultan de todos estas sosas!,La desilusión... y el aborrecimiento que resultan de todos estas cosas!
¡No puedo desir eso! ¡Ud. puede!,¡No puedo decir eso! ¡Ud. puede!
Azí que... ¿no fue un rito?,Así que... ¿no fue un rito?
"Un poco zucio, pero bien.","Un poco sucio, pero bien."
Hare ke tengo un problema...,Haré que tengo un problema...
los gatos que estaban ahí tiene nombre,los gatos que estaban ahí tienen nombre
Hisimos bien suando pensamos en ke tomaras hierro.,Hicimos bien cuando pensamos en que tomaras hierro.
las chicas era buenas,las chicas eran buenas
unos gatos que llegaron tiene dueño,unos gatos que llegaron tienen dueño
"Hemos tenido sufisiente en tres meses, seis meses.","Hemos tenido suficiente en tres meses, seis meses."
Debería de a ver sido capaz de seguir el rastro de esto hasta ti.,Debería de haber sido capaz de seguir el rastro de esto hasta ti.
No pongas eso en mi essritorio,No pongas eso en mi escritorio
Iremos a agensia de modelos de Ana.,Iremos a la agencia de modelos de Ana.
muchas amigas que vimos ayer es de mi hermano,muchas amigas que vimos ayer son de mi hermano
Es una historia sobre Bien y el Mal.,Es una historia sobre el Bien y el Mal.
unas sillas que tenía fue azules,unas sillas que tenía fueron azules
unos hermanos que vi estaba listos,unos hermanos que vi estaban listos
Tengo manada de monos aquí.,Tengo una manada de monos aquí.
"No, me fui dereco al ozpital para ber a Billy.","No, me fui derecho al hospital para ver a Billy."
"Si, ayer hablaba de solonia.","Sí, ayer hablaba de colonia."
- Dostor Heinrish L Sshussendorf.,- Doctor Heinrich L Schussendorf.
"No, no lo eztoy aciendo.","No, no lo estoy haciendo."
estos cuadros del parque es de mi hermano,estos cuadros del parque son de mi hermano
No resuerdas alguien solarse en Mi habitasion justo antes?,No recuerdas alguien colarse en Mi habitación justo antes?
varias manzanas que vi era antiguas,varias manzanas que vi eran antiguas
El edificio fue derribado ace 20 añoz.,El edificio fue derribado hace 20 años.
dos mesas que me diste era enormes,dos mesas que me diste eran enormes
- ¿Cómo planeaz detenerla?,- ¿Cómo planeas detenerla?
"Organization Studiez , 25 (2), 261-286.","Organization Studies , 25 (2), 261-286."
las amigas que había ahí tiene dueño,las amigas que había ahí tienen dueño
- ¿Me dan una nabaja?,- ¿Me dan una navaja?
dos autos que vi fue míos,dos autos que vi fueron míos
¿Del lugar de gritos?,¿Del lugar de los gritos?
esas puertas que llegaron es muy útiles,esas puertas que llegaron son muy útiles
esos amigos que estaban ahí es de mi hermano,esos amigos que estaban ahí son de mi hermano
La encontré en el Muzeo Metropolitano de Arte en Nueba York.,La encontré en el Museo Metropolitano de Arte en Nueva York.
dos autos que vimos ayer era enormes,dos autos que vimos ayer eran enormes
tres puertas que tenía tiene precio,tres puertas que tenía tienen precio
"Sí, ezo ez lo zegundo.","Sí, eso es lo segundo."
"porke teorisamente, le estas pagando pagando un ""leasing"" por la vagina.","porque teoricamente, le estas pagando pagando un ""leasing"" por la vagina."
Eztamoz aquí para ajuztar cuentaz.,Estamos aquí para ajustar cuentas.
estas canciones del parque fue geniales,estas canciones del parque fueron geniales
"Bueno, no bayamoz por delante de nozotroz mizmoz.","Bueno, no vayamos por delante de nosotros mismos."
No libras cuando tengo puntos rojos en agenda.,No libras cuando tengo puntos rojos en la agenda.
dos sillas que compré tiene nombre,dos sillas que compré tienen nombre
¿por qué no nos hacemos más seres humanos redondeadas en viaje ?,¿por qué no nos hacemos más seres humanos redondeadas en el viaje ?
Pero barioz factorez relatibizan zu bictoria.,Pero varios factores relativizan su victoria.
Los médicos dice que podría despertarse en cualquier momento.,Los médicos dicen que podría despertarse en cualquier momento.
Lo ke Ud. pueda ahorrar sera sufisiente.,Lo que Ud. pueda ahorrar será suficiente.
si no te pone frente a pelotón de fusilamiento.,Si no te pone frente a un pelotón de fusilamiento.
Dejo hermoso niño truso desorar.,Dejo un hermoso niño truco decorar.
Si ademáz no te a bizto nada.,Si además no te ha visto nada.
Conziderando lo ziguiente:,Considerando lo siguiente:
"Hase mushos, mushos años vivia ayi herrero.","Hace muchos, muchos años vivía allí un herrero."
muchos juguetes de mi tío es de mi hermano,muchos juguetes de mi tío son de mi hermano
"¿Puedes haserlo por mi, Harry?","¿Puedes hacerlo por mí, Harry?"
"Dice que el Rey no ze moberá de Vincennez, mientraz ziga enfermo Mazarin.","Dice que el Rey no se moverá de Vincennes, mientras siga enfermo Mazarin."
Víztete tú mizmo.,Vístete tú mismo.
los jugadores tiene dueño,los jugadores tienen dueño
las flores que me diste fue nuevas,las flores que me diste fueron nuevas
las sillas que compré estaba sucias,las sillas que compré estaban sucias
Tiene que alternar máz.,Tiene que alternar más.
