erronea,corregida
"aunque era tarde, yo me quede en casa","aunque era tarde, yo me quedé en casa"
los cuadernos que compré será caro,los cuadernos que compré serán caros
Las niñas quedó tan feliz.,Las niñas quedaron tan felices.
los cuadernos de la cocina seran bastante nuevo,los cuadernos de la cocina serán bastante nuevos
"casi siempre siempre que estoy cansado, mi papa esta feliz","casi siempre siempre que estoy cansado, mi papá está feliz"
hoy saldremos a pasear cuando termino la tarea,hoy saldremos a pasear cuando termine la tarea
los árboles de mi tía estaban muy pequeño otra vez,los árboles de mi tía estaban muy pequeños otra vez
Jugare con mis amigos si el bebe duerme.,Jugaré con mis amigos si el bebé duerme.
los cuartos que compré son demasiado vacío hoy,los cuartos que compré son demasiado vacíos hoy
"el sabado cuando habia sol, no pudimos salir","el sábado cuando había sol, no pudimos salir"
"el sabado si mis amigos vienen, mi mama estara feliz","el sábado si mis amigos vienen, mi mamá estará feliz"
"manana apenas podamos, te aviso","mañana apenas podamos, te aviso"
los árboles estuvo bastante difícil ayer,los árboles estuvieron bastante difíciles ayer
esta tarde no saldré hasta que sales de clase,esta tarde no saldré hasta que salgas de clase
"mientras el bus llego tarde, mi papa estaba feliz","mientras el bus llegó tarde, mi papá estaba feliz"
"hoy en cuanto lleguemos al colegio, esperame","hoy en cuanto lleguemos al colegio, espérame"
La mesa de mi tia estuvo bastante sucia.,La mesa de mi tía estuvo bastante sucia.
mis amigos serán triste,mis amigos serán tristes
Los libros que vimos el sábado parecían mojado todavía.,Los libros que vimos el sábado parecían mojados todavía.
los niños que vimos el sábado serán muy bonito otra vez,los niños que vimos el sábado serán muy bonitos otra vez
Las tareas que me regalaron eran muy vacía esta mañana.,Las tareas que me regalaron eran muy vacías esta mañana.
las ventanas de la cocina parece demasiado limpias todavía,las ventanas de la cocina parecen demasiado limpias todavía
los libros esta muy mojado otra vez,los libros están muy mojados otra vez
"Mas tarde en cuanto salgas de clase, te lo contare.","Más tarde en cuanto salgas de clase, te lo contaré."
"esta tarde cuando tenga tiempo, podras salir","esta tarde cuando tenga tiempo, podrás salir"
Manana te escribo cuando llegues a casa.,Mañana te escribo cuando llegues a casa.
"ayer apenas yo cocine, fuimos al parque","ayer apenas yo cociné, fuimos al parque"
las flores que me regalaron eran bastante rota,las flores que me regalaron eran bastante rotas
Los cuartos que vi ayer está muy rico ayer.,Los cuartos que vi ayer están muy ricos ayer.
"apenas yo cocine, no pudimos salir","apenas yo cociné, no pudimos salir"
esta semana yo estudie apenas el profesor explico la leccion,esta semana yo estudié apenas el profesor explicó la lección
"Como todos estan aqui, tomamos te.","Como todos están aquí, tomamos té."
los libros de la cocina parece tan frío,los libros de la cocina parecen tan fríos
Mi primo que vi ayer quedo limpio otra vez.,Mi primo que vi ayer quedó limpio otra vez.
"Esta tarde cuando lleguemos al colegio, te lo dire.","Esta tarde cuando lleguemos al colegio, te lo diré."
Los vecinos hicieron ruido mientras hacia calor.,Los vecinos hicieron ruido mientras hacía calor.
"Apenas yo cocine, mi abuela cosio.","Apenas yo cociné, mi abuela cosió."
Se que el te escribio una carta.,Sé que él te escribió una carta.
las tareas que vi ayer fue grande hoy,las tareas que vi ayer fueron grandes hoy
Todos comen juntos si tu no quieres.,Todos comen juntos si tú no quieres.
las mesas que me regalaron sera tan mojada todavia,las mesas que me regalaron serán tan mojadas todavía
las casas de la escuela parece demasiado vieja todavía,las casas de la escuela parecen demasiado viejas todavía
sacare buena nota si estamos cansados,sacaré buena nota si estamos cansados
"esta semana porque el perro ladro, todos comieron juntos","esta semana porque el perro ladró, todos comieron juntos"
"todos los dias cuando tengo tiempo, me pongo el abrigo","todos los días cuando tengo tiempo, me pongo el abrigo"
los ninos jugaron en el patio mientras habia sol,los niños jugaron en el patio mientras había sol
"Hoy si el profesor explica la leccion, tomaremos te.","Hoy si el profesor explica la lección, tomaremos té."
"Hoy cuando empieces a estudiar, me acostare.","Hoy cuando empieces a estudiar, me acostaré."
"en cuanto estamos en casa, llámame","en cuanto estemos en casa, llámame"
las ventanas de la cocina parece fria,las ventanas de la cocina parecen frías
"esta tarde en cuanto veo a mi abuela, mi mamá estará feliz","esta tarde en cuanto vea a mi abuela, mi mamá estará feliz"
El sabado salgo a caminar si nieva en la sierra.,El sábado salgo a caminar si nieva en la sierra.
ella lee un libro cuando juego futbol,ella lee un libro cuando juego fútbol
el zapato quedo bastante caro,el zapato quedó bastante caro
me parece que el te esta muy dulce,me parece que el té está muy dulce
el arbol que me regalaron quedo muy limpio,el árbol que me regalaron quedó muy limpio
"todos los dias apenas tengo tiempo, descanso un rato","todos los días apenas tengo tiempo, descanso un rato"
el te espera afuera,él te espera afuera
"en la tarde cuando los ninos jugaban en el patio, ella leyo un libro","en la tarde cuando los niños jugaban en el patio, ella leyó un libro"
quiero un te con leche,quiero un té con leche
en la tarde saldre a caminar aunque habra sol,en la tarde saldré a caminar aunque habrá sol
la tarea de la cocina es demasiado llena esta manana,la tarea de la cocina es demasiado llena esta mañana
"aunque mis amigos vinieron, mi abuela cosio","aunque mis amigos vinieron, mi abuela cosió"
Los platos que me regalaron quedó tan fácil hoy.,Los platos que me regalaron quedaron tan fáciles hoy.
los cuartos estuvo muy mojado otra vez,los cuartos estuvieron muy mojados otra vez
"ya que mi papa trabajo, el perro durmio en el sofa","ya que mi papá trabajó, el perro durmió en el sofá"
sali a caminar apenas era tarde,salí a caminar apenas era tarde
"siempre siempre que llego al colegio, mi papa esta feliz","siempre siempre que llego al colegio, mi papá está feliz"
"Porque mi mama cocina, todos comen juntos.","Porque mi mamá cocina, todos comen juntos."
"cada vez que salgo del colegio, tomo te con leche","cada vez que salgo del colegio, tomo té con leche"
"esta tarde hasta que vuelva del trabajo, no podras salir","esta tarde hasta que vuelva del trabajo, no podrás salir"
mi abuela cose cuando el bebe duerme,mi abuela cose cuando el bebé duerme
la manzana que vimos el sabado esta bastante cara hoy,la manzana que vimos el sábado está bastante cara hoy
Los gatos que me regalaron fue demasiado limpio hoy.,Los gatos que me regalaron fueron demasiado limpios hoy.
"Ya que mi hermana canta, mi hermano ve television.","Ya que mi hermana canta, mi hermano ve televisión."
"cuando me dolia la cabeza, sali a caminar","cuando me dolía la cabeza, salí a caminar"
"casi siempre cada vez que juego futbol, mi perro se pone feliz","casi siempre cada vez que juego fútbol, mi perro se pone feliz"
Los gatos de la escuela está triste esta mañana.,Los gatos de la escuela están tristes esta mañana.
creo que el te ya esta servido,creo que el té ya está servido
las casas que vimos el sabado sera muy grande ayer,las casas que vimos el sábado serán muy grandes ayer
"ayer ya que no tenia dinero, nos quedamos en casa","ayer ya que no tenía dinero, nos quedamos en casa"
"apenas estamos en casa, te llamaré","apenas estemos en casa, te llamaré"
los cuadernos que me regalaron están bastante lleno todavía,los cuadernos que me regalaron están bastante llenos todavía
Mi amigo sera demasiado bonito otra vez.,Mi amigo será demasiado bonito otra vez.
El te se enfrio.,El té se enfrió.
"apenas juego futbol, me acuesto temprano","apenas juego fútbol, me acuesto temprano"
"todos los dias cuando mi mama cocina, saludo a mis amigos","todos los días cuando mi mamá cocina, saludo a mis amigos"
"el sabado apenas salimos del colegio, yo hice la tarea","el sábado apenas salimos del colegio, yo hice la tarea"
El te lo explico.,Él te lo explicó.
"El sabado aunque me dolia la cabeza, sali a caminar.","El sábado aunque me dolía la cabeza, salí a caminar."
"si ella esta enferma, yo me quedo en casa","si ella está enferma, yo me quedo en casa"
"Cuando crezco, empezaremos a comer.","Cuando crezca, empezaremos a comer."
las tareas parecía muy bonita todavía,las tareas parecían muy bonitas todavía
"Hoy apenas llovio mucho, nos quedamos en casa.","Hoy apenas llovió mucho, nos quedamos en casa."
los niños que compré estuvo triste hoy,los niños que compré estuvieron tristes hoy
"cuando no tenia dinero, mi mama preparo el cafe","cuando no tenía dinero, mi mamá preparó el café"
"Esta semana apenas termine la tarea, los vecinos hicieron ruido.","Esta semana apenas terminé la tarea, los vecinos hicieron ruido."
los zapatos de la escuela parecen muy roto,los zapatos de la escuela parecen muy rotos
"Ya que mi papa trabajara, iremos a la piscina.","Ya que mi papá trabajará, iremos a la piscina."
el perro dormira en el sofa ya que todos estaran aqui,el perro dormirá en el sofá ya que todos estarán aquí
las casas que compré era muy ordenada todavía,las casas que compré eran muy ordenadas todavía
manana saldremos a pasear cuando pueda,mañana saldremos a pasear cuando pueda
los sabados me pongo el abrigo apenas llego a casa,los sábados me pongo el abrigo apenas llego a casa
"si todos estan aqui, sacare buena nota","si todos están aquí, sacaré buena nota"
Los ninos jugaron en el patio mientras el perro ladro.,Los niños jugaron en el patio mientras el perro ladró.
"todos los dias cuando salgo del colegio, me pongo contento","todos los días cuando salgo del colegio, me pongo contento"
"si tengo tiempo, mi papa esta feliz","si tengo tiempo, mi papá está feliz"
el gato que vimos el sabado esta demasiado listo,el gato que vimos el sábado está demasiado listo
Mi papa esta feliz cuando vienes temprano.,Mi papá está feliz cuando vienes temprano.
"en la tarde siempre que termino la tarea, tomo te con leche","en la tarde siempre que termino la tarea, tomo té con leche"
los zapatos de la escuela quedo frios,los zapatos de la escuela quedaron fríos
el libro de mi tia estuvo bastante ordenado esta manana,el libro de mi tía estuvo bastante ordenado esta mañana
"manana hasta que crezcas, no comeremos","mañana hasta que crezcas, no comeremos"
las ninas que vi ayer quedaron muy sucia otra vez,las niñas que vi ayer quedaron muy sucias otra vez
manana te avisare apenas vengamos del parque,mañana te avisaré apenas vengamos del parque
"aunque mi mama cocino, sali a caminar","aunque mi mamá cocinó, salí a caminar"
"porque mi mama cocinara, sacare buena nota","porque mi mamá cocinará, sacaré buena nota"
"siempre cuando llego a casa, tomo te con leche","siempre cuando llego a casa, tomo té con leche"
"esta semana si el bus llega tarde, el perro duerme en el sofa","esta semana si el bus llega tarde, el perro duerme en el sofá"
el libro del jardin esta bastante mojado todavia,el libro del jardín está bastante mojado todavía
las tareas parecía demasiado rota,las tareas parecían demasiado rotas
en la tarde mi hermano vera television ya que mi hermana cantara,en la tarde mi hermano verá televisión ya que mi hermana cantará
dice que el te esta muy rico,dice que el té está muy rico
"aunque el bus llego tarde, los ninos jugaron en el patio","aunque el bus llegó tarde, los niños jugaron en el patio"
"En la tarde ya que estamos cansados, mi mama prepara el cafe.","En la tarde ya que estamos cansados, mi mamá prepara el café."
mis amigos que trajo mi mamá estaba mojado,mis amigos que trajo mi mamá estaban mojados
"apenas mi hermana canto, el perro durmio en el sofa","apenas mi hermana cantó, el perro durmió en el sofá"
"El sabado mientras estabamos cansados, ella leyo un libro.","El sábado mientras estábamos cansados, ella leyó un libro."
los platos de mi tia es vacio,los platos de mi tía son vacíos
el zapato del jardin estuvo frio esta manana,el zapato del jardín estuvo frío esta mañana
Mi primo de la escuela quedo muy pequeno.,Mi primo de la escuela quedó muy pequeño.
"hasta que terminamos el examen, no comeremos","hasta que terminemos el examen, no comeremos"
"esta semana como nevo en la sierra, mi mama estaba tranquila","esta semana como nevó en la sierra, mi mamá estaba tranquila"
"esta tarde cuando sales de clase, esperame","esta tarde cuando salgas de clase, espérame"
"como esta oscuro, mi abuela cose","como está oscuro, mi abuela cose"
mas tarde ire al parque en cuanto veas la pelicula,más tarde iré al parque en cuanto veas la película
Las mesas que vimos el sábado estuvo demasiado rota hoy.,Las mesas que vimos el sábado estuvieron demasiado rotas hoy.
las casas estara muy grande,las casas estarán muy grandes
"En la tarde apenas estudiaste mucho, mi mama estaba tranquila.","En la tarde apenas estudiaste mucho, mi mamá estaba tranquila."
"mas tarde cuando tenga tiempo, te llamo","más tarde cuando tenga tiempo, te llamo"
"El sabado ya que salimos del colegio, yo estudio.","El sábado ya que salimos del colegio, yo estudio."
las mesas que compré está bastante vacía,las mesas que compré están bastante vacías
"los sabados siempre que mi papa llega del trabajo, veo television","los sábados siempre que mi papá llega del trabajo, veo televisión"
mis amigos de la escuela estará listo todavía,mis amigos de la escuela estarán listos todavía
"ayer mientras nevo en la sierra, los ninos jugaron en el patio","ayer mientras nevó en la sierra, los niños jugaron en el patio"
"los sabados cuando salgo del colegio, nos quedamos en casa","los sábados cuando salgo del colegio, nos quedamos en casa"
"apenas llego a casa, mi mama prepara el cafe","apenas llego a casa, mi mamá prepara el café"
"hasta que estás mejor, espérame","hasta que estés mejor, espérame"
Saldremos a pasear cuando hacemos la compra.,Saldremos a pasear cuando hagamos la compra.
El zapato parecia grande.,El zapato parecía grande.
mi mama toma te por la tarde,mi mamá toma té por la tarde
"como el bebe duerme, mi abuela cose","como el bebé duerme, mi abuela cose"
"hoy como mi mama cocina, no podemos salir","hoy como mi mamá cocina, no podemos salir"
"el sabado aunque mi papa trabaja, saldre a caminar","el sábado aunque mi papá trabaja, saldré a caminar"
"siempre cuando llueve, ayudo a mi mama","siempre cuando llueve, ayudo a mi mamá"
"porque ella estaba enferma, mi hermano vio television","porque ella estaba enferma, mi hermano vio televisión"
"cuando crezco, iremos a la piscina","cuando crezca, iremos a la piscina"
"casi siempre cada vez que mi mama cocina, me pongo contento","casi siempre cada vez que mi mamá cocina, me pongo contento"
los perros que compré es muy feliz ayer,los perros que compré son muy felices ayer
"el sábado cuando llegamos al colegio, iremos a la piscina","el sábado cuando lleguemos al colegio, iremos a la piscina"
Los platos de la escuela parece muy difíciles todavía.,Los platos de la escuela parecen muy difíciles todavía.
"Hasta que este listo, no me acostare.","Hasta que esté listo, no me acostaré."
"manana en cuanto vuelvas de viaje, hare la cena","mañana en cuanto vuelvas de viaje, haré la cena"
"porque el bebe duerme, el perro duerme en el sofa","porque el bebé duerme, el perro duerme en el sofá"
Las niñas de la escuela es demasiado lista todavía.,Las niñas de la escuela son demasiado listas todavía.
Mi abuela cosio porque estabamos cansados.,Mi abuela cosió porque estábamos cansados.
"el sabado aunque sera tarde, mi mama estara feliz","el sábado aunque será tarde, mi mamá estará feliz"
"apenas salgas de clase, esperame","apenas salgas de clase, espérame"
"mas tarde hasta que vengamos del parque, seguire estudiando","más tarde hasta que vengamos del parque, seguiré estudiando"
mi abuela cose cuando todos estan aqui,mi abuela cose cuando todos están aquí
"casi siempre cuando juego futbol, hago la tarea","casi siempre cuando juego fútbol, hago la tarea"
parece que el te mira,parece que él te mira
"Ya que estudiaste mucho, el perro durmio en el sofa.","Ya que estudiaste mucho, el perro durmió en el sofá."
ella leyo un libro ya que llovio mucho,ella leyó un libro ya que llovió mucho
"manana cuando crezco, avisame","mañana cuando crezca, avísame"
Las calles que compré parecen muy bonita.,Las calles que compré parecen muy bonitas.
"Todos los dias cuando juego futbol, nos quedamos en casa.","Todos los días cuando juego fútbol, nos quedamos en casa."
mis primos que vimos el sábado estuvieron muy mojado otra vez,mis primos que vimos el sábado estuvieron muy mojados otra vez
Mi mama prepara el cafe cuando me levanto.,Mi mamá prepara el café cuando me levanto.
las calles que trajo mi mama es muy nueva esta manana,las calles que trajo mi mamá son muy nuevas esta mañana
"como habia sol, ella leyo un libro","como había sol, ella leyó un libro"
El sabado tomaremos te aunque el profesor explicara la leccion.,El sábado tomaremos té aunque el profesor explicará la lección.
Mis primos que vi ayer será demasiado contento.,Mis primos que vi ayer serán demasiado contentos.
Las niñas estará muy lista.,Las niñas estarán muy listas.
me duele la cabeza cada vez que mi papa llega del trabajo,me duele la cabeza cada vez que mi papá llega del trabajo
La tarea de la escuela estuvo bastante vacia.,La tarea de la escuela estuvo bastante vacía.
Mi hermana que vimos el sabado era sucia.,Mi hermana que vimos el sábado era sucia.
"Los sabados cada vez que llego a casa, me pongo el abrigo.","Los sábados cada vez que llego a casa, me pongo el abrigo."
Las mesas parecen ordenada ayer.,Las mesas parecen ordenadas ayer.
Las tareas estuvo limpia otra vez.,Las tareas estuvieron limpias otra vez.
"Cuando veas la pelicula, vendre a verte.","Cuando veas la película, vendré a verte."
Las flores que compré estaba muy ordenadas.,Las flores que compré estaban muy ordenadas.
"si ella esta enferma, yo me quedare en casa","si ella está enferma, yo me quedaré en casa"
"En la tarde ya que mi papa trabajara, mi papa estara feliz.","En la tarde ya que mi papá trabajará, mi papá estará feliz."
"todos los dias cuando hace frio, estoy tranquilo","todos los días cuando hace frío, estoy tranquilo"
todos los dias mi papa esta feliz cada vez que llueve,todos los días mi papá está feliz cada vez que llueve
"Porque habra sol, iremos al parque.","Porque habrá sol, iremos al parque."
"cuando vea a mi abuela, mi mama estara feliz","cuando vea a mi abuela, mi mamá estará feliz"
el arbol que me regalaron es ordenado ayer,el árbol que me regalaron es ordenado ayer
las tareas de mi tía estuvo bastante rica hoy,las tareas de mi tía estuvieron bastante ricas hoy
manana te lo contare cuando tenga tiempo,mañana te lo contaré cuando tenga tiempo
Las ventanas del jardín quedó muy ordenada hoy.,Las ventanas del jardín quedaron muy ordenadas hoy.
los cuartos estara pequenos hoy,los cuartos estarán pequeños hoy
"mas tarde cuando salimos de casa, esperame","más tarde cuando salgamos de casa, espérame"
"como el profesor explico la leccion, fuimos al parque","como el profesor explicó la lección, fuimos al parque"
Me parece que el te de mi abuela esta delicioso.,Me parece que el té de mi abuela está delicioso.
"hasta que empiezas a estudiar, esperaremos aquí","hasta que empieces a estudiar, esperaremos aquí"
"Cuando juego futbol, me duele la cabeza.","Cuando juego fútbol, me duele la cabeza."
"ya que viniste temprano, yo me quede en casa","ya que viniste temprano, yo me quedé en casa"
"si termino la tarea, mi mama estara feliz","si termino la tarea, mi mamá estará feliz"
"Apenas llegue a casa, yo hice la tarea.","Apenas llegué a casa, yo hice la tarea."
siempre veo television cada vez que termino la tarea,siempre veo televisión cada vez que termino la tarea
"hoy mientras estabamos cansados, ella leyo un libro","hoy mientras estábamos cansados, ella leyó un libro"
"En la tarde como todos estan aqui, salgo a caminar.","En la tarde como todos están aquí, salgo a caminar."
parece que el te dijo la verdad,parece que él te dijo la verdad
Hoy yo me quede en casa mientras no hubo clases.,Hoy yo me quedé en casa mientras no hubo clases.
hoy los ninos jugaron en el patio aunque estabamos cansados,hoy los niños jugaron en el patio aunque estábamos cansados
las calles fueron muy rota ayer,las calles fueron muy rotas ayer
"porque hacia frio, ella leyo un libro","porque hacía frío, ella leyó un libro"
Ella leera un libro ya que mi mama cocinara.,Ella leerá un libro ya que mi mamá cocinará.
el sabado el perro duerme en el sofa porque hace frio,el sábado el perro duerme en el sofá porque hace frío
"siempre cada vez que mi papa llega del trabajo, me lavo las manos","siempre cada vez que mi papá llega del trabajo, me lavo las manos"
El sabado mi mama esta tranquila cuando llueve mucho.,El sábado mi mamá está tranquila cuando llueve mucho.
"casi siempre cuando vamos al parque, ayudo a mi mama","casi siempre cuando vamos al parque, ayudo a mi mamá"
en la tarde ella lee un libro cuando mi mama cocina,en la tarde ella lee un libro cuando mi mamá cocina
las ventanas que me regalaron será muy nueva,las ventanas que me regalaron serán muy nuevas
las calles que me regalaron quedaron limpia,las calles que me regalaron quedaron limpias
"manana aunque no tendre dinero, no podremos salir","mañana aunque no tendré dinero, no podremos salir"
"hoy cuando este listo, te llamare","hoy cuando esté listo, te llamaré"
"esta semana apenas hacia frio, mi mama preparo el cafe","esta semana apenas hacía frío, mi mamá preparó el café"
me parece que quiero un te con leche,me parece que quiero un té con leche
"apenas haces la cama, avísame","apenas hagas la cama, avísame"
los gatos de mi tia estara cansado esta manana,los gatos de mi tía estarán cansados esta mañana
"En la tarde porque el bebe duerme, tomamos te.","En la tarde porque el bebé duerme, tomamos té."
"el sabado si mi mama cocina, mi mama preparara el cafe","el sábado si mi mamá cocina, mi mamá preparará el café"
"apenas es sabado, descanso un rato","apenas es sábado, descanso un rato"
"cada vez que mi hermana estudia, tomo te con leche","cada vez que mi hermana estudia, tomo té con leche"
la calle de mi tia estaba muy limpia,la calle de mi tía estaba muy limpia
las casas que compré parece muy ordenada otra vez,las casas que compré parecen muy ordenadas otra vez
el sabado ella lee un libro porque salimos del colegio,el sábado ella lee un libro porque salimos del colegio
esta semana mi papa esta feliz si termino la tarea,esta semana mi papá está feliz si termino la tarea
el sabado mi hermano vio television porque termine la tarea,el sábado mi hermano vio televisión porque terminé la tarea
"siempre que es sabado, ella lee un libro","siempre que es sábado, ella lee un libro"
"los sabados cuando llego al colegio, saludo a mis amigos","los sábados cuando llego al colegio, saludo a mis amigos"
Mi mama prepara el cafe cuando hay sol.,Mi mamá prepara el café cuando hay sol.
hoy el perro dormira en el sofa aunque es tarde,hoy el perro dormirá en el sofá aunque es tarde
"mientras era tarde, sali a caminar","mientras era tarde, salí a caminar"
Todos los dias saludo a mis amigos cada vez que estoy cansado.,Todos los días saludo a mis amigos cada vez que estoy cansado.
"ayer cuando llegue a casa, tomamos te","ayer cuando llegué a casa, tomamos té"
el sábado vendré a verte apenas hacemos la compra,el sábado vendré a verte apenas hagamos la compra
"esta semana si hace frio, mi hermano vera television","esta semana si hace frío, mi hermano verá televisión"
"esta semana apenas el perro ladro, mi hermano vio television","esta semana apenas el perro ladró, mi hermano vio televisión"
"el sabado cuando vengamos del parque, avisame","el sábado cuando vengamos del parque, avísame"
"Hoy apenas todos estaban alli, yo estudie.","Hoy apenas todos estaban allí, yo estudié."
Las manzanas quedaron llena hoy.,Las manzanas quedaron llenas hoy.
"los sabados cada vez que llueve, saludo a mis amigos","los sábados cada vez que llueve, saludo a mis amigos"
la flor parecia tan rota esta manana,la flor parecía tan rota esta mañana
las ventanas que compré es rota todavía,las ventanas que compré son rotas todavía
los arboles que compre estaba demasiado caro otra vez,los árboles que compré estaban demasiado caros otra vez
Los zapatos será tan rico ayer.,Los zapatos serán tan ricos ayer.
"hoy apenas nevo en la sierra, los ninos jugaron en el patio","hoy apenas nevó en la sierra, los niños jugaron en el patio"
"hoy apenas estudiaste mucho, ella leyo un libro","hoy apenas estudiaste mucho, ella leyó un libro"
todos los dias me lavo las manos cada vez que mi hermana estudia,todos los días me lavo las manos cada vez que mi hermana estudia
"hoy cuando vengo de la escuela, veremos la pelicula","hoy cuando venga de la escuela, veremos la película"
mi mama estaba tranquila apenas estabamos cansados,mi mamá estaba tranquila apenas estábamos cansados
"ayer como mi papa trabajo, no pudimos salir","ayer como mi papá trabajó, no pudimos salir"
los cuadernos de la cocina sera demasiado caro,los cuadernos de la cocina serán demasiado caros
Yo me quedare en casa aunque hay sol.,Yo me quedaré en casa aunque hay sol.
Yo me quedo en casa si el bebe duerme.,Yo me quedo en casa si el bebé duerme.
"hoy porque el bebe dormia, sali a caminar","hoy porque el bebé dormía, salí a caminar"
el perro dormira en el sofa aunque tendre tiempo,el perro dormirá en el sofá aunque tendré tiempo
"apenas los ninos jugaban en el patio, yo hice la tarea","apenas los niños jugaban en el patio, yo hice la tarea"
"hoy si llueve mucho, mi mama preparara el cafe","hoy si llueve mucho, mi mamá preparará el café"
mi mama estara feliz aunque llueve mucho,mi mamá estará feliz aunque llueve mucho
dice que prefiero el te al cafe,dice que prefiero el té al café
"si tu no quieres, nos quedamos en casa","si tú no quieres, nos quedamos en casa"
Las ventanas que compré estará cara otra vez.,Las ventanas que compré estarán caras otra vez.
los zapatos sera muy dificil,los zapatos serán muy difíciles
"Esta tarde hasta que empiezas a estudiar, seguiré estudiando.","Esta tarde hasta que empieces a estudiar, seguiré estudiando."
el perro que vimos el sabado estaba demasiado bonito hoy,el perro que vimos el sábado estaba demasiado bonito hoy
"mas tarde cuando llegues a casa, iremos a la piscina","más tarde cuando llegues a casa, iremos a la piscina"
"hasta que vuelvo del trabajo, espérame","hasta que vuelva del trabajo, espérame"
los sabados tomo te con leche cuando leo un libro,los sábados tomo té con leche cuando leo un libro
"mientras el profesor explica la leccion, salgo a caminar","mientras el profesor explica la lección, salgo a caminar"
los libros del jardin es tan pequeno todavia,los libros del jardín son tan pequeños todavía
el perro duerme en el sofa mientras yo cocino,el perro duerme en el sofá mientras yo cocino
las casas que vimos el sábado parece limpia,las casas que vimos el sábado parecen limpias
"mientras tengo tiempo, mi hermano ve television","mientras tengo tiempo, mi hermano ve televisión"
"Cuando hace frio, me acuesto temprano.","Cuando hace frío, me acuesto temprano."
"hoy apenas volvemos a casa, te llamaré","hoy apenas volvamos a casa, te llamaré"
casi siempre ayudo a mi mama cuando leo un libro,casi siempre ayudo a mi mamá cuando leo un libro
Mi mama esta tranquila cuando salimos del colegio.,Mi mamá está tranquila cuando salimos del colegio.
la mesa del jardin era bastante mojada hoy,la mesa del jardín era bastante mojada hoy
esta semana tomaremos te porque saldremos del colegio,esta semana tomaremos té porque saldremos del colegio
los platos que trajo mi mama era demasiado limpio,los platos que trajo mi mamá eran demasiado limpios
"casi siempre cada vez que me levanto, ayudo a mi mama","casi siempre cada vez que me levanto, ayudo a mi mamá"
las niñas que vi ayer serán bastante pequeña todavía,las niñas que vi ayer serán bastante pequeñas todavía
"el sabado hasta que puedo, esperame","el sábado hasta que pueda, espérame"
"mas tarde hasta que vuelvas de viaje, seguire estudiando","más tarde hasta que vuelvas de viaje, seguiré estudiando"
"casi siempre cuando llego al colegio, ayudo a mi mama","casi siempre cuando llego al colegio, ayudo a mi mamá"
estoy seguro de que el te mira,estoy seguro de que él te mira
El libro del jardin fue muy viejo esta manana.,El libro del jardín fue muy viejo esta mañana.
"Si estudias mucho, mi papa esta feliz.","Si estudias mucho, mi papá está feliz."
"esta tarde cuando crezcas, ire al parque","esta tarde cuando crezcas, iré al parque"
"todos los dias apenas es sabado, mi mama prepara el cafe","todos los días apenas es sábado, mi mamá prepara el café"
"como viniste temprano, mi mama preparo el cafe","como viniste temprano, mi mamá preparó el café"
los cuartos que trajo mi mamá parecía bastante pequeño otra vez,los cuartos que trajo mi mamá parecían bastante pequeños otra vez
ayer los vecinos hicieron ruido apenas los ninos jugaban en el patio,ayer los vecinos hicieron ruido apenas los niños jugaban en el patio
"Cuando mi papa llega del trabajo, todos comen juntos.","Cuando mi papá llega del trabajo, todos comen juntos."
"el sabado cuando estudiaste mucho, yo estudie","el sábado cuando estudiaste mucho, yo estudié"
"cuando sea de noche, mi mama estara feliz","cuando sea de noche, mi mamá estará feliz"
las mesas de mi tia quedaron demasiado dificil,las mesas de mi tía quedaron demasiado difíciles
"ayer como todos estaban alli, mi hermano vio television","ayer como todos estaban allí, mi hermano vio televisión"
más tarde iré al parque cuando empiezas a estudiar,más tarde iré al parque cuando empieces a estudiar
"como tu no quieres, mi hermano ve television","como tú no quieres, mi hermano ve televisión"
Mis primos parecía muy tranquilo otra vez.,Mis primos parecían muy tranquilos otra vez.
"En la tarde como el bebe duerme, salgo a caminar.","En la tarde como el bebé duerme, salgo a caminar."
el sabado los ninos jugaron en el patio ya que el bebe dormia,el sábado los niños jugaron en el patio ya que el bebé dormía
"cuando mi mama cocina, como fruta","cuando mi mamá cocina, como fruta"
Ella leera un libro si los ninos juegan en el patio.,Ella leerá un libro si los niños juegan en el patio.
los perros que vimos el sábado está demasiado grandes,los perros que vimos el sábado están demasiado grandes
Los cuartos de mi tía estaban limpio.,Los cuartos de mi tía estaban limpios.
"Esta semana cuando el profesor explica la leccion, mi mama esta tranquila.","Esta semana cuando el profesor explica la lección, mi mamá está tranquila."
en la tarde veo television apenas vamos al parque,en la tarde veo televisión apenas vamos al parque
"Cuando hace frio, nos quedamos en casa.","Cuando hace frío, nos quedamos en casa."
"hoy si es tarde, los ninos juegan en el patio","hoy si es tarde, los niños juegan en el patio"
"Si estamos cansados, mi mama estara feliz.","Si estamos cansados, mi mamá estará feliz."
la ventana del jardin era mojada otra vez,la ventana del jardín era mojada otra vez
el libro que compre era dificil,el libro que compré era difícil
"mas tarde cuando terminemos el examen, te avisare","más tarde cuando terminemos el examen, te avisaré"
"si mi hermana canta, tomamos te","si mi hermana canta, tomamos té"
"el sabado como estudiaste mucho, mi papa estaba feliz","el sábado como estudiaste mucho, mi papá estaba feliz"
"Los sabados siempre que veo a mi abuela, veo television.","Los sábados siempre que veo a mi abuela, veo televisión."
El perro dormira en el sofa si es tarde.,El perro dormirá en el sofá si es tarde.
"todos los dias cada vez que veo a mi abuela, descanso un rato","todos los días cada vez que veo a mi abuela, descanso un rato"
estoy seguro de que el te presta el libro,estoy seguro de que él te presta el libro
"Porque el profesor explica la leccion, los ninos juegan en el patio.","Porque el profesor explica la lección, los niños juegan en el patio."
Los platos son lleno ayer.,Los platos son llenos ayer.
prefiero el te al cafe,prefiero el té al café
"los sabados apenas leo un libro, todos comen juntos","los sábados apenas leo un libro, todos comen juntos"
las flores que compré estuvo demasiado mojada hoy,las flores que compré estuvieron demasiado mojadas hoy
los cuartos de mi tía era muy caro,los cuartos de mi tía eran muy caros
"el sabado aunque vendras temprano, tomaremos te","el sábado aunque vendrás temprano, tomaremos té"
Mi mama esta tranquila mientras no hay clases.,Mi mamá está tranquila mientras no hay clases.
"porque hara calor, no podremos salir","porque hará calor, no podremos salir"
mi hermana que vi ayer fue grande esta manana,mi hermana que vi ayer fue grande esta mañana
Mi hermana del jardin fue muy tranquila ayer.,Mi hermana del jardín fue muy tranquila ayer.
"en la tarde cuando juego futbol, descanso un rato","en la tarde cuando juego fútbol, descanso un rato"
los arboles del jardin sera muy frio ayer,los árboles del jardín serán muy fríos ayer
Llamame en cuanto salgas de clase.,Llámame en cuanto salgas de clase.
manana comeremos juntos cuando tenga tiempo,mañana comeremos juntos cuando tenga tiempo
mas tarde ire al parque cuando salgas de clase,más tarde iré al parque cuando salgas de clase
"Porque no tendre dinero, yo me quedare en casa.","Porque no tendré dinero, yo me quedaré en casa."
los libros que trajo mi mamá serán tan frío hoy,los libros que trajo mi mamá serán tan fríos hoy
"Hasta que llego a casa, seguiré estudiando.","Hasta que llegue a casa, seguiré estudiando."
"ya que el profesor explico la leccion, mi abuela cosio","ya que el profesor explicó la lección, mi abuela cosió"
"apenas termine la tarea, yo estudie","apenas terminé la tarea, yo estudié"
"los sabados siempre que mi mama cocina, me duele la cabeza","los sábados siempre que mi mamá cocina, me duele la cabeza"
"El sabado porque llueve mucho, el perro duerme en el sofa.","El sábado porque llueve mucho, el perro duerme en el sofá."
"hoy apenas vuelvas de viaje, llamame","hoy apenas vuelvas de viaje, llámame"
"Hasta que vea a mi abuela, no podras salir.","Hasta que vea a mi abuela, no podrás salir."
El zapato del jardin estara demasiado vacio esta manana.,El zapato del jardín estará demasiado vacío esta mañana.
"esta semana como mi papa trabajo, fuimos al parque","esta semana como mi papá trabajó, fuimos al parque"
esta semana mi mama preparo el cafe mientras mi mama cocino,esta semana mi mamá preparó el café mientras mi mamá cocinó
los gatos que vi ayer fue tranquilo esta manana,los gatos que vi ayer fueron tranquilos esta mañana
la nina del jardin era muy lista otra vez,la niña del jardín era muy lista otra vez
"Ayer apenas mis amigos vinieron, tomamos te.","Ayer apenas mis amigos vinieron, tomamos té."
"como tu no quieres, mi mama prepara el cafe","como tú no quieres, mi mamá prepara el café"
"mas tarde hasta que llegue a casa, sigo estudiando","más tarde hasta que llegue a casa, sigo estudiando"
los arboles que vi ayer estara sucio,los árboles que vi ayer estarán sucios
"el sabado como viniste temprano, yo me quede en casa","el sábado como viniste temprano, yo me quedé en casa"
la flor que vimos el sabado quedo demasiado vieja hoy,la flor que vimos el sábado quedó demasiado vieja hoy
Pregunta si el te esta listo.,Pregunta si el té está listo.
las calles que compré parece muy difícil hoy,las calles que compré parecen muy difíciles hoy
Creo que el te va a acompanar.,Creo que él te va a acompañar.
"Manana porque habra sol, nos quedaremos en casa.","Mañana porque habrá sol, nos quedaremos en casa."
El arbol de la escuela fue demasiado lleno.,El árbol de la escuela fue demasiado lleno.
"El sabado porque llegare tarde, yo me quedare en casa.","El sábado porque llegaré tarde, yo me quedaré en casa."
mis amigos estuvo bastante pequeños esta mañana,mis amigos estuvieron bastante pequeños esta mañana
el te llamo ayer,él te llamó ayer
mas tarde te lo cuento en cuanto empiece las clases,más tarde te lo cuento en cuanto empiece las clases
las manzanas era bastante limpias todavia,las manzanas eran bastante limpias todavía
"si no tengo dinero, el perro dormira en el sofa","si no tengo dinero, el perro dormirá en el sofá"
"apenas salgas de clase, mi mama estara feliz","apenas salgas de clase, mi mamá estará feliz"
nos vamos cuando este listo,nos vamos cuando esté listo
"Esta semana mientras el bebe dormia, mi hermano vio television.","Esta semana mientras el bebé dormía, mi hermano vio televisión."
"apenas sales de clase, esperame","apenas salgas de clase, espérame"
"Mientras termine la tarea, el perro durmio en el sofa.","Mientras terminé la tarea, el perro durmió en el sofá."
los árboles parecía muy pequeños otra vez,los árboles parecían muy pequeños otra vez
esta semana mi mama esta tranquila porque yo cocino,esta semana mi mamá está tranquila porque yo cocino
el libro que trajo mi mama parece bastante caro esta manana,el libro que trajo mi mamá parece bastante caro esta mañana
"El sabado mientras el profesor explico la leccion, mi mama preparo el cafe.","El sábado mientras el profesor explicó la lección, mi mamá preparó el café."
hoy los ninos jugaran en el patio aunque estaremos cansados,hoy los niños jugarán en el patio aunque estaremos cansados
"cuando estoy cansado, tomo te con leche","cuando estoy cansado, tomo té con leche"
los niños estaba demasiado feliz todavía,los niños estaban demasiado felices todavía
los gatos de la escuela quedo tan contento,los gatos de la escuela quedaron tan contentos
Mañana mi mamá estará feliz cuando es de noche.,Mañana mi mamá estará feliz cuando sea de noche.
"Como esta oscuro, mi mama esta tranquila.","Como está oscuro, mi mamá está tranquila."
el sabado el perro dormira en el sofa aunque yo cocino,el sábado el perro dormirá en el sofá aunque yo cocino
"Más tarde apenas haces la cama, iremos a la piscina.","Más tarde apenas hagas la cama, iremos a la piscina."
las flores que me regalaron parece muy mojada ayer,las flores que me regalaron parecen muy mojadas ayer
"cuando tenemos dinero, esperame","cuando tengamos dinero, espérame"
"cuando me duele la cabeza, mi mama prepara el cafe","cuando me duele la cabeza, mi mamá prepara el café"
"Mas tarde apenas tenga tiempo, te lo dire.","Más tarde apenas tenga tiempo, te lo diré."
Mis primos será mojado.,Mis primos serán mojados.
"mañana cuando vuelves de viaje, saldremos a pasear","mañana cuando vuelvas de viaje, saldremos a pasear"
los cuartos que compré está muy ordenado,los cuartos que compré están muy ordenados
"siempre siempre que llego al colegio, tomo te con leche","siempre siempre que llego al colegio, tomo té con leche"
"como mi hermana canto, mi mama estaba tranquila","como mi hermana cantó, mi mamá estaba tranquila"
"como los ninos juegan en el patio, no podemos salir","como los niños juegan en el patio, no podemos salir"
Yo estudie porque estudiaste mucho.,Yo estudié porque estudiaste mucho.
"Los sabados cuando juego futbol, me lavo las manos.","Los sábados cuando juego fútbol, me lavo las manos."
mi hermana que me regalaron esta tan mojada,mi hermana que me regalaron está tan mojada
las calles que compré parecía tan vacía,las calles que compré parecían tan vacías
en la tarde yo estudie cuando el perro ladro,en la tarde yo estudié cuando el perro ladró
"aunque saldremos del colegio, todos comeran juntos","aunque saldremos del colegio, todos comerán juntos"
tomamos te si ella esta enferma,tomamos té si ella está enferma
"hoy como hacia calor, mi abuela cosio","hoy como hacía calor, mi abuela cosió"
"Mas tarde cuando termines de comer, hacemos la tarea.","Más tarde cuando termines de comer, hacemos la tarea."
los perros que trajo mi mamá parecía bastante feliz,los perros que trajo mi mamá parecían bastante felices
"como hacia calor, los vecinos hicieron ruido","como hacía calor, los vecinos hicieron ruido"
las niñas de la escuela parecía mojada,las niñas de la escuela parecían mojadas
el te escribio una carta,él te escribió una carta
las ventanas de la escuela quedaron bastante bonita ayer,las ventanas de la escuela quedaron bastante bonitas ayer
"apenas el bus llego tarde, mi papa estaba feliz","apenas el bus llegó tarde, mi papá estaba feliz"
"Mientras es tarde, mi papa esta feliz.","Mientras es tarde, mi papá está feliz."
me parece que el te esta caliente,me parece que el té está caliente
"Manana apenas pueda, te llamare.","Mañana apenas pueda, te llamaré."
"el sabado apenas tengamos dinero, te llamo","el sábado apenas tengamos dinero, te llamo"
"si el profesor explica la leccion, ella leera un libro","si el profesor explica la lección, ella leerá un libro"
el libro del jardin parecia tan mojado otra vez,el libro del jardín parecía tan mojado otra vez
hoy mi mama estara feliz apenas llegas a casa,hoy mi mamá estará feliz apenas llegues a casa
las calles que vimos el sábado estuvo tan difíciles,las calles que vimos el sábado estuvieron tan difíciles
los niños estará tan limpios todavía,los niños estarán tan limpios todavía
las casas que vimos el sábado estaba demasiado frías,las casas que vimos el sábado estaban demasiado frías
las tareas que compré quedaron rota,las tareas que compré quedaron rotas
el te dara una sorpresa,él te dará una sorpresa
"porque no habra clases, iremos al parque","porque no habrá clases, iremos al parque"
las mesas son tan sucia todavia,las mesas son tan sucias todavía
esta semana nos quedamos en casa porque nevo en la sierra,esta semana nos quedamos en casa porque nevó en la sierra
"Siempre cuando mi papa llega del trabajo, saludo a mis amigos.","Siempre cuando mi papá llega del trabajo, saludo a mis amigos."
Se que el te presta el libro.,Sé que él te presta el libro.
los cuartos era tan lleno todavía,los cuartos eran tan llenos todavía
"mas tarde hasta que salgas de clase, me quedo aqui","más tarde hasta que salgas de clase, me quedo aquí"
"hoy mientras vienes temprano, tomamos te","hoy mientras vienes temprano, tomamos té"
mis hermanas de mi tía quedó tan grande esta mañana,mis hermanas de mi tía quedaron tan grandes esta mañana
"en la tarde mientras habia sol, mi mama preparo el cafe","en la tarde mientras había sol, mi mamá preparó el café"
"Casi siempre cuando es sabado, me pongo el abrigo.","Casi siempre cuando es sábado, me pongo el abrigo."
los perros de mi tia fue alegres esta manana,los perros de mi tía fueron alegres esta mañana
Mis primos de la cocina estaba sucio.,Mis primos de la cocina estaban sucios.
El sabado vamos a jugar cuando hagamos la compra.,El sábado vamos a jugar cuando hagamos la compra.
los niños del jardín estuvo tan mojado,los niños del jardín estuvieron tan mojados
tomamos te porque nevo en la sierra,tomamos té porque nevó en la sierra
Las tareas que trajo mi mamá está sucias hoy.,Las tareas que trajo mi mamá están sucias hoy.
"hasta que tengamos dinero, no podras salir","hasta que tengamos dinero, no podrás salir"
"En la tarde como el bebe duerme, mi hermano ve television.","En la tarde como el bebé duerme, mi hermano ve televisión."
"los sabados cuando estoy cansado, tomo te con leche","los sábados cuando estoy cansado, tomo té con leche"
"aunque todos estan aqui, mi papa estara feliz","aunque todos están aquí, mi papá estará feliz"
"Mañana cuando llego a casa, vendré a verte.","Mañana cuando llegue a casa, vendré a verte."
"esta tarde hasta que crezcas, esperame","esta tarde hasta que crezcas, espérame"
los platos de la escuela estuvo bastante nuevo,los platos de la escuela estuvieron bastante nuevos
las manzanas que vimos el sabado estara demasiado nueva hoy,las manzanas que vimos el sábado estarán demasiado nuevas hoy
Los ninos jugaron en el patio cuando me dolia la cabeza.,Los niños jugaron en el patio cuando me dolía la cabeza.
"hoy si el bebe duerme, no podemos salir","hoy si el bebé duerme, no podemos salir"
el plato de la escuela quedo muy facil esta manana,el plato de la escuela quedó muy fácil esta mañana
en la tarde ayudo a mi mama cuando tengo hambre,en la tarde ayudo a mi mamá cuando tengo hambre
todos los dias veo television siempre que llego a casa,todos los días veo televisión siempre que llego a casa
En la tarde saldre a caminar ya que hara frio.,En la tarde saldré a caminar ya que hará frío.
las manzanas quedó muy rota ayer,las manzanas quedaron muy rotas ayer
Las tareas que vimos el sábado parecían muy fácil todavía.,Las tareas que vimos el sábado parecían muy fáciles todavía.
"hoy porque estudiaste mucho, el perro durmio en el sofa","hoy porque estudiaste mucho, el perro durmió en el sofá"
"hoy cuando el bebe duerme, vamos al parque","hoy cuando el bebé duerme, vamos al parque"
"mas tarde cuando lleguemos al colegio, podras salir","más tarde cuando lleguemos al colegio, podrás salir"
Ayer mi mama estaba tranquila porque estaba oscuro.,Ayer mi mamá estaba tranquila porque estaba oscuro.
"mas tarde cuando estemos en casa, hare la cena","más tarde cuando estemos en casa, haré la cena"
Yo estudie cuando me dolia la cabeza.,Yo estudié cuando me dolía la cabeza.
Me parece que el te esta frio.,Me parece que el té está frío.
"aunque todos estaban alli, mi hermano vio television","aunque todos estaban allí, mi hermano vio televisión"
"cuando hacemos la compra, empezaremos a comer","cuando hagamos la compra, empezaremos a comer"
"mientras viniste temprano, mi papa estaba feliz","mientras viniste temprano, mi papá estaba feliz"
"cuando vuelva del trabajo, avisame","cuando vuelva del trabajo, avísame"
"porque hace frio, mi abuela cose","porque hace frío, mi abuela cose"
los gatos que trajo mi mama parecia bastante tranquilo todavia,los gatos que trajo mi mamá parecían bastante tranquilos todavía
"mas tarde cuando tengas un rato, avisame","más tarde cuando tengas un rato, avísame"
"hoy mientras no hubo clases, mi hermano vio television","hoy mientras no hubo clases, mi hermano vio televisión"
"Porque yo cocino, tomamos te.","Porque yo cocino, tomamos té."
"los sabados siempre que llego al colegio, todos comen juntos","los sábados siempre que llego al colegio, todos comen juntos"
"aunque mi papa trabaja, saldre a caminar","aunque mi papá trabaja, saldré a caminar"
Pregunta si mi mama toma te por la tarde.,Pregunta si mi mamá toma té por la tarde.
mis primos es sucio ayer,mis primos son sucios ayer
Las casas fue muy ordenada.,Las casas fueron muy ordenadas.
Mis primos de la escuela estará tan cansado.,Mis primos de la escuela estarán tan cansados.
"hasta que llegue a casa, seguire estudiando","hasta que llegue a casa, seguiré estudiando"
"esta tarde en cuanto vengas a mi casa, avisame","esta tarde en cuanto vengas a mi casa, avísame"
las niñas que compré estaba demasiado sucias esta mañana,las niñas que compré estaban demasiado sucias esta mañana
los perros quedó bastante grande esta mañana,los perros quedaron bastante grandes esta mañana
"hoy aunque hara calor, nos quedaremos en casa","hoy aunque hará calor, nos quedaremos en casa"
la flor de mi tia estuvo muy bonita otra vez,la flor de mi tía estuvo muy bonita otra vez
"El sabado ya que el profesor explica la leccion, mi mama prepara el cafe.","El sábado ya que el profesor explica la lección, mi mamá prepara el café."
el libro que vimos el sabado sera muy caro otra vez,el libro que vimos el sábado será muy caro otra vez
la calle que vi ayer esta tan vacia esta manana,la calle que vi ayer está tan vacía esta mañana
mañana te llamaré cuando empiezas a estudiar,mañana te llamaré cuando empieces a estudiar
"Esta tarde apenas estes mejor, te llamare.","Esta tarde apenas estés mejor, te llamaré."
"cuando veas la pelicula, te lo cuento","cuando veas la película, te lo cuento"
"Hoy mientras el perro ladro, no pudimos salir.","Hoy mientras el perro ladró, no pudimos salir."
el cuarto que vi ayer quedo muy ordenado,el cuarto que vi ayer quedó muy ordenado
Mi mama toma te por la tarde.,Mi mamá toma té por la tarde.
"el sabado ya que saldremos del colegio, tomaremos te","el sábado ya que saldremos del colegio, tomaremos té"
"como mis amigos vienen, mi mama esta tranquila","como mis amigos vienen, mi mamá está tranquila"
mi mama preparo el cafe apenas tu no querias,mi mamá preparó el café apenas tú no querías
los zapatos de la cocina parecia tan vacio esta manana,los zapatos de la cocina parecían tan vacíos esta mañana
"Porque todos estan aqui, yo hago la tarea.","Porque todos están aquí, yo hago la tarea."
los perros que vi ayer sera muy viejo otra vez,los perros que vi ayer serán muy viejos otra vez
Mis primos que vi ayer fue viejo hoy.,Mis primos que vi ayer fueron viejos hoy.
Todos comieron juntos apenas llovio mucho.,Todos comieron juntos apenas llovió mucho.
mi papa esta feliz siempre que hay sol,mi papá está feliz siempre que hay sol
mama dice que el te esta caliente,mamá dice que el té está caliente
"en la tarde aunque estabamos cansados, mi abuela cosio","en la tarde aunque estábamos cansados, mi abuela cosió"
Creo que prefiero el te al cafe.,Creo que prefiero el té al café.
"esta tarde en cuanto estás mejor, comeremos juntos","esta tarde en cuanto estés mejor, comeremos juntos"
"aunque no tendre dinero, mi papa estara feliz","aunque no tendré dinero, mi papá estará feliz"
Hoy mi papa esta feliz cuando ella esta enferma.,Hoy mi papá está feliz cuando ella está enferma.
Las ventanas serán tan mojada.,Las ventanas serán tan mojadas.
"mas tarde hasta que hagas la cama, no podras salir","más tarde hasta que hagas la cama, no podrás salir"
la nina que compre parecia feliz otra vez,la niña que compré parecía feliz otra vez
los zapatos de la escuela quedó nuevo hoy,los zapatos de la escuela quedaron nuevos hoy
Mas tarde hare la cena apenas llegue a casa.,Más tarde haré la cena apenas llegue a casa.
"esta semana aunque salimos del colegio, mi mama esta tranquila","esta semana aunque salimos del colegio, mi mamá está tranquila"
casi siempre salimos a jugar cuando hace frio,casi siempre salimos a jugar cuando hace frío
el sabado seguire estudiando hasta que puedes,el sábado seguiré estudiando hasta que puedas
todos los dias mi papa esta feliz cuando mi papa llega del trabajo,todos los días mi papá está feliz cuando mi papá llega del trabajo
La nina que vimos el sabado sera lista ayer.,La niña que vimos el sábado será lista ayer.
"el sabado apenas estudiaste mucho, yo hice la tarea","el sábado apenas estudiaste mucho, yo hice la tarea"
las manzanas seran muy fria hoy,las manzanas serán muy frías hoy
"Esta semana apenas hacia calor, yo estudie.","Esta semana apenas hacía calor, yo estudié."
las mesas que vimos el sábado parecían demasiado vieja todavía,las mesas que vimos el sábado parecían demasiado viejas todavía
"Ayer aunque tu no querias, todos comieron juntos.","Ayer aunque tú no querías, todos comieron juntos."
"esta semana ya que llovera mucho, no podremos salir","esta semana ya que lloverá mucho, no podremos salir"
casi siempre me pongo el abrigo cada vez que juego futbol,casi siempre me pongo el abrigo cada vez que juego fútbol
los cuartos de la escuela estará tan ordenado,los cuartos de la escuela estarán tan ordenados
"Manana cuando hagas la cama, te llamare.","Mañana cuando hagas la cama, te llamaré."
el arbol que trajo mi mama parecia limpio hoy,el árbol que trajo mi mamá parecía limpio hoy
los niños estaban sucio otra vez,los niños estaban sucios otra vez
"el sabado hasta que este listo, no salgo","el sábado hasta que esté listo, no salgo"
"como mi hermana canto, los ninos jugaron en el patio","como mi hermana cantó, los niños jugaron en el patio"
las flores que compre estuvo muy fria,las flores que compré estuvieron muy frías
el sabado todos comieron juntos cuando mi mama cocino,el sábado todos comieron juntos cuando mi mamá cocinó
mis amigos que vi ayer estuvo bonito,mis amigos que vi ayer estuvieron bonitos
"Cuando esta oscuro, salgo a caminar.","Cuando está oscuro, salgo a caminar."
"en la tarde ya que terminare la tarea, mi papa estara feliz","en la tarde ya que terminaré la tarea, mi papá estará feliz"
El te llamo ayer.,Él te llamó ayer.
los arboles que vimos el sabado estuvo dificil,los árboles que vimos el sábado estuvieron difíciles
Yo me quedare en casa aunque es tarde.,Yo me quedaré en casa aunque es tarde.
"Apenas mi papa llega del trabajo, salimos a jugar.","Apenas mi papá llega del trabajo, salimos a jugar."
"En cuanto termines de comer, te avisare.","En cuanto termines de comer, te avisaré."
los zapatos de mi tia estuvo bastante llenos todavia,los zapatos de mi tía estuvieron bastante llenos todavía
"Todos los dias cuando llego al colegio, me acuesto temprano.","Todos los días cuando llego al colegio, me acuesto temprano."
"Manana cuando tengamos dinero, empezaremos a comer.","Mañana cuando tengamos dinero, empezaremos a comer."
el te quiere mucho,él te quiere mucho
Los zapatos de la escuela estuvo demasiado bonito.,Los zapatos de la escuela estuvieron demasiado bonitos.
"el sábado cuando haces la cama, jugaré con mis amigos","el sábado cuando hagas la cama, jugaré con mis amigos"
las flores que vimos el sabado estara muy facil,las flores que vimos el sábado estarán muy fáciles
"los sabados siempre que llego a casa, descanso un rato","los sábados siempre que llego a casa, descanso un rato"
"el sabado cuando hace calor, mi hermano ve television","el sábado cuando hace calor, mi hermano ve televisión"
no pudimos salir porque hacia frio,no pudimos salir porque hacía frío
la tarea esta facil,la tarea está fácil
mi amigo que vimos el sabado esta sucio,mi amigo que vimos el sábado está sucio
mis primos de mi tía parecía demasiado triste ayer,mis primos de mi tía parecían demasiado tristes ayer
"Porque mis amigos vendran, el perro dormira en el sofa.","Porque mis amigos vendrán, el perro dormirá en el sofá."
"El sábado cuando veo a mi abuela, veremos la película.","El sábado cuando vea a mi abuela, veremos la película."
"Hoy porque me dolia la cabeza, nos quedamos en casa.","Hoy porque me dolía la cabeza, nos quedamos en casa."
los niños que trajo mi mamá estaba bastante contento,los niños que trajo mi mamá estaban bastante contentos
"manana si todos estan aqui, yo hare la tarea","mañana si todos están aquí, yo haré la tarea"
los vecinos hicieron ruido apenas el bebe dormia,los vecinos hicieron ruido apenas el bebé dormía
esperaremos aquí hasta que vengo de la escuela,esperaremos aquí hasta que venga de la escuela
dice que el te esta en la mesa,dice que el té está en la mesa
"aunque el perro ladro, el perro durmio en el sofa","aunque el perro ladró, el perro durmió en el sofá"
"ya que el perro ladra, mi hermano ve television","ya que el perro ladra, mi hermano ve televisión"
"apenas suena el timbre, ayudo a mi mama","apenas suena el timbre, ayudo a mi mamá"
"Esta tarde apenas vea a mi abuela, te llamare.","Esta tarde apenas vea a mi abuela, te llamaré."
el sabado sali a caminar ya que mi hermana canto,el sábado salí a caminar ya que mi hermana cantó
mis primos que vimos el sábado están tan sucio esta mañana,mis primos que vimos el sábado están tan sucios esta mañana
"Como ella estaba enferma, mi hermano vio television.","Como ella estaba enferma, mi hermano vio televisión."
los zapatos que compré es tan ordenado,los zapatos que compré son tan ordenados
"ayer porque tuve tiempo, mi hermano vio television","ayer porque tuve tiempo, mi hermano vio televisión"
"siempre que tengo hambre, mi papa esta feliz","siempre que tengo hambre, mi papá está feliz"
la casa parecia muy llena todavia,la casa parecía muy llena todavía
las manzanas que me regalaron parecia limpia otra vez,las manzanas que me regalaron parecían limpias otra vez
la mesa que compre era muy cara hoy,la mesa que compré era muy cara hoy
Las tareas que vi ayer estaba muy difícil.,Las tareas que vi ayer estaban muy difíciles.
"Hoy mientras mi mama cocino, los vecinos hicieron ruido.","Hoy mientras mi mamá cocinó, los vecinos hicieron ruido."
mas tarde te lo contare apenas volvamos a casa,más tarde te lo contaré apenas volvamos a casa
"cuando vienes a mi casa, comeremos juntos","cuando vengas a mi casa, comeremos juntos"
"todos los dias cada vez que llego al colegio, estoy tranquilo","todos los días cada vez que llego al colegio, estoy tranquilo"
mis hermanas de la escuela son lista otra vez,mis hermanas de la escuela son listas otra vez
manana esperame cuando podamos,mañana espérame cuando podamos
Las tareas que me regalaron parece tan rica.,Las tareas que me regalaron parecen tan ricas.
las mesas que vi ayer están cara hoy,las mesas que vi ayer están caras hoy
las manzanas que compré estuvo demasiado bonita otra vez,las manzanas que compré estuvieron demasiado bonitas otra vez
"Esta semana apenas mi hermana canto, yo estudie.","Esta semana apenas mi hermana cantó, yo estudié."
"En la tarde cuando tengo tiempo, veo television.","En la tarde cuando tengo tiempo, veo televisión."
parece que el te llamo ayer,parece que él te llamó ayer
"apenas llueve, mi mama prepara el cafe","apenas llueve, mi mamá prepara el café"
"aunque termine la tarea, el perro durmio en el sofa","aunque terminé la tarea, el perro durmió en el sofá"
"hoy si estudias mucho, mi papa estara feliz","hoy si estudias mucho, mi papá estará feliz"
el sabado sacare buena nota ya que terminare la tarea,el sábado sacaré buena nota ya que terminaré la tarea
"Cuando vuelvo del trabajo, veremos la película.","Cuando vuelva del trabajo, veremos la película."
mi primo que me regalaron parece muy sucio esta manana,mi primo que me regalaron parece muy sucio esta mañana
En la tarde mi abuela cosio apenas era tarde.,En la tarde mi abuela cosió apenas era tarde.
las tareas que vimos el sábado estará difícil otra vez,las tareas que vimos el sábado estarán difíciles otra vez
El sabado mi hermano vera television ya que mi hermana cantara.,El sábado mi hermano verá televisión ya que mi hermana cantará.
"El sabado mientras el bebe duerme, vamos al parque.","El sábado mientras el bebé duerme, vamos al parque."
todos los dias descanso un rato cuando salgo del colegio,todos los días descanso un rato cuando salgo del colegio
El zapato que vi ayer estara muy rico hoy.,El zapato que vi ayer estará muy rico hoy.
"Más tarde cuando es de noche, me acostaré.","Más tarde cuando sea de noche, me acostaré."
mi papa estaba feliz ya que llegue a casa,mi papá estaba feliz ya que llegué a casa
"cuando tienes un rato, no te preocupes","cuando tengas un rato, no te preocupes"
el perro dormira en el sofa aunque terminare la tarea,el perro dormirá en el sofá aunque terminaré la tarea
el perro de mi tia sera demasiado feliz,el perro de mi tía será demasiado feliz
mi mama esta tranquila si tengo tiempo,mi mamá está tranquila si tengo tiempo
el sabado llamame en cuanto lleguemos al colegio,el sábado llámame en cuanto lleguemos al colegio
"Ya que esta oscuro, no podemos salir.","Ya que está oscuro, no podemos salir."
todos los dias descanso un rato cuando veo a mi abuela,todos los días descanso un rato cuando veo a mi abuela
No pudimos salir apenas mi hermana canto.,No pudimos salir apenas mi hermana cantó.
"Porque terminare la tarea, no podremos salir.","Porque terminaré la tarea, no podremos salir."
"el sabado porque estudiaste mucho, mi mama estaba tranquila","el sábado porque estudiaste mucho, mi mamá estaba tranquila"
"todos los dias cuando juego futbol, mi mama prepara el cafe","todos los días cuando juego fútbol, mi mamá prepara el café"
la nina del jardin es muy sucia esta manana,la niña del jardín es muy sucia esta mañana
"el sabado cuando vengas a mi casa, te lo dire","el sábado cuando vengas a mi casa, te lo diré"
mis primos quedo muy grande todavia,mis primos quedaron muy grandes todavía
hoy mi mama estara feliz apenas llegues a casa,hoy mi mamá estará feliz apenas llegues a casa
"El sabado si llego a casa, los vecinos hacen ruido.","El sábado si llego a casa, los vecinos hacen ruido."
el sabado tomamos te cuando no tenia dinero,el sábado tomamos té cuando no tenía dinero
el plato que vimos el sabado estara tan ordenado,el plato que vimos el sábado estará tan ordenado
Los gatos de la cocina estará bastante limpio.,Los gatos de la cocina estarán bastante limpios.
"apenas llovio mucho, el perro durmio en el sofa","apenas llovió mucho, el perro durmió en el sofá"
Me parece que el te se enfrio.,Me parece que el té se enfrió.
"En la tarde apenas es sabado, mi papa esta feliz.","En la tarde apenas es sábado, mi papá está feliz."
Las manzanas será vieja otra vez.,Las manzanas serán viejas otra vez.
mis amigos de mi tia parecia muy cansados todavia,mis amigos de mi tía parecían muy cansados todavía
"En cuanto empiezas a estudiar, llámame.","En cuanto empieces a estudiar, llámame."
los árboles que me regalaron estaban muy nuevo,los árboles que me regalaron estaban muy nuevos
Esta tarde espérame cuando vuelvo del trabajo.,Esta tarde espérame cuando vuelva del trabajo.
Las tareas será tan rica todavía.,Las tareas serán tan ricas todavía.
"en cuanto terminamos el examen, escríbeme","en cuanto terminemos el examen, escríbeme"
las flores que vi ayer estaban demasiado rota ayer,las flores que vi ayer estaban demasiado rotas ayer
"como me dolia la cabeza, el perro durmio en el sofa","como me dolía la cabeza, el perro durmió en el sofá"
"Siempre que hace frio, mi mama prepara el cafe.","Siempre que hace frío, mi mamá prepara el café."
mis hermanas que vimos el sábado estaba tranquila,mis hermanas que vimos el sábado estaban tranquilas
hoy yo hare la tarea si llueve mucho,hoy yo haré la tarea si llueve mucho
los árboles que me regalaron estuvieron fácil esta mañana,los árboles que me regalaron estuvieron fáciles esta mañana
mi mama estara feliz aunque el bus llegara tarde,mi mamá estará feliz aunque el bus llegará tarde
"hoy como termino la tarea, el perro duerme en el sofa","hoy como termino la tarea, el perro duerme en el sofá"
"hasta que estoy listo, no comeremos","hasta que esté listo, no comeremos"
los niños que vimos el sábado estará tan alegres,los niños que vimos el sábado estarán tan alegres
mi hermano vio television apenas viniste temprano,mi hermano vio televisión apenas viniste temprano
Las tareas que compré serán sucia.,Las tareas que compré serán sucias.
"Apenas tengo hambre, mi papa esta feliz.","Apenas tengo hambre, mi papá está feliz."
"siempre que suena el timbre, mi papa esta feliz","siempre que suena el timbre, mi papá está feliz"
"esta semana como vienes temprano, mi mama prepara el cafe","esta semana como vienes temprano, mi mamá prepara el café"
"Todos los dias cuando termino la tarea, veo television.","Todos los días cuando termino la tarea, veo televisión."
Todos los dias me pongo contento cada vez que mi papa llega del trabajo.,Todos los días me pongo contento cada vez que mi papá llega del trabajo.
Las calles que vi ayer está mojada otra vez.,Las calles que vi ayer están mojadas otra vez.
los libros de mi tía era limpio todavía,los libros de mi tía eran limpios todavía
"más tarde hasta que sales de clase, no comeremos","más tarde hasta que salgas de clase, no comeremos"
las ninas que vi ayer eran demasiado contenta otra vez,las niñas que vi ayer eran demasiado contentas otra vez
mis primos que vimos el sábado está muy grande todavía,mis primos que vimos el sábado están muy grandes todavía
las tareas que me regalaron quedó demasiado ordenadas,las tareas que me regalaron quedaron demasiado ordenadas
Salimos a jugar cuando mi papa llega del trabajo.,Salimos a jugar cuando mi papá llega del trabajo.
"el sabado como viniste temprano, no pudimos salir","el sábado como viniste temprano, no pudimos salir"
Los cuadernos de mi tía estará demasiado caro esta mañana.,Los cuadernos de mi tía estarán demasiado caros esta mañana.
"En cuanto terminas de comer, te avisaré.","En cuanto termines de comer, te avisaré."
esta semana mi abuela cosio apenas yo cocine,esta semana mi abuela cosió apenas yo cociné
mama dice que el te de mi abuela esta delicioso,mamá dice que el té de mi abuela está delicioso
esta tarde avísame cuando tienes un rato,esta tarde avísame cuando tengas un rato
"En la tarde cuando mi hermana canto, yo me quede en casa.","En la tarde cuando mi hermana cantó, yo me quedé en casa."
"En la tarde porque mis amigos vinieron, ella leyo un libro.","En la tarde porque mis amigos vinieron, ella leyó un libro."
llámame en cuanto sales de clase,llámame en cuanto salgas de clase
te avisare cuando puedo,te avisaré cuando pueda
los platos quedo demasiado lleno hoy,los platos quedaron demasiado llenos hoy
las calles que compre esta muy nueva,las calles que compré están muy nuevas
los ninos del jardin quedo demasiado limpio todavia,los niños del jardín quedaron demasiado limpios todavía
"Aunque el bus llega tarde, mi mama preparara el cafe.","Aunque el bus llega tarde, mi mamá preparará el café."
"cuando mi papa llega del trabajo, ayudo a mi mama","cuando mi papá llega del trabajo, ayudo a mi mamá"
los ninos de la cocina estan feliz ayer,los niños de la cocina están felices ayer
los ninos esta alegre,los niños están alegres
salgo a caminar mientras el bebe duerme,salgo a caminar mientras el bebé duerme
los cuadernos de la cocina estuvo muy roto otra vez,los cuadernos de la cocina estuvieron muy rotos otra vez
Los cuadernos del jardín quedó bastante difícil.,Los cuadernos del jardín quedaron bastante difíciles.
mas tarde te llamo cuando podamos,más tarde te llamo cuando podamos
"Aunque estaremos cansados, jugare con mis amigos.","Aunque estaremos cansados, jugaré con mis amigos."
"El sabado cuando este listo, veremos la pelicula.","El sábado cuando esté listo, veremos la película."
El te esta muy dulce.,El té está muy dulce.
esta semana nos quedamos en casa apenas habia sol,esta semana nos quedamos en casa apenas había sol
"esta semana aunque hara frio, mi mama preparara el cafe","esta semana aunque hará frío, mi mamá preparará el café"
"cuando mi mama cocino, no pudimos salir","cuando mi mamá cocinó, no pudimos salir"
las manzanas parece bastante rota,las manzanas parecen bastante rotas
"Todos los dias cada vez que tengo hambre, estoy tranquilo.","Todos los días cada vez que tengo hambre, estoy tranquilo."
"todos los dias siempre que estoy cansado, hago la tarea","todos los días siempre que estoy cansado, hago la tarea"
ayer el perro durmio en el sofa apenas habia sol,ayer el perro durmió en el sofá apenas había sol
mas tarde jugare con mis amigos cuando hagamos la compra,más tarde jugaré con mis amigos cuando hagamos la compra
el perro dormira en el sofa porque mi mama cocinara,el perro dormirá en el sofá porque mi mamá cocinará
siempre me lavo las manos siempre que es sabado,siempre me lavo las manos siempre que es sábado
"En la tarde apenas tengo tiempo, tomo te con leche.","En la tarde apenas tengo tiempo, tomo té con leche."
El cuarto esta grande.,El cuarto está grande.
"hoy cuando esta oscuro, ella lee un libro","hoy cuando está oscuro, ella lee un libro"
"Siempre que llueve, veo television.","Siempre que llueve, veo televisión."
el te esta listo,el té está listo
"manana hasta que salgamos de casa, no me acostare","mañana hasta que salgamos de casa, no me acostaré"
"como esta oscuro, vamos al parque","como está oscuro, vamos al parque"
Veo television cada vez que es sabado.,Veo televisión cada vez que es sábado.
"Casi siempre cuando hace frio, tomo te con leche.","Casi siempre cuando hace frío, tomo té con leche."
mama dice que el te se enfrio,mamá dice que el té se enfrió
La nina que compre era muy triste otra vez.,La niña que compré era muy triste otra vez.
Más tarde esperaremos aquí hasta que vienes a mi casa.,Más tarde esperaremos aquí hasta que vengas a mi casa.
El gato es viejo todavia.,El gato es viejo todavía.
"cuando el bebe dormia, mi mama preparo el cafe","cuando el bebé dormía, mi mamá preparó el café"
los cuadernos parecía tan grande todavía,los cuadernos parecían tan grandes todavía
Todos los dias tomo te con leche cada vez que vamos al parque.,Todos los días tomo té con leche cada vez que vamos al parque.
"los sabados cuando leo un libro, veo television","los sábados cuando leo un libro, veo televisión"
casi siempre todos comen juntos apenas hace frio,casi siempre todos comen juntos apenas hace frío
las niñas que vimos el sábado quedó muy feliz,las niñas que vimos el sábado quedaron muy felices
los niños es tristes esta mañana,los niños son tristes esta mañana
"Porque estamos cansados, mi mama esta tranquila.","Porque estamos cansados, mi mamá está tranquila."
hoy iremos a la piscina cuando llego a casa,hoy iremos a la piscina cuando llegue a casa
La tarea sera muy pequena.,La tarea será muy pequeña.
"Si tu no quieres, los ninos jugaran en el patio.","Si tú no quieres, los niños jugarán en el patio."
la calle que vi ayer es demasiado nueva todavia,la calle que vi ayer es demasiado nueva todavía
no se si quiero un te con leche,no sé si quiero un té con leche
los zapatos estaban rico todavia,los zapatos estaban ricos todavía
"hoy cuando estes mejor, nos vamos","hoy cuando estés mejor, nos vamos"
las tareas parece muy grandes otra vez,las tareas parecen muy grandes otra vez
"hoy cuando estemos en casa, vendre a verte","hoy cuando estemos en casa, vendré a verte"
Me parece que prefiero el te al cafe.,Me parece que prefiero el té al café.
creo que el te esta listo,creo que el té está listo
"esta semana si mi mama cocina, tomaremos te","esta semana si mi mamá cocina, tomaremos té"
mis amigos del jardín fueron bastante grande esta mañana,mis amigos del jardín fueron bastante grandes esta mañana
"aunque ella esta enferma, vamos al parque","aunque ella está enferma, vamos al parque"
las manzanas parecían vieja hoy,las manzanas parecían viejas hoy
los gatos eran bastante viejo todavia,los gatos eran bastante viejos todavía
el sabado todos comieron juntos aunque era tarde,el sábado todos comieron juntos aunque era tarde
las calles era bastante ordenada,las calles eran bastante ordenadas
mi hermano vio television apenas mi papa trabajo,mi hermano vio televisión apenas mi papá trabajó
la ventana que vi ayer estaba muy fria,la ventana que vi ayer estaba muy fría
"esta semana como esta oscuro, los vecinos hacen ruido","esta semana como está oscuro, los vecinos hacen ruido"
"como el bus llego tarde, yo hice la tarea","como el bus llegó tarde, yo hice la tarea"
"mas tarde cuando salgas de clase, nos vamos","más tarde cuando salgas de clase, nos vamos"
en la tarde tomaremos te aunque tendre tiempo,en la tarde tomaremos té aunque tendré tiempo
"los sabados cuando llueve, tomo te con leche","los sábados cuando llueve, tomo té con leche"
hoy todos comen juntos si hace frio,hoy todos comen juntos si hace frío
las flores de la cocina estara demasiado grande todavia,las flores de la cocina estarán demasiado grandes todavía
"Ayer aunque hacia frio, mi mama estaba tranquila.","Ayer aunque hacía frío, mi mamá estaba tranquila."
Tomamos te ya que tu no querias.,Tomamos té ya que tú no querías.
los zapatos son bastante vacío,los zapatos son bastante vacíos
"esta semana aunque el profesor explica la leccion, mi papa esta feliz","esta semana aunque el profesor explica la lección, mi papá está feliz"
los niños que me regalaron estará pequeño hoy,los niños que me regalaron estarán pequeños hoy
el te ayuda con la tarea,él te ayuda con la tarea
"como mi papa trabaja, el perro duerme en el sofa","como mi papá trabaja, el perro duerme en el sofá"
las calles de la escuela eran muy limpia hoy,las calles de la escuela eran muy limpias hoy
"cuando termino la tarea, avisame","cuando termine la tarea, avísame"
los libros estuvo tan ordenado esta manana,los libros estuvieron tan ordenados esta mañana
los cuadernos que vimos el sábado parecía muy fácil,los cuadernos que vimos el sábado parecían muy fáciles
los gatos del jardín parece alegre,los gatos del jardín parecen alegres
"apenas leo un libro, mi mama prepara el cafe","apenas leo un libro, mi mamá prepara el café"
mama dice que el te ayuda con la tarea,mamá dice que él te ayuda con la tarea
Las flores que vimos el sábado era muy mojadas ayer.,Las flores que vimos el sábado eran muy mojadas ayer.
"los sabados siempre que salgo del colegio, mi mama prepara el cafe","los sábados siempre que salgo del colegio, mi mamá prepara el café"
"Hoy mientras llueve mucho, mi mama prepara el cafe.","Hoy mientras llueve mucho, mi mamá prepara el café."
"Apenas todos estaban alli, yo estudie.","Apenas todos estaban allí, yo estudié."
los niños de mi tía está muy alegre esta mañana,los niños de mi tía están muy alegres esta mañana
las tareas que vimos el sabado estaba demasiado mojada esta manana,las tareas que vimos el sábado estaban demasiado mojadas esta mañana
La casa de la cocina estara muy bonita.,La casa de la cocina estará muy bonita.
"el sabado como no tengo dinero, todos comen juntos","el sábado como no tengo dinero, todos comen juntos"
las flores que vimos el sábado estaba tan rotas todavía,las flores que vimos el sábado estaban tan rotas todavía
"en la tarde siempre que tengo tiempo, veo television","en la tarde siempre que tengo tiempo, veo televisión"
Tomamos te mientras llovio mucho.,Tomamos té mientras llovió mucho.
"si esta oscuro, yo estudio","si está oscuro, yo estudio"
las ventanas que vimos el sabado estuvieron muy facil todavia,las ventanas que vimos el sábado estuvieron muy fáciles todavía
las ninas es tan tranquila,las niñas son tan tranquilas
los cuartos de la cocina parece muy lleno esta mañana,los cuartos de la cocina parecen muy llenos esta mañana
El sabado nos quedamos en casa mientras era tarde.,El sábado nos quedamos en casa mientras era tarde.
mis hermanas de la cocina será grande,mis hermanas de la cocina serán grandes
Todos los dias veo television cuando tengo tiempo.,Todos los días veo televisión cuando tengo tiempo.
No se si ese te esta amargo.,No sé si ese té está amargo.
mis primos que trajo mi mamá parece muy viejo otra vez,mis primos que trajo mi mamá parecen muy viejos otra vez
la flor que trajo mi mama parecia dificil esta manana,la flor que trajo mi mamá parecía difícil esta mañana
"manana en cuanto pueda, nos vamos","mañana en cuanto pueda, nos vamos"
"si todos estan aqui, nos quedamos en casa","si todos están aquí, nos quedamos en casa"
los libros de la escuela parece tan difícil hoy,los libros de la escuela parecen tan difíciles hoy
las ventanas será difíciles,las ventanas serán difíciles
"En cuanto hacemos la compra, saldremos a pasear.","En cuanto hagamos la compra, saldremos a pasear."
las tareas que compré era mojada,las tareas que compré eran mojadas
"mientras termino la tarea, tomamos te","mientras termino la tarea, tomamos té"
"Si estamos cansados, tomamos te.","Si estamos cansados, tomamos té."
"mas tarde cuando empieces a estudiar, te aviso","más tarde cuando empieces a estudiar, te aviso"
"Hoy apenas puedo, saldremos a pasear.","Hoy apenas pueda, saldremos a pasear."
"Hoy como mi papa trabajo, yo hice la tarea.","Hoy como mi papá trabajó, yo hice la tarea."
"Manana aunque llegare tarde, el perro dormira en el sofa.","Mañana aunque llegaré tarde, el perro dormirá en el sofá."
Las casas del jardín parecía bastante vacía ayer.,Las casas del jardín parecían bastante vacías ayer.
"el sabado cuando terminemos el examen, te aviso","el sábado cuando terminemos el examen, te aviso"
"hasta que venga de la escuela, no saldre","hasta que venga de la escuela, no saldré"
mis hermanas que vi ayer quedó muy pequeña ayer,mis hermanas que vi ayer quedaron muy pequeñas ayer
"Cuando mis amigos vinieron, mi mama preparo el cafe.","Cuando mis amigos vinieron, mi mamá preparó el café."
"Apenas vengas a mi casa, me acostare.","Apenas vengas a mi casa, me acostaré."
hoy me acostaré cuando hacemos la compra,hoy me acostaré cuando hagamos la compra
Pregunta si ese te esta amargo.,Pregunta si ese té está amargo.
"en la tarde como mi papa trabajo, yo estudie","en la tarde como mi papá trabajó, yo estudié"
"En la tarde como hacia frio, mi mama preparo el cafe.","En la tarde como hacía frío, mi mamá preparó el café."
"todos los dias cada vez que estoy cansado, mi perro se pone feliz","todos los días cada vez que estoy cansado, mi perro se pone feliz"
"Cuando ves la película, me acostaré.","Cuando veas la película, me acostaré."
"cuando crezcas, descansare","cuando crezcas, descansaré"
"Manana si el bus llega tarde, no podremos salir.","Mañana si el bus llega tarde, no podremos salir."
las niñas que me regalaron estaba muy pequeñas ayer,las niñas que me regalaron estaban muy pequeñas ayer
las calles de la cocina fue pequeña hoy,las calles de la cocina fueron pequeñas hoy
Mi mama estara feliz si es tarde.,Mi mamá estará feliz si es tarde.
El cuarto de la cocina quedo muy nuevo.,El cuarto de la cocina quedó muy nuevo.
"hoy porque saldremos del colegio, yo hare la tarea","hoy porque saldremos del colegio, yo haré la tarea"
"cuando sea de noche, llamame","cuando sea de noche, llámame"
mis primos de la cocina estará bonito,mis primos de la cocina estarán bonitos
manana te avisare cuando vuelva del trabajo,mañana te avisaré cuando vuelva del trabajo
siempre mi mama prepara el cafe siempre que mi papa llega del trabajo,siempre mi mamá prepara el café siempre que mi papá llega del trabajo
los platos de la escuela parecía bastante difíciles,los platos de la escuela parecían bastante difíciles
las niñas que compré fueron bastante cansada hoy,las niñas que compré fueron bastante cansadas hoy
"hoy aunque todos estaban alli, nos quedamos en casa","hoy aunque todos estaban allí, nos quedamos en casa"
las mesas que compre es muy vacia esta manana,las mesas que compré son muy vacías esta mañana
"como el perro ladra, tomamos te","como el perro ladra, tomamos té"
"mas tarde en cuanto salga del colegio, te aviso","más tarde en cuanto salga del colegio, te aviso"
"cuando es sabado, nos quedamos en casa","cuando es sábado, nos quedamos en casa"
"en cuanto tengas un rato, escribeme","en cuanto tengas un rato, escríbeme"
"si el profesor explica la leccion, nos quedaremos en casa","si el profesor explica la lección, nos quedaremos en casa"
los libros parecia lleno,los libros parecían llenos
Ayer los vecinos hicieron ruido apenas el perro ladro.,Ayer los vecinos hicieron ruido apenas el perro ladró.
"hoy apenas llovio mucho, los ninos jugaron en el patio","hoy apenas llovió mucho, los niños jugaron en el patio"
"ayer apenas tuve tiempo, mi papa estaba feliz","ayer apenas tuve tiempo, mi papá estaba feliz"
el sabado iremos al parque porque vendras temprano,el sábado iremos al parque porque vendrás temprano
"Los sabados siempre que mi mama cocina, tomo te con leche.","Los sábados siempre que mi mamá cocina, tomo té con leche."
"Como viniste temprano, tomamos te.","Como viniste temprano, tomamos té."
"hoy ya que estudiaste mucho, sali a caminar","hoy ya que estudiaste mucho, salí a caminar"
La manzana de la escuela quedo tan dificil esta manana.,La manzana de la escuela quedó tan difícil esta mañana.
"ayer aunque todos estaban alli, sali a caminar","ayer aunque todos estaban allí, salí a caminar"
sacare buena nota porque estara oscuro,sacaré buena nota porque estará oscuro
"los sabados cuando vamos al parque, mi papa esta feliz","los sábados cuando vamos al parque, mi papá está feliz"
manana mi mama preparara el cafe aunque vendras temprano,mañana mi mamá preparará el café aunque vendrás temprano
"Mañana hasta que terminamos el examen, no saldré.","Mañana hasta que terminemos el examen, no saldré."
"Hoy apenas volvamos a casa, te lo contare.","Hoy apenas volvamos a casa, te lo contaré."
"Los sabados siempre que es sabado, descanso un rato.","Los sábados siempre que es sábado, descanso un rato."
los sabados estoy tranquilo apenas juego futbol,los sábados estoy tranquilo apenas juego fútbol
los zapatos de la escuela era tan rico,los zapatos de la escuela eran tan ricos
los zapatos que vi ayer fueron bonito,los zapatos que vi ayer fueron bonitos
las manzanas del jardin quedaron muy vieja todavia,las manzanas del jardín quedaron muy viejas todavía
los cuartos que vimos el sábado estaba sucio todavía,los cuartos que vimos el sábado estaban sucios todavía
"el sabado si yo cocino, mi papa esta feliz","el sábado si yo cocino, mi papá está feliz"
mis amigos de mi tía está demasiado tranquilo,mis amigos de mi tía están demasiado tranquilos
los zapatos quedo muy viejo esta manana,los zapatos quedaron muy viejos esta mañana
"cuando ella esta enferma, los vecinos hacen ruido","cuando ella está enferma, los vecinos hacen ruido"
"esta tarde cuando hagas la cama, vendre a verte","esta tarde cuando hagas la cama, vendré a verte"
"el sabado como yo cocino, mi mama prepara el cafe","el sábado como yo cocino, mi mamá prepara el café"
"ayer ya que hacia frio, mi hermano vio television","ayer ya que hacía frío, mi hermano vio televisión"
Mis hermanas que vi ayer quedó demasiado cansadas otra vez.,Mis hermanas que vi ayer quedaron demasiado cansadas otra vez.
"Apenas estudiaste mucho, mi hermano vio television.","Apenas estudiaste mucho, mi hermano vio televisión."
"aunque nevo en la sierra, ella leyo un libro","aunque nevó en la sierra, ella leyó un libro"
Salgo a caminar mientras todos estan aqui.,Salgo a caminar mientras todos están aquí.
"esta tarde cuando lleguemos al colegio, mi mama estara feliz","esta tarde cuando lleguemos al colegio, mi mamá estará feliz"
los platos sera caro,los platos serán caros
mi primo que vi ayer estuvo demasiado alegre esta manana,mi primo que vi ayer estuvo demasiado alegre esta mañana
"cada vez que llego a casa, ayudo a mi mama","cada vez que llego a casa, ayudo a mi mamá"
"porque termine la tarea, mi mama estaba tranquila","porque terminé la tarea, mi mamá estaba tranquila"
mis amigos que vimos el sabado era triste,mis amigos que vimos el sábado eran tristes
"el sabado porque hara calor, jugare con mis amigos","el sábado porque hará calor, jugaré con mis amigos"
"Cuando salimos de casa, espérame.","Cuando salgamos de casa, espérame."
"hoy si los ninos juegan en el patio, nos quedamos en casa","hoy si los niños juegan en el patio, nos quedamos en casa"
"ya que mi mama cocina, el perro duerme en el sofa","ya que mi mamá cocina, el perro duerme en el sofá"
manana saldremos a pasear en cuanto llegues a casa,mañana saldremos a pasear en cuanto llegues a casa
Las tareas están muy rica esta mañana.,Las tareas están muy ricas esta mañana.
"Cuando juego futbol, ella lee un libro.","Cuando juego fútbol, ella lee un libro."
"hoy apenas mi hermana canto, todos comieron juntos","hoy apenas mi hermana cantó, todos comieron juntos"
mis amigos de la escuela parece bastante cansados todavia,mis amigos de la escuela parecen bastante cansados todavía
casi siempre ayudo a mi mama siempre que suena el timbre,casi siempre ayudo a mi mamá siempre que suena el timbre
los cuartos que compre parecia muy pequeno,los cuartos que compré parecían muy pequeños
te llamare cuando empiece las clases,te llamaré cuando empiece las clases
"como estamos cansados, mi hermano ve television","como estamos cansados, mi hermano ve televisión"
los sabados me duele la cabeza cuando veo a mi abuela,los sábados me duele la cabeza cuando veo a mi abuela
mi abuela cosio apenas hacia calor,mi abuela cosió apenas hacía calor
"cuando tengo hambre, mi mama prepara el cafe","cuando tengo hambre, mi mamá prepara el café"
"mientras hacia calor, yo me quede en casa","mientras hacía calor, yo me quedé en casa"
las casas que trajo mi mamá estaba muy nueva otra vez,las casas que trajo mi mamá estaban muy nuevas otra vez
"como estudiaste mucho, los ninos jugaron en el patio","como estudiaste mucho, los niños jugaron en el patio"
la mesa que compre es muy llena ayer,la mesa que compré es muy llena ayer
hoy vamos al parque ya que esta oscuro,hoy vamos al parque ya que está oscuro
nos quedaremos en casa aunque mi papa trabajara,nos quedaremos en casa aunque mi papá trabajará
El perro que vimos el sabado quedo muy triste esta manana.,El perro que vimos el sábado quedó muy triste esta mañana.
manana saldremos a pasear cuando crezca,mañana saldremos a pasear cuando crezca
los sabados me acuesto temprano cuando leo un libro,los sábados me acuesto temprano cuando leo un libro
"todos los dias cada vez que llueve, me pongo el abrigo","todos los días cada vez que llueve, me pongo el abrigo"
"esta semana como llego a casa, mi mama esta tranquila","esta semana como llego a casa, mi mamá está tranquila"
Me acostare cuando pueda.,Me acostaré cuando pueda.
"ayer apenas viniste temprano, mi hermano vio television","ayer apenas viniste temprano, mi hermano vio televisión"
esta semana yo me quedare en casa aunque vendras temprano,esta semana yo me quedaré en casa aunque vendrás temprano
"hoy mientras era tarde, sali a caminar","hoy mientras era tarde, salí a caminar"
los ninos de la cocina estuvo bastante mojado otra vez,los niños de la cocina estuvieron bastante mojados otra vez
Los platos parecía sucios esta mañana.,Los platos parecían sucios esta mañana.
los ninos de mi tia fue muy tristes otra vez,los niños de mi tía fueron muy tristes otra vez
"en cuanto pueda, hare la cena","en cuanto pueda, haré la cena"
"ayer como estaba oscuro, mi papa estaba feliz","ayer como estaba oscuro, mi papá estaba feliz"
los árboles que me regalaron quedó demasiado nuevo,los árboles que me regalaron quedaron demasiado nuevos
"si hace frio, tomaremos te","si hace frío, tomaremos té"
en la tarde mi papa esta feliz cuando veo a mi abuela,en la tarde mi papá está feliz cuando veo a mi abuela
"mas tarde cuando estes mejor, hacemos la tarea","más tarde cuando estés mejor, hacemos la tarea"
"como los ninos jugaban en el patio, fuimos al parque","como los niños jugaban en el patio, fuimos al parque"
"aunque estara oscuro, jugare con mis amigos","aunque estará oscuro, jugaré con mis amigos"
"ya que mi papa trabaja, mi papa esta feliz","ya que mi papá trabaja, mi papá está feliz"
el nino que vi ayer esta feliz esta manana,el niño que vi ayer está feliz esta mañana
"apenas puedes, comeremos juntos","apenas puedas, comeremos juntos"
"hoy mientras tu no quieres, el perro duerme en el sofa","hoy mientras tú no quieres, el perro duerme en el sofá"
"hoy cuando crezco, llámame","hoy cuando crezca, llámame"
el gato que vimos el sabado estaba bastante viejo,el gato que vimos el sábado estaba bastante viejo
"Hoy apenas habia sol, mi mama estaba tranquila.","Hoy apenas había sol, mi mamá estaba tranquila."
"Cuando viniste temprano, mi abuela cosio.","Cuando viniste temprano, mi abuela cosió."
las ninas que vimos el sabado estuvo muy sucia,las niñas que vimos el sábado estuvieron muy sucias
mis hermanas de la escuela era muy tranquila ayer,mis hermanas de la escuela eran muy tranquilas ayer
esta tarde te lo dire cuando vuelva del trabajo,esta tarde te lo diré cuando vuelva del trabajo
los gatos que me regalaron parecían muy cansado ayer,los gatos que me regalaron parecían muy cansados ayer
"Mas tarde cuando veas la pelicula, te lo contare.","Más tarde cuando veas la película, te lo contaré."
hoy iremos a la piscina apenas puedes,hoy iremos a la piscina apenas puedas
los perros que compré está bastante viejo ayer,los perros que compré están bastante viejos ayer
El perro que me regalaron parecia muy listo hoy.,El perro que me regalaron parecía muy listo hoy.
los ninos jugaran en el patio ya que estudiaras mucho,los niños jugarán en el patio ya que estudiarás mucho
La ventana del jardin fue sucia.,La ventana del jardín fue sucia.
los libros será limpio esta mañana,los libros serán limpios esta mañana
"todos los dias siempre que llego al colegio, tomo te con leche","todos los días siempre que llego al colegio, tomo té con leche"
el nino que vimos el sabado estaba muy tranquilo,el niño que vimos el sábado estaba muy tranquilo
mis amigos que me regalaron estara demasiado viejo ayer,mis amigos que me regalaron estarán demasiado viejos ayer
más tarde no me acostaré hasta que sales de clase,más tarde no me acostaré hasta que salgas de clase
"manana porque los ninos jugaran en el patio, mi hermano vera television","mañana porque los niños jugarán en el patio, mi hermano verá televisión"
el gato del jardin parece muy sucio otra vez,el gato del jardín parece muy sucio otra vez
yo me quedo en casa si el bebe duerme,yo me quedo en casa si el bebé duerme
el sabado los vecinos hacen ruido mientras mis amigos vienen,el sábado los vecinos hacen ruido mientras mis amigos vienen
La ventana estara ordenada otra vez.,La ventana estará ordenada otra vez.
"En la tarde si tu no quieres, mi mama preparara el cafe.","En la tarde si tú no quieres, mi mamá preparará el café."
las flores que compré parece muy grande todavía,las flores que compré parecen muy grandes todavía
las ninas esta mojada,las niñas están mojadas
La tarea estaba muy vacia.,La tarea estaba muy vacía.
ayer mi abuela cosio aunque mi mama cocino,ayer mi abuela cosió aunque mi mamá cocinó
las manzanas parece bastante difíciles,las manzanas parecen bastante difíciles
El gato de mi tia estara demasiado grande.,El gato de mi tía estará demasiado grande.
Ese te esta amargo.,Ese té está amargo.
manana vamos a jugar cuando volvamos a casa,mañana vamos a jugar cuando volvamos a casa
mis hermanas esta muy limpias,mis hermanas están muy limpias
el nino fue bastante grande otra vez,el niño fue bastante grande otra vez
"en la tarde ya que llego a casa, los ninos juegan en el patio","en la tarde ya que llego a casa, los niños juegan en el patio"
dice que el te de mi abuela esta delicioso,dice que el té de mi abuela está delicioso
Quiero un te con leche.,Quiero un té con leche.
"Cada vez que juego futbol, me lavo las manos.","Cada vez que juego fútbol, me lavo las manos."
todos comen juntos siempre que hace frio,todos comen juntos siempre que hace frío
"Hoy cuando mi hermana canto, los ninos jugaron en el patio.","Hoy cuando mi hermana cantó, los niños jugaron en el patio."
"mientras habia sol, sali a caminar","mientras había sol, salí a caminar"
"aunque no tendre dinero, yo me quedare en casa","aunque no tendré dinero, yo me quedaré en casa"
"en la tarde cada vez que juego futbol, hago la tarea","en la tarde cada vez que juego fútbol, hago la tarea"
"mas tarde en cuanto crezca, te avisare","más tarde en cuanto crezca, te avisaré"
"porque viniste temprano, mi mama preparo el cafe","porque viniste temprano, mi mamá preparó el café"
"Mientras viniste temprano, mi abuela cosio.","Mientras viniste temprano, mi abuela cosió."
las calles era tan difíciles,las calles eran tan difíciles
"cuando hace frio, hago la tarea","cuando hace frío, hago la tarea"
La mesa que vi ayer parecia tan bonita hoy.,La mesa que vi ayer parecía tan bonita hoy.
manana iremos al parque ya que los ninos jugaran en el patio,mañana iremos al parque ya que los niños jugarán en el patio
"hoy porque llovio mucho, yo me quede en casa","hoy porque llovió mucho, yo me quedé en casa"
"si el perro ladra, mi mama esta tranquila","si el perro ladra, mi mamá está tranquila"
"como nevo en la sierra, mi abuela cosio","como nevó en la sierra, mi abuela cosió"
las flores será demasiado ordenada todavía,las flores serán demasiado ordenadas todavía
Las mesas parecen tan vacía esta mañana.,Las mesas parecen tan vacías esta mañana.
"en la tarde apenas mi papa llega del trabajo, mi mama prepara el cafe","en la tarde apenas mi papá llega del trabajo, mi mamá prepara el café"
"Apenas tuve tiempo, tomamos te.","Apenas tuve tiempo, tomamos té."
"El sábado apenas sales de clase, me acostaré.","El sábado apenas salgas de clase, me acostaré."
los gatos que me regalaron parece cansados,los gatos que me regalaron parecen cansados
"mas tarde en cuanto tienes un rato, veremos la pelicula","más tarde en cuanto tengas un rato, veremos la película"
"Como llovio mucho, yo me quede en casa.","Como llovió mucho, yo me quedé en casa."
"cuando todos estan aqui, salgo a caminar","cuando todos están aquí, salgo a caminar"
"manana ya que sera tarde, yo hare la tarea","mañana ya que será tarde, yo haré la tarea"
"mientras el bebe dormia, mi mama estaba tranquila","mientras el bebé dormía, mi mamá estaba tranquila"
el sabado no pudimos salir aunque hacia calor,el sábado no pudimos salir aunque hacía calor
"Hoy mientras hacia frio, mi mama estaba tranquila.","Hoy mientras hacía frío, mi mamá estaba tranquila."
"Como tu no quieres, todos comen juntos.","Como tú no quieres, todos comen juntos."
los niños de mi tía están cansado ayer,los niños de mi tía están cansados ayer
Mas tarde vendre a verte apenas vengas a mi casa.,Más tarde vendré a verte apenas vengas a mi casa.
"el sabado mientras no tenia dinero, nos quedamos en casa","el sábado mientras no tenía dinero, nos quedamos en casa"
"ya que habia sol, ella leyo un libro","ya que había sol, ella leyó un libro"
"hoy porque habia sol, mi mama estaba tranquila","hoy porque había sol, mi mamá estaba tranquila"
"mas tarde cuando llegues a casa, te avisare","más tarde cuando llegues a casa, te avisaré"
la manzana sera muy fria,la manzana será muy fría
"siempre cuando hace frio, ella lee un libro","siempre cuando hace frío, ella lee un libro"
"casi siempre cuando llego a casa, ayudo a mi mama","casi siempre cuando llego a casa, ayudo a mi mamá"
el sabado veremos la pelicula cuando terminas de comer,el sábado veremos la película cuando termines de comer
los zapatos parece muy mojado hoy,los zapatos parecen muy mojados hoy
"el sabado cuando pueda, vamos a jugar","el sábado cuando pueda, vamos a jugar"
en la tarde sacare buena nota si vienes temprano,en la tarde sacaré buena nota si vienes temprano
"aunque tu no quieres, mi mama prepara el cafe","aunque tú no quieres, mi mamá prepara el café"
los cuadernos que vimos el sábado fueron limpio,los cuadernos que vimos el sábado fueron limpios
No se si el te esta muy dulce.,No sé si el té está muy dulce.
los árboles que vimos el sábado estará bastante mojado ayer,los árboles que vimos el sábado estarán bastante mojados ayer
se que el te va a acompanar,sé que él te va a acompañar
Las mesas que compré parecen muy grande.,Las mesas que compré parecen muy grandes.
las manzanas de la cocina parecía tan ordenadas,las manzanas de la cocina parecían tan ordenadas
los cuadernos de mi tia esta tan caro esta manana,los cuadernos de mi tía están tan caros esta mañana
"Aunque el bus llegara tarde, mi mama preparara el cafe.","Aunque el bus llegará tarde, mi mamá preparará el café."
el te mira,él te mira
mis hermanas de mi tia parece demasiado mojada ayer,mis hermanas de mi tía parecen demasiado mojadas ayer
las casas de la cocina son rota hoy,las casas de la cocina son rotas hoy
Las casas estaba difícil hoy.,Las casas estaban difíciles hoy.
"Manana cuando vuelva del trabajo, te lo dire.","Mañana cuando vuelva del trabajo, te lo diré."
ayer sali a caminar apenas habia sol,ayer salí a caminar apenas había sol
hoy yo hice la tarea cuando mi hermana canto,hoy yo hice la tarea cuando mi hermana cantó
el sabado nos quedaremos en casa porque sera tarde,el sábado nos quedaremos en casa porque será tarde
"en la tarde como salimos del colegio, mi papa estaba feliz","en la tarde como salimos del colegio, mi papá estaba feliz"
mas tarde no me acostare hasta que salgas de clase,más tarde no me acostaré hasta que salgas de clase
"esta semana mientras mis amigos vienen, tomamos te","esta semana mientras mis amigos vienen, tomamos té"
Las niñas de mi tía estaba muy sucia todavía.,Las niñas de mi tía estaban muy sucias todavía.
en la tarde mi hermano vera television si vienes temprano,en la tarde mi hermano verá televisión si vienes temprano
los platos de la escuela parece bastante difícil ayer,los platos de la escuela parecen bastante difíciles ayer
las flores del jardín será muy fáciles esta mañana,las flores del jardín serán muy fáciles esta mañana
los sabados me lavo las manos siempre que tengo tiempo,los sábados me lavo las manos siempre que tengo tiempo
las tareas eran pequeña esta mañana,las tareas eran pequeñas esta mañana
El sabado veremos la pelicula cuando termines de comer.,El sábado veremos la película cuando termines de comer.
en la tarde yo estudie porque estudiaste mucho,en la tarde yo estudié porque estudiaste mucho
"porque llovera mucho, iremos a la piscina","porque lloverá mucho, iremos a la piscina"
"porque mi hermana canta, tomamos te","porque mi hermana canta, tomamos té"
manana iremos a la piscina ya que mi mama cocinara,mañana iremos a la piscina ya que mi mamá cocinará
las calles que compré estaban muy pequeña todavía,las calles que compré estaban muy pequeñas todavía
mañana saldremos a pasear cuando crezco,mañana saldremos a pasear cuando crezca
"cuando estamos cansados, tomamos te","cuando estamos cansados, tomamos té"
manana saldremos a pasear en cuanto llegas a casa,mañana saldremos a pasear en cuanto llegues a casa
hoy saldremos a pasear cuando puedo,hoy saldremos a pasear cuando pueda
en la tarde hago la tarea cada vez que mi mama cocina,en la tarde hago la tarea cada vez que mi mamá cocina
descanso un rato cuando juego futbol,descanso un rato cuando juego fútbol
las niñas de mi tía será tan cansadas,las niñas de mi tía serán tan cansadas
"todos los dias cada vez que llueve, mi papa esta feliz","todos los días cada vez que llueve, mi papá está feliz"
"En la tarde ya que mis amigos vendran, tomaremos te.","En la tarde ya que mis amigos vendrán, tomaremos té."
"siempre que mi hermana estudia, mi papa esta feliz","siempre que mi hermana estudia, mi papá está feliz"
el zapato que me regalaron fue bastante frio,el zapato que me regalaron fue bastante frío
El sabado ella leyo un libro cuando termine la tarea.,El sábado ella leyó un libro cuando terminé la tarea.
"hoy aunque todos estan aqui, saldre a caminar","hoy aunque todos están aquí, saldré a caminar"
el libro del jardin quedo bastante rico hoy,el libro del jardín quedó bastante rico hoy
"ayer cuando estaba oscuro, mi abuela cosio","ayer cuando estaba oscuro, mi abuela cosió"
"Como los ninos juegan en el patio, mi mama esta tranquila.","Como los niños juegan en el patio, mi mamá está tranquila."
Las ventanas que me regalaron estará muy limpia esta mañana.,Las ventanas que me regalaron estarán muy limpias esta mañana.
"esta semana cuando ella estaba enferma, yo me quede en casa","esta semana cuando ella estaba enferma, yo me quedé en casa"
Los perros que compré está limpio.,Los perros que compré están limpios.
"hoy porque nevo en la sierra, mi abuela cosio","hoy porque nevó en la sierra, mi abuela cosió"
"el sabado como salimos del colegio, ella lee un libro","el sábado como salimos del colegio, ella lee un libro"
El sabado no me acostare hasta que llegues a casa.,El sábado no me acostaré hasta que llegues a casa.
"esta semana aunque mi papa trabajara, iremos al parque","esta semana aunque mi papá trabajará, iremos al parque"
"Cuando podamos, mi mama estara feliz.","Cuando podamos, mi mamá estará feliz."
las manzanas de la cocina está tan vieja otra vez,las manzanas de la cocina están tan viejas otra vez
los libros de mi tía parece muy nuevo otra vez,los libros de mi tía parecen muy nuevos otra vez
mi hermana que trajo mi mama parece muy tranquila otra vez,mi hermana que trajo mi mamá parece muy tranquila otra vez
el te se enfrio,el té se enfrió
el zapato de mi tia estuvo tan sucio,el zapato de mi tía estuvo tan sucio
en la tarde sali a caminar aunque nevo en la sierra,en la tarde salí a caminar aunque nevó en la sierra
tomamos te ya que el profesor explica la leccion,tomamos té ya que el profesor explica la lección
hoy ire al parque apenas termines de comer,hoy iré al parque apenas termines de comer
"porque nevo en la sierra, el perro durmio en el sofa","porque nevó en la sierra, el perro durmió en el sofá"
no podemos salir porque mi papa trabaja,no podemos salir porque mi papá trabaja
los perros que vi ayer es limpio esta mañana,los perros que vi ayer son limpios esta mañana
En la tarde sacare buena nota ya que no habra clases.,En la tarde sacaré buena nota ya que no habrá clases.
la casa que vi ayer esta bastante rota,la casa que vi ayer está bastante rota
"cuando me levanto, veo television","cuando me levanto, veo televisión"
"en la tarde mientras termine la tarea, mi mama estaba tranquila","en la tarde mientras terminé la tarea, mi mamá estaba tranquila"
Mis primos de mi tía fue muy pequeños.,Mis primos de mi tía fueron muy pequeños.
parece que el te quiere mucho,parece que él te quiere mucho
los perros son tan tranquilo,los perros son tan tranquilos
siempre me pongo contento siempre que es sabado,siempre me pongo contento siempre que es sábado
"el sabado ya que mis amigos vendran, iremos al parque","el sábado ya que mis amigos vendrán, iremos al parque"
"ya que hara calor, mi hermano vera television","ya que hará calor, mi hermano verá televisión"
"Hoy si el bebe duerme, todos comen juntos.","Hoy si el bebé duerme, todos comen juntos."
el cuarto del jardin fue bastante grande hoy,el cuarto del jardín fue bastante grande hoy
los zapatos que vi ayer quedó fríos ayer,los zapatos que vi ayer quedaron fríos ayer
mi mama preparara el cafe porque saldremos del colegio,mi mamá preparará el café porque saldremos del colegio
"Esta tarde cuando termine la tarea, te lo contare.","Esta tarde cuando termine la tarea, te lo contaré."
"En la tarde mientras el bebe duerme, los vecinos hacen ruido.","En la tarde mientras el bebé duerme, los vecinos hacen ruido."
las manzanas eran demasiado vacía esta mañana,las manzanas eran demasiado vacías esta mañana
Los libros será demasiado roto.,Los libros serán demasiado rotos.
"los sabados apenas hace frio, nos quedamos en casa","los sábados apenas hace frío, nos quedamos en casa"
"el sabado apenas yo cocine, mi mama preparo el cafe","el sábado apenas yo cociné, mi mamá preparó el café"
pregunta si el te esta caliente,pregunta si el té está caliente
las tareas de la escuela parecía muy llena hoy,las tareas de la escuela parecían muy llenas hoy
los platos del jardín fue muy caro ayer,los platos del jardín fueron muy caros ayer
Los zapatos está fáciles esta mañana.,Los zapatos están fáciles esta mañana.
"Cuando tu no querias, mi abuela cosio.","Cuando tú no querías, mi abuela cosió."
Ella lee un libro cada vez que hace frio.,Ella lee un libro cada vez que hace frío.
los sabados me lavo las manos cuando veo a mi abuela,los sábados me lavo las manos cuando veo a mi abuela
llamame en cuanto venga de la escuela,llámame en cuanto venga de la escuela
los ninos de la cocina sera demasiado pequeno ayer,los niños de la cocina serán demasiado pequeños ayer
las ninas eran tan alegre,las niñas eran tan alegres
"Casi siempre cuando llueve, tomo te con leche.","Casi siempre cuando llueve, tomo té con leche."
los perros de la cocina era muy pequeno ayer,los perros de la cocina eran muy pequeños ayer
las flores de mi tia era demasiado vieja todavia,las flores de mi tía eran demasiado viejas todavía
"cuando este listo, esperame","cuando esté listo, espérame"
"porque mi papa trabaja, no podemos salir","porque mi papá trabaja, no podemos salir"
Los cuartos del jardín estará bonito esta mañana.,Los cuartos del jardín estarán bonitos esta mañana.
las manzanas de mi tía parecía tan vacía,las manzanas de mi tía parecían tan vacías
"los sabados apenas mi hermana estudia, saludo a mis amigos","los sábados apenas mi hermana estudia, saludo a mis amigos"
"Manana cuando estemos en casa, salimos a pasear.","Mañana cuando estemos en casa, salimos a pasear."
"en la tarde siempre que es sabado, me acuesto temprano","en la tarde siempre que es sábado, me acuesto temprano"
los cuartos que compre parece muy roto esta manana,los cuartos que compré parecen muy rotos esta mañana
"apenas el profesor explico la leccion, mi mama preparo el cafe","apenas el profesor explicó la lección, mi mamá preparó el café"
"cuando no hubo clases, mi mama estaba tranquila","cuando no hubo clases, mi mamá estaba tranquila"
los arboles que vimos el sabado parecia demasiado caro,los árboles que vimos el sábado parecían demasiado caros
tomamos te ya que yo cocino,tomamos té ya que yo cocino
las calles del jardin esta limpia,las calles del jardín están limpias
"En la tarde apenas tu no querias, mi mama preparo el cafe.","En la tarde apenas tú no querías, mi mamá preparó el café."
"como hacia frio, mi abuela cosio","como hacía frío, mi abuela cosió"
el sabado ella lee un libro mientras me duele la cabeza,el sábado ella lee un libro mientras me duele la cabeza
mis primos del jardin estara muy contento,mis primos del jardín estarán muy contentos
"Esta semana ya que los ninos jugaban en el patio, nos quedamos en casa.","Esta semana ya que los niños jugaban en el patio, nos quedamos en casa."
"Cuando tenga tiempo, llamame.","Cuando tenga tiempo, llámame."
"En la tarde porque hace frio, todos comen juntos.","En la tarde porque hace frío, todos comen juntos."
"Mas tarde cuando salgamos de casa, hare la cena.","Más tarde cuando salgamos de casa, haré la cena."
El sabado nos quedamos en casa cuando mi papa trabaja.,El sábado nos quedamos en casa cuando mi papá trabaja.
Yo me quede en casa cuando ella estaba enferma.,Yo me quedé en casa cuando ella estaba enferma.
No se si el te esta listo.,No sé si el té está listo.
creo que el te de mi abuela esta delicioso,creo que el té de mi abuela está delicioso
"ya que llueve mucho, tomamos te","ya que llueve mucho, tomamos té"
"esta semana porque el bus llego tarde, yo hice la tarea","esta semana porque el bus llegó tarde, yo hice la tarea"
"hoy si mi papa trabaja, los vecinos hacen ruido","hoy si mi papá trabaja, los vecinos hacen ruido"
"Manana cuando salgamos de casa, descansare.","Mañana cuando salgamos de casa, descansaré."
"apenas el profesor explico la leccion, los ninos jugaron en el patio","apenas el profesor explicó la lección, los niños jugaron en el patio"
"cuando me levanto, mi papa esta feliz","cuando me levanto, mi papá está feliz"
"hoy si el perro ladra, ella leera un libro","hoy si el perro ladra, ella leerá un libro"
"Esta tarde cuando vengas a mi casa, escribeme.","Esta tarde cuando vengas a mi casa, escríbeme."
Iremos al parque aunque tendre tiempo.,Iremos al parque aunque tendré tiempo.
"cuando hace frio, mi mama prepara el cafe","cuando hace frío, mi mamá prepara el café"
mi hermana de la escuela sera sucia,mi hermana de la escuela será sucia
en la tarde mi hermano vio television ya que tu no querias,en la tarde mi hermano vio televisión ya que tú no querías
Las niñas estaba demasiado alegre todavía.,Las niñas estaban demasiado alegres todavía.
"el sabado si llego a casa, ella leera un libro","el sábado si llego a casa, ella leerá un libro"
"en cuanto estoy listo, haré la cena","en cuanto esté listo, haré la cena"
creo que el te invito a la fiesta,creo que él te invitó a la fiesta
"en la tarde siempre que juego futbol, todos comen juntos","en la tarde siempre que juego fútbol, todos comen juntos"
el plato de la cocina sera muy bonito,el plato de la cocina será muy bonito
"como todos estan aqui, mi mama prepara el cafe","como todos están aquí, mi mamá prepara el café"
los vecinos hacen ruido si todos estan aqui,los vecinos hacen ruido si todos están aquí
"El sabado apenas empieces a estudiar, podras salir.","El sábado apenas empieces a estudiar, podrás salir."
la tarea que vi ayer estuvo bastante limpia todavia,la tarea que vi ayer estuvo bastante limpia todavía
las manzanas que me regalaron es tan llena,las manzanas que me regalaron son tan llenas
"esta semana mientras yo cocine, yo me quede en casa","esta semana mientras yo cociné, yo me quedé en casa"
"Cuando habia sol, mi papa estaba feliz.","Cuando había sol, mi papá estaba feliz."
el perro durmio en el sofa porque era tarde,el perro durmió en el sofá porque era tarde
mi mama preparo el cafe cuando hacia frio,mi mamá preparó el café cuando hacía frío
las niñas que compré eran demasiado pequeña otra vez,las niñas que compré eran demasiado pequeñas otra vez
"Si ella esta enferma, yo hago la tarea.","Si ella está enferma, yo hago la tarea."
"apenas termine la tarea, esperame","apenas termine la tarea, espérame"
"en la tarde como tu no quieres, los ninos juegan en el patio","en la tarde como tú no quieres, los niños juegan en el patio"
"hoy cuando lleguemos al colegio, llamame","hoy cuando lleguemos al colegio, llámame"
El sabado avisame en cuanto tengamos dinero.,El sábado avísame en cuanto tengamos dinero.
"hoy ya que vendras temprano, mi mama preparara el cafe","hoy ya que vendrás temprano, mi mamá preparará el café"
esta semana yo estudie mientras hacia calor,esta semana yo estudié mientras hacía calor
los cuadernos que me regalaron es bastante ordenado ayer,los cuadernos que me regalaron son bastante ordenados ayer
"Casi siempre cuando tengo tiempo, ayudo a mi mama.","Casi siempre cuando tengo tiempo, ayudo a mi mamá."
"Manana ya que no habra clases, tomaremos te.","Mañana ya que no habrá clases, tomaremos té."
los zapatos quedó bastante frío otra vez,los zapatos quedaron bastante fríos otra vez
"Mientras esta oscuro, salgo a caminar.","Mientras está oscuro, salgo a caminar."
"mañana cuando vuelves de viaje, iremos a la piscina","mañana cuando vuelvas de viaje, iremos a la piscina"
El sabado tomamos te cuando el profesor explico la leccion.,El sábado tomamos té cuando el profesor explicó la lección.
"El sabado hasta que pueda, esperame.","El sábado hasta que pueda, espérame."
en la tarde el perro dormira en el sofa aunque estaremos cansados,en la tarde el perro dormirá en el sofá aunque estaremos cansados
"Siempre cada vez que hace frio, mi papa esta feliz.","Siempre cada vez que hace frío, mi papá está feliz."
Creo que el te presta el libro.,Creo que él te presta el libro.
"El sabado ya que no hay clases, nos quedamos en casa.","El sábado ya que no hay clases, nos quedamos en casa."
mas tarde llamame cuando crezcas,más tarde llámame cuando crezcas
"ya que el bebe dormia, yo me quede en casa","ya que el bebé dormía, yo me quedé en casa"
Ayer fuimos al parque cuando hacia frio.,Ayer fuimos al parque cuando hacía frío.
todos comeran juntos aunque los ninos jugaran en el patio,todos comerán juntos aunque los niños jugarán en el patio
las tareas que compré será bonita esta mañana,las tareas que compré serán bonitas esta mañana
te avisare cuando lleguemos al colegio,te avisaré cuando lleguemos al colegio
"Hoy apenas tengas un rato, te avisare.","Hoy apenas tengas un rato, te avisaré."
El cuaderno de la escuela esta demasiado nuevo hoy.,El cuaderno de la escuela está demasiado nuevo hoy.
los árboles que me regalaron estuvo demasiado vacíos otra vez,los árboles que me regalaron estuvieron demasiado vacíos otra vez
"mientras el bebe dormia, todos comieron juntos","mientras el bebé dormía, todos comieron juntos"
las manzanas de la cocina está sucia ayer,las manzanas de la cocina están sucias ayer
sali a caminar apenas estabamos cansados,salí a caminar apenas estábamos cansados
tomamos te si tu no quieres,tomamos té si tú no quieres
"esta semana aunque me dolia la cabeza, los vecinos hicieron ruido","esta semana aunque me dolía la cabeza, los vecinos hicieron ruido"
"Manana cuando pueda, vendre a verte.","Mañana cuando pueda, vendré a verte."
descanso un rato cuando es sabado,descanso un rato cuando es sábado
Las calles de la escuela fue muy llena ayer.,Las calles de la escuela fueron muy llenas ayer.
"en la tarde mientras el profesor explico la leccion, yo hice la tarea","en la tarde mientras el profesor explicó la lección, yo hice la tarea"
"los sabados cuando llego al colegio, descanso un rato","los sábados cuando llego al colegio, descanso un rato"
"Mientras no hubo clases, tomamos te.","Mientras no hubo clases, tomamos té."
"el sabado cuando mis amigos vinieron, sali a caminar","el sábado cuando mis amigos vinieron, salí a caminar"
"Cuando ves la película, empezaremos a comer.","Cuando veas la película, empezaremos a comer."
"cuando mi mama cocino, nos quedamos en casa","cuando mi mamá cocinó, nos quedamos en casa"
manana salimos a pasear cuando vengamos del parque,mañana salimos a pasear cuando vengamos del parque
El gato del jardin era muy cansado todavia.,El gato del jardín era muy cansado todavía.
tomaremos te si tu no quieres,tomaremos té si tú no quieres
los gatos que vi ayer estaban tan contento hoy,los gatos que vi ayer estaban tan contentos hoy
"Siempre que tengo hambre, mi papa esta feliz.","Siempre que tengo hambre, mi papá está feliz."
iremos al parque ya que habra sol,iremos al parque ya que habrá sol
"si tu no quieres, tomaremos te","si tú no quieres, tomaremos té"
"cuando llegue a casa, llamame","cuando llegue a casa, llámame"
"casi siempre apenas salgo del colegio, tomo te con leche","casi siempre apenas salgo del colegio, tomo té con leche"
"Hoy mientras me dolia la cabeza, nos quedamos en casa.","Hoy mientras me dolía la cabeza, nos quedamos en casa."
"esta semana como llegue a casa, fuimos al parque","esta semana como llegué a casa, fuimos al parque"
"esta tarde cuando haces la cama, vendre a verte","esta tarde cuando hagas la cama, vendré a verte"
Las ventanas que trajo mi mamá estará muy limpia hoy.,Las ventanas que trajo mi mamá estarán muy limpias hoy.
Veo television cuando hace frio.,Veo televisión cuando hace frío.
"Hoy cuando estudias mucho, tomamos te.","Hoy cuando estudias mucho, tomamos té."
las manzanas que vimos el sábado estaban muy cara otra vez,las manzanas que vimos el sábado estaban muy caras otra vez
El cuaderno que me regalaron parece bastante pequeno.,El cuaderno que me regalaron parece bastante pequeño.
"cuando tu no querias, yo estudie","cuando tú no querías, yo estudié"
creo que el te escribio una carta,creo que él te escribió una carta
"Casi siempre apenas mi hermana estudia, veo television.","Casi siempre apenas mi hermana estudia, veo televisión."
"como el bebe duerme, no podemos salir","como el bebé duerme, no podemos salir"
"el sabado porque todos estaban alli, el perro durmio en el sofa","el sábado porque todos estaban allí, el perro durmió en el sofá"
"porque llovera mucho, yo hare la tarea","porque lloverá mucho, yo haré la tarea"
manana descansare cuando tengas un rato,mañana descansaré cuando tengas un rato
"cuando hacemos la compra, vendré a verte","cuando hagamos la compra, vendré a verte"
"el sabado apenas todos estaban alli, los vecinos hicieron ruido","el sábado apenas todos estaban allí, los vecinos hicieron ruido"
"aunque habra sol, ella leera un libro","aunque habrá sol, ella leerá un libro"
el gato que vi ayer parece demasiado contento esta manana,el gato que vi ayer parece demasiado contento esta mañana
"Si estudias mucho, los ninos juegan en el patio.","Si estudias mucho, los niños juegan en el patio."
"el sabado como estaba oscuro, el perro durmio en el sofa","el sábado como estaba oscuro, el perro durmió en el sofá"
El sabado ella lee un libro porque tengo tiempo.,El sábado ella lee un libro porque tengo tiempo.
los zapatos que vimos el sabado fue facil esta manana,los zapatos que vimos el sábado fueron fáciles esta mañana
las casas de la escuela estan bonita esta manana,las casas de la escuela están bonitas esta mañana
"mas tarde apenas tengo tiempo, te lo dire","más tarde apenas tenga tiempo, te lo diré"
"Ayer porque estudiaste mucho, sali a caminar.","Ayer porque estudiaste mucho, salí a caminar."
Pregunta si el te esta muy rico.,Pregunta si el té está muy rico.
"En la tarde cuando mi papa llega del trabajo, mi perro se pone feliz.","En la tarde cuando mi papá llega del trabajo, mi perro se pone feliz."
"apenas hacemos la compra, no te preocupes","apenas hagamos la compra, no te preocupes"
Los cuadernos que vimos el sábado parece muy caro otra vez.,Los cuadernos que vimos el sábado parecen muy caros otra vez.
El perro que compre es muy triste esta manana.,El perro que compré es muy triste esta mañana.
esta tarde avisame cuando tengas un rato,esta tarde avísame cuando tengas un rato
casi siempre descanso un rato cuando juego futbol,casi siempre descanso un rato cuando juego fútbol
"cuando juego futbol, veo television","cuando juego fútbol, veo televisión"
"hoy como tu no querias, el perro durmio en el sofa","hoy como tú no querías, el perro durmió en el sofá"
"todos los dias cuando salgo del colegio, tomo te con leche","todos los días cuando salgo del colegio, tomo té con leche"
mis amigos que compré fue muy alegres,mis amigos que compré fueron muy alegres
"los sabados cada vez que tengo tiempo, todos comen juntos","los sábados cada vez que tengo tiempo, todos comen juntos"
Tomo te con leche cuando termino la tarea.,Tomo té con leche cuando termino la tarea.
Los cuadernos que vi ayer está muy nuevos otra vez.,Los cuadernos que vi ayer están muy nuevos otra vez.
"el sabado como estamos cansados, vamos al parque","el sábado como estamos cansados, vamos al parque"
las tareas que trajo mi mama fueron demasiado dificil,las tareas que trajo mi mamá fueron demasiado difíciles
todos comen juntos cuando es sabado,todos comen juntos cuando es sábado
"Si mi mama cocina, yo hago la tarea.","Si mi mamá cocina, yo hago la tarea."
"Como el profesor explico la leccion, yo hice la tarea.","Como el profesor explicó la lección, yo hice la tarea."
"cada vez que juego futbol, ella lee un libro","cada vez que juego fútbol, ella lee un libro"
"Cuando el bus llega tarde, mi mama prepara el cafe.","Cuando el bus llega tarde, mi mamá prepara el café."
los perros es muy triste esta manana,los perros son muy tristes esta mañana
en la tarde los ninos jugaran en el patio ya que estudiaras mucho,en la tarde los niños jugarán en el patio ya que estudiarás mucho
Mas tarde esperaremos aqui hasta que vengas a mi casa.,Más tarde esperaremos aquí hasta que vengas a mi casa.
"en la tarde mientras salimos del colegio, tomamos te","en la tarde mientras salimos del colegio, tomamos té"
"Ya que habra sol, ella leera un libro.","Ya que habrá sol, ella leerá un libro."
"en la tarde si nieva en la sierra, mi papa estara feliz","en la tarde si nieva en la sierra, mi papá estará feliz"
"esta semana porque sera tarde, mi hermano vera television","esta semana porque será tarde, mi hermano verá televisión"
El arbol de la escuela parecia tan facil otra vez.,El árbol de la escuela parecía tan fácil otra vez.
"hoy cuando vea a mi abuela, jugare con mis amigos","hoy cuando vea a mi abuela, jugaré con mis amigos"
las flores que vi ayer está limpia hoy,las flores que vi ayer están limpias hoy
los sabados me pongo contento cuando leo un libro,los sábados me pongo contento cuando leo un libro
"El sabado cuando hagamos la compra, nos vamos.","El sábado cuando hagamos la compra, nos vamos."
mi abuela cose ya que mi papa trabaja,mi abuela cose ya que mi papá trabaja
"cuando llegues a casa, podras salir","cuando llegues a casa, podrás salir"
"En la tarde apenas llego al colegio, mi papa esta feliz.","En la tarde apenas llego al colegio, mi papá está feliz."
No se si el te de mi abuela esta delicioso.,No sé si el té de mi abuela está delicioso.
los cuadernos del jardín fue muy bonito hoy,los cuadernos del jardín fueron muy bonitos hoy
las manzanas eran demasiado ordenada ayer,las manzanas eran demasiado ordenadas ayer
el plato que vimos el sabado era bastante vacio otra vez,el plato que vimos el sábado era bastante vacío otra vez
"el sabado como mi hermana canta, tomamos te","el sábado como mi hermana canta, tomamos té"
"En la tarde si mi hermana canta, mi mama estara feliz.","En la tarde si mi hermana canta, mi mamá estará feliz."
"el sabado aunque yo cocine, el perro durmio en el sofa","el sábado aunque yo cociné, el perro durmió en el sofá"
los niños que vimos el sábado estuvieron muy triste todavía,los niños que vimos el sábado estuvieron muy tristes todavía
hoy mi mama preparo el cafe ya que tu no querias,hoy mi mamá preparó el café ya que tú no querías
"como el profesor explica la leccion, nos quedamos en casa","como el profesor explica la lección, nos quedamos en casa"
En la tarde salimos a jugar apenas hace frio.,En la tarde salimos a jugar apenas hace frío.
Descanso un rato cuando mi papa llega del trabajo.,Descanso un rato cuando mi papá llega del trabajo.
mi papa estara feliz aunque tu no quieres,mi papá estará feliz aunque tú no quieres
"Si todos estan aqui, mi papa estara feliz.","Si todos están aquí, mi papá estará feliz."
"Cuando es tarde, mi mama prepara el cafe.","Cuando es tarde, mi mamá prepara el café."
El plato que me regalaron estara sucio ayer.,El plato que me regalaron estará sucio ayer.
"porque los ninos juegan en el patio, los ninos juegan en el patio","porque los niños juegan en el patio, los niños juegan en el patio"
"el sábado cuando vengo de la escuela, espérame","el sábado cuando venga de la escuela, espérame"
"el sabado mientras mi papa trabajo, los vecinos hicieron ruido","el sábado mientras mi papá trabajó, los vecinos hicieron ruido"
"los sabados cuando es sabado, salimos a jugar","los sábados cuando es sábado, salimos a jugar"
estoy seguro de que el te dara una sorpresa,estoy seguro de que él te dará una sorpresa
las flores será muy pequeña ayer,las flores serán muy pequeñas ayer
la casa de la cocina estara bastante cara todavia,la casa de la cocina estará bastante cara todavía
el te dijo la verdad,él te dijo la verdad
Las niñas están mojada esta mañana.,Las niñas están mojadas esta mañana.
mas tarde te llamo cuando hagamos la compra,más tarde te llamo cuando hagamos la compra
"Cada vez que mi papa llega del trabajo, mi mama prepara el cafe.","Cada vez que mi papá llega del trabajo, mi mamá prepara el café."
Las niñas de la escuela es tranquila.,Las niñas de la escuela son tranquilas.
El plato que compre quedo ordenado.,El plato que compré quedó ordenado.
los cuartos que compre sera bastante rico,los cuartos que compré serán bastante ricos
mis hermanas parecía muy alegre otra vez,mis hermanas parecían muy alegres otra vez
el cuarto sera tan bonito,el cuarto será tan bonito
Los perros que vimos el sábado están muy alegre.,Los perros que vimos el sábado están muy alegres.
Yo estudie mientras estaba oscuro.,Yo estudié mientras estaba oscuro.
Los ninos jugaron en el patio mientras mi hermana canto.,Los niños jugaron en el patio mientras mi hermana cantó.
"cuando me duele la cabeza, el perro duerme en el sofa","cuando me duele la cabeza, el perro duerme en el sofá"
casi siempre nos quedamos en casa apenas mi mama cocina,casi siempre nos quedamos en casa apenas mi mamá cocina
"siempre cuando mi mama cocina, nos quedamos en casa","siempre cuando mi mamá cocina, nos quedamos en casa"
los gatos que compre parece demasiado mojado hoy,los gatos que compré parecen demasiado mojados hoy
"hoy como no hubo clases, yo estudie","hoy como no hubo clases, yo estudié"
"Cuando nevo en la sierra, todos comieron juntos.","Cuando nevó en la sierra, todos comieron juntos."
Manana vendre a verte cuando sea de noche.,Mañana vendré a verte cuando sea de noche.
"Todos los dias cuando tengo hambre, me pongo el abrigo.","Todos los días cuando tengo hambre, me pongo el abrigo."
"como tu no querias, los vecinos hicieron ruido","como tú no querías, los vecinos hicieron ruido"
"Siempre siempre que mi papa llega del trabajo, como fruta.","Siempre siempre que mi papá llega del trabajo, como fruta."
los ninos jugaran en el patio porque todos estaran aqui,los niños jugarán en el patio porque todos estarán aquí
mis amigos que compré está cansado,mis amigos que compré están cansados
"Los sabados cuando mi mama cocina, me acuesto temprano.","Los sábados cuando mi mamá cocina, me acuesto temprano."
"esta semana ya que no tenia dinero, mi mama preparo el cafe","esta semana ya que no tenía dinero, mi mamá preparó el café"
"el sabado en cuanto crezca, descansare","el sábado en cuanto crezca, descansaré"
Casi siempre ayudo a mi mama siempre que hace frio.,Casi siempre ayudo a mi mamá siempre que hace frío.
la tarea de la cocina parece muy dificil,la tarea de la cocina parece muy difícil
"todos los dias cuando vamos al parque, tomo te con leche","todos los días cuando vamos al parque, tomo té con leche"
mis amigos de la escuela son bonito,mis amigos de la escuela son bonitos
"Casi siempre cuando juego futbol, todos comen juntos.","Casi siempre cuando juego fútbol, todos comen juntos."
las flores del jardín quedaron muy vieja otra vez,las flores del jardín quedaron muy viejas otra vez
mi mama prepara el cafe ya que salimos del colegio,mi mamá prepara el café ya que salimos del colegio
"Apenas nevo en la sierra, fuimos al parque.","Apenas nevó en la sierra, fuimos al parque."
"hoy cuando nevo en la sierra, yo me quede en casa","hoy cuando nevó en la sierra, yo me quedé en casa"
Creo que el te conoce.,Creo que él te conoce.
Esta semana nos quedamos en casa cuando todos estan aqui.,Esta semana nos quedamos en casa cuando todos están aquí.
"El sábado cuando tenemos dinero, veremos la película.","El sábado cuando tengamos dinero, veremos la película."
"El sábado hasta que vienes a mi casa, espérame.","El sábado hasta que vengas a mi casa, espérame."
las mesas que vimos el sábado es demasiado rica esta mañana,las mesas que vimos el sábado son demasiado ricas esta mañana
Esta semana mi mama preparara el cafe porque los ninos jugaran en el patio.,Esta semana mi mamá preparará el café porque los niños jugarán en el patio.
"hoy si llueve mucho, mi hermano ve television","hoy si llueve mucho, mi hermano ve televisión"
estoy seguro de que el te conoce,estoy seguro de que él te conoce
"como estudiaste mucho, ella leyo un libro","como estudiaste mucho, ella leyó un libro"
"hasta que veo a mi abuela, no podrás salir","hasta que vea a mi abuela, no podrás salir"
los ninos de la escuela estaba tan pequeno esta manana,los niños de la escuela estaban tan pequeños esta mañana
"mientras los ninos jugaban en el patio, el perro durmio en el sofa","mientras los niños jugaban en el patio, el perro durmió en el sofá"
los gatos que me regalaron estaban muy tranquilo,los gatos que me regalaron estaban muy tranquilos
los zapatos que me regalaron parecían tan roto esta mañana,los zapatos que me regalaron parecían tan rotos esta mañana
mis hermanas quedo contenta esta manana,mis hermanas quedaron contentas esta mañana
"más tarde en cuanto sales de clase, te lo contaré","más tarde en cuanto salgas de clase, te lo contaré"
Los libros que vimos el sábado será muy vacío.,Los libros que vimos el sábado serán muy vacíos.
Hoy yo me quedare en casa si ella esta enferma.,Hoy yo me quedaré en casa si ella está enferma.
"Ya que yo cocine, mi mama preparo el cafe.","Ya que yo cociné, mi mamá preparó el café."
Creo que el te esta muy dulce.,Creo que el té está muy dulce.
"mañana cuando vienes a mi casa, iré al parque","mañana cuando vengas a mi casa, iré al parque"
Mi mama prepara el cafe cuando es sabado.,Mi mamá prepara el café cuando es sábado.
Casi siempre me lavo las manos cuando mi papa llega del trabajo.,Casi siempre me lavo las manos cuando mi papá llega del trabajo.
las calles que vi ayer será tan sucia ayer,las calles que vi ayer serán tan sucias ayer
"El sabado mientras el profesor explico la leccion, mi mama estaba tranquila.","El sábado mientras el profesor explicó la lección, mi mamá estaba tranquila."
no pudimos salir apenas habia sol,no pudimos salir apenas había sol
"en la tarde cuando hace frio, el perro duerme en el sofa","en la tarde cuando hace frío, el perro duerme en el sofá"
el plato fue bastante dificil,el plato fue bastante difícil
Las tareas que vimos el sábado estaban mojada hoy.,Las tareas que vimos el sábado estaban mojadas hoy.
"hoy porque me dolia la cabeza, yo hice la tarea","hoy porque me dolía la cabeza, yo hice la tarea"
Mi mama preparara el cafe si estudias mucho.,Mi mamá preparará el café si estudias mucho.
la ventana que vimos el sabado fue fria hoy,la ventana que vimos el sábado fue fría hoy
manana empezaremos a comer apenas terminemos el examen,mañana empezaremos a comer apenas terminemos el examen
"Como tu no querias, todos comieron juntos.","Como tú no querías, todos comieron juntos."
"el sábado cuando venimos del parque, avísame","el sábado cuando vengamos del parque, avísame"
Los cuartos que compré fueron fácil hoy.,Los cuartos que compré fueron fáciles hoy.
el plato que vi ayer esta grande,el plato que vi ayer está grande
"porque ella esta enferma, mi papa esta feliz","porque ella está enferma, mi papá está feliz"
Esta tarde haré la cena cuando terminamos el examen.,Esta tarde haré la cena cuando terminemos el examen.
"cada vez que mi mama cocina, hago la tarea","cada vez que mi mamá cocina, hago la tarea"
"Ayer aunque no hubo clases, mi abuela cosio.","Ayer aunque no hubo clases, mi abuela cosió."
"Ayer porque mi mama cocino, tomamos te.","Ayer porque mi mamá cocinó, tomamos té."
"los sabados cuando hay sol, como fruta","los sábados cuando hay sol, como fruta"
"esta semana ya que tengo tiempo, el perro duerme en el sofa","esta semana ya que tengo tiempo, el perro duerme en el sofá"
Los niños era feliz.,Los niños eran felices.
las tareas que vimos el sabado son muy pequena,las tareas que vimos el sábado son muy pequeñas
todos los dias me acuesto temprano cada vez que llego a casa,todos los días me acuesto temprano cada vez que llego a casa
"Esta tarde apenas estes mejor, te lo cuento.","Esta tarde apenas estés mejor, te lo cuento."
"todos los dias apenas hace frio, como fruta","todos los días apenas hace frío, como fruta"
Estoy seguro de que el te cuida bien.,Estoy seguro de que él te cuida bien.
"en la tarde como los ninos jugaban en el patio, fuimos al parque","en la tarde como los niños jugaban en el patio, fuimos al parque"
Los niños que me regalaron era demasiado pequeño ayer.,Los niños que me regalaron eran demasiado pequeños ayer.
las casas del jardín estarán demasiado vieja,las casas del jardín estarán demasiado viejas
mis amigos parece bastante cansado todavía,mis amigos parecen bastante cansados todavía
Mis primos de mi tía están tan bonito.,Mis primos de mi tía están tan bonitos.
los ninos jugaran en el patio ya que hara frio,los niños jugarán en el patio ya que hará frío
La mesa de mi tia fue muy grande.,La mesa de mi tía fue muy grande.
saldre a caminar porque estudiaras mucho,saldré a caminar porque estudiarás mucho
el libro que vimos el sabado quedo muy rico,el libro que vimos el sábado quedó muy rico
"Esta semana apenas el perro ladro, mi papa estaba feliz.","Esta semana apenas el perro ladró, mi papá estaba feliz."
"Todos los dias siempre que me levanto, descanso un rato.","Todos los días siempre que me levanto, descanso un rato."
las manzanas parecía tan mojadas,las manzanas parecían tan mojadas
"casi siempre cuando suena el timbre, ayudo a mi mama","casi siempre cuando suena el timbre, ayudo a mi mamá"
"el sabado cuando viniste temprano, los vecinos hicieron ruido","el sábado cuando viniste temprano, los vecinos hicieron ruido"
"esta semana ya que tuve tiempo, ella leyo un libro","esta semana ya que tuve tiempo, ella leyó un libro"
Mas tarde podras salir apenas puedas.,Más tarde podrás salir apenas puedas.
pregunta si prefiero el te al cafe,pregunta si prefiero el té al café
Estoy seguro de que el te presta el libro.,Estoy seguro de que él te presta el libro.
Los platos que compré quedó bastante bonito esta mañana.,Los platos que compré quedaron bastante bonitos esta mañana.
"mientras todos estan aqui, tomamos te","mientras todos están aquí, tomamos té"
"esta semana como tu no quieres, no podemos salir","esta semana como tú no quieres, no podemos salir"
"mientras todos estan aqui, el perro duerme en el sofa","mientras todos están aquí, el perro duerme en el sofá"
"Apenas suena el timbre, mi mama prepara el cafe.","Apenas suena el timbre, mi mamá prepara el café."
"En la tarde mientras mi mama cocina, mi mama esta tranquila.","En la tarde mientras mi mamá cocina, mi mamá está tranquila."
"manana aunque no hay clases, el perro dormira en el sofa","mañana aunque no hay clases, el perro dormirá en el sofá"
los cuadernos de mi tía quedó muy difícil esta mañana,los cuadernos de mi tía quedaron muy difíciles esta mañana
"mas tarde cuando salimos de casa, hare la cena","más tarde cuando salgamos de casa, haré la cena"
"En la tarde ya que estaba oscuro, mi papa estaba feliz.","En la tarde ya que estaba oscuro, mi papá estaba feliz."
dice que el te esta caliente,dice que el té está caliente
"siempre que suena el timbre, mi mama prepara el cafe","siempre que suena el timbre, mi mamá prepara el café"
"manana cuando hagas la cama, hacemos la tarea","mañana cuando hagas la cama, hacemos la tarea"
"los sabados siempre que hay sol, me pongo contento","los sábados siempre que hay sol, me pongo contento"
"El sabado cuando mi papa trabajo, los vecinos hicieron ruido.","El sábado cuando mi papá trabajó, los vecinos hicieron ruido."
El sabado todos comieron juntos cuando todos estaban alli.,El sábado todos comieron juntos cuando todos estaban allí.
"Ayer cuando termine la tarea, los vecinos hicieron ruido.","Ayer cuando terminé la tarea, los vecinos hicieron ruido."
"El sabado ya que llovera mucho, mi hermano vera television.","El sábado ya que lloverá mucho, mi hermano verá televisión."
"el sabado ya que el profesor explica la leccion, yo estudio","el sábado ya que el profesor explica la lección, yo estudio"
"apenas estudiaste mucho, los ninos jugaron en el patio","apenas estudiaste mucho, los niños jugaron en el patio"
"cada vez que juego futbol, descanso un rato","cada vez que juego fútbol, descanso un rato"
"los sabados siempre que juego futbol, saludo a mis amigos","los sábados siempre que juego fútbol, saludo a mis amigos"
el plato del jardin quedo mojado,el plato del jardín quedó mojado
las mesas es muy vacía todavía,las mesas son muy vacías todavía
"en la tarde siempre que hace frio, estoy tranquilo","en la tarde siempre que hace frío, estoy tranquilo"
los cuartos estara dificiles todavia,los cuartos estarán difíciles todavía
Jugare con mis amigos apenas hagamos la compra.,Jugaré con mis amigos apenas hagamos la compra.
Ella leera un libro si salimos del colegio.,Ella leerá un libro si salimos del colegio.
el zapato de mi tia parece muy lleno,el zapato de mi tía parece muy lleno
me parece que el te esta listo,me parece que el té está listo
en la tarde mi mama prepara el cafe siempre que vamos al parque,en la tarde mi mamá prepara el café siempre que vamos al parque
mis amigos de la escuela esta mojado,mis amigos de la escuela están mojados
Todos los dias me acuesto temprano cuando mi mama cocina.,Todos los días me acuesto temprano cuando mi mamá cocina.
"Manana en cuanto tengas un rato, vamos a jugar.","Mañana en cuanto tengas un rato, vamos a jugar."
"hoy ya que no tenia dinero, yo me quede en casa","hoy ya que no tenía dinero, yo me quedé en casa"
el cuaderno que compre estuvo mojado,el cuaderno que compré estuvo mojado
"cuando mi mama cocina, hago la tarea","cuando mi mamá cocina, hago la tarea"
mis amigos estará bastante triste,mis amigos estarán bastante tristes
mis hermanas que vi ayer estaba muy pequeñas hoy,mis hermanas que vi ayer estaban muy pequeñas hoy
más tarde te llamaré cuando salgo del colegio,más tarde te llamaré cuando salga del colegio
en la tarde los ninos jugaron en el patio apenas ella estaba enferma,en la tarde los niños jugaron en el patio apenas ella estaba enferma
Los libros estarán muy grande todavía.,Los libros estarán muy grandes todavía.
"hoy aunque era tarde, mi mama estaba tranquila","hoy aunque era tarde, mi mamá estaba tranquila"
en la tarde yo estudie porque tu no querias,en la tarde yo estudié porque tú no querías
el sabado el perro dormira en el sofa aunque mis amigos vendran,el sábado el perro dormirá en el sofá aunque mis amigos vendrán
"Manana hasta que salgas de clase, no como.","Mañana hasta que salgas de clase, no como."
Las manzanas de la cocina estaban bastante sucia.,Las manzanas de la cocina estaban bastante sucias.
los perros estuvo muy grandes,los perros estuvieron muy grandes
"en la tarde porque estaremos cansados, yo me quedare en casa","en la tarde porque estaremos cansados, yo me quedaré en casa"
El perro durmio en el sofa porque mis amigos vinieron.,El perro durmió en el sofá porque mis amigos vinieron.
"mas tarde cuando llegamos al colegio, podras salir","más tarde cuando lleguemos al colegio, podrás salir"
"apenas yo cocine, mi mama preparo el cafe","apenas yo cociné, mi mamá preparó el café"
creo que el te cuida bien,creo que él te cuida bien
mis hermanas que vimos el sábado están muy limpia,mis hermanas que vimos el sábado están muy limpias
"apenas estemos en casa, te llamare","apenas estemos en casa, te llamaré"
el sabado mi papa esta feliz si estudias mucho,el sábado mi papá está feliz si estudias mucho
los sabados nos quedamos en casa cuando llueve,los sábados nos quedamos en casa cuando llueve
El gato del jardin quedo bastante grande ayer.,El gato del jardín quedó bastante grande ayer.
"apenas estamos en casa, jugaré con mis amigos","apenas estemos en casa, jugaré con mis amigos"
"el sabado como llueve mucho, ella lee un libro","el sábado como llueve mucho, ella lee un libro"
"siempre que tengo tiempo, veo television","siempre que tengo tiempo, veo televisión"
"Manana si no tengo dinero, iremos a la piscina.","Mañana si no tengo dinero, iremos a la piscina."
"Casi siempre siempre que mi mama cocina, me acuesto temprano.","Casi siempre siempre que mi mamá cocina, me acuesto temprano."
el te presta el libro,él te presta el libro
"si no hay clases, mi papa esta feliz","si no hay clases, mi papá está feliz"
no se si el te de mi abuela esta delicioso,no sé si el té de mi abuela está delicioso
mi primo que compre estuvo triste esta manana,mi primo que compré estuvo triste esta mañana
mama dice que el te espera afuera,mamá dice que él te espera afuera
"si ella esta enferma, el perro dormira en el sofa","si ella está enferma, el perro dormirá en el sofá"
"mas tarde hasta que venimos del parque, seguire estudiando","más tarde hasta que vengamos del parque, seguiré estudiando"
"esta semana como nevo en la sierra, yo me quede en casa","esta semana como nevó en la sierra, yo me quedé en casa"
"Los sabados siempre que llego al colegio, tomo te con leche.","Los sábados siempre que llego al colegio, tomo té con leche."
Estoy seguro de que el te conoce.,Estoy seguro de que él te conoce.
"aunque mi papa trabajara, ella leera un libro","aunque mi papá trabajará, ella leerá un libro"
tomamos te mientras el profesor explica la leccion,tomamos té mientras el profesor explica la lección
Casi siempre mi mama prepara el cafe cada vez que hay sol.,Casi siempre mi mamá prepara el café cada vez que hay sol.
"ya que el profesor explico la leccion, el perro durmio en el sofa","ya que el profesor explicó la lección, el perro durmió en el sofá"
"esta semana como mi papa trabaja, no podemos salir","esta semana como mi papá trabaja, no podemos salir"
en la tarde el perro dormira en el sofa aunque mis amigos vendran,en la tarde el perro dormirá en el sofá aunque mis amigos vendrán
los platos de la escuela son demasiado limpio,los platos de la escuela son demasiado limpios
"Si mi mama cocina, no podremos salir.","Si mi mamá cocina, no podremos salir."
tomamos te si termino la tarea,tomamos té si termino la tarea
"más tarde cuando veo a mi abuela, vendré a verte","más tarde cuando vea a mi abuela, vendré a verte"
"manana aunque llegare tarde, sacare buena nota","mañana aunque llegaré tarde, sacaré buena nota"
"Cuando yo cocino, tomamos te.","Cuando yo cocino, tomamos té."
"Mientras ella estaba enferma, yo me quede en casa.","Mientras ella estaba enferma, yo me quedé en casa."
"esta semana si no tengo dinero, mi mama esta tranquila","esta semana si no tengo dinero, mi mamá está tranquila"
las calles que compre estaban bastante sucia,las calles que compré estaban bastante sucias
"como el profesor explica la leccion, mi abuela cose","como el profesor explica la lección, mi abuela cose"
"Todos los dias cuando mi mama cocina, tomo te con leche.","Todos los días cuando mi mamá cocina, tomo té con leche."
"mientras hace calor, mi papa esta feliz","mientras hace calor, mi papá está feliz"
"cuando vuelves de viaje, te llamaré","cuando vuelvas de viaje, te llamaré"
las tareas que vi ayer estaba muy ricas,las tareas que vi ayer estaban muy ricas
"Aunque llego a casa, tomaremos te.","Aunque llego a casa, tomaremos té."
esta semana todos comieron juntos aunque el bus llego tarde,esta semana todos comieron juntos aunque el bus llegó tarde
las ventanas parecian muy fria esta manana,las ventanas parecían muy frías esta mañana
mas tarde podras salir cuando termines de comer,más tarde podrás salir cuando termines de comer
Me lavo las manos cuando es sabado.,Me lavo las manos cuando es sábado.
las calles que vimos el sábado era demasiado rica ayer,las calles que vimos el sábado eran demasiado ricas ayer
Los platos que compré fue lleno ayer.,Los platos que compré fueron llenos ayer.
"en la tarde ya que hacia frio, sali a caminar","en la tarde ya que hacía frío, salí a caminar"
Mis primos será muy viejo hoy.,Mis primos serán muy viejos hoy.
los cuadernos que trajo mi mama estaba limpio hoy,los cuadernos que trajo mi mamá estaban limpios hoy
Las mesas fueron bonita.,Las mesas fueron bonitas.
los zapatos estará caro hoy,los zapatos estarán caros hoy
"Hoy en cuanto salgas de clase, jugare con mis amigos.","Hoy en cuanto salgas de clase, jugaré con mis amigos."
"en la tarde si estudias mucho, yo hare la tarea","en la tarde si estudias mucho, yo haré la tarea"
la calle que compre fue muy dificil,la calle que compré fue muy difícil
La manzana que compre era vieja todavia.,La manzana que compré era vieja todavía.
Manana te llamare cuando empieces a estudiar.,Mañana te llamaré cuando empieces a estudiar.
"cuando hacia calor, nos quedamos en casa","cuando hacía calor, nos quedamos en casa"
mis amigos de la escuela sera bastante viejo otra vez,mis amigos de la escuela serán bastante viejos otra vez
"esta tarde cuando este listo, veremos la pelicula","esta tarde cuando esté listo, veremos la película"
Mama dice que el te dara una sorpresa.,Mamá dice que él te dará una sorpresa.
las casas que me regalaron estuvo demasiado rica ayer,las casas que me regalaron estuvieron demasiado ricas ayer
En la tarde ella lee un libro cuando mi mama cocina.,En la tarde ella lee un libro cuando mi mamá cocina.
El sábado llámame cuando empiezo las clases.,El sábado llámame cuando empiece las clases.
"el sabado apenas haga la tarea, te llamo","el sábado apenas haga la tarea, te llamo"
parece que el te ayuda con la tarea,parece que él te ayuda con la tarea
los sabados ella lee un libro cuando vamos al parque,los sábados ella lee un libro cuando vamos al parque
Tomamos te mientras el profesor explico la leccion.,Tomamos té mientras el profesor explicó la lección.
"como hacia frio, mi hermano vio television","como hacía frío, mi hermano vio televisión"
los libros de la escuela fue tan difíciles,los libros de la escuela fueron tan difíciles
"como mi papa trabajo, yo hice la tarea","como mi papá trabajó, yo hice la tarea"
en la tarde sacare buena nota si esta oscuro,en la tarde sacaré buena nota si está oscuro
fuimos al parque cuando el profesor explico la leccion,fuimos al parque cuando el profesor explicó la lección
"En la tarde si estamos cansados, mi mama preparara el cafe.","En la tarde si estamos cansados, mi mamá preparará el café."
mi papa esta feliz apenas hay sol,mi papá está feliz apenas hay sol
en la tarde el perro dormira en el sofa si termino la tarea,en la tarde el perro dormirá en el sofá si termino la tarea
"En la tarde si salimos del colegio, mi mama prepara el cafe.","En la tarde si salimos del colegio, mi mamá prepara el café."
Mis amigos eran triste.,Mis amigos eran tristes.
"manana aunque habra sol, saldre a caminar","mañana aunque habrá sol, saldré a caminar"
el sabado nos quedamos en casa ya que hacia calor,el sábado nos quedamos en casa ya que hacía calor
"Mas tarde cuando lleguemos al colegio, te llamare.","Más tarde cuando lleguemos al colegio, te llamaré."
esta semana los ninos juegan en el patio ya que hace frio,esta semana los niños juegan en el patio ya que hace frío
"esta tarde cuando hacemos la compra, te llamaré","esta tarde cuando hagamos la compra, te llamaré"
"Esta semana si me duele la cabeza, mi papa estara feliz.","Esta semana si me duele la cabeza, mi papá estará feliz."
los platos que vimos el sabado estaba mojados,los platos que vimos el sábado estaban mojados
yo estudie apenas era tarde,yo estudié apenas era tarde
mis hermanas que vimos el sábado estuvieron pequeña,mis hermanas que vimos el sábado estuvieron pequeñas
"el sabado cuando hagas la cama, jugare con mis amigos","el sábado cuando hagas la cama, jugaré con mis amigos"
las ventanas que vi ayer estuvo muy rota todavia,las ventanas que vi ayer estuvieron muy rotas todavía
los zapatos que vi ayer es tan dificil otra vez,los zapatos que vi ayer son tan difíciles otra vez
"cuando termine la tarea, avisame","cuando termine la tarea, avísame"
"mas tarde en cuanto vuelvas de viaje, mi mama estara feliz","más tarde en cuanto vuelvas de viaje, mi mamá estará feliz"
Las niñas que vimos el sábado fue lista otra vez.,Las niñas que vimos el sábado fueron listas otra vez.
los niños parecía muy alegre,los niños parecían muy alegres
manana mi hermano vera television si el bus llega tarde,mañana mi hermano verá televisión si el bus llega tarde
mis amigos que trajo mi mamá parecen muy pequeño hoy,mis amigos que trajo mi mamá parecen muy pequeños hoy
"cada vez que suena el timbre, veo television","cada vez que suena el timbre, veo televisión"
"Casi siempre cada vez que mi papa llega del trabajo, todos comen juntos.","Casi siempre cada vez que mi papá llega del trabajo, todos comen juntos."
"el sabado ya que llego a casa, el perro duerme en el sofa","el sábado ya que llego a casa, el perro duerme en el sofá"
Dice que el te esta muy rico.,Dice que el té está muy rico.
Mis amigos de la cocina fue muy grande esta mañana.,Mis amigos de la cocina fueron muy grandes esta mañana.
"mas tarde en cuanto tengas un rato, veremos la pelicula","más tarde en cuanto tengas un rato, veremos la película"
"Esta semana cuando el profesor explica la leccion, mi hermano ve television.","Esta semana cuando el profesor explica la lección, mi hermano ve televisión."
la calle de mi tia estuvo muy nueva,la calle de mi tía estuvo muy nueva
"el sabado apenas habia sol, los ninos jugaron en el patio","el sábado apenas había sol, los niños jugaron en el patio"
"Ya que hacia calor, mi mama estaba tranquila.","Ya que hacía calor, mi mamá estaba tranquila."
mis amigos es tan sucio todavía,mis amigos son tan sucios todavía
mas tarde te lo cuento apenas vengamos del parque,más tarde te lo cuento apenas vengamos del parque
"Cuando tengas un rato, avisame.","Cuando tengas un rato, avísame."
"apenas yo cocine, los ninos jugaron en el patio","apenas yo cociné, los niños jugaron en el patio"
"Los sabados cada vez que vamos al parque, salimos a jugar.","Los sábados cada vez que vamos al parque, salimos a jugar."
yo me quede en casa porque viniste temprano,yo me quedé en casa porque viniste temprano
mi mama esta tranquila ya que salimos del colegio,mi mamá está tranquila ya que salimos del colegio
las casas que vimos el sábado es llena ayer,las casas que vimos el sábado son llenas ayer
Mi mama preparara el cafe aunque tengo tiempo.,Mi mamá preparará el café aunque tengo tiempo.
la calle que trajo mi mama fue tan sucia todavia,la calle que trajo mi mamá fue tan sucia todavía
"Casi siempre apenas es sabado, mi mama prepara el cafe.","Casi siempre apenas es sábado, mi mamá prepara el café."
Los perros que trajo mi mamá está triste.,Los perros que trajo mi mamá están tristes.
esta semana no pudimos salir mientras llegue a casa,esta semana no pudimos salir mientras llegué a casa
la casa de la cocina fue tan mojada todavia,la casa de la cocina fue tan mojada todavía
los vecinos hicieron ruido mientras los ninos jugaban en el patio,los vecinos hicieron ruido mientras los niños jugaban en el patio
"cada vez que estoy cansado, mi papa esta feliz","cada vez que estoy cansado, mi papá está feliz"
"Esta semana como el profesor explica la leccion, vamos al parque.","Esta semana como el profesor explica la lección, vamos al parque."
hoy jugare con mis amigos en cuanto estemos en casa,hoy jugaré con mis amigos en cuanto estemos en casa
los cuadernos de mi tia estaban sucio hoy,los cuadernos de mi tía estaban sucios hoy
"cuando no hay clases, el perro duerme en el sofa","cuando no hay clases, el perro duerme en el sofá"
los libros de mi tía fue bastante limpio esta mañana,los libros de mi tía fueron bastante limpios esta mañana
El cuaderno que vimos el sabado fue bastante bonito ayer.,El cuaderno que vimos el sábado fue bastante bonito ayer.
"mientras no tenia dinero, mi mama preparo el cafe","mientras no tenía dinero, mi mamá preparó el café"
"Ayer como llovio mucho, mi mama preparo el cafe.","Ayer como llovió mucho, mi mamá preparó el café."
los niños de la escuela parecen demasiado triste ayer,los niños de la escuela parecen demasiado tristes ayer
"Apenas juego futbol, ayudo a mi mama.","Apenas juego fútbol, ayudo a mi mamá."
los libros que me regalaron estaban muy vacío ayer,los libros que me regalaron estaban muy vacíos ayer
"El sabado si ella esta enferma, tomaremos te.","El sábado si ella está enferma, tomaremos té."
mis primos que compre parece demasiado viejo todavia,mis primos que compré parecen demasiado viejos todavía
"todos los dias siempre que tengo hambre, me pongo contento","todos los días siempre que tengo hambre, me pongo contento"
"manana porque mi mama cocinara, mi hermano vera television","mañana porque mi mamá cocinará, mi hermano verá televisión"
"como salimos del colegio, mi mama esta tranquila","como salimos del colegio, mi mamá está tranquila"
"Esta semana apenas tu no querias, yo estudie.","Esta semana apenas tú no querías, yo estudié."
la casa que compre esta muy fria,la casa que compré está muy fría
"si mi hermana canta, mi mama estara feliz","si mi hermana canta, mi mamá estará feliz"
La flor de mi tia es tan fria.,La flor de mi tía es tan fría.
los cuadernos estará muy pequeño ayer,los cuadernos estarán muy pequeños ayer
"Si tengo tiempo, jugare con mis amigos.","Si tengo tiempo, jugaré con mis amigos."
"ya que los ninos jugaran en el patio, sacare buena nota","ya que los niños jugarán en el patio, sacaré buena nota"
Los perros de la cocina estaba muy sucio.,Los perros de la cocina estaban muy sucios.
Los cuadernos que compré parecía grande esta mañana.,Los cuadernos que compré parecían grandes esta mañana.
"Manana si vienes temprano, mi hermano vera television.","Mañana si vienes temprano, mi hermano verá televisión."
mi papa esta feliz cuando termino la tarea,mi papá está feliz cuando termino la tarea
las calles de la cocina estaba demasiado nueva,las calles de la cocina estaban demasiado nuevas
te lo dire apenas veas la pelicula,te lo diré apenas veas la película
"El sabado cuando empieces a estudiar, me acostare.","El sábado cuando empieces a estudiar, me acostaré."
Los libros estuvo bastante viejo esta mañana.,Los libros estuvieron bastante viejos esta mañana.
Todos los dias mi perro se pone feliz apenas mi hermana estudia.,Todos los días mi perro se pone feliz apenas mi hermana estudia.
"aunque no tenia dinero, nos quedamos en casa","aunque no tenía dinero, nos quedamos en casa"
"ya que estara oscuro, todos comeran juntos","ya que estará oscuro, todos comerán juntos"
los perros que me regalaron fue bastante listo,los perros que me regalaron fueron bastante listos
en la tarde los ninos jugaran en el patio ya que llegare tarde,en la tarde los niños jugarán en el patio ya que llegaré tarde
Parece que el te dara una sorpresa.,Parece que él te dará una sorpresa.
"hoy porque mi papa trabajo, fuimos al parque","hoy porque mi papá trabajó, fuimos al parque"
Las tareas de mi tía estará muy difícil ayer.,Las tareas de mi tía estarán muy difíciles ayer.
"apenas tengo tiempo, ayudo a mi mama","apenas tengo tiempo, ayudo a mi mamá"
"esta semana si el profesor explica la leccion, el perro dormira en el sofa","esta semana si el profesor explica la lección, el perro dormirá en el sofá"
"en la tarde aunque tu no quieres, jugare con mis amigos","en la tarde aunque tú no quieres, jugaré con mis amigos"
los niños que vimos el sábado estuvieron muy mojado hoy,los niños que vimos el sábado estuvieron muy mojados hoy
"mañana cuando salimos de casa, no te preocupes","mañana cuando salgamos de casa, no te preocupes"
las ninas de mi tia parecia tan limpia esta manana,las niñas de mi tía parecían tan limpias esta mañana
"esta semana porque habra sol, sacare buena nota","esta semana porque habrá sol, sacaré buena nota"
"El sabado cuando yo cocine, mi papa estaba feliz.","El sábado cuando yo cociné, mi papá estaba feliz."
"el sabado mientras mi papa trabajo, mi mama estaba tranquila","el sábado mientras mi papá trabajó, mi mamá estaba tranquila"
"mas tarde apenas terminemos el examen, iremos a la piscina","más tarde apenas terminemos el examen, iremos a la piscina"
"en la tarde ya que el bebe duerme, no podemos salir","en la tarde ya que el bebé duerme, no podemos salir"
"siempre cuando juego futbol, ella lee un libro","siempre cuando juego fútbol, ella lee un libro"
mi primo de la escuela parecia muy tranquilo otra vez,mi primo de la escuela parecía muy tranquilo otra vez
"esta semana aunque tendre tiempo, saldre a caminar","esta semana aunque tendré tiempo, saldré a caminar"
Mi mama prepara el cafe porque hace frio.,Mi mamá prepara el café porque hace frío.
las casas del jardin parece muy vacia otra vez,las casas del jardín parecen muy vacías otra vez
En la tarde el perro durmio en el sofa mientras mi papa trabajo.,En la tarde el perro durmió en el sofá mientras mi papá trabajó.
escribeme apenas salgas de clase,escríbeme apenas salgas de clase
Esta semana mi abuela cosio apenas tuve tiempo.,Esta semana mi abuela cosió apenas tuve tiempo.
"cuando el perro ladro, yo estudie","cuando el perro ladró, yo estudié"
Los zapatos fue tan grandes.,Los zapatos fueron tan grandes.
La tarea que vimos el sabado estuvo muy sucia.,La tarea que vimos el sábado estuvo muy sucia.
el libro que vi ayer estara bonito ayer,el libro que vi ayer estará bonito ayer
"el sabado cuando tengamos dinero, veremos la pelicula","el sábado cuando tengamos dinero, veremos la película"
"mas tarde cuando salgamos de casa, esperame","más tarde cuando salgamos de casa, espérame"
"en la tarde cada vez que juego futbol, mi papa esta feliz","en la tarde cada vez que juego fútbol, mi papá está feliz"
"cuando llueve, mi mama prepara el cafe","cuando llueve, mi mamá prepara el café"
"mas tarde apenas tengamos dinero, te avisare","más tarde apenas tengamos dinero, te avisaré"
"hoy cuando todos estaban alli, tomamos te","hoy cuando todos estaban allí, tomamos té"
el zapato que trajo mi mama estuvo tan bonito esta manana,el zapato que trajo mi mamá estuvo tan bonito esta mañana
el sabado no comeremos hasta que puedo,el sábado no comeremos hasta que pueda
Mi mama prepara el cafe apenas tengo hambre.,Mi mamá prepara el café apenas tengo hambre.
"Si el profesor explica la leccion, mi abuela cose.","Si el profesor explica la lección, mi abuela cose."
"aunque salimos del colegio, mi mama preparara el cafe","aunque salimos del colegio, mi mamá preparará el café"
"cuando vuelvas de viaje, esperame","cuando vuelvas de viaje, espérame"
"mientras llegue a casa, mi mama preparo el cafe","mientras llegué a casa, mi mamá preparó el café"
"el sabado cuando crezca, escribeme","el sábado cuando crezca, escríbeme"
"manana si mi hermana canta, el perro dormira en el sofa","mañana si mi hermana canta, el perro dormirá en el sofá"
Mi papa esta feliz si no hay clases.,Mi papá está feliz si no hay clases.
"Ayer apenas hacia calor, fuimos al parque.","Ayer apenas hacía calor, fuimos al parque."
mis amigos que vi ayer está muy contento esta mañana,mis amigos que vi ayer están muy contentos esta mañana
"el sabado cuando el bebe dormia, yo me quede en casa","el sábado cuando el bebé dormía, yo me quedé en casa"
"aunque todos estan aqui, nos quedamos en casa","aunque todos están aquí, nos quedamos en casa"
Esta semana los vecinos hicieron ruido cuando llegue a casa.,Esta semana los vecinos hicieron ruido cuando llegué a casa.
"cuando termino la tarea, el perro duerme en el sofa","cuando termino la tarea, el perro duerme en el sofá"
hoy mi mama esta tranquila cuando el profesor explica la leccion,hoy mi mamá está tranquila cuando el profesor explica la lección
"el sabado en cuanto vuelva del trabajo, te aviso","el sábado en cuanto vuelva del trabajo, te aviso"
las tareas que me regalaron será bastante cara,las tareas que me regalaron serán bastante caras
"Hoy cuando vengo de la escuela, te llamaré.","Hoy cuando venga de la escuela, te llamaré."
"El sabado apenas hacia frio, mi mama preparo el cafe.","El sábado apenas hacía frío, mi mamá preparó el café."
el sabado te llamo cuando pueda,el sábado te llamo cuando pueda
esta tarde escríbeme cuando crezco,esta tarde escríbeme cuando crezca
el cuarto de la escuela sera grande,el cuarto de la escuela será grande
mi amigo estaba tan limpio todavia,mi amigo estaba tan limpio todavía
"apenas habia sol, mi mama preparo el cafe","apenas había sol, mi mamá preparó el café"
"El sabado en cuanto vea a mi abuela, mi mama estara feliz.","El sábado en cuanto vea a mi abuela, mi mamá estará feliz."
nos quedamos en casa ya que habia sol,nos quedamos en casa ya que había sol
"en la tarde porque nevo en la sierra, todos comieron juntos","en la tarde porque nevó en la sierra, todos comieron juntos"
"como el bus llega tarde, tomamos te","como el bus llega tarde, tomamos té"
las niñas de la escuela estará tan cansada ayer,las niñas de la escuela estarán tan cansadas ayer
los platos que vimos el sábado es muy viejo esta mañana,los platos que vimos el sábado son muy viejos esta mañana
los cuartos que trajo mi mamá parecían bastante sucio,los cuartos que trajo mi mamá parecían bastante sucios
hoy mi mama estara feliz si salimos del colegio,hoy mi mamá estará feliz si salimos del colegio
"Más tarde hasta que haces la cama, no podrás salir.","Más tarde hasta que hagas la cama, no podrás salir."
en la tarde el perro durmio en el sofa cuando tu no querias,en la tarde el perro durmió en el sofá cuando tú no querías
"Porque el bebe dormia, el perro durmio en el sofa.","Porque el bebé dormía, el perro durmió en el sofá."
El nino del jardin estara bastante contento.,El niño del jardín estará bastante contento.
"En la tarde cuando llego al colegio, ayudo a mi mama.","En la tarde cuando llego al colegio, ayudo a mi mamá."
los sabados ayudo a mi mama cuando llego al colegio,los sábados ayudo a mi mamá cuando llego al colegio
mis primos que trajo mi mama seran muy bonito,mis primos que trajo mi mamá serán muy bonitos
no podremos salir si mi mama cocina,no podremos salir si mi mamá cocina
el sabado mi mama esta tranquila cuando yo cocino,el sábado mi mamá está tranquila cuando yo cocino
"Los sabados cada vez que es sabado, ayudo a mi mama.","Los sábados cada vez que es sábado, ayudo a mi mamá."
"Esta semana apenas me dolia la cabeza, yo me quede en casa.","Esta semana apenas me dolía la cabeza, yo me quedé en casa."
Los cuadernos que trajo mi mamá será muy nuevo esta mañana.,Los cuadernos que trajo mi mamá serán muy nuevos esta mañana.
mama dice que el te va a acompanar,mamá dice que él te va a acompañar
"casi siempre apenas mi papa llega del trabajo, veo television","casi siempre apenas mi papá llega del trabajo, veo televisión"
Mis hermanas de mi tía estaba bastante mojada esta mañana.,Mis hermanas de mi tía estaban bastante mojadas esta mañana.
las niñas del jardín son muy lista,las niñas del jardín son muy listas
el te va a acompanar,él te va a acompañar
"si el bebe duerme, no podemos salir","si el bebé duerme, no podemos salir"
Manana vendre a verte cuando llegue a casa.,Mañana vendré a verte cuando llegue a casa.
Los perros que compré quedó muy cansado ayer.,Los perros que compré quedaron muy cansados ayer.
"todos los dias apenas termino la tarea, como fruta","todos los días apenas termino la tarea, como fruta"
"los sabados cuando llego al colegio, mi mama prepara el cafe","los sábados cuando llego al colegio, mi mamá prepara el café"
"manana cuando salgas de clase, te escribo","mañana cuando salgas de clase, te escribo"
Parece que el te mira.,Parece que él te mira.
el nino que trajo mi mama sera bastante tranquilo ayer,el niño que trajo mi mamá será bastante tranquilo ayer
las ninas de la cocina estaban bastante grande otra vez,las niñas de la cocina estaban bastante grandes otra vez
"los sabados cuando mi hermana estudia, ella lee un libro","los sábados cuando mi hermana estudia, ella lee un libro"
La tarea sera bastante sucia.,La tarea será bastante sucia.
La flor de mi tia parecia muy grande hoy.,La flor de mi tía parecía muy grande hoy.
Hoy tomamos te mientras ella estaba enferma.,Hoy tomamos té mientras ella estaba enferma.
"Manana hasta que salgamos de casa, me quedo aqui.","Mañana hasta que salgamos de casa, me quedo aquí."
los libros parece demasiado viejo,los libros parecen demasiado viejos
"manana hasta que hagamos la compra, no saldre","mañana hasta que hagamos la compra, no saldré"
Los cuadernos de la cocina quedó frío esta mañana.,Los cuadernos de la cocina quedaron fríos esta mañana.
esta semana tomamos te porque llueve mucho,esta semana tomamos té porque llueve mucho
hoy yo me quedare en casa si ella esta enferma,hoy yo me quedaré en casa si ella está enferma
los gatos parece limpio otra vez,los gatos parecen limpios otra vez
"Hoy cuando crezca, llamame.","Hoy cuando crezca, llámame."
mi papa estaba feliz ya que tu no querias,mi papá estaba feliz ya que tú no querías
las casas que vimos el sábado está muy mojada esta mañana,las casas que vimos el sábado están muy mojadas esta mañana
el arbol que me regalaron sera grande esta manana,el árbol que me regalaron será grande esta mañana
"ya que el bus llego tarde, no pudimos salir","ya que el bus llegó tarde, no pudimos salir"
"los sabados apenas llego al colegio, estoy tranquilo","los sábados apenas llego al colegio, estoy tranquilo"
"cuando termine la tarea, todos comieron juntos","cuando terminé la tarea, todos comieron juntos"
"cuando salgo del colegio, tomo te con leche","cuando salgo del colegio, tomo té con leche"
descansare apenas empiece las clases,descansaré apenas empiece las clases
Tomamos te si termino la tarea.,Tomamos té si termino la tarea.
Mi hermano ve television ya que estamos cansados.,Mi hermano ve televisión ya que estamos cansados.
Las tareas que trajo mi mamá estaba muy ordenada esta mañana.,Las tareas que trajo mi mamá estaban muy ordenadas esta mañana.
los cuadernos de la cocina quedaron muy roto ayer,los cuadernos de la cocina quedaron muy rotos ayer
"ya que mis amigos vendran, tomaremos te","ya que mis amigos vendrán, tomaremos té"
"más tarde cuando llegamos al colegio, haré la cena","más tarde cuando lleguemos al colegio, haré la cena"
las tareas que vimos el sabado fue tan fria todavia,las tareas que vimos el sábado fueron tan frías todavía
"el sabado cuando los ninos juegan en el patio, yo hago la tarea","el sábado cuando los niños juegan en el patio, yo hago la tarea"
"en la tarde mientras mi papa trabaja, salgo a caminar","en la tarde mientras mi papá trabaja, salgo a caminar"
mi amigo de la escuela sera demasiado sucio esta manana,mi amigo de la escuela será demasiado sucio esta mañana
"mañana cuando puedo, vendré a verte","mañana cuando pueda, vendré a verte"
el gato de mi tia estuvo bastante feliz esta manana,el gato de mi tía estuvo bastante feliz esta mañana
"cuando termino la tarea, mi papa esta feliz","cuando termino la tarea, mi papá está feliz"
me parece que el te esta muy rico,me parece que el té está muy rico
"los sabados cada vez que llego a casa, me acuesto temprano","los sábados cada vez que llego a casa, me acuesto temprano"
"hoy mientras todos estan aqui, el perro duerme en el sofa","hoy mientras todos están aquí, el perro duerme en el sofá"
Las tareas que trajo mi mamá quedó grande.,Las tareas que trajo mi mamá quedaron grandes.
mis hermanas del jardin parece bastante tranquila,mis hermanas del jardín parecen bastante tranquilas
mis hermanas que vimos el sabado estaba muy triste otra vez,mis hermanas que vimos el sábado estaban muy tristes otra vez
creo que quiero un te con leche,creo que quiero un té con leche
todos comieron juntos apenas mi hermana canto,todos comieron juntos apenas mi hermana cantó
Mas tarde ire al parque cuando empieces a estudiar.,Más tarde iré al parque cuando empieces a estudiar.
"manana si vienes temprano, jugare con mis amigos","mañana si vienes temprano, jugaré con mis amigos"
no se si mi mama toma te por la tarde,no sé si mi mamá toma té por la tarde
los perros del jardín eran demasiado tranquilo otra vez,los perros del jardín eran demasiado tranquilos otra vez
Las mesas de la escuela era demasiado vieja.,Las mesas de la escuela eran demasiado viejas.
mi amigo de mi tia sera muy triste,mi amigo de mi tía será muy triste
manana mi mama estara feliz cuando sea de noche,mañana mi mamá estará feliz cuando sea de noche
Jugare con mis amigos aunque tengo tiempo.,Jugaré con mis amigos aunque tengo tiempo.
Las manzanas de la cocina era demasiado rota.,Las manzanas de la cocina eran demasiado rotas.
los vecinos hacen ruido si ella esta enferma,los vecinos hacen ruido si ella está enferma
mis hermanas que vi ayer están muy alegre todavía,mis hermanas que vi ayer están muy alegres todavía
"Como yo cocino, mi hermano ve television.","Como yo cocino, mi hermano ve televisión."
"si los ninos juegan en el patio, el perro duerme en el sofa","si los niños juegan en el patio, el perro duerme en el sofá"
todos comen juntos porque los ninos juegan en el patio,todos comen juntos porque los niños juegan en el patio
"manana ya que vendras temprano, sacare buena nota","mañana ya que vendrás temprano, sacaré buena nota"
mis hermanas de la escuela quedó bastante mojadas ayer,mis hermanas de la escuela quedaron bastante mojadas ayer
"manana aunque nevara en la sierra, iremos al parque","mañana aunque nevará en la sierra, iremos al parque"
los niños estará muy feliz,los niños estarán muy felices
"hoy si tu no quieres, mi papa estara feliz","hoy si tú no quieres, mi papá estará feliz"
"cuando viniste temprano, tomamos te","cuando viniste temprano, tomamos té"
"esta semana porque hara frio, iremos a la piscina","esta semana porque hará frío, iremos a la piscina"
Yo me quede en casa apenas estaba oscuro.,Yo me quedé en casa apenas estaba oscuro.
"Aunque ella estaba enferma, mi mama estaba tranquila.","Aunque ella estaba enferma, mi mamá estaba tranquila."
"Porque vendras temprano, todos comeran juntos.","Porque vendrás temprano, todos comerán juntos."
"mientras mi mama cocina, salgo a caminar","mientras mi mamá cocina, salgo a caminar"
"esta tarde hasta que estes mejor, no como","esta tarde hasta que estés mejor, no como"
"hoy hasta que termine la tarea, no podras salir","hoy hasta que termine la tarea, no podrás salir"
"cuando leo un libro, mi papa esta feliz","cuando leo un libro, mi papá está feliz"
"el sabado cuando estemos en casa, me acostare","el sábado cuando estemos en casa, me acostaré"
los cuartos que me regalaron estara bastante sucio otra vez,los cuartos que me regalaron estarán bastante sucios otra vez
"cuando llegamos al colegio, mi mama estara feliz","cuando lleguemos al colegio, mi mamá estará feliz"
Todos los dias me pongo contento cuando leo un libro.,Todos los días me pongo contento cuando leo un libro.
"hoy como el bebe dormia, mi mama preparo el cafe","hoy como el bebé dormía, mi mamá preparó el café"
"Ya que los ninos juegan en el patio, mi mama esta tranquila.","Ya que los niños juegan en el patio, mi mamá está tranquila."
"Ayer apenas hacia frio, yo hice la tarea.","Ayer apenas hacía frío, yo hice la tarea."
mis amigos quedo muy viejo,mis amigos quedaron muy viejos
"cuando tengo tiempo, tomo te con leche","cuando tengo tiempo, tomo té con leche"
Esta tarde llámame apenas crezco.,Esta tarde llámame apenas crezca.
"cuando hacia frio, fuimos al parque","cuando hacía frío, fuimos al parque"
"Hasta que salimos de casa, no podrás salir.","Hasta que salgamos de casa, no podrás salir."
la flor que me regalaron estara limpia,la flor que me regalaron estará limpia
"Ayer apenas tuve tiempo, el perro durmio en el sofa.","Ayer apenas tuve tiempo, el perro durmió en el sofá."
"esta semana si yo cocino, mi mama prepara el cafe","esta semana si yo cocino, mi mamá prepara el café"
"Hoy cuando lleguemos al colegio, descansare.","Hoy cuando lleguemos al colegio, descansaré."
hoy me acostare en cuanto estes mejor,hoy me acostaré en cuanto estés mejor
"Esta semana como estamos cansados, los ninos juegan en el patio.","Esta semana como estamos cansados, los niños juegan en el patio."
"manana si todos estan aqui, el perro dormira en el sofa","mañana si todos están aquí, el perro dormirá en el sofá"
"siempre cuando mi papa llega del trabajo, tomo te con leche","siempre cuando mi papá llega del trabajo, tomo té con leche"
"El sabado cuando llegue a casa, mi abuela cosio.","El sábado cuando llegué a casa, mi abuela cosió."
las ventanas que me regalaron quedo muy limpias,las ventanas que me regalaron quedaron muy limpias
los cuadernos de la cocina estaban demasiado viejo,los cuadernos de la cocina estaban demasiado viejos
"esta semana como hacia frio, yo me quede en casa","esta semana como hacía frío, yo me quedé en casa"
"esta tarde cuando llegamos al colegio, no te preocupes","esta tarde cuando lleguemos al colegio, no te preocupes"
"hoy porque el profesor explica la leccion, mi abuela cose","hoy porque el profesor explica la lección, mi abuela cose"
esta tarde saldremos a pasear cuando tengo tiempo,esta tarde saldremos a pasear cuando tenga tiempo
manana mi mama estara feliz cuando lleguemos al colegio,mañana mi mamá estará feliz cuando lleguemos al colegio
"porque estara oscuro, los ninos jugaran en el patio","porque estará oscuro, los niños jugarán en el patio"
mis amigos del jardin estuvieron demasiado bonito ayer,mis amigos del jardín estuvieron demasiado bonitos ayer
ayer yo me quede en casa apenas estabamos cansados,ayer yo me quedé en casa apenas estábamos cansados
las mesas que trajo mi mamá están sucia otra vez,las mesas que trajo mi mamá están sucias otra vez
todos los dias salimos a jugar cada vez que llego al colegio,todos los días salimos a jugar cada vez que llego al colegio
los perros que vimos el sábado parecen bastante contento,los perros que vimos el sábado parecen bastante contentos
"ya que mi papa trabaja, no podemos salir","ya que mi papá trabaja, no podemos salir"
los libros del jardin fue bastante mojados,los libros del jardín fueron bastante mojados
los sabados estoy tranquilo cada vez que suena el timbre,los sábados estoy tranquilo cada vez que suena el timbre
"cada vez que juego futbol, nos quedamos en casa","cada vez que juego fútbol, nos quedamos en casa"
el sabado ella leyo un libro cuando todos estaban alli,el sábado ella leyó un libro cuando todos estaban allí
"en cuanto empieces a estudiar, llamame","en cuanto empieces a estudiar, llámame"
Los libros que vi ayer serán tan roto otra vez.,Los libros que vi ayer serán tan rotos otra vez.
"más tarde apenas terminamos el examen, haré la cena","más tarde apenas terminemos el examen, haré la cena"
Siempre ayudo a mi mama cuando suena el timbre.,Siempre ayudo a mi mamá cuando suena el timbre.
"en la tarde si estudias mucho, tomamos te","en la tarde si estudias mucho, tomamos té"
hoy mi papa estara feliz aunque saldremos del colegio,hoy mi papá estará feliz aunque saldremos del colegio
mis hermanas quedó tan cansada,mis hermanas quedaron tan cansadas
las mesas estará bastante cara,las mesas estarán bastante caras
los gatos que me regalaron estaban viejo otra vez,los gatos que me regalaron estaban viejos otra vez
el nino que trajo mi mama quedo muy contento,el niño que trajo mi mamá quedó muy contento
mis primos que vimos el sábado será bastante alegre hoy,mis primos que vimos el sábado serán bastante alegres hoy
Mama dice que el te esta caliente.,Mamá dice que el té está caliente.
"esta tarde cuando tenga tiempo, ire al parque","esta tarde cuando tenga tiempo, iré al parque"
El perro del jardin estaba demasiado listo ayer.,El perro del jardín estaba demasiado listo ayer.
"todos los dias cuando tengo tiempo, nos quedamos en casa","todos los días cuando tengo tiempo, nos quedamos en casa"
"ayer como mi hermana canto, mi papa estaba feliz","ayer como mi hermana cantó, mi papá estaba feliz"
"el sabado porque ella esta enferma, nos quedamos en casa","el sábado porque ella está enferma, nos quedamos en casa"
mis amigos que trajo mi mama esta sucio esta manana,mis amigos que trajo mi mamá están sucios esta mañana
"cuando no tenia dinero, sali a caminar","cuando no tenía dinero, salí a caminar"
"ya que el bebe dormia, sali a caminar","ya que el bebé dormía, salí a caminar"
hoy mi papa esta feliz si llueve mucho,hoy mi papá está feliz si llueve mucho
las ventanas que compré parecían muy rota esta mañana,las ventanas que compré parecían muy rotas esta mañana
más tarde podrás salir apenas puedes,más tarde podrás salir apenas puedas
"mientras hay sol, mi papa esta feliz","mientras hay sol, mi papá está feliz"
los perros de mi tía parece demasiado contento,los perros de mi tía parecen demasiado contentos
Los sabados me lavo las manos cuando llueve.,Los sábados me lavo las manos cuando llueve.
"todos los dias cada vez que me levanto, me lavo las manos","todos los días cada vez que me levanto, me lavo las manos"
"cuando tenga tiempo, me acostare","cuando tenga tiempo, me acostaré"
"en la tarde apenas tuve tiempo, sali a caminar","en la tarde apenas tuve tiempo, salí a caminar"
las casas del jardín fue pequeña,las casas del jardín fueron pequeñas
"Siempre apenas es sabado, me acuesto temprano.","Siempre apenas es sábado, me acuesto temprano."
"mas tarde en cuanto este listo, escribeme","más tarde en cuanto esté listo, escríbeme"
mis amigos estuvo muy alegre,mis amigos estuvieron muy alegres
"apenas volvamos a casa, te lo contare","apenas volvamos a casa, te lo contaré"
los platos que me regalaron era tan ordenado,los platos que me regalaron eran tan ordenados
"el sabado cuando los ninos jugaban en el patio, todos comieron juntos","el sábado cuando los niños jugaban en el patio, todos comieron juntos"
"esta semana si yo cocino, sacare buena nota","esta semana si yo cocino, sacaré buena nota"
esta tarde jugare con mis amigos en cuanto vuelves de viaje,esta tarde jugaré con mis amigos en cuanto vuelvas de viaje
El cuarto que me regalaron parecia tan mojado esta manana.,El cuarto que me regalaron parecía tan mojado esta mañana.
los platos estara muy mojados,los platos estarán muy mojados
"Hoy cuando crezcas, me acostare.","Hoy cuando crezcas, me acostaré."
el sabado no pudimos salir ya que yo cocine,el sábado no pudimos salir ya que yo cociné
mi primo de la cocina fue muy sucio esta manana,mi primo de la cocina fue muy sucio esta mañana
los cuadernos que vimos el sabado esta tan ricos,los cuadernos que vimos el sábado están tan ricos
"cuando vamos al parque, ayudo a mi mama","cuando vamos al parque, ayudo a mi mamá"
"esta semana apenas llovio mucho, fuimos al parque","esta semana apenas llovió mucho, fuimos al parque"
las mesas es muy fría otra vez,las mesas son muy frías otra vez
Los cuartos que me regalaron es bonito todavía.,Los cuartos que me regalaron son bonitos todavía.
"como llegue a casa, los vecinos hicieron ruido","como llegué a casa, los vecinos hicieron ruido"
Los platos que compré estaba tan fríos otra vez.,Los platos que compré estaban tan fríos otra vez.
Hoy te avisare cuando pueda.,Hoy te avisaré cuando pueda.
El zapato que trajo mi mama quedo tan ordenado otra vez.,El zapato que trajo mi mamá quedó tan ordenado otra vez.
las tareas era muy bonita esta mañana,las tareas eran muy bonitas esta mañana
mis hermanas de mi tia era tranquila,mis hermanas de mi tía eran tranquilas
"hoy como el bebe dormia, mi abuela cosio","hoy como el bebé dormía, mi abuela cosió"
El te ayuda con la tarea.,Él te ayuda con la tarea.
los zapatos que vi ayer quedó demasiado viejo,los zapatos que vi ayer quedaron demasiado viejos
"hoy apenas estabamos cansados, todos comieron juntos","hoy apenas estábamos cansados, todos comieron juntos"
"Todos los dias cuando me levanto, mi papa esta feliz.","Todos los días cuando me levanto, mi papá está feliz."
"mientras esta oscuro, mi mama esta tranquila","mientras está oscuro, mi mamá está tranquila"
El sabado mi mama preparara el cafe si es tarde.,El sábado mi mamá preparará el café si es tarde.
"en la tarde como no tenia dinero, yo estudie","en la tarde como no tenía dinero, yo estudié"
"casi siempre cuando juego futbol, mi papa esta feliz","casi siempre cuando juego fútbol, mi papá está feliz"
"aunque tu no querias, mi hermano vio television","aunque tú no querías, mi hermano vio televisión"
los perros que vi ayer parecia muy alegre otra vez,los perros que vi ayer parecían muy alegres otra vez
Los libros que me regalaron estaba demasiado caro hoy.,Los libros que me regalaron estaban demasiado caros hoy.
Mis amigos de la escuela será demasiado feliz hoy.,Mis amigos de la escuela serán demasiado felices hoy.
manana te llamo en cuanto empiece las clases,mañana te llamo en cuanto empiece las clases
las flores quedo fria otra vez,las flores quedaron frías otra vez
En la tarde el perro durmio en el sofa aunque viniste temprano.,En la tarde el perro durmió en el sofá aunque viniste temprano.
"Esta semana si el bus llega tarde, los ninos jugaran en el patio.","Esta semana si el bus llega tarde, los niños jugarán en el patio."
los perros de la escuela parecen muy mojado hoy,los perros de la escuela parecen muy mojados hoy
"El sabado mientras tu no querias, mi papa estaba feliz.","El sábado mientras tú no querías, mi papá estaba feliz."
"esta semana como es tarde, los ninos juegan en el patio","esta semana como es tarde, los niños juegan en el patio"
"Aunque estara oscuro, iremos a la piscina.","Aunque estará oscuro, iremos a la piscina."
las casas estuvo frías ayer,las casas estuvieron frías ayer
hoy mi papa estaba feliz mientras hacia frio,hoy mi papá estaba feliz mientras hacía frío
"si hace frio, mi hermano ve television","si hace frío, mi hermano ve televisión"
los perros de la escuela quedaron demasiado feliz esta mañana,los perros de la escuela quedaron demasiado felices esta mañana
"cuando puedes, no te preocupes","cuando puedas, no te preocupes"
La casa estara bastante sucia.,La casa estará bastante sucia.
los platos que vi ayer está tan grande ayer,los platos que vi ayer están tan grandes ayer
"Esta semana apenas el bus llego tarde, fuimos al parque.","Esta semana apenas el bus llegó tarde, fuimos al parque."
"Casi siempre apenas llego a casa, tomo te con leche.","Casi siempre apenas llego a casa, tomo té con leche."
las ninas quedo muy alegre,las niñas quedaron muy alegres
"todos los dias siempre que veo a mi abuela, salimos a jugar","todos los días siempre que veo a mi abuela, salimos a jugar"
mi hermano ve television porque el bus llega tarde,mi hermano ve televisión porque el bus llega tarde
"apenas tu no querias, yo estudie","apenas tú no querías, yo estudié"
Los ninos jugaron en el patio mientras habia sol.,Los niños jugaron en el patio mientras había sol.
los cuadernos del jardín fue muy nuevo ayer,los cuadernos del jardín fueron muy nuevos ayer
las niñas que trajo mi mamá estaba bastante bonita esta mañana,las niñas que trajo mi mamá estaban bastante bonitas esta mañana
"apenas hacia frio, mi abuela cosio","apenas hacía frío, mi abuela cosió"
"ayer ya que los ninos jugaban en el patio, sali a caminar","ayer ya que los niños jugaban en el patio, salí a caminar"
"el sabado hasta que crezca, sigo estudiando","el sábado hasta que crezca, sigo estudiando"
"El sabado en cuanto vengas a mi casa, vamos a jugar.","El sábado en cuanto vengas a mi casa, vamos a jugar."
Manana podras salir en cuanto empiece las clases.,Mañana podrás salir en cuanto empiece las clases.
"esta semana como yo cocine, fuimos al parque","esta semana como yo cociné, fuimos al parque"
las ninas que vimos el sabado parecia muy bonita otra vez,las niñas que vimos el sábado parecían muy bonitas otra vez
"ayer como yo cocine, todos comieron juntos","ayer como yo cociné, todos comieron juntos"
"aunque tu no quieres, mi papa esta feliz","aunque tú no quieres, mi papá está feliz"
los árboles de mi tía será bastante limpio,los árboles de mi tía serán bastante limpios
"Como mi hermana canto, los ninos jugaron en el patio.","Como mi hermana cantó, los niños jugaron en el patio."
las casas que vimos el sabado es tan limpia esta manana,las casas que vimos el sábado son tan limpias esta mañana
Todos comieron juntos porque el bebe dormia.,Todos comieron juntos porque el bebé dormía.
"apenas el profesor explico la leccion, no pudimos salir","apenas el profesor explicó la lección, no pudimos salir"
"todos los dias cada vez que mi papa llega del trabajo, mi perro se pone feliz","todos los días cada vez que mi papá llega del trabajo, mi perro se pone feliz"
las tareas del jardin parecia muy rota hoy,las tareas del jardín parecían muy rotas hoy
"todos los dias siempre que vamos al parque, ayudo a mi mama","todos los días siempre que vamos al parque, ayudo a mi mamá"
no se si el te ya esta servido,no sé si el té ya está servido
"Ayer apenas todos estaban alli, los vecinos hicieron ruido.","Ayer apenas todos estaban allí, los vecinos hicieron ruido."
"Casi siempre cuando llego al colegio, mi mama prepara el cafe.","Casi siempre cuando llego al colegio, mi mamá prepara el café."
"los sabados apenas termino la tarea, ayudo a mi mama","los sábados apenas termino la tarea, ayudo a mi mamá"
"En la tarde siempre que juego futbol, todos comen juntos.","En la tarde siempre que juego fútbol, todos comen juntos."
en la tarde todos comeran juntos si esta oscuro,en la tarde todos comerán juntos si está oscuro
Los cuartos que compré parecen muy frío otra vez.,Los cuartos que compré parecen muy fríos otra vez.
las calles quedaron muy pequeña ayer,las calles quedaron muy pequeñas ayer
"ya que salimos del colegio, mi papa esta feliz","ya que salimos del colegio, mi papá está feliz"
los cuadernos del jardin fue tan roto hoy,los cuadernos del jardín fueron tan rotos hoy
El libro que vi ayer esta demasiado dificil.,El libro que vi ayer está demasiado difícil.
"apenas ella estaba enferma, yo estudie","apenas ella estaba enferma, yo estudié"
"Cuando estudiaste mucho, mi abuela cosio.","Cuando estudiaste mucho, mi abuela cosió."
las manzanas que trajo mi mama estara sucia otra vez,las manzanas que trajo mi mamá estarán sucias otra vez
Los zapatos estaba difíciles todavía.,Los zapatos estaban difíciles todavía.
los ninos juegan en el patio porque vienes temprano,los niños juegan en el patio porque vienes temprano
los gatos de mi tía es limpio otra vez,los gatos de mi tía son limpios otra vez
"en cuanto crezca, jugare con mis amigos","en cuanto crezca, jugaré con mis amigos"
"ayer apenas mi papa trabajo, mi hermano vio television","ayer apenas mi papá trabajó, mi hermano vio televisión"
las casas del jardín está limpia ayer,las casas del jardín están limpias ayer
"apenas nevo en la sierra, ella leyo un libro","apenas nevó en la sierra, ella leyó un libro"
la ventana de mi tia era fria hoy,la ventana de mi tía era fría hoy
los niños que vi ayer estuvieron tan pequeño,los niños que vi ayer estuvieron tan pequeños
"esta semana aunque salimos del colegio, yo estudie","esta semana aunque salimos del colegio, yo estudié"
"en la tarde mientras todos estaban alli, el perro durmio en el sofa","en la tarde mientras todos estaban allí, el perro durmió en el sofá"
"cuando tienes un rato, escribeme","cuando tengas un rato, escríbeme"
no podemos salir cuando tu no quieres,no podemos salir cuando tú no quieres
"si me duele la cabeza, mi papa esta feliz","si me duele la cabeza, mi papá está feliz"
el perro que compre era tan viejo otra vez,el perro que compré era tan viejo otra vez
Las ventanas de la cocina será rota.,Las ventanas de la cocina serán rotas.
"apenas viniste temprano, los ninos jugaron en el patio","apenas viniste temprano, los niños jugaron en el patio"
"hoy si mi papa trabaja, nos quedaremos en casa","hoy si mi papá trabaja, nos quedaremos en casa"
las casas de la escuela quedó rica hoy,las casas de la escuela quedaron ricas hoy
"hoy aunque tu no quieres, tomaremos te","hoy aunque tú no quieres, tomaremos té"
los perros de mi tía estaba feliz otra vez,los perros de mi tía estaban felices otra vez
"Cuando tengamos dinero, esperame.","Cuando tengamos dinero, espérame."
yo me quedare en casa ya que mi mama cocinara,yo me quedaré en casa ya que mi mamá cocinará
Mi mama preparara el cafe ya que hara frio.,Mi mamá preparará el café ya que hará frío.
"hasta que estoy listo, no me acostare","hasta que esté listo, no me acostaré"
Estoy seguro de que el te espera afuera.,Estoy seguro de que él te espera afuera.
"hasta que hago la tarea, esperame","hasta que haga la tarea, espérame"
"Cuando podemos, descansaré.","Cuando podamos, descansaré."
"en cuanto vengamos del parque, me acostare","en cuanto vengamos del parque, me acostaré"
"más tarde apenas haces la cama, llámame","más tarde apenas hagas la cama, llámame"
hoy los ninos jugaron en el patio aunque era tarde,hoy los niños jugaron en el patio aunque era tarde
"Mientras el bebe duerme, los ninos juegan en el patio.","Mientras el bebé duerme, los niños juegan en el patio."
"Cuando salga del colegio, te lo contare.","Cuando salga del colegio, te lo contaré."
las casas que vi ayer esta llenas,las casas que vi ayer están llenas
"cuando hace frio, yo me quedo en casa","cuando hace frío, yo me quedo en casa"
los niños que vi ayer eran muy bonito ayer,los niños que vi ayer eran muy bonitos ayer
mi primo sera muy feliz,mi primo será muy feliz
"Apenas salimos del colegio, yo me quede en casa.","Apenas salimos del colegio, yo me quedé en casa."
escribeme cuando tengamos dinero,escríbeme cuando tengamos dinero
"apenas crezcas, hare la cena","apenas crezcas, haré la cena"
los zapatos de la cocina parece mojado otra vez,los zapatos de la cocina parecen mojados otra vez
"todos los dias apenas hay sol, mi perro se pone feliz","todos los días apenas hay sol, mi perro se pone feliz"
El libro es muy sucio todavia.,El libro es muy sucio todavía.
Yo me quedo en casa mientras los ninos juegan en el patio.,Yo me quedo en casa mientras los niños juegan en el patio.
las casas que trajo mi mama fue bastante sucias,las casas que trajo mi mamá fueron bastante sucias
"siempre cada vez que hace frio, ayudo a mi mama","siempre cada vez que hace frío, ayudo a mi mamá"
"ya que vendras temprano, mi hermano vera television","ya que vendrás temprano, mi hermano verá televisión"
"Apenas el bus llego tarde, los ninos jugaron en el patio.","Apenas el bus llegó tarde, los niños jugaron en el patio."
ayer tomamos te cuando estaba oscuro,ayer tomamos té cuando estaba oscuro
El cuarto que trajo mi mama fue tan caro ayer.,El cuarto que trajo mi mamá fue tan caro ayer.
los gatos parecen mojado,los gatos parecen mojados
"casi siempre siempre que hace frio, me acuesto temprano","casi siempre siempre que hace frío, me acuesto temprano"
se que el te llamo ayer,sé que él te llamó ayer
"apenas el bebe dormia, sali a caminar","apenas el bebé dormía, salí a caminar"
"cuando es sabado, salimos a jugar","cuando es sábado, salimos a jugar"
"los sabados apenas veo a mi abuela, mi mama prepara el cafe","los sábados apenas veo a mi abuela, mi mamá prepara el café"
las ventanas que vimos el sábado estuvo muy rota hoy,las ventanas que vimos el sábado estuvieron muy rotas hoy
"en la tarde apenas todos estaban alli, tomamos te","en la tarde apenas todos estaban allí, tomamos té"
"en cuanto terminemos el examen, escribeme","en cuanto terminemos el examen, escríbeme"
"apenas sales de clase, te avisaré","apenas salgas de clase, te avisaré"
"el sabado mientras habia sol, yo me quede en casa","el sábado mientras había sol, yo me quedé en casa"
las flores de la cocina estaba muy pequeña esta mañana,las flores de la cocina estaban muy pequeñas esta mañana
"mientras salimos del colegio, tomamos te","mientras salimos del colegio, tomamos té"
el te esta en la mesa,el té está en la mesa
"el sabado cuando vea a mi abuela, veremos la pelicula","el sábado cuando vea a mi abuela, veremos la película"
El cuaderno de la escuela quedo tan caro.,El cuaderno de la escuela quedó tan caro.
El arbol de la escuela fue muy frio todavia.,El árbol de la escuela fue muy frío todavía.
"Ya que no hubo clases, mi hermano vio television.","Ya que no hubo clases, mi hermano vio televisión."
"Hoy cuando mi papa trabajo, mi mama preparo el cafe.","Hoy cuando mi papá trabajó, mi mamá preparó el café."
manana descansare en cuanto vuelva del trabajo,mañana descansaré en cuanto vuelva del trabajo
En la tarde mi mama prepara el cafe cuando mi mama cocina.,En la tarde mi mamá prepara el café cuando mi mamá cocina.
las casas que compré estaba bastante bonitas todavía,las casas que compré estaban bastante bonitas todavía
Los platos de la escuela serán muy pequeño.,Los platos de la escuela serán muy pequeños.
las manzanas de mi tía era bastante vacía ayer,las manzanas de mi tía eran bastante vacías ayer
ese te esta amargo,ese té está amargo
Los ninos jugaran en el patio porque terminare la tarea.,Los niños jugarán en el patio porque terminaré la tarea.
"En la tarde cuando no hay clases, mi mama prepara el cafe.","En la tarde cuando no hay clases, mi mamá prepara el café."
Hoy los ninos juegan en el patio aunque llueve mucho.,Hoy los niños juegan en el patio aunque llueve mucho.
las ninas esta feliz hoy,las niñas están felices hoy
la ventana de la cocina es fria esta manana,la ventana de la cocina es fría esta mañana
los perros es grande,los perros son grandes
las manzanas que me regalaron quedo demasiado limpia ayer,las manzanas que me regalaron quedaron demasiado limpias ayer
Mi primo que vimos el sabado parecia bastante bonito esta manana.,Mi primo que vimos el sábado parecía bastante bonito esta mañana.
las niñas de la escuela parecía demasiado contenta hoy,las niñas de la escuela parecían demasiado contentas hoy
Los ninos jugaron en el patio apenas estaba oscuro.,Los niños jugaron en el patio apenas estaba oscuro.
"esta semana cuando no hubo clases, yo me quede en casa","esta semana cuando no hubo clases, yo me quedé en casa"
el gato parece demasiado pequeno esta manana,el gato parece demasiado pequeño esta mañana
"en cuanto hagamos la compra, llamame","en cuanto hagamos la compra, llámame"
Esta tarde avisame en cuanto vengas a mi casa.,Esta tarde avísame en cuanto vengas a mi casa.
"Apenas el bebe dormia, todos comieron juntos.","Apenas el bebé dormía, todos comieron juntos."
"siempre cuando juego futbol, salimos a jugar","siempre cuando juego fútbol, salimos a jugar"
el arbol de mi tia estaba muy viejo esta manana,el árbol de mi tía estaba muy viejo esta mañana
hoy yo hago la tarea cuando el bebe duerme,hoy yo hago la tarea cuando el bebé duerme
me acuesto temprano cuando hace frio,me acuesto temprano cuando hace frío
"Esta tarde hasta que puedo, no te vayas.","Esta tarde hasta que pueda, no te vayas."
Fuimos al parque aunque termine la tarea.,Fuimos al parque aunque terminé la tarea.
Jugare con mis amigos si mi hermana canta.,Jugaré con mis amigos si mi hermana canta.
"apenas mi papa trabajo, yo hice la tarea","apenas mi papá trabajó, yo hice la tarea"
estoy seguro de que el te invito a la fiesta,estoy seguro de que él te invitó a la fiesta
"hoy porque estudiaste mucho, mi abuela cosio","hoy porque estudiaste mucho, mi abuela cosió"
Más tarde espérame apenas tienes un rato.,Más tarde espérame apenas tengas un rato.
"Mas tarde cuando tengas un rato, esperame.","Más tarde cuando tengas un rato, espérame."
las calles de la cocina parece tan fáciles,las calles de la cocina parecen tan fáciles
La calle era cara todavia.,La calle era cara todavía.
el sabado mi abuela cosio ya que los ninos jugaban en el patio,el sábado mi abuela cosió ya que los niños jugaban en el patio
las casas que vi ayer estuvo pequeña otra vez,las casas que vi ayer estuvieron pequeñas otra vez
los platos que trajo mi mama parece sucio otra vez,los platos que trajo mi mamá parecen sucios otra vez
"como tu no querias, fuimos al parque","como tú no querías, fuimos al parque"
La casa del jardin quedo muy grande.,La casa del jardín quedó muy grande.
"esta semana aunque llovera mucho, sacare buena nota","esta semana aunque lloverá mucho, sacaré buena nota"
"manana cuando volvamos a casa, te lo cuento","mañana cuando volvamos a casa, te lo cuento"
los sabados como fruta apenas es sabado,los sábados como fruta apenas es sábado
"aunque mi hermana cantara, saldre a caminar","aunque mi hermana cantará, saldré a caminar"
"hasta que vengo de la escuela, no saldré","hasta que venga de la escuela, no saldré"
los zapatos de mi tia esta muy mojado ayer,los zapatos de mi tía están muy mojados ayer
El sabado no podemos salir cuando mi hermana canta.,El sábado no podemos salir cuando mi hermana canta.
los zapatos estuvieron mojado,los zapatos estuvieron mojados
las flores era bastante grande,las flores eran bastante grandes
"ya que el profesor explico la leccion, yo me quede en casa","ya que el profesor explicó la lección, yo me quedé en casa"
ayudo a mi mama cuando tengo hambre,ayudo a mi mamá cuando tengo hambre
se que el te cuida bien,sé que él te cuida bien
"el sabado ya que me dolia la cabeza, el perro durmio en el sofa","el sábado ya que me dolía la cabeza, el perro durmió en el sofá"
los zapatos de mi tía parecían tan roto,los zapatos de mi tía parecían tan rotos
Los libros que trajo mi mamá será viejo hoy.,Los libros que trajo mi mamá serán viejos hoy.
"los sabados siempre que hay sol, mi papa esta feliz","los sábados siempre que hay sol, mi papá está feliz"
los libros que vimos el sabado estuvo vacios todavia,los libros que vimos el sábado estuvieron vacíos todavía
"Mas tarde apenas terminemos el examen, hare la cena.","Más tarde apenas terminemos el examen, haré la cena."
"en la tarde cuando hace frio, mi mama prepara el cafe","en la tarde cuando hace frío, mi mamá prepara el café"
Mi abuela cose porque mi papa trabaja.,Mi abuela cose porque mi papá trabaja.
los niños que vi ayer quedó muy sucio otra vez,los niños que vi ayer quedaron muy sucios otra vez
"apenas mi mama cocina, me lavo las manos","apenas mi mamá cocina, me lavo las manos"
Hoy mi mama estaba tranquila cuando el perro ladro.,Hoy mi mamá estaba tranquila cuando el perro ladró.
las niñas que trajo mi mamá estuvieron bastante feliz,las niñas que trajo mi mamá estuvieron bastante felices
los libros del jardin fue ordenado,los libros del jardín fueron ordenados
"el sabado ya que habra sol, mi papa estara feliz","el sábado ya que habrá sol, mi papá estará feliz"
"Hoy porque es tarde, tomamos te.","Hoy porque es tarde, tomamos té."
"si esta oscuro, mi mama esta tranquila","si está oscuro, mi mamá está tranquila"
"mientras no tenia dinero, los ninos jugaron en el patio","mientras no tenía dinero, los niños jugaron en el patio"
"hoy apenas venga de la escuela, esperame","hoy apenas venga de la escuela, espérame"
en la tarde yo me quede en casa mientras mis amigos vinieron,en la tarde yo me quedé en casa mientras mis amigos vinieron
las calles que me regalaron fueron pequeña otra vez,las calles que me regalaron fueron pequeñas otra vez
Las mesas que me regalaron parece tan nueva.,Las mesas que me regalaron parecen tan nuevas.
"Apenas nevo en la sierra, mi mama preparo el cafe.","Apenas nevó en la sierra, mi mamá preparó el café."
"esta semana aunque no habra clases, yo me quedare en casa","esta semana aunque no habrá clases, yo me quedaré en casa"
el sábado llámame en cuanto llegamos al colegio,el sábado llámame en cuanto lleguemos al colegio
el sabado nos quedamos en casa cuando salimos del colegio,el sábado nos quedamos en casa cuando salimos del colegio
el zapato de mi tia esta limpio,el zapato de mi tía está limpio
creo que el te dijo la verdad,creo que él te dijo la verdad
"en la tarde cuando llego a casa, mi mama prepara el cafe","en la tarde cuando llego a casa, mi mamá prepara el café"
"los sabados cuando vamos al parque, mi mama prepara el cafe","los sábados cuando vamos al parque, mi mamá prepara el café"
"como los ninos juegan en el patio, salgo a caminar","como los niños juegan en el patio, salgo a caminar"
los gatos que vimos el sabado sera demasiado cansados,los gatos que vimos el sábado serán demasiado cansados
las manzanas que trajo mi mamá estaba demasiado sucias,las manzanas que trajo mi mamá estaban demasiado sucias
Los libros que compré fue muy grande esta mañana.,Los libros que compré fueron muy grandes esta mañana.
Los cuartos que vi ayer estaba demasiado vacíos hoy.,Los cuartos que vi ayer estaban demasiado vacíos hoy.
Mi amigo que compre parecia muy pequeno otra vez.,Mi amigo que compré parecía muy pequeño otra vez.
los ninos que vimos el sabado sera bastante pequeno esta manana,los niños que vimos el sábado serán bastante pequeños esta mañana
hoy mi hermano ve television porque salimos del colegio,hoy mi hermano ve televisión porque salimos del colegio
"el sabado como hay sol, ella lee un libro","el sábado como hay sol, ella lee un libro"
Las manzanas de mi tía era sucia.,Las manzanas de mi tía eran sucias.
casi siempre me duele la cabeza siempre que juego futbol,casi siempre me duele la cabeza siempre que juego fútbol
manana mi papa estara feliz ya que tendre tiempo,mañana mi papá estará feliz ya que tendré tiempo
las mesas que me regalaron estará bastante ordenada esta mañana,las mesas que me regalaron estarán bastante ordenadas esta mañana
"Hoy hasta que salgas de clase, no me acostare.","Hoy hasta que salgas de clase, no me acostaré."
Esta tarde empezaremos a comer cuando haces la cama.,Esta tarde empezaremos a comer cuando hagas la cama.
los libros que compre son muy nuevo otra vez,los libros que compré son muy nuevos otra vez
Te lo dire cuando terminemos el examen.,Te lo diré cuando terminemos el examen.
mi mama estaba tranquila apenas me dolia la cabeza,mi mamá estaba tranquila apenas me dolía la cabeza
"manana apenas vengamos del parque, avisame","mañana apenas vengamos del parque, avísame"
las casas fue difícil todavía,las casas fueron difíciles todavía
"apenas llovio mucho, todos comieron juntos","apenas llovió mucho, todos comieron juntos"
"Como mi papa trabajo, todos comieron juntos.","Como mi papá trabajó, todos comieron juntos."
"Cuando mi hermana estudia, tomo te con leche.","Cuando mi hermana estudia, tomo té con leche."
las flores que vimos el sábado parecía bastante difícil hoy,las flores que vimos el sábado parecían bastante difíciles hoy
las tareas de mi tia parecia muy pequena hoy,las tareas de mi tía parecían muy pequeñas hoy
manana saldremos a pasear cuando crezcas,mañana saldremos a pasear cuando crezcas
en la tarde yo me quede en casa cuando hacia frio,en la tarde yo me quedé en casa cuando hacía frío
"ya que el bus llegara tarde, sacare buena nota","ya que el bus llegará tarde, sacaré buena nota"
"Esta tarde hasta que empieces a estudiar, seguire estudiando.","Esta tarde hasta que empieces a estudiar, seguiré estudiando."
Mama dice que prefiero el te al cafe.,Mamá dice que prefiero el té al café.
"porque no hubo clases, ella leyo un libro","porque no hubo clases, ella leyó un libro"
los sabados mi mama prepara el cafe apenas me levanto,los sábados mi mamá prepara el café apenas me levanto
Mi mama preparo el cafe porque era tarde.,Mi mamá preparó el café porque era tarde.
en la tarde yo me quede en casa cuando estabamos cansados,en la tarde yo me quedé en casa cuando estábamos cansados
"mientras mi hermana canto, yo hice la tarea","mientras mi hermana cantó, yo hice la tarea"
"casi siempre apenas mi papa llega del trabajo, hago la tarea","casi siempre apenas mi papá llega del trabajo, hago la tarea"
"en cuanto ves la película, escríbeme","en cuanto veas la película, escríbeme"
"como esta oscuro, nos quedamos en casa","como está oscuro, nos quedamos en casa"
El cuarto que vimos el sabado esta muy lleno esta manana.,El cuarto que vimos el sábado está muy lleno esta mañana.
El sabado los vecinos hacen ruido cuando el profesor explica la leccion.,El sábado los vecinos hacen ruido cuando el profesor explica la lección.
"cuando salgo del colegio, mi mama prepara el cafe","cuando salgo del colegio, mi mamá prepara el café"
El arbol de la escuela sera muy limpio.,El árbol de la escuela será muy limpio.
"porque yo cocino, tomamos te","porque yo cocino, tomamos té"
"en la tarde aunque hacia calor, los ninos jugaron en el patio","en la tarde aunque hacía calor, los niños jugaron en el patio"
"El sabado cuando llegue a casa, el perro durmio en el sofa.","El sábado cuando llegué a casa, el perro durmió en el sofá."
siempre como fruta siempre que mi papa llega del trabajo,siempre como fruta siempre que mi papá llega del trabajo
"esta tarde cuando podamos, me acostare","esta tarde cuando podamos, me acostaré"
se que el te dijo la verdad,sé que él te dijo la verdad
"si mis amigos vienen, yo hare la tarea","si mis amigos vienen, yo haré la tarea"
los árboles estuvo tan ricos todavía,los árboles estuvieron tan ricos todavía
"mas tarde en cuanto llego a casa, te lo dire","más tarde en cuanto llegue a casa, te lo diré"
"En la tarde porque hara calor, yo hare la tarea.","En la tarde porque hará calor, yo haré la tarea."
Ayer mi hermano vio television apenas mi hermana canto.,Ayer mi hermano vio televisión apenas mi hermana cantó.
las tareas de la cocina quedaron rica,las tareas de la cocina quedaron ricas
las niñas de la cocina eran muy feliz todavía,las niñas de la cocina eran muy felices todavía
Manana ella leera un libro aunque saldremos del colegio.,Mañana ella leerá un libro aunque saldremos del colegio.
"Porque mi papa trabajara, todos comeran juntos.","Porque mi papá trabajará, todos comerán juntos."
me quedo aqui hasta que veas la pelicula,me quedo aquí hasta que veas la película
"hoy hasta que sales de clase, no comeremos","hoy hasta que salgas de clase, no comeremos"
las niñas que compré fue demasiado alegre otra vez,las niñas que compré fueron demasiado alegres otra vez
"en la tarde si nieva en la sierra, los ninos juegan en el patio","en la tarde si nieva en la sierra, los niños juegan en el patio"
los niños que me regalaron estaban bastante sucio hoy,los niños que me regalaron estaban bastante sucios hoy
"Aunque me duele la cabeza, mi mama prepara el cafe.","Aunque me duele la cabeza, mi mamá prepara el café."
mis amigos quedaron muy cansado todavía,mis amigos quedaron muy cansados todavía
"esta tarde cuando vengo de la escuela, iré al parque","esta tarde cuando venga de la escuela, iré al parque"
las mesas que trajo mi mama estuvieron muy grande esta manana,las mesas que trajo mi mamá estuvieron muy grandes esta mañana
"hasta que estes mejor, no salgo","hasta que estés mejor, no salgo"
Hoy no pudimos salir mientras nevo en la sierra.,Hoy no pudimos salir mientras nevó en la sierra.
los perros que me regalaron era viejos,los perros que me regalaron eran viejos
mis hermanas de la cocina fue bonita otra vez,mis hermanas de la cocina fueron bonitas otra vez
las calles que me regalaron fueron tan rota,las calles que me regalaron fueron tan rotas
el zapato que vimos el sabado esta viejo hoy,el zapato que vimos el sábado está viejo hoy
"los sabados siempre que veo a mi abuela, me duele la cabeza","los sábados siempre que veo a mi abuela, me duele la cabeza"
"esta semana si esta oscuro, nos quedaremos en casa","esta semana si está oscuro, nos quedaremos en casa"
"apenas llegue a casa, mi hermano vio television","apenas llegué a casa, mi hermano vio televisión"
"como nevo en la sierra, mi papa estaba feliz","como nevó en la sierra, mi papá estaba feliz"
los árboles que trajo mi mamá es bastante frío otra vez,los árboles que trajo mi mamá son bastante fríos otra vez
"esta tarde apenas estamos en casa, iremos a la piscina","esta tarde apenas estemos en casa, iremos a la piscina"
"Todos los dias cada vez que termino la tarea, me pongo contento.","Todos los días cada vez que termino la tarea, me pongo contento."
en la tarde me pongo contento cada vez que mi papa llega del trabajo,en la tarde me pongo contento cada vez que mi papá llega del trabajo
los zapatos estuvo muy pequeño esta mañana,los zapatos estuvieron muy pequeños esta mañana
"Hoy apenas el bebe dormia, los vecinos hicieron ruido.","Hoy apenas el bebé dormía, los vecinos hicieron ruido."
el sabado te escribo cuando vengas a mi casa,el sábado te escribo cuando vengas a mi casa
los platos de la escuela estará tan frío,los platos de la escuela estarán tan fríos
"aunque el profesor explicara la leccion, iremos a la piscina","aunque el profesor explicará la lección, iremos a la piscina"
los ninos de la escuela estuvieron tan listo todavia,los niños de la escuela estuvieron tan listos todavía
las casas que compre estara demasiado pequena otra vez,las casas que compré estarán demasiado pequeñas otra vez
los zapatos quedaron muy caro todavía,los zapatos quedaron muy caros todavía
Todos los dias estoy tranquilo apenas salgo del colegio.,Todos los días estoy tranquilo apenas salgo del colegio.
"Como tuve tiempo, yo estudie.","Como tuve tiempo, yo estudié."
el te esta frio,el té está frío
En la tarde el perro durmio en el sofa porque todos estaban alli.,En la tarde el perro durmió en el sofá porque todos estaban allí.
"como hacia frio, todos comieron juntos","como hacía frío, todos comieron juntos"
El perro duerme en el sofa mientras es tarde.,El perro duerme en el sofá mientras es tarde.
Las tareas que vimos el sábado estaba muy fácil.,Las tareas que vimos el sábado estaban muy fáciles.
se que el te escribio una carta,sé que él te escribió una carta
los sabados me pongo contento apenas tengo tiempo,los sábados me pongo contento apenas tengo tiempo
"Cuando ella esta enferma, los ninos juegan en el patio.","Cuando ella está enferma, los niños juegan en el patio."
la ventana esta rica,la ventana está rica
"el sabado como el bebe duerme, yo me quedo en casa","el sábado como el bebé duerme, yo me quedo en casa"
las mesas que trajo mi mamá estará tan pequeña,las mesas que trajo mi mamá estarán tan pequeñas
"hoy apenas vuelves de viaje, llámame","hoy apenas vuelvas de viaje, llámame"
manana nos vamos cuando llegue a casa,mañana nos vamos cuando llegue a casa
"si estamos cansados, tomaremos te","si estamos cansados, tomaremos té"
"En la tarde cuando llovio mucho, el perro durmio en el sofa.","En la tarde cuando llovió mucho, el perro durmió en el sofá."
El te escribio una carta.,Él te escribió una carta.
Mi hermano ve television cuando hace frio.,Mi hermano ve televisión cuando hace frío.
"hoy hasta que estoy listo, espérame","hoy hasta que esté listo, espérame"
"En la tarde apenas me dolia la cabeza, mi hermano vio television.","En la tarde apenas me dolía la cabeza, mi hermano vio televisión."
"el sabado apenas estabamos cansados, sali a caminar","el sábado apenas estábamos cansados, salí a caminar"
"como mi papa trabajo, mi mama preparo el cafe","como mi papá trabajó, mi mamá preparó el café"
los zapatos que trajo mi mamá parecía muy limpio esta mañana,los zapatos que trajo mi mamá parecían muy limpios esta mañana
"porque no tengo dinero, tomamos te","porque no tengo dinero, tomamos té"
El gato quedo tan alegre.,El gato quedó tan alegre.
esta tarde te lo dire cuando vuelvo del trabajo,esta tarde te lo diré cuando vuelva del trabajo
"Porque estudias mucho, mi mama prepara el cafe.","Porque estudias mucho, mi mamá prepara el café."
las ventanas que compré parece muy vacía,las ventanas que compré parecen muy vacías
"en la tarde cuando suena el timbre, ayudo a mi mama","en la tarde cuando suena el timbre, ayudo a mi mamá"
"Hoy ya que mis amigos vendran, no podremos salir.","Hoy ya que mis amigos vendrán, no podremos salir."
Esta tarde esperame cuando vuelva del trabajo.,Esta tarde espérame cuando vuelva del trabajo.
Los niños de la escuela quedaron tan viejo.,Los niños de la escuela quedaron tan viejos.
"el sabado hasta que crezcas, no podras salir","el sábado hasta que crezcas, no podrás salir"
"Ya que mi mama cocina, yo estudio.","Ya que mi mamá cocina, yo estudio."
esta tarde iremos a la piscina cuando tengo tiempo,esta tarde iremos a la piscina cuando tenga tiempo
"ya que terminare la tarea, saldre a caminar","ya que terminaré la tarea, saldré a caminar"
los platos estaba grandes,los platos estaban grandes
la flor que vimos el sabado estuvo llena,la flor que vimos el sábado estuvo llena
"Esta semana aunque el perro ladra, mi mama esta tranquila.","Esta semana aunque el perro ladra, mi mamá está tranquila."
En la tarde nos quedamos en casa mientras el bebe dormia.,En la tarde nos quedamos en casa mientras el bebé dormía.
Avísame cuando tenemos dinero.,Avísame cuando tengamos dinero.
"si el bebe duerme, saldre a caminar","si el bebé duerme, saldré a caminar"
manana nos quedaremos en casa porque hara calor,mañana nos quedaremos en casa porque hará calor
"hoy cuando venga de la escuela, veremos la pelicula","hoy cuando venga de la escuela, veremos la película"
El te espera afuera.,Él te espera afuera.
"mas tarde apenas vengas a mi casa, te lo cuento","más tarde apenas vengas a mi casa, te lo cuento"
Todos los dias ayudo a mi mama cuando mi hermana estudia.,Todos los días ayudo a mi mamá cuando mi hermana estudia.
"en la tarde ya que sera tarde, no podremos salir","en la tarde ya que será tarde, no podremos salir"
El te de mi abuela esta delicioso.,El té de mi abuela está delicioso.
Los platos que me regalaron está bastante frío.,Los platos que me regalaron están bastante fríos.
creo que el te quiere mucho,creo que él te quiere mucho
las manzanas que vimos el sabado quedo muy viejas hoy,las manzanas que vimos el sábado quedaron muy viejas hoy
"mas tarde cuando tenemos dinero, vendre a verte","más tarde cuando tengamos dinero, vendré a verte"
los arboles quedo rico,los árboles quedaron ricos
Los cuadernos que me regalaron fue bastante rico hoy.,Los cuadernos que me regalaron fueron bastante ricos hoy.
"manana apenas este listo, te llamare","mañana apenas esté listo, te llamaré"
"el sábado en cuanto veo a mi abuela, mi mamá estará feliz","el sábado en cuanto vea a mi abuela, mi mamá estará feliz"
"cuando lleguemos al colegio, mi mama estara feliz","cuando lleguemos al colegio, mi mamá estará feliz"
las flores de mi tía parece muy mojada otra vez,las flores de mi tía parecen muy mojadas otra vez
"manana porque tendre tiempo, mi papa estara feliz","mañana porque tendré tiempo, mi papá estará feliz"
esta semana los vecinos hacen ruido cuando los ninos juegan en el patio,esta semana los vecinos hacen ruido cuando los niños juegan en el patio
"Siempre que hace frio, estoy tranquilo.","Siempre que hace frío, estoy tranquilo."
mis hermanas que trajo mi mama es contenta ayer,mis hermanas que trajo mi mamá son contentas ayer
"Esta semana cuando mi papa trabaja, mi abuela cose.","Esta semana cuando mi papá trabaja, mi abuela cose."
en la tarde no pudimos salir porque llegue a casa,en la tarde no pudimos salir porque llegué a casa
Se que el te dara una sorpresa.,Sé que él te dará una sorpresa.
Los árboles que vimos el sábado parecen tan vacío hoy.,Los árboles que vimos el sábado parecen tan vacíos hoy.
Las niñas estaba limpia.,Las niñas estaban limpias.
"todos los dias cuando llego al colegio, descanso un rato","todos los días cuando llego al colegio, descanso un rato"
"los sabados cada vez que suena el timbre, mi papa esta feliz","los sábados cada vez que suena el timbre, mi papá está feliz"
"manana cuando puedas, me acostare","mañana cuando puedas, me acostaré"
"El sabado porque nieva en la sierra, yo hago la tarea.","El sábado porque nieva en la sierra, yo hago la tarea."
"Hoy apenas termine la tarea, mi mama preparo el cafe.","Hoy apenas terminé la tarea, mi mamá preparó el café."
mis hermanas que me regalaron seran demasiado feliz todavia,mis hermanas que me regalaron serán demasiado felices todavía
"apenas todos estaban alli, mi mama preparo el cafe","apenas todos estaban allí, mi mamá preparó el café"
la nina de la escuela quedo muy lista otra vez,la niña de la escuela quedó muy lista otra vez
"porque mi hermana canto, ella leyo un libro","porque mi hermana cantó, ella leyó un libro"
"siempre siempre que salgo del colegio, mi papa esta feliz","siempre siempre que salgo del colegio, mi papá está feliz"
"cuando llego al colegio, ayudo a mi mama","cuando llego al colegio, ayudo a mi mamá"
hoy salgo a caminar cuando mi papa trabaja,hoy salgo a caminar cuando mi papá trabaja
"los sabados cuando tengo hambre, me duele la cabeza","los sábados cuando tengo hambre, me duele la cabeza"
"el sabado porque estamos cansados, nos quedamos en casa","el sábado porque estamos cansados, nos quedamos en casa"
esta tarde esperame hasta que vengas a mi casa,esta tarde espérame hasta que vengas a mi casa
"Manana apenas sea de noche, iremos a la piscina.","Mañana apenas sea de noche, iremos a la piscina."
las mesas de mi tía era muy ordenada,las mesas de mi tía eran muy ordenadas
"apenas mi hermana canto, tomamos te","apenas mi hermana cantó, tomamos té"
hoy sacare buena nota ya que terminare la tarea,hoy sacaré buena nota ya que terminaré la tarea
nos quedaremos en casa porque no habra clases,nos quedaremos en casa porque no habrá clases
"como habia sol, nos quedamos en casa","como había sol, nos quedamos en casa"
la mesa de la escuela parece demasiado sucia todavia,la mesa de la escuela parece demasiado sucia todavía
"Aunque hacia frio, yo hice la tarea.","Aunque hacía frío, yo hice la tarea."
"mientras no tenia dinero, sali a caminar","mientras no tenía dinero, salí a caminar"
"Hasta que este listo, no comeremos.","Hasta que esté listo, no comeremos."
los niños que vi ayer parece demasiado bonito hoy,los niños que vi ayer parecen demasiado bonitos hoy
"cuando hace frio, mi perro se pone feliz","cuando hace frío, mi perro se pone feliz"
"ayer como mis amigos vinieron, yo estudie","ayer como mis amigos vinieron, yo estudié"
"esta semana apenas estaba oscuro, mi mama preparo el cafe","esta semana apenas estaba oscuro, mi mamá preparó el café"
las ninas que trajo mi mama eran muy vieja otra vez,las niñas que trajo mi mamá eran muy viejas otra vez
En la tarde mi papa esta feliz cuando juego futbol.,En la tarde mi papá está feliz cuando juego fútbol.
yo estudie aunque tuve tiempo,yo estudié aunque tuve tiempo
"como el bebe dormia, los vecinos hicieron ruido","como el bebé dormía, los vecinos hicieron ruido"
el cuarto que vi ayer estara demasiado pequeno hoy,el cuarto que vi ayer estará demasiado pequeño hoy
"si hay sol, jugare con mis amigos","si hay sol, jugaré con mis amigos"
"los sabados siempre que llego a casa, me duele la cabeza","los sábados siempre que llego a casa, me duele la cabeza"
El sabado yo estudie apenas llegue a casa.,El sábado yo estudié apenas llegué a casa.
los zapatos del jardin parecia muy caros ayer,los zapatos del jardín parecían muy caros ayer
Esta semana no pudimos salir porque los ninos jugaban en el patio.,Esta semana no pudimos salir porque los niños jugaban en el patio.
Te avisare cuando hagamos la compra.,Te avisaré cuando hagamos la compra.
"Manana aunque mi mama cocina, yo me quedare en casa.","Mañana aunque mi mamá cocina, yo me quedaré en casa."
"aunque llegue a casa, yo estudie","aunque llegué a casa, yo estudié"
"Mientras llueve mucho, mi mama prepara el cafe.","Mientras llueve mucho, mi mamá prepara el café."
mi papa esta feliz si hace frio,mi papá está feliz si hace frío
el plato que trajo mi mama parece lleno ayer,el plato que trajo mi mamá parece lleno ayer
sali a caminar apenas los ninos jugaban en el patio,salí a caminar apenas los niños jugaban en el patio
El libro del jardin esta rico esta manana.,El libro del jardín está rico esta mañana.
"Cuando llueve, mi mama prepara el cafe.","Cuando llueve, mi mamá prepara el café."
Esta semana yo hice la tarea mientras habia sol.,Esta semana yo hice la tarea mientras había sol.
los cuartos que vimos el sábado estuvieron bastante pequeño ayer,los cuartos que vimos el sábado estuvieron bastante pequeños ayer
las manzanas de la cocina será vacías,las manzanas de la cocina serán vacías
ayudo a mi mama cuando estoy cansado,ayudo a mi mamá cuando estoy cansado
"hoy mientras estaba oscuro, los ninos jugaron en el patio","hoy mientras estaba oscuro, los niños jugaron en el patio"
mis amigos que vimos el sabado estaba muy pequeno esta manana,mis amigos que vimos el sábado estaban muy pequeños esta mañana
Los ninos jugaran en el patio aunque mis amigos vendran.,Los niños jugarán en el patio aunque mis amigos vendrán.
creo que el te dara una sorpresa,creo que él te dará una sorpresa
los perros que me regalaron parecen feliz todavía,los perros que me regalaron parecen felices todavía
"en la tarde cada vez que es sabado, salimos a jugar","en la tarde cada vez que es sábado, salimos a jugar"
los ninos juegan en el patio cuando estamos cansados,los niños juegan en el patio cuando estamos cansados
Los árboles que vi ayer estará muy caro esta mañana.,Los árboles que vi ayer estarán muy caros esta mañana.
el te de mi abuela esta delicioso,el té de mi abuela está delicioso
"todos los dias cuando llego al colegio, tomo te con leche","todos los días cuando llego al colegio, tomo té con leche"
"casi siempre siempre que juego futbol, todos comen juntos","casi siempre siempre que juego fútbol, todos comen juntos"
mi primo que me regalaron sera listo ayer,mi primo que me regalaron será listo ayer
mi mama estara feliz aunque hara frio,mi mamá estará feliz aunque hará frío
"el sabado si termino la tarea, mi papa estara feliz","el sábado si termino la tarea, mi papá estará feliz"
los sabados ella lee un libro apenas salgo del colegio,los sábados ella lee un libro apenas salgo del colegio
los cuadernos del jardin parece bastante sucios ayer,los cuadernos del jardín parecen bastante sucios ayer
"cada vez que mi mama cocina, tomo te con leche","cada vez que mi mamá cocina, tomo té con leche"
Más tarde no te vayas hasta que puedes.,Más tarde no te vayas hasta que puedas.
"el sabado en cuanto ves la pelicula, te lo contare","el sábado en cuanto veas la película, te lo contaré"
"ayer mientras hacia frio, los vecinos hicieron ruido","ayer mientras hacía frío, los vecinos hicieron ruido"
La nina parecia vieja otra vez.,La niña parecía vieja otra vez.
"si salimos del colegio, mi papa esta feliz","si salimos del colegio, mi papá está feliz"
"mas tarde en cuanto tenga tiempo, salimos a pasear","más tarde en cuanto tenga tiempo, salimos a pasear"
"el sabado porque viniste temprano, mi papa estaba feliz","el sábado porque viniste temprano, mi papá estaba feliz"
Las mesas de la escuela era bastante vacías todavía.,Las mesas de la escuela eran bastante vacías todavía.
"Hoy como el profesor explico la leccion, yo hice la tarea.","Hoy como el profesor explicó la lección, yo hice la tarea."
yo me quedare en casa porque estudiaras mucho,yo me quedaré en casa porque estudiarás mucho
los sabados tomo te con leche cuando mi hermana estudia,los sábados tomo té con leche cuando mi hermana estudia
"aunque estaremos cansados, mi mama preparara el cafe","aunque estaremos cansados, mi mamá preparará el café"
hoy te lo contare apenas crezca,hoy te lo contaré apenas crezca
mis primos de la escuela parece muy grande esta mañana,mis primos de la escuela parecen muy grandes esta mañana
"Cuando hay sol, mi papa esta feliz.","Cuando hay sol, mi papá está feliz."
"si el profesor explica la leccion, nos quedamos en casa","si el profesor explica la lección, nos quedamos en casa"
"aunque no tendre dinero, iremos a la piscina","aunque no tendré dinero, iremos a la piscina"
"Manana en cuanto hagas la cama, vamos a jugar.","Mañana en cuanto hagas la cama, vamos a jugar."
El te dijo la verdad.,Él te dijo la verdad.
"todos los dias cuando termino la tarea, mi perro se pone feliz","todos los días cuando termino la tarea, mi perro se pone feliz"
mi papa esta feliz cuando salgo del colegio,mi papá está feliz cuando salgo del colegio
"esta semana como mi papa trabajo, nos quedamos en casa","esta semana como mi papá trabajó, nos quedamos en casa"
creo que el te mira,creo que él te mira
"manana aunque termino la tarea, todos comeran juntos","mañana aunque termino la tarea, todos comerán juntos"
"hoy si el profesor explica la leccion, yo hare la tarea","hoy si el profesor explica la lección, yo haré la tarea"
Las tareas que trajo mi mamá fue demasiado fáciles esta mañana.,Las tareas que trajo mi mamá fueron demasiado fáciles esta mañana.
las casas estaban muy vacia otra vez,las casas estaban muy vacías otra vez
"En la tarde aunque mi papa trabajara, iremos al parque.","En la tarde aunque mi papá trabajará, iremos al parque."
"porque el perro ladro, yo estudie","porque el perro ladró, yo estudié"
manana saldre a caminar aunque los ninos jugaran en el patio,mañana saldré a caminar aunque los niños jugarán en el patio
"hoy cuando empiezas a estudiar, me acostare","hoy cuando empieces a estudiar, me acostaré"
"Cuando mi mama cocina, me acuesto temprano.","Cuando mi mamá cocina, me acuesto temprano."
"Hasta que vuelva del trabajo, esperame.","Hasta que vuelva del trabajo, espérame."
los platos que vi ayer estaban lleno,los platos que vi ayer estaban llenos
tomo te con leche apenas mi papa llega del trabajo,tomo té con leche apenas mi papá llega del trabajo
Mama dice que el te presta el libro.,Mamá dice que él te presta el libro.
las ventanas de mi tía estaba nueva,las ventanas de mi tía estaban nuevas
"en la tarde porque el bebe duerme, los ninos juegan en el patio","en la tarde porque el bebé duerme, los niños juegan en el patio"
los arboles que me regalaron estuvo muy lleno ayer,los árboles que me regalaron estuvieron muy llenos ayer
las mesas es mojada ayer,las mesas son mojadas ayer
"Manana cuando salgamos de casa, escribeme.","Mañana cuando salgamos de casa, escríbeme."
los zapatos estaban muy lleno ayer,los zapatos estaban muy llenos ayer
la tarea del jardin estuvo muy fria todavia,la tarea del jardín estuvo muy fría todavía
"en la tarde si termino la tarea, jugare con mis amigos","en la tarde si termino la tarea, jugaré con mis amigos"
Yo hare la tarea si estudias mucho.,Yo haré la tarea si estudias mucho.
"esta tarde apenas vuelvo del trabajo, saldremos a pasear","esta tarde apenas vuelva del trabajo, saldremos a pasear"
las casas del jardín quedó ordenadas todavía,las casas del jardín quedaron ordenadas todavía
el libro esta demasiado grande todavia,el libro está demasiado grande todavía
ayer mi mama estaba tranquila mientras llovio mucho,ayer mi mamá estaba tranquila mientras llovió mucho
Los cuartos que vi ayer serán muy sucio.,Los cuartos que vi ayer serán muy sucios.
El cuaderno sera pequeno otra vez.,El cuaderno será pequeño otra vez.
"Ayer como me dolia la cabeza, nos quedamos en casa.","Ayer como me dolía la cabeza, nos quedamos en casa."
en la tarde sali a caminar ya que mi papa trabajo,en la tarde salí a caminar ya que mi papá trabajó
"esta tarde hasta que este listo, no como","esta tarde hasta que esté listo, no como"
"si los ninos juegan en el patio, iremos al parque","si los niños juegan en el patio, iremos al parque"
no se si el te esta caliente,no sé si el té está caliente
mis hermanas del jardín parecía contenta otra vez,mis hermanas del jardín parecían contentas otra vez
las tareas que me regalaron es bastante difícil,las tareas que me regalaron son bastante difíciles
"si el bebe duerme, vamos al parque","si el bebé duerme, vamos al parque"
"esta semana ya que los ninos juegan en el patio, los ninos juegan en el patio","esta semana ya que los niños juegan en el patio, los niños juegan en el patio"
"Esta semana aunque vendras temprano, ella leera un libro.","Esta semana aunque vendrás temprano, ella leerá un libro."
"esta tarde hasta que vea a mi abuela, no saldre","esta tarde hasta que vea a mi abuela, no saldré"
"El sabado apenas mi hermana canto, los ninos jugaron en el patio.","El sábado apenas mi hermana cantó, los niños jugaron en el patio."
"esta semana si salimos del colegio, tomamos te","esta semana si salimos del colegio, tomamos té"
"mientras el perro ladro, el perro durmio en el sofa","mientras el perro ladró, el perro durmió en el sofá"
la casa que trajo mi mama esta tan nueva hoy,la casa que trajo mi mamá está tan nueva hoy
las casas que vimos el sabado estaran muy bonita ayer,las casas que vimos el sábado estarán muy bonitas ayer
los zapatos que vi ayer esta bastante lleno,los zapatos que vi ayer están bastante llenos
"Mañana apenas vuelvo del trabajo, no te preocupes.","Mañana apenas vuelva del trabajo, no te preocupes."
El sábado me acostaré en cuanto vuelvo del trabajo.,El sábado me acostaré en cuanto vuelva del trabajo.
Los zapatos de mi tía eran muy ordenado.,Los zapatos de mi tía eran muy ordenados.
"En la tarde si yo cocino, yo hare la tarea.","En la tarde si yo cocino, yo haré la tarea."
mi hermano ve television si termino la tarea,mi hermano ve televisión si termino la tarea
Los cuadernos que vi ayer era tan viejo esta mañana.,Los cuadernos que vi ayer eran tan viejos esta mañana.
"en la tarde mientras tu no quieres, nos quedamos en casa","en la tarde mientras tú no quieres, nos quedamos en casa"
"Mas tarde apenas pueda, te llamo.","Más tarde apenas pueda, te llamo."
"Aunque estudias mucho, mi papa estara feliz.","Aunque estudias mucho, mi papá estará feliz."
los gatos que me regalaron parece cansados hoy,los gatos que me regalaron parecen cansados hoy
en la tarde mi papa esta feliz porque mi hermana canta,en la tarde mi papá está feliz porque mi hermana canta
las mesas de la cocina son bastante limpia ayer,las mesas de la cocina son bastante limpias ayer
las ventanas que compre estuvo muy limpia esta manana,las ventanas que compré estuvieron muy limpias esta mañana
"En la tarde cuando estoy cansado, ayudo a mi mama.","En la tarde cuando estoy cansado, ayudo a mi mamá."
los gatos de la cocina parece tan tranquilo,los gatos de la cocina parecen tan tranquilos
los sabados mi perro se pone feliz apenas juego futbol,los sábados mi perro se pone feliz apenas juego fútbol
"apenas juego futbol, me duele la cabeza","apenas juego fútbol, me duele la cabeza"
mi hermana que trajo mi mama estuvo tan sucia esta manana,mi hermana que trajo mi mamá estuvo tan sucia esta mañana
las flores estaban demasiado fría ayer,las flores estaban demasiado frías ayer
Te lo contare apenas termines de comer.,Te lo contaré apenas termines de comer.
mi hermana de la escuela estaba muy vieja todavia,mi hermana de la escuela estaba muy vieja todavía
"hoy cuando este listo, saldremos a pasear","hoy cuando esté listo, saldremos a pasear"
"ya que mi papa trabajo, fuimos al parque","ya que mi papá trabajó, fuimos al parque"
"manana hasta que haces la cama, esperame","mañana hasta que hagas la cama, espérame"
"ayer mientras estabamos cansados, mi mama estaba tranquila","ayer mientras estábamos cansados, mi mamá estaba tranquila"
Se que el te invito a la fiesta.,Sé que él te invitó a la fiesta.
mi abuela cose mientras mi mama cocina,mi abuela cose mientras mi mamá cocina
Las flores estaba tan sucia.,Las flores estaban tan sucias.
"hoy como llegue a casa, ella leyo un libro","hoy como llegué a casa, ella leyó un libro"
"esta tarde cuando estoy listo, espérame","esta tarde cuando esté listo, espérame"
las casas de mi tia eran bastante limpia,las casas de mi tía eran bastante limpias
Los niños que me regalaron será demasiado bonito todavía.,Los niños que me regalaron serán demasiado bonitos todavía.
en la tarde mi abuela cosio cuando mi mama cocino,en la tarde mi abuela cosió cuando mi mamá cocinó
las tareas quedó bastante fáciles hoy,las tareas quedaron bastante fáciles hoy
mi primo que trajo mi mama parecia triste ayer,mi primo que trajo mi mamá parecía triste ayer
no saldre hasta que llegue a casa,no saldré hasta que llegue a casa
"Esta semana como llueve mucho, los ninos juegan en el patio.","Esta semana como llueve mucho, los niños juegan en el patio."
Las manzanas de la escuela estuvo muy rica esta mañana.,Las manzanas de la escuela estuvieron muy ricas esta mañana.
los perros de la cocina parecía cansado hoy,los perros de la cocina parecían cansados hoy
"Hoy porque sera tarde, iremos a la piscina.","Hoy porque será tarde, iremos a la piscina."
Siempre mi perro se pone feliz cuando mi mama cocina.,Siempre mi perro se pone feliz cuando mi mamá cocina.
"cuando todos estan aqui, mi papa esta feliz","cuando todos están aquí, mi papá está feliz"
"porque habia sol, los ninos jugaron en el patio","porque había sol, los niños jugaron en el patio"
el zapato que vi ayer estara bastante roto esta manana,el zapato que vi ayer estará bastante roto esta mañana
"el sabado si llego a casa, tomamos te","el sábado si llego a casa, tomamos té"
"el sabado apenas llovio mucho, nos quedamos en casa","el sábado apenas llovió mucho, nos quedamos en casa"
Mis amigos que vi ayer estaba tan pequeño.,Mis amigos que vi ayer estaban tan pequeños.
"Todos los dias siempre que hay sol, mi mama prepara el cafe.","Todos los días siempre que hay sol, mi mamá prepara el café."
los ninos que compre estara contento hoy,los niños que compré estarán contentos hoy
los libros de la escuela parece tan vacio,los libros de la escuela parecen tan vacíos
el zapato del jardin parece facil,el zapato del jardín parece fácil
mis primos quedaron bastante contento,mis primos quedaron bastante contentos
las niñas de la escuela parecía vieja todavía,las niñas de la escuela parecían viejas todavía
te lo dire cuando terminamos el examen,te lo diré cuando terminemos el examen
"el sabado porque nevo en la sierra, sali a caminar","el sábado porque nevó en la sierra, salí a caminar"
"apenas mi hermana canto, los vecinos hicieron ruido","apenas mi hermana cantó, los vecinos hicieron ruido"
"todos los dias cada vez que salgo del colegio, veo television","todos los días cada vez que salgo del colegio, veo televisión"
"los sabados cada vez que hay sol, como fruta","los sábados cada vez que hay sol, como fruta"
los gatos que trajo mi mamá parecía muy bonito,los gatos que trajo mi mamá parecían muy bonitos
los gatos que trajo mi mamá estaba muy grande,los gatos que trajo mi mamá estaban muy grandes
"mientras hace frio, ella lee un libro","mientras hace frío, ella lee un libro"
los ninos jugaron en el patio apenas mi papa trabajo,los niños jugaron en el patio apenas mi papá trabajó
mis hermanas será tan grande,mis hermanas serán tan grandes
las mesas parecia ordenada,las mesas parecían ordenadas
"en la tarde si todos estan aqui, mi hermano vera television","en la tarde si todos están aquí, mi hermano verá televisión"
hoy mi hermano vera television aunque el profesor explica la leccion,hoy mi hermano verá televisión aunque el profesor explica la lección
"el sabado cuando hagas la cama, te lo cuento","el sábado cuando hagas la cama, te lo cuento"
"Mañana cuando llegamos al colegio, descansaré.","Mañana cuando lleguemos al colegio, descansaré."
"Mañana cuando haces la cama, te llamaré.","Mañana cuando hagas la cama, te llamaré."
las flores que me regalaron estara muy nueva,las flores que me regalaron estarán muy nuevas
esta semana yo me quede en casa mientras mi papa trabajo,esta semana yo me quedé en casa mientras mi papá trabajó
"casi siempre cuando mi mama cocina, como fruta","casi siempre cuando mi mamá cocina, como fruta"
las flores era muy vacías,las flores eran muy vacías
"esta semana si vienes temprano, los ninos juegan en el patio","esta semana si vienes temprano, los niños juegan en el patio"
"Apenas tengamos dinero, llamame.","Apenas tengamos dinero, llámame."
Ayudo a mi mama cuando tengo tiempo.,Ayudo a mi mamá cuando tengo tiempo.
"Ya que tu no quieres, mi mama prepara el cafe.","Ya que tú no quieres, mi mamá prepara el café."
los cuartos de la escuela era demasiado sucio ayer,los cuartos de la escuela eran demasiado sucios ayer
los ninos que vimos el sabado es pequeno todavia,los niños que vimos el sábado son pequeños todavía
"cuando veas la pelicula, hacemos la tarea","cuando veas la película, hacemos la tarea"
Mis amigos que me regalaron estuvo tranquilo todavía.,Mis amigos que me regalaron estuvieron tranquilos todavía.
Las manzanas del jardín fue tan sucia.,Las manzanas del jardín fueron tan sucias.
"Los sabados cuando termino la tarea, ayudo a mi mama.","Los sábados cuando termino la tarea, ayudo a mi mamá."
los cuadernos que vi ayer fue muy fácil todavía,los cuadernos que vi ayer fueron muy fáciles todavía
los perros que me regalaron fue tan limpios ayer,los perros que me regalaron fueron tan limpios ayer
"cuando tengamos dinero, veremos la pelicula","cuando tengamos dinero, veremos la película"
"mañana cuando haces la cama, llámame","mañana cuando hagas la cama, llámame"
"manana ya que llegare tarde, saldre a caminar","mañana ya que llegaré tarde, saldré a caminar"
El sabado mi mama esta tranquila ya que hay sol.,El sábado mi mamá está tranquila ya que hay sol.
hoy sali a caminar cuando tuve tiempo,hoy salí a caminar cuando tuve tiempo
La tarea de la cocina esta vieja.,La tarea de la cocina está vieja.
mis amigos de la cocina fue muy grande otra vez,mis amigos de la cocina fueron muy grandes otra vez
"cuando llego al colegio, mi mama prepara el cafe","cuando llego al colegio, mi mamá prepara el café"
las niñas de la escuela estuvo muy grande otra vez,las niñas de la escuela estuvieron muy grandes otra vez
ella leyo un libro apenas el profesor explico la leccion,ella leyó un libro apenas el profesor explicó la lección
"Como el profesor explico la leccion, nos quedamos en casa.","Como el profesor explicó la lección, nos quedamos en casa."
mis primos que trajo mi mamá estuvo alegre todavía,mis primos que trajo mi mamá estuvieron alegres todavía
El sabado mi mama preparo el cafe apenas era tarde.,El sábado mi mamá preparó el café apenas era tarde.
Las tareas que me regalaron parece fácil todavía.,Las tareas que me regalaron parecen fáciles todavía.
"el sabado cuando yo cocino, el perro duerme en el sofa","el sábado cuando yo cocino, el perro duerme en el sofá"
te lo dire cuando haga la tarea,te lo diré cuando haga la tarea
"mas tarde cuando tengamos dinero, vendre a verte","más tarde cuando tengamos dinero, vendré a verte"
"Cuando es de noche, te lo contaré.","Cuando sea de noche, te lo contaré."
las tareas que vi ayer es muy limpia,las tareas que vi ayer son muy limpias
dice que el te esta muy dulce,dice que el té está muy dulce
"Cuando es tarde, tomamos te.","Cuando es tarde, tomamos té."
creo que el te esta en la mesa,creo que el té está en la mesa
"si estamos cansados, mi mama prepara el cafe","si estamos cansados, mi mamá prepara el café"
los arboles de la escuela era roto esta manana,los árboles de la escuela eran rotos esta mañana
Las niñas de la escuela estuvieron feliz todavía.,Las niñas de la escuela estuvieron felices todavía.
los perros quedo tan tranquilo,los perros quedaron tan tranquilos
mama dice que el te mira,mamá dice que él te mira
Los zapatos estuvo demasiado vacío.,Los zapatos estuvieron demasiado vacíos.
casi siempre como fruta siempre que es sabado,casi siempre como fruta siempre que es sábado
Los árboles de la cocina eran sucio.,Los árboles de la cocina eran sucios.
"Apenas llego a casa, empezaremos a comer.","Apenas llegue a casa, empezaremos a comer."
las mesas del jardín fueron sucia todavía,las mesas del jardín fueron sucias todavía
manana saldremos a pasear cuando estes mejor,mañana saldremos a pasear cuando estés mejor
el gato que vimos el sabado estaba tranquilo,el gato que vimos el sábado estaba tranquilo
"Cuando no tenia dinero, fuimos al parque.","Cuando no tenía dinero, fuimos al parque."
mis primos era muy contento esta manana,mis primos eran muy contentos esta mañana
las flores que vimos el sabado sera demasiado fria otra vez,las flores que vimos el sábado serán demasiado frías otra vez
"esta tarde hasta que vuelvo del trabajo, no podrás salir","esta tarde hasta que vuelva del trabajo, no podrás salir"
los platos de la escuela parecian roto,los platos de la escuela parecían rotos
"Como estudiaste mucho, el perro durmio en el sofa.","Como estudiaste mucho, el perro durmió en el sofá."
"esta tarde cuando veas la pelicula, te lo dire","esta tarde cuando veas la película, te lo diré"
en la tarde mi mama prepara el cafe cuando mi mama cocina,en la tarde mi mamá prepara el café cuando mi mamá cocina
tomamos te ya que mi hermana canto,tomamos té ya que mi hermana cantó
hoy vendre a verte cuando sea de noche,hoy vendré a verte cuando sea de noche
Mi hermano vera television aunque estudiaras mucho.,Mi hermano verá televisión aunque estudiarás mucho.
"apenas el perro ladro, yo estudie","apenas el perro ladró, yo estudié"
"Apenas empieces a estudiar, vendre a verte.","Apenas empieces a estudiar, vendré a verte."
"aunque mi hermana canto, todos comieron juntos","aunque mi hermana cantó, todos comieron juntos"
casi siempre mi mama prepara el cafe cuando termino la tarea,casi siempre mi mamá prepara el café cuando termino la tarea
"porque mi hermana cantara, sacare buena nota","porque mi hermana cantará, sacaré buena nota"
manana los ninos jugaran en el patio aunque estudiaras mucho,mañana los niños jugarán en el patio aunque estudiarás mucho
en la tarde sali a caminar mientras hacia calor,en la tarde salí a caminar mientras hacía calor
"cuando nieva en la sierra, mi mama prepara el cafe","cuando nieva en la sierra, mi mamá prepara el café"
"manana cuando lleguemos al colegio, descansare","mañana cuando lleguemos al colegio, descansaré"
"cuando llegamos al colegio, me acostaré","cuando lleguemos al colegio, me acostaré"
las ninas de la escuela quedaron grande,las niñas de la escuela quedaron grandes
"esta tarde hasta que es de noche, no saldre","esta tarde hasta que sea de noche, no saldré"
Esta tarde espérame hasta que vienes a mi casa.,Esta tarde espérame hasta que vengas a mi casa.
"cuando podemos, me acostare","cuando podamos, me acostaré"
las flores de la escuela estaba muy rica esta mañana,las flores de la escuela estaban muy ricas esta mañana
los niños de la cocina quedó tan pequeño,los niños de la cocina quedaron tan pequeños
no podras salir hasta que volvamos a casa,no podrás salir hasta que volvamos a casa
las casas de la cocina era ordenada ayer,las casas de la cocina eran ordenadas ayer
"esta tarde cuando sea de noche, jugare con mis amigos","esta tarde cuando sea de noche, jugaré con mis amigos"
"apenas terminas de comer, no te preocupes","apenas termines de comer, no te preocupes"
las calles de mi tía estará rota,las calles de mi tía estarán rotas
manana ella leera un libro si los ninos juegan en el patio,mañana ella leerá un libro si los niños juegan en el patio
Mis amigos de la cocina fue listo otra vez.,Mis amigos de la cocina fueron listos otra vez.
mis amigos del jardín parece demasiado cansados otra vez,mis amigos del jardín parecen demasiado cansados otra vez
el perro durmio en el sofa ya que mis amigos vinieron,el perro durmió en el sofá ya que mis amigos vinieron
"El sabado cuando nevo en la sierra, todos comieron juntos.","El sábado cuando nevó en la sierra, todos comieron juntos."
"mas tarde hasta que llegue a casa, no te vayas","más tarde hasta que llegue a casa, no te vayas"
sali a caminar apenas el perro ladro,salí a caminar apenas el perro ladró
"Mientras tu no quieres, yo me quedo en casa.","Mientras tú no quieres, yo me quedo en casa."
esta tarde avisame apenas empieces a estudiar,esta tarde avísame apenas empieces a estudiar
Las mesas que vi ayer eran demasiado llena.,Las mesas que vi ayer eran demasiado llenas.
el gato que vimos el sabado quedo muy mojado todavia,el gato que vimos el sábado quedó muy mojado todavía
"cuando llego al colegio, mi papa esta feliz","cuando llego al colegio, mi papá está feliz"
las ninas del jardin estan tan grande esta manana,las niñas del jardín están tan grandes esta mañana
"todos los dias cuando mi hermana estudia, me pongo el abrigo","todos los días cuando mi hermana estudia, me pongo el abrigo"
ayer mi papa estaba feliz apenas salimos del colegio,ayer mi papá estaba feliz apenas salimos del colegio
el libro era tan vacio todavia,el libro era tan vacío todavía
Ayer yo me quede en casa cuando los ninos jugaban en el patio.,Ayer yo me quedé en casa cuando los niños jugaban en el patio.
los gatos será alegre todavía,los gatos serán alegres todavía
hoy esperaremos aqui hasta que es de noche,hoy esperaremos aquí hasta que sea de noche
Los cuartos que vi ayer quedó tan pequeño otra vez.,Los cuartos que vi ayer quedaron tan pequeños otra vez.
"si el bebe duerme, mi papa esta feliz","si el bebé duerme, mi papá está feliz"
Hoy jugare con mis amigos si llego a casa.,Hoy jugaré con mis amigos si llego a casa.
mama dice que quiero un te con leche,mamá dice que quiero un té con leche
"Aunque todos estan aqui, mi mama estara feliz.","Aunque todos están aquí, mi mamá estará feliz."
"cada vez que mi papa llega del trabajo, me lavo las manos","cada vez que mi papá llega del trabajo, me lavo las manos"
mas tarde llamame cuando llegues a casa,más tarde llámame cuando llegues a casa
Nos quedamos en casa apenas juego futbol.,Nos quedamos en casa apenas juego fútbol.
los libros de la escuela quedo muy pequenos otra vez,los libros de la escuela quedaron muy pequeños otra vez
El sabado seguire estudiando hasta que puedas.,El sábado seguiré estudiando hasta que puedas.
"el sabado como ella esta enferma, los vecinos hacen ruido","el sábado como ella está enferma, los vecinos hacen ruido"
"todos los dias apenas hace frio, descanso un rato","todos los días apenas hace frío, descanso un rato"
"ayer apenas hacia frio, no pudimos salir","ayer apenas hacía frío, no pudimos salir"
"Todos los dias siempre que mi hermana estudia, saludo a mis amigos.","Todos los días siempre que mi hermana estudia, saludo a mis amigos."
"Ya que mi papa trabaja, mi abuela cose.","Ya que mi papá trabaja, mi abuela cose."
"Mas tarde hasta que volvamos a casa, no podras salir.","Más tarde hasta que volvamos a casa, no podrás salir."
la tarea quedo mojada todavia,la tarea quedó mojada todavía
"Los sabados cuando juego futbol, tomo te con leche.","Los sábados cuando juego fútbol, tomo té con leche."
"Hoy hasta que llegues a casa, esperame.","Hoy hasta que llegues a casa, espérame."
"en cuanto llegue a casa, escribeme","en cuanto llegue a casa, escríbeme"
en la tarde ella leera un libro si tu no quieres,en la tarde ella leerá un libro si tú no quieres
"hoy aunque los ninos juegan en el patio, iremos al parque","hoy aunque los niños juegan en el patio, iremos al parque"
ayer ella leyo un libro porque el profesor explico la leccion,ayer ella leyó un libro porque el profesor explicó la lección
El zapato de la cocina era demasiado ordenado todavia.,El zapato de la cocina era demasiado ordenado todavía.
Las niñas que vi ayer estaba bastante feliz todavía.,Las niñas que vi ayer estaban bastante felices todavía.
"cuando lleguemos al colegio, me acostare","cuando lleguemos al colegio, me acostaré"
Los perros de la escuela eran muy viejo ayer.,Los perros de la escuela eran muy viejos ayer.
Esta semana los ninos jugaran en el patio ya que habra sol.,Esta semana los niños jugarán en el patio ya que habrá sol.
en la tarde mi papa estaba feliz apenas habia sol,en la tarde mi papá estaba feliz apenas había sol
En la tarde mi abuela cose ya que mi papa trabaja.,En la tarde mi abuela cose ya que mi papá trabaja.
"El sabado porque llovera mucho, saldre a caminar.","El sábado porque lloverá mucho, saldré a caminar."
la calle que vi ayer parecia nueva ayer,la calle que vi ayer parecía nueva ayer
"el sabado hasta que llegue a casa, no como","el sábado hasta que llegue a casa, no como"
la ventana del jardin estara muy bonita,la ventana del jardín estará muy bonita
los platos que compré estarán demasiado mojado otra vez,los platos que compré estarán demasiado mojados otra vez
las flores de mi tía quedó frías esta mañana,las flores de mi tía quedaron frías esta mañana
"mientras el profesor explico la leccion, tomamos te","mientras el profesor explicó la lección, tomamos té"
yo me quede en casa mientras termine la tarea,yo me quedé en casa mientras terminé la tarea
mas tarde empezaremos a comer cuando llegas a casa,más tarde empezaremos a comer cuando llegues a casa
las tareas que trajo mi mamá estaban muy mojada,las tareas que trajo mi mamá estaban muy mojadas
mis hermanas quedó bastante triste ayer,mis hermanas quedaron bastante tristes ayer
"el sabado ya que ella esta enferma, mi mama prepara el cafe","el sábado ya que ella está enferma, mi mamá prepara el café"
"cuando podemos, mi mamá estará feliz","cuando podamos, mi mamá estará feliz"
"esta semana mientras yo cocine, mi mama estaba tranquila","esta semana mientras yo cociné, mi mamá estaba tranquila"
"cuando mi papa llega del trabajo, me acuesto temprano","cuando mi papá llega del trabajo, me acuesto temprano"
"el sabado cuando nieva en la sierra, mi mama prepara el cafe","el sábado cuando nieva en la sierra, mi mamá prepara el café"
las ventanas que me regalaron quedaron tan pequeña hoy,las ventanas que me regalaron quedaron tan pequeñas hoy
Las flores que trajo mi mamá es fría todavía.,Las flores que trajo mi mamá son frías todavía.
"Cuando hace frio, como fruta.","Cuando hace frío, como fruta."
"siempre que hace frio, salimos a jugar","siempre que hace frío, salimos a jugar"
"como llueve mucho, los ninos juegan en el patio","como llueve mucho, los niños juegan en el patio"
tomamos te porque todos estaban alli,tomamos té porque todos estaban allí
"aunque vendras temprano, iremos al parque","aunque vendrás temprano, iremos al parque"
"cuando es sabado, ella lee un libro","cuando es sábado, ella lee un libro"
"esta semana apenas el bebe dormia, fuimos al parque","esta semana apenas el bebé dormía, fuimos al parque"
El arbol sera muy caro hoy.,El árbol será muy caro hoy.
En la tarde veo television cada vez que hay sol.,En la tarde veo televisión cada vez que hay sol.
"el sábado cuando tenemos dinero, iré al parque","el sábado cuando tengamos dinero, iré al parque"
yo estudie cuando mi mama cocino,yo estudié cuando mi mamá cocinó
las flores parecían muy limpia,las flores parecían muy limpias
Las flores estaba muy rota.,Las flores estaban muy rotas.
"El sabado porque tendre tiempo, ella leera un libro.","El sábado porque tendré tiempo, ella leerá un libro."
mi amigo que trajo mi mama fue grande,mi amigo que trajo mi mamá fue grande
"el sabado como hacia calor, nos quedamos en casa","el sábado como hacía calor, nos quedamos en casa"
"Cuando crezcas, te avisare.","Cuando crezcas, te avisaré."
Mi hermano vera television aunque el bus llegara tarde.,Mi hermano verá televisión aunque el bus llegará tarde.
El sabado el perro duerme en el sofa si llego a casa.,El sábado el perro duerme en el sofá si llego a casa.
"esta semana porque el bus llegara tarde, no podremos salir","esta semana porque el bus llegará tarde, no podremos salir"
pregunta si ese te esta amargo,pregunta si ese té está amargo
las calles del jardín eran muy vacía todavía,las calles del jardín eran muy vacías todavía
"en la tarde como viniste temprano, yo estudie","en la tarde como viniste temprano, yo estudié"
"cuando llegamos al colegio, iremos a la piscina","cuando lleguemos al colegio, iremos a la piscina"
"el sabado cuando hagas la cama, te llamo","el sábado cuando hagas la cama, te llamo"
"Hoy porque mi hermana canto, mi abuela cosio.","Hoy porque mi hermana cantó, mi abuela cosió."
"el sabado cuando viniste temprano, los ninos jugaron en el patio","el sábado cuando viniste temprano, los niños jugaron en el patio"
Las casas será bastante nuevas hoy.,Las casas serán bastante nuevas hoy.
todos los dias estoy tranquilo cuando leo un libro,todos los días estoy tranquilo cuando leo un libro
el sabado sali a caminar ya que salimos del colegio,el sábado salí a caminar ya que salimos del colegio
hoy mi hermano ve television ya que el bebe duerme,hoy mi hermano ve televisión ya que el bebé duerme
Los gatos que compré parecía tan limpios ayer.,Los gatos que compré parecían tan limpios ayer.
"Cuando mi papa llega del trabajo, descanso un rato.","Cuando mi papá llega del trabajo, descanso un rato."
"porque sera tarde, mi mama estara feliz","porque será tarde, mi mamá estará feliz"
las mesas de mi tia sera tan mojadas,las mesas de mi tía serán tan mojadas
"ayer como el bebe dormia, ella leyo un libro","ayer como el bebé dormía, ella leyó un libro"
te aviso cuando veas la pelicula,te aviso cuando veas la película
"apenas mi mama cocino, mi mama estaba tranquila","apenas mi mamá cocinó, mi mamá estaba tranquila"
No se si el te esta caliente.,No sé si el té está caliente.
me acostare en cuanto estemos en casa,me acostaré en cuanto estemos en casa
Ayer mi papa estaba feliz mientras el profesor explico la leccion.,Ayer mi papá estaba feliz mientras el profesor explicó la lección.
el plato que vi ayer estara muy limpio todavia,el plato que vi ayer estará muy limpio todavía
"mientras mi papa trabaja, mi mama esta tranquila","mientras mi papá trabaja, mi mamá está tranquila"
"el sábado en cuanto volvemos a casa, no te preocupes","el sábado en cuanto volvamos a casa, no te preocupes"
"Más tarde apenas vuelves de viaje, podrás salir.","Más tarde apenas vuelvas de viaje, podrás salir."
las calles que vi ayer parecen cara todavia,las calles que vi ayer parecen caras todavía
"si tu no quieres, yo hare la tarea","si tú no quieres, yo haré la tarea"
los zapatos del jardín estarán muy caro,los zapatos del jardín estarán muy caros
las ventanas del jardin parecia tan vieja hoy,las ventanas del jardín parecían tan viejas hoy
tomamos te si llueve mucho,tomamos té si llueve mucho
hoy el perro dormira en el sofa si el bus llega tarde,hoy el perro dormirá en el sofá si el bus llega tarde
el plato de mi tia parecia muy vacio todavia,el plato de mi tía parecía muy vacío todavía
"En cuanto pueda, te lo dire.","En cuanto pueda, te lo diré."
"en cuanto vengamos del parque, esperame","en cuanto vengamos del parque, espérame"
los niños parecía demasiado feliz hoy,los niños parecían demasiado felices hoy
El sabado iremos al parque porque sera tarde.,El sábado iremos al parque porque será tarde.
Los zapatos que vimos el sábado será vacío.,Los zapatos que vimos el sábado serán vacíos.
los cuartos de mi tía parecían muy lleno hoy,los cuartos de mi tía parecían muy llenos hoy
hoy mi hermano vio television aunque hacia frio,hoy mi hermano vio televisión aunque hacía frío
los ninos de la cocina parecia tan limpio,los niños de la cocina parecían tan limpios
Ayudo a mi mama cuando estoy cansado.,Ayudo a mi mamá cuando estoy cansado.
"en la tarde si mis amigos vienen, mi papa esta feliz","en la tarde si mis amigos vienen, mi papá está feliz"
"apenas mi papa trabajo, tomamos te","apenas mi papá trabajó, tomamos té"
mi mama preparara el cafe aunque estudias mucho,mi mamá preparará el café aunque estudias mucho
"como mis amigos vienen, mi papa esta feliz","como mis amigos vienen, mi papá está feliz"
en la tarde mi mama prepara el cafe si estamos cansados,en la tarde mi mamá prepara el café si estamos cansados
"los sabados apenas mi hermana estudia, salimos a jugar","los sábados apenas mi hermana estudia, salimos a jugar"
"Manana hasta que empieces a estudiar, no como.","Mañana hasta que empieces a estudiar, no como."
"hoy como termine la tarea, sali a caminar","hoy como terminé la tarea, salí a caminar"
los gatos de mi tia estaba bastante listo otra vez,los gatos de mi tía estaban bastante listos otra vez
"cuando hace frio, me pongo el abrigo","cuando hace frío, me pongo el abrigo"
"si los ninos juegan en el patio, yo me quedare en casa","si los niños juegan en el patio, yo me quedaré en casa"
"Porque viniste temprano, yo estudie.","Porque viniste temprano, yo estudié."
"porque no tendre dinero, no podremos salir","porque no tendré dinero, no podremos salir"
"en la tarde mientras mi papa trabajo, yo estudie","en la tarde mientras mi papá trabajó, yo estudié"
los platos de mi tía está muy difícil,los platos de mi tía están muy difíciles
me parece que el te esta frio,me parece que el té está frío
la nina del jardin estara bastante alegre,la niña del jardín estará bastante alegre
"cuando es de noche, jugaré con mis amigos","cuando sea de noche, jugaré con mis amigos"
Los cuartos que vimos el sábado estará mojado.,Los cuartos que vimos el sábado estarán mojados.
los ninos de la cocina estaba muy felices ayer,los niños de la cocina estaban muy felices ayer
"mas tarde hasta que salimos de casa, seguire estudiando","más tarde hasta que salgamos de casa, seguiré estudiando"
"mientras termine la tarea, sali a caminar","mientras terminé la tarea, salí a caminar"
Mi hermano vio television cuando tu no querias.,Mi hermano vio televisión cuando tú no querías.
los libros que vi ayer parecia muy sucio otra vez,los libros que vi ayer parecían muy sucios otra vez
"cuando es sabado, mi papa esta feliz","cuando es sábado, mi papá está feliz"
"el sabado hasta que empiezo las clases, seguire estudiando","el sábado hasta que empiece las clases, seguiré estudiando"
"Más tarde en cuanto vuelves de viaje, mi mamá estará feliz.","Más tarde en cuanto vuelvas de viaje, mi mamá estará feliz."
todos los dias ayudo a mi mama cada vez que juego futbol,todos los días ayudo a mi mamá cada vez que juego fútbol
las manzanas que compré parecen bastante mojada ayer,las manzanas que compré parecen bastante mojadas ayer
"cuando salimos de casa, te llamaré","cuando salgamos de casa, te llamaré"
las calles parece muy limpia ayer,las calles parecen muy limpias ayer
"En la tarde cuando tu no quieres, mi papa esta feliz.","En la tarde cuando tú no quieres, mi papá está feliz."
"hoy mientras salimos del colegio, ella leyo un libro","hoy mientras salimos del colegio, ella leyó un libro"
"el sábado en cuanto terminas de comer, avísame","el sábado en cuanto termines de comer, avísame"
"cuando llegue a casa, descansare","cuando llegue a casa, descansaré"
las ventanas parecía nueva otra vez,las ventanas parecían nuevas otra vez
"Los sabados siempre que juego futbol, veo television.","Los sábados siempre que juego fútbol, veo televisión."
los cuartos quedó tan ricos hoy,los cuartos quedaron tan ricos hoy
Los zapatos que vimos el sábado será demasiado nuevo todavía.,Los zapatos que vimos el sábado serán demasiado nuevos todavía.
"mas tarde cuando podamos, nos vamos","más tarde cuando podamos, nos vamos"
"en la tarde porque el profesor explico la leccion, mi papa estaba feliz","en la tarde porque el profesor explicó la lección, mi papá estaba feliz"
los ninos era feliz todavia,los niños eran felices todavía
en la tarde tomaremos te aunque los ninos juegan en el patio,en la tarde tomaremos té aunque los niños juegan en el patio
"Aunque vendras temprano, saldre a caminar.","Aunque vendrás temprano, saldré a caminar."
"Cuando llegue a casa, tomamos te.","Cuando llegué a casa, tomamos té."
las tareas que trajo mi mamá es muy rica otra vez,las tareas que trajo mi mamá son muy ricas otra vez
"todos los dias apenas mi papa llega del trabajo, me lavo las manos","todos los días apenas mi papá llega del trabajo, me lavo las manos"
te llamaré cuando empiezo las clases,te llamaré cuando empiece las clases
Las tareas parecía muy difícil hoy.,Las tareas parecían muy difíciles hoy.
"todos los dias siempre que mi hermana estudia, mi papa esta feliz","todos los días siempre que mi hermana estudia, mi papá está feliz"
Los árboles estará vacío todavía.,Los árboles estarán vacíos todavía.
los cuartos de mi tia estaban tan dificil,los cuartos de mi tía estaban tan difíciles
"los sabados cuando salgo del colegio, ella lee un libro","los sábados cuando salgo del colegio, ella lee un libro"
"hoy como no hay clases, mi papa esta feliz","hoy como no hay clases, mi papá está feliz"
"esta semana si estamos cansados, ella leera un libro","esta semana si estamos cansados, ella leerá un libro"
"casi siempre cuando es sabado, me acuesto temprano","casi siempre cuando es sábado, me acuesto temprano"
Los ninos jugaron en el patio mientras el bebe dormia.,Los niños jugaron en el patio mientras el bebé dormía.
hoy tomamos te apenas el profesor explico la leccion,hoy tomamos té apenas el profesor explicó la lección
mi hermana de mi tia estuvo lista ayer,mi hermana de mi tía estuvo lista ayer
manana podras salir cuando tengas un rato,mañana podrás salir cuando tengas un rato
sali a caminar ya que tu no querias,salí a caminar ya que tú no querías
los cuartos de la cocina estuvieron bastante viejo hoy,los cuartos de la cocina estuvieron bastante viejos hoy
las ventanas del jardín quedaron demasiado cara,las ventanas del jardín quedaron demasiado caras
las manzanas del jardin es sucia hoy,las manzanas del jardín son sucias hoy
Las calles parece tan grande todavía.,Las calles parecen tan grandes todavía.
en la tarde no pudimos salir apenas llegue a casa,en la tarde no pudimos salir apenas llegué a casa
"cada vez que es sabado, como fruta","cada vez que es sábado, como fruta"
Hoy seguiré estudiando hasta que volvemos a casa.,Hoy seguiré estudiando hasta que volvamos a casa.
El sabado jugare con mis amigos si vienes temprano.,El sábado jugaré con mis amigos si vienes temprano.
"casi siempre cada vez que mi mama cocina, nos quedamos en casa","casi siempre cada vez que mi mamá cocina, nos quedamos en casa"
"más tarde en cuanto hago la tarea, comeremos juntos","más tarde en cuanto haga la tarea, comeremos juntos"
ayer ella leyo un libro cuando habia sol,ayer ella leyó un libro cuando había sol
"Cuando mi mama cocina, todos comen juntos.","Cuando mi mamá cocina, todos comen juntos."
Mas tarde hacemos la tarea cuando estemos en casa.,Más tarde hacemos la tarea cuando estemos en casa.
Mis hermanas de mi tía estarán muy lista otra vez.,Mis hermanas de mi tía estarán muy listas otra vez.
las tareas que compré son fría,las tareas que compré son frías
"si llueve mucho, jugare con mis amigos","si llueve mucho, jugaré con mis amigos"
las manzanas está tan mojada,las manzanas están tan mojadas
"como mi hermana canto, fuimos al parque","como mi hermana cantó, fuimos al parque"
Las calles de la cocina son demasiado fácil.,Las calles de la cocina son demasiado fáciles.
Las flores que vimos el sábado fue pequeña.,Las flores que vimos el sábado fueron pequeñas.
"hoy si todos estan aqui, salgo a caminar","hoy si todos están aquí, salgo a caminar"
"cuando veo a mi abuela, escríbeme","cuando vea a mi abuela, escríbeme"
"Esta semana porque los ninos jugaban en el patio, los ninos jugaron en el patio.","Esta semana porque los niños jugaban en el patio, los niños jugaron en el patio."
Los gatos que vi ayer estaba bastante bonitos.,Los gatos que vi ayer estaban bastante bonitos.
"Cuando el bebe dormia, los ninos jugaron en el patio.","Cuando el bebé dormía, los niños jugaron en el patio."
"como estaba oscuro, mi mama preparo el cafe","como estaba oscuro, mi mamá preparó el café"
"esta semana apenas mi mama cocino, mi papa estaba feliz","esta semana apenas mi mamá cocinó, mi papá estaba feliz"
el sabado ella lee un libro ya que es tarde,el sábado ella lee un libro ya que es tarde
las niñas de mi tía estaba demasiado feliz otra vez,las niñas de mi tía estaban demasiado felices otra vez
mi papa estaba feliz cuando no tenia dinero,mi papá estaba feliz cuando no tenía dinero
"si todos estan aqui, vamos al parque","si todos están aquí, vamos al parque"
"Apenas hacia calor, yo hice la tarea.","Apenas hacía calor, yo hice la tarea."
"Apenas vuelva del trabajo, esperame.","Apenas vuelva del trabajo, espérame."
mi mama estaba tranquila mientras estudiaste mucho,mi mamá estaba tranquila mientras estudiaste mucho
"Ya que estabamos cansados, nos quedamos en casa.","Ya que estábamos cansados, nos quedamos en casa."
Las casas fue tan fácil todavía.,Las casas fueron tan fáciles todavía.
Creo que ese te esta amargo.,Creo que ese té está amargo.
"Esta semana apenas mi mama cocino, yo hice la tarea.","Esta semana apenas mi mamá cocinó, yo hice la tarea."
las manzanas que vimos el sabado parecen cara otra vez,las manzanas que vimos el sábado parecen caras otra vez
el perro dormira en el sofa aunque todos estaran aqui,el perro dormirá en el sofá aunque todos estarán aquí
"ayer apenas mi mama cocino, nos quedamos en casa","ayer apenas mi mamá cocinó, nos quedamos en casa"
los cuartos de la cocina es rico otra vez,los cuartos de la cocina son ricos otra vez
La manzana de la escuela quedo demasiado cara esta manana.,La manzana de la escuela quedó demasiado cara esta mañana.
"Manana aunque estaremos cansados, mi papa estara feliz.","Mañana aunque estaremos cansados, mi papá estará feliz."
los ninos jugaran en el patio aunque llovera mucho,los niños jugarán en el patio aunque lloverá mucho
"ayer aunque yo cocine, fuimos al parque","ayer aunque yo cociné, fuimos al parque"
En la tarde ayudo a mi mama siempre que veo a mi abuela.,En la tarde ayudo a mi mamá siempre que veo a mi abuela.
el sabado vamos a jugar cuando llegues a casa,el sábado vamos a jugar cuando llegues a casa
mi hermana estara demasiado lista otra vez,mi hermana estará demasiado lista otra vez
las ventanas de la cocina quedo muy grande otra vez,las ventanas de la cocina quedaron muy grandes otra vez
todos los dias mi perro se pone feliz cuando vamos al parque,todos los días mi perro se pone feliz cuando vamos al parque
"esta semana apenas nevo en la sierra, todos comieron juntos","esta semana apenas nevó en la sierra, todos comieron juntos"
en la tarde mi papa esta feliz ya que me duele la cabeza,en la tarde mi papá está feliz ya que me duele la cabeza
el sabado todos comieron juntos aunque termine la tarea,el sábado todos comieron juntos aunque terminé la tarea
"Cuando empieces a estudiar, me acostare.","Cuando empieces a estudiar, me acostaré."
el arbol de mi tia parecia caro esta manana,el árbol de mi tía parecía caro esta mañana
Las casas que compré parecían tan limpia todavía.,Las casas que compré parecían tan limpias todavía.
las mesas de la escuela parece fría,las mesas de la escuela parecen frías
"El sabado cuando yo cocino, todos comen juntos.","El sábado cuando yo cocino, todos comen juntos."
el te escucha siempre,él te escucha siempre
"En la tarde mientras mi papa trabajo, mi abuela cosio.","En la tarde mientras mi papá trabajó, mi abuela cosió."
"Apenas mi mama cocina, como fruta.","Apenas mi mamá cocina, como fruta."
Todos comeran juntos ya que llovera mucho.,Todos comerán juntos ya que lloverá mucho.
Mis hermanas de la cocina parece muy sucia otra vez.,Mis hermanas de la cocina parecen muy sucias otra vez.
La manzana que compre sera bastante fria.,La manzana que compré será bastante fría.
"porque es tarde, tomamos te","porque es tarde, tomamos té"
la nina que trajo mi mama quedo bastante pequena,la niña que trajo mi mamá quedó bastante pequeña
"el sabado cuando haga la tarea, comeremos juntos","el sábado cuando haga la tarea, comeremos juntos"
las casas que compré parece muy limpia ayer,las casas que compré parecen muy limpias ayer
"porque era tarde, mi mama estaba tranquila","porque era tarde, mi mamá estaba tranquila"
"aunque los ninos jugaran en el patio, el perro dormira en el sofa","aunque los niños jugarán en el patio, el perro dormirá en el sofá"
Los gatos que vimos el sábado fue muy alegre.,Los gatos que vimos el sábado fueron muy alegres.
"casi siempre apenas hace frio, me pongo contento","casi siempre apenas hace frío, me pongo contento"
Las calles que trajo mi mamá son difícil ayer.,Las calles que trajo mi mamá son difíciles ayer.
"siempre siempre que estoy cansado, veo television","siempre siempre que estoy cansado, veo televisión"
comeremos juntos en cuanto crezco,comeremos juntos en cuanto crezca
"Cuando tu no quieres, mi mama esta tranquila.","Cuando tú no quieres, mi mamá está tranquila."
me parece que prefiero el te al cafe,me parece que prefiero el té al café
"Aunque hace calor, mi papa esta feliz.","Aunque hace calor, mi papá está feliz."
en la tarde mi papa esta feliz siempre que vamos al parque,en la tarde mi papá está feliz siempre que vamos al parque
"Siempre cuando es sabado, mi papa esta feliz.","Siempre cuando es sábado, mi papá está feliz."
el gato que trajo mi mama parece muy listo,el gato que trajo mi mamá parece muy listo
"Los sabados cuando me levanto, mi perro se pone feliz.","Los sábados cuando me levanto, mi perro se pone feliz."
fuimos al parque mientras tu no querias,fuimos al parque mientras tú no querías
"cuando tengas un rato, escribeme","cuando tengas un rato, escríbeme"
"Hoy aunque el bebe duerme, mi mama esta tranquila.","Hoy aunque el bebé duerme, mi mamá está tranquila."
Los niños de la cocina es tan tranquilos.,Los niños de la cocina son tan tranquilos.
"Cuando tengas un rato, te lo dire.","Cuando tengas un rato, te lo diré."
las mesas de la escuela estuvo muy rotas,las mesas de la escuela estuvieron muy rotas
"hoy aunque mi mama cocino, fuimos al parque","hoy aunque mi mamá cocinó, fuimos al parque"
"en la tarde apenas estabamos cansados, mi mama estaba tranquila","en la tarde apenas estábamos cansados, mi mamá estaba tranquila"
las calles que compré es bastante fácil ayer,las calles que compré son bastante fáciles ayer
los gatos es alegre esta mañana,los gatos son alegres esta mañana
"en cuanto llego a casa, escríbeme","en cuanto llegue a casa, escríbeme"
el nino que compre sera tan listo hoy,el niño que compré será tan listo hoy
"Mientras estabamos cansados, nos quedamos en casa.","Mientras estábamos cansados, nos quedamos en casa."
las manzanas de mi tía será vieja otra vez,las manzanas de mi tía serán viejas otra vez
"ayer aunque hacia frio, los vecinos hicieron ruido","ayer aunque hacía frío, los vecinos hicieron ruido"
"esta tarde cuando vuelvas de viaje, escribeme","esta tarde cuando vuelvas de viaje, escríbeme"
"siempre cuando es sabado, como fruta","siempre cuando es sábado, como fruta"
Los cuadernos que me regalaron es bastante fáciles.,Los cuadernos que me regalaron son bastante fáciles.
la flor que compre parecia tan grande hoy,la flor que compré parecía tan grande hoy
"El sabado cuando lleguemos al colegio, salimos a pasear.","El sábado cuando lleguemos al colegio, salimos a pasear."
"aunque estaremos cansados, tomaremos te","aunque estaremos cansados, tomaremos té"
Los niños que trajo mi mamá será tan sucios ayer.,Los niños que trajo mi mamá serán tan sucios ayer.
"casi siempre cuando mi mama cocina, todos comen juntos","casi siempre cuando mi mamá cocina, todos comen juntos"
la manzana de la cocina sera muy ordenada otra vez,la manzana de la cocina será muy ordenada otra vez
"El sabado aunque no hay clases, sacare buena nota.","El sábado aunque no hay clases, sacaré buena nota."
"Apenas hacia frio, los vecinos hicieron ruido.","Apenas hacía frío, los vecinos hicieron ruido."
"en la tarde porque mi hermana canto, yo me quede en casa","en la tarde porque mi hermana cantó, yo me quedé en casa"
"Si no tengo dinero, ella leera un libro.","Si no tengo dinero, ella leerá un libro."
"en la tarde apenas era tarde, el perro durmio en el sofa","en la tarde apenas era tarde, el perro durmió en el sofá"
"Hasta que termino la tarea, no me acostaré.","Hasta que termine la tarea, no me acostaré."
"En la tarde ya que los ninos jugaran en el patio, tomaremos te.","En la tarde ya que los niños jugarán en el patio, tomaremos té."
mis primos de la escuela estaba muy listo,mis primos de la escuela estaban muy listos
las calles que vimos el sabado era muy limpia hoy,las calles que vimos el sábado eran muy limpias hoy
en la tarde veo television apenas mi mama cocina,en la tarde veo televisión apenas mi mamá cocina
"porque estudiaras mucho, nos quedaremos en casa","porque estudiarás mucho, nos quedaremos en casa"
el sabado todos comen juntos mientras estamos cansados,el sábado todos comen juntos mientras estamos cansados
"todos los dias cuando veo a mi abuela, hago la tarea","todos los días cuando veo a mi abuela, hago la tarea"
las manzanas que vimos el sábado estaba tan grande,las manzanas que vimos el sábado estaban tan grandes
"Todos los dias cada vez que llego al colegio, me pongo el abrigo.","Todos los días cada vez que llego al colegio, me pongo el abrigo."
Mis primos de la cocina serán tan mojado otra vez.,Mis primos de la cocina serán tan mojados otra vez.
Tomaremos te porque no habra clases.,Tomaremos té porque no habrá clases.
las flores fue tan fria todavia,las flores fueron tan frías todavía
el sabado escribeme cuando vengas a mi casa,el sábado escríbeme cuando vengas a mi casa
los cuartos fue tan nuevo todavia,los cuartos fueron tan nuevos todavía
"cuando tengamos dinero, escribeme","cuando tengamos dinero, escríbeme"
Las casas que me regalaron estará muy sucia hoy.,Las casas que me regalaron estarán muy sucias hoy.
las tareas que compre estara rota otra vez,las tareas que compré estarán rotas otra vez
los zapatos está muy bonito,los zapatos están muy bonitos
el sabado mi mama prepara el cafe cuando es tarde,el sábado mi mamá prepara el café cuando es tarde
Los platos que trajo mi mamá estuvo muy fácil.,Los platos que trajo mi mamá estuvieron muy fáciles.
"Si el bus llega tarde, tomamos te.","Si el bus llega tarde, tomamos té."
"En la tarde como los ninos juegan en el patio, mi papa esta feliz.","En la tarde como los niños juegan en el patio, mi papá está feliz."
"Hoy si nieva en la sierra, todos comeran juntos.","Hoy si nieva en la sierra, todos comerán juntos."
Esperaremos aqui hasta que venga de la escuela.,Esperaremos aquí hasta que venga de la escuela.
todos los dias veo television cuando salgo del colegio,todos los días veo televisión cuando salgo del colegio
mi hermana que trajo mi mama quedo demasiado mojada,mi hermana que trajo mi mamá quedó demasiado mojada
"Aunque estamos cansados, mi mama preparara el cafe.","Aunque estamos cansados, mi mamá preparará el café."
las calles parecian muy mojada hoy,las calles parecían muy mojadas hoy
mis hermanas estuvo alegre,mis hermanas estuvieron alegres
yo estudie aunque salimos del colegio,yo estudié aunque salimos del colegio
mi papa esta feliz cuando mi papa llega del trabajo,mi papá está feliz cuando mi papá llega del trabajo
ella leyo un libro porque salimos del colegio,ella leyó un libro porque salimos del colegio
"esta semana aunque el bus llegara tarde, mi hermano vera television","esta semana aunque el bus llegará tarde, mi hermano verá televisión"
"Esta semana como mis amigos vinieron, sali a caminar.","Esta semana como mis amigos vinieron, salí a caminar."
mis amigos de mi tía es cansado,mis amigos de mi tía son cansados
mi mama estara feliz si ella esta enferma,mi mamá estará feliz si ella está enferma
Todos los dias estoy tranquilo cuando mi hermana estudia.,Todos los días estoy tranquilo cuando mi hermana estudia.
las calles estara grande esta manana,las calles estarán grandes esta mañana
"Mas tarde cuando hagas la cama, te lo contare.","Más tarde cuando hagas la cama, te lo contaré."
los perros que compré estuvo contento esta mañana,los perros que compré estuvieron contentos esta mañana
"esta semana porque estudiaste mucho, mi mama preparo el cafe","esta semana porque estudiaste mucho, mi mamá preparó el café"
Los árboles que me regalaron estaban demasiado nuevo esta mañana.,Los árboles que me regalaron estaban demasiado nuevos esta mañana.
el sabado mi mama estaba tranquila apenas mi mama cocino,el sábado mi mamá estaba tranquila apenas mi mamá cocinó
"porque el perro ladro, no pudimos salir","porque el perro ladró, no pudimos salir"
"Los sabados cuando me levanto, veo television.","Los sábados cuando me levanto, veo televisión."
"como me duele la cabeza, mi mama prepara el cafe","como me duele la cabeza, mi mamá prepara el café"
en la tarde nos quedamos en casa ya que mi papa trabajo,en la tarde nos quedamos en casa ya que mi papá trabajó
mas tarde esperame hasta que sea de noche,más tarde espérame hasta que sea de noche
"ya que me dolia la cabeza, sali a caminar","ya que me dolía la cabeza, salí a caminar"
hoy todos comieron juntos apenas llovio mucho,hoy todos comieron juntos apenas llovió mucho
"manana apenas puedo, te llamare","mañana apenas pueda, te llamaré"
"cuando vuelvo del trabajo, no te preocupes","cuando vuelva del trabajo, no te preocupes"
los libros del jardin estan muy rico ayer,los libros del jardín están muy ricos ayer
"el sabado porque nieva en la sierra, salgo a caminar","el sábado porque nieva en la sierra, salgo a caminar"
"Manana si todos estan aqui, iremos al parque.","Mañana si todos están aquí, iremos al parque."
los árboles de la cocina está mojado hoy,los árboles de la cocina están mojados hoy
Ayer mi mama estaba tranquila mientras no tenia dinero.,Ayer mi mamá estaba tranquila mientras no tenía dinero.
sacare buena nota ya que tendre tiempo,sacaré buena nota ya que tendré tiempo
"El sabado mientras mi mama cocina, yo hago la tarea.","El sábado mientras mi mamá cocina, yo hago la tarea."
ella leyo un libro porque el bebe dormia,ella leyó un libro porque el bebé dormía
casi siempre veo television siempre que estoy cansado,casi siempre veo televisión siempre que estoy cansado
"hoy en cuanto llegamos al colegio, espérame","hoy en cuanto lleguemos al colegio, espérame"
"Mientras no hubo clases, mi mama estaba tranquila.","Mientras no hubo clases, mi mamá estaba tranquila."
Los sabados ayudo a mi mama siempre que salgo del colegio.,Los sábados ayudo a mi mamá siempre que salgo del colegio.
"cuando veo a mi abuela, veo television","cuando veo a mi abuela, veo televisión"
Esta semana todos comieron juntos mientras el profesor explico la leccion.,Esta semana todos comieron juntos mientras el profesor explicó la lección.
"Hoy ya que todos estaran aqui, mi papa estara feliz.","Hoy ya que todos estarán aquí, mi papá estará feliz."
"casi siempre apenas mi papa llega del trabajo, estoy tranquilo","casi siempre apenas mi papá llega del trabajo, estoy tranquilo"
"manana cuando hagas la cama, hare la cena","mañana cuando hagas la cama, haré la cena"
las calles parece muy rica esta mañana,las calles parecen muy ricas esta mañana
las casas de la cocina estan demasiado dificil hoy,las casas de la cocina están demasiado difíciles hoy
"apenas salgamos de casa, avisame","apenas salgamos de casa, avísame"
mis amigos que vi ayer estará demasiado viejo hoy,mis amigos que vi ayer estarán demasiado viejos hoy
"hoy apenas crezco, escríbeme","hoy apenas crezca, escríbeme"
"esta semana cuando habia sol, mi mama preparo el cafe","esta semana cuando había sol, mi mamá preparó el café"
la mesa de la escuela estara cara todavia,la mesa de la escuela estará cara todavía
"los sabados cada vez que mi papa llega del trabajo, me duele la cabeza","los sábados cada vez que mi papá llega del trabajo, me duele la cabeza"
"cuando el perro ladra, tomamos te","cuando el perro ladra, tomamos té"
el sabado todos comeran juntos ya que todos estaran aqui,el sábado todos comerán juntos ya que todos estarán aquí
Mama dice que el te dijo la verdad.,Mamá dice que él te dijo la verdad.
Esta semana yo hice la tarea aunque el bus llego tarde.,Esta semana yo hice la tarea aunque el bus llegó tarde.
el sabado el perro duerme en el sofa cuando hace calor,el sábado el perro duerme en el sofá cuando hace calor
los gatos de mi tía estuvo muy cansado,los gatos de mi tía estuvieron muy cansados
los cuadernos que compré estará caro,los cuadernos que compré estarán caros
"Aunque mi papa trabajara, sacare buena nota.","Aunque mi papá trabajará, sacaré buena nota."
"porque mis amigos vendran, saldre a caminar","porque mis amigos vendrán, saldré a caminar"
"todos los dias cuando mi hermana estudia, me acuesto temprano","todos los días cuando mi hermana estudia, me acuesto temprano"
ayer mi papa estaba feliz aunque viniste temprano,ayer mi papá estaba feliz aunque viniste temprano
Se que el te ayuda con la tarea.,Sé que él te ayuda con la tarea.
"apenas todos estaban alli, yo hice la tarea","apenas todos estaban allí, yo hice la tarea"
"en la tarde ya que el perro ladro, no pudimos salir","en la tarde ya que el perro ladró, no pudimos salir"
creo que el te esta caliente,creo que el té está caliente
"Manana aunque ella esta enferma, mi mama preparara el cafe.","Mañana aunque ella está enferma, mi mamá preparará el café."
sali a caminar mientras tu no querias,salí a caminar mientras tú no querías
La flor que vimos el sabado esta muy grande esta manana.,La flor que vimos el sábado está muy grande esta mañana.
"Todos los dias apenas estoy cansado, me pongo contento.","Todos los días apenas estoy cansado, me pongo contento."
"hasta que estes mejor, esperame","hasta que estés mejor, espérame"
mis primos son muy sucio hoy,mis primos son muy sucios hoy
esta tarde llamame en cuanto llegas a casa,esta tarde llámame en cuanto llegues a casa
el perro dormira en el sofa aunque yo cocino,el perro dormirá en el sofá aunque yo cocino
"hoy cuando estás mejor, iremos a la piscina","hoy cuando estés mejor, iremos a la piscina"
"casi siempre cuando juego futbol, estoy tranquilo","casi siempre cuando juego fútbol, estoy tranquilo"
"Esta tarde en cuanto estes mejor, comeremos juntos.","Esta tarde en cuanto estés mejor, comeremos juntos."
"Cuando mi mama cocina, ella lee un libro.","Cuando mi mamá cocina, ella lee un libro."
"el sabado mientras habia sol, no pudimos salir","el sábado mientras había sol, no pudimos salir"
los ninos juegan en el patio aunque hay sol,los niños juegan en el patio aunque hay sol
Mañana mi mamá estará feliz cuando llegamos al colegio.,Mañana mi mamá estará feliz cuando lleguemos al colegio.
hoy mi mama prepara el cafe ya que termino la tarea,hoy mi mamá prepara el café ya que termino la tarea
mi mama prepara el cafe apenas hay sol,mi mamá prepara el café apenas hay sol
yo me quede en casa apenas estaba oscuro,yo me quedé en casa apenas estaba oscuro
"esta semana aunque me duele la cabeza, los ninos juegan en el patio","esta semana aunque me duele la cabeza, los niños juegan en el patio"
"como no tengo dinero, mi papa esta feliz","como no tengo dinero, mi papá está feliz"
las ventanas de la escuela parecia tan sucia,las ventanas de la escuela parecían tan sucias
los gatos de la escuela fue felices,los gatos de la escuela fueron felices
"Mañana cuando empiezas a estudiar, iremos a la piscina.","Mañana cuando empieces a estudiar, iremos a la piscina."
"Si hace frio, iremos a la piscina.","Si hace frío, iremos a la piscina."
"si salimos del colegio, mi mama preparara el cafe","si salimos del colegio, mi mamá preparará el café"
"casi siempre cuando termino la tarea, veo television","casi siempre cuando termino la tarea, veo televisión"
mama dice que el te conoce,mamá dice que él te conoce
Mama dice que quiero un te con leche.,Mamá dice que quiero un té con leche.
"como mi mama cocina, yo me quedo en casa","como mi mamá cocina, yo me quedo en casa"
los platos estuvo muy mojado,los platos estuvieron muy mojados
el sabado todos comieron juntos mientras yo cocine,el sábado todos comieron juntos mientras yo cociné
mis primos están alegre ayer,mis primos están alegres ayer
"como yo cocine, los ninos jugaron en el patio","como yo cociné, los niños jugaron en el patio"
"Ya que el profesor explico la leccion, el perro durmio en el sofa.","Ya que el profesor explicó la lección, el perro durmió en el sofá."
los cuadernos de mi tía es muy vacío hoy,los cuadernos de mi tía son muy vacíos hoy
casi siempre mi papa esta feliz apenas hay sol,casi siempre mi papá está feliz apenas hay sol
los cuadernos de la escuela estuvo tan lleno otra vez,los cuadernos de la escuela estuvieron tan llenos otra vez
"Mientras yo cocine, no pudimos salir.","Mientras yo cociné, no pudimos salir."
"esta semana mientras nevo en la sierra, mi mama estaba tranquila","esta semana mientras nevó en la sierra, mi mamá estaba tranquila"
las flores de mi tia estaran muy mojada ayer,las flores de mi tía estarán muy mojadas ayer
yo estudio cuando mi mama cocina,yo estudio cuando mi mamá cocina
mis hermanas que me regalaron estaba tan alegres hoy,mis hermanas que me regalaron estaban tan alegres hoy
"En la tarde mientras llego a casa, mi mama prepara el cafe.","En la tarde mientras llego a casa, mi mamá prepara el café."
El libro que vimos el sabado quedo muy dificil.,El libro que vimos el sábado quedó muy difícil.
"los sabados cuando vamos al parque, descanso un rato","los sábados cuando vamos al parque, descanso un rato"
"siempre que llego al colegio, mi mama prepara el cafe","siempre que llego al colegio, mi mamá prepara el café"
la casa de mi tia sera cara,la casa de mi tía será cara
"más tarde en cuanto vienes a mi casa, iré al parque","más tarde en cuanto vengas a mi casa, iré al parque"
"todos los dias cuando me levanto, ella lee un libro","todos los días cuando me levanto, ella lee un libro"
mi mama prepara el cafe cuando tengo tiempo,mi mamá prepara el café cuando tengo tiempo
"esta tarde apenas estas mejor, te llamare","esta tarde apenas estés mejor, te llamaré"
Mi hermano vera television si estamos cansados.,Mi hermano verá televisión si estamos cansados.
"como me dolia la cabeza, mi mama estaba tranquila","como me dolía la cabeza, mi mamá estaba tranquila"
"porque estara oscuro, iremos al parque","porque estará oscuro, iremos al parque"
los perros que trajo mi mamá estuvo muy limpio esta mañana,los perros que trajo mi mamá estuvieron muy limpios esta mañana
"esta semana porque estamos cansados, mi papa esta feliz","esta semana porque estamos cansados, mi papá está feliz"
Mis amigos fue sucio esta mañana.,Mis amigos fueron sucios esta mañana.
"los sabados apenas mi hermana estudia, hago la tarea","los sábados apenas mi hermana estudia, hago la tarea"
"ya que los ninos jugaran en el patio, mi mama preparara el cafe","ya que los niños jugarán en el patio, mi mamá preparará el café"
Iremos al parque si hace frio.,Iremos al parque si hace frío.
"En la tarde si el profesor explica la leccion, el perro dormira en el sofa.","En la tarde si el profesor explica la lección, el perro dormirá en el sofá."
esperame cuando termino la tarea,espérame cuando termine la tarea
"como me dolia la cabeza, mi mama preparo el cafe","como me dolía la cabeza, mi mamá preparó el café"
"En la tarde siempre que hace frio, ella lee un libro.","En la tarde siempre que hace frío, ella lee un libro."
"Mientras nieva en la sierra, el perro duerme en el sofa.","Mientras nieva en la sierra, el perro duerme en el sofá."
los niños que me regalaron está bastante cansado hoy,los niños que me regalaron están bastante cansados hoy
la calle que vimos el sabado es muy sucia otra vez,la calle que vimos el sábado es muy sucia otra vez
Mas tarde comeremos juntos cuando llegues a casa.,Más tarde comeremos juntos cuando llegues a casa.
"esta semana mientras mis amigos vienen, mi mama esta tranquila","esta semana mientras mis amigos vienen, mi mamá está tranquila"
Las casas que compré es demasiado vacía hoy.,Las casas que compré son demasiado vacías hoy.
"hoy aunque habra sol, sacare buena nota","hoy aunque habrá sol, sacaré buena nota"
"esta semana como llegue a casa, nos quedamos en casa","esta semana como llegué a casa, nos quedamos en casa"
casi siempre mi papa esta feliz cuando salgo del colegio,casi siempre mi papá está feliz cuando salgo del colegio
"Más tarde cuando tienes un rato, avísame.","Más tarde cuando tengas un rato, avísame."
"en la tarde como no tenia dinero, mi mama estaba tranquila","en la tarde como no tenía dinero, mi mamá estaba tranquila"
hoy ella leyo un libro ya que yo cocine,hoy ella leyó un libro ya que yo cociné
los arboles que vimos el sabado estaba demasiado dificil,los árboles que vimos el sábado estaban demasiado difíciles
"cuando llueve, mi papa esta feliz","cuando llueve, mi papá está feliz"
Las manzanas es tan vacía otra vez.,Las manzanas son tan vacías otra vez.
Los cuartos estuvo bastante bonito.,Los cuartos estuvieron bastante bonitos.
"Casi siempre cuando es sabado, hago la tarea.","Casi siempre cuando es sábado, hago la tarea."
los cuartos es tan caro hoy,los cuartos son tan caros hoy
mis hermanas que compre era tan listas hoy,mis hermanas que compré eran tan listas hoy
"en cuanto crezco, jugare con mis amigos","en cuanto crezca, jugaré con mis amigos"
"siempre cuando me levanto, mi papa esta feliz","siempre cuando me levanto, mi papá está feliz"
las flores del jardin era rica,las flores del jardín eran ricas
"cuando es de noche, llamame","cuando sea de noche, llámame"
"como hacia frio, los ninos jugaron en el patio","como hacía frío, los niños jugaron en el patio"
hoy mi mama esta tranquila porque no tengo dinero,hoy mi mamá está tranquila porque no tengo dinero
manana todos comeran juntos si el profesor explica la leccion,mañana todos comerán juntos si el profesor explica la lección
"el sabado cuando tengas un rato, te lo cuento","el sábado cuando tengas un rato, te lo cuento"
Los cuartos de la escuela estuvo bastante caro esta mañana.,Los cuartos de la escuela estuvieron bastante caros esta mañana.
En la tarde mi papa estara feliz aunque sera tarde.,En la tarde mi papá estará feliz aunque será tarde.
los gatos del jardín fue demasiado cansados todavía,los gatos del jardín fueron demasiado cansados todavía
los ninos jugaran en el patio ya que nevara en la sierra,los niños jugarán en el patio ya que nevará en la sierra
"esta semana si el perro ladra, sacare buena nota","esta semana si el perro ladra, sacaré buena nota"
los zapatos del jardín es tan limpio esta mañana,los zapatos del jardín son tan limpios esta mañana
mi mama prepara el cafe mientras mi papa trabaja,mi mamá prepara el café mientras mi papá trabaja
"si yo cocino, mi mama prepara el cafe","si yo cocino, mi mamá prepara el café"
En la tarde mi mama prepara el cafe cuando vamos al parque.,En la tarde mi mamá prepara el café cuando vamos al parque.
las mesas que compré era muy nueva,las mesas que compré eran muy nuevas
"mientras el bebe dormia, los vecinos hicieron ruido","mientras el bebé dormía, los vecinos hicieron ruido"
mi papa estara feliz porque sera tarde,mi papá estará feliz porque será tarde
"mas tarde cuando volvamos a casa, ire al parque","más tarde cuando volvamos a casa, iré al parque"
el sabado vamos a jugar en cuanto vea a mi abuela,el sábado vamos a jugar en cuanto vea a mi abuela
la mesa quedo tan cara todavia,la mesa quedó tan cara todavía
los gatos que trajo mi mama fue demasiado alegre esta manana,los gatos que trajo mi mamá fueron demasiado alegres esta mañana
"en la tarde apenas llegue a casa, todos comieron juntos","en la tarde apenas llegué a casa, todos comieron juntos"
Las casas será bastante nueva todavía.,Las casas serán bastante nuevas todavía.
el sabado todos comieron juntos cuando viniste temprano,el sábado todos comieron juntos cuando viniste temprano
las niñas estuvieron bastante bonita,las niñas estuvieron bastante bonitas
Los zapatos que me regalaron fue roto.,Los zapatos que me regalaron fueron rotos.
los gatos de la cocina estaran muy bonito ayer,los gatos de la cocina estarán muy bonitos ayer
los gatos que compre era bastante bonito,los gatos que compré eran bastante bonitos
"como es tarde, el perro duerme en el sofa","como es tarde, el perro duerme en el sofá"
Creo que el te cuida bien.,Creo que él te cuida bien.
escríbeme apenas sales de clase,escríbeme apenas salgas de clase
los zapatos del jardín serán demasiado limpio esta mañana,los zapatos del jardín serán demasiado limpios esta mañana
las mesas que me regalaron fue muy facil,las mesas que me regalaron fueron muy fáciles
"esta semana mientras tu no quieres, mi abuela cose","esta semana mientras tú no quieres, mi abuela cose"
"esta semana como el bebe duerme, los vecinos hacen ruido","esta semana como el bebé duerme, los vecinos hacen ruido"
Esta tarde llamame apenas crezca.,Esta tarde llámame apenas crezca.
El te quiere mucho.,Él te quiere mucho.
las calles que me regalaron parecia muy llena,las calles que me regalaron parecían muy llenas
el te conoce,él te conoce
manana podras salir en cuanto crezcas,mañana podrás salir en cuanto crezcas
los gatos que me regalaron estuvo triste esta manana,los gatos que me regalaron estuvieron tristes esta mañana
"casi siempre cada vez que es sabado, veo television","casi siempre cada vez que es sábado, veo televisión"
Mama dice que el te de mi abuela esta delicioso.,Mamá dice que el té de mi abuela está delicioso.
Las niñas era bastante viejas otra vez.,Las niñas eran bastante viejas otra vez.
la mesa esta facil todavia,la mesa está fácil todavía
casi siempre ayudo a mi mama cuando llego al colegio,casi siempre ayudo a mi mamá cuando llego al colegio
mañana espérame cuando podemos,mañana espérame cuando podamos
todos los dias me acuesto temprano apenas salgo del colegio,todos los días me acuesto temprano apenas salgo del colegio
"manana si no tengo dinero, sacare buena nota","mañana si no tengo dinero, sacaré buena nota"
"Cuando venimos del parque, no te preocupes.","Cuando vengamos del parque, no te preocupes."
creo que el te esta frio,creo que el té está frío
"ya que estaremos cansados, tomaremos te","ya que estaremos cansados, tomaremos té"
las mesas que vimos el sábado quedó limpia ayer,las mesas que vimos el sábado quedaron limpias ayer
"hoy cuando esta oscuro, mi abuela cose","hoy cuando está oscuro, mi abuela cose"
los cuadernos estará difícil,los cuadernos estarán difíciles
"hoy en cuanto vengo de la escuela, empezaremos a comer","hoy en cuanto venga de la escuela, empezaremos a comer"
el sabado mi mama estara feliz si tengo tiempo,el sábado mi mamá estará feliz si tengo tiempo
Esta tarde vendré a verte en cuanto vengo de la escuela.,Esta tarde vendré a verte en cuanto venga de la escuela.
"Porque el profesor explicara la leccion, mi mama preparara el cafe.","Porque el profesor explicará la lección, mi mamá preparará el café."
se que el te quiere mucho,sé que él te quiere mucho
"Hoy mientras hace frio, mi abuela cose.","Hoy mientras hace frío, mi abuela cose."
los cuartos que trajo mi mama era dificil,los cuartos que trajo mi mamá eran difíciles
No te preocupes cuando empiezas a estudiar.,No te preocupes cuando empieces a estudiar.
"cuando este listo, iremos a la piscina","cuando esté listo, iremos a la piscina"
Saldre a caminar aunque nevara en la sierra.,Saldré a caminar aunque nevará en la sierra.
"ayer como no hubo clases, mi abuela cosio","ayer como no hubo clases, mi abuela cosió"
Más tarde iremos a la piscina apenas haces la cama.,Más tarde iremos a la piscina apenas hagas la cama.
Hoy yo hare la tarea si vienes temprano.,Hoy yo haré la tarea si vienes temprano.
los platos parecia bastante rico hoy,los platos parecían bastante ricos hoy
Sacare buena nota si mis amigos vienen.,Sacaré buena nota si mis amigos vienen.
"cuando viniste temprano, los ninos jugaron en el patio","cuando viniste temprano, los niños jugaron en el patio"
los cuartos de la cocina parecia bastante grande esta manana,los cuartos de la cocina parecían bastante grandes esta mañana
Los árboles que vi ayer está demasiado pequeño.,Los árboles que vi ayer están demasiado pequeños.
"Ya que hace frio, nos quedamos en casa.","Ya que hace frío, nos quedamos en casa."
"cuando es sabado, me acuesto temprano","cuando es sábado, me acuesto temprano"
"cuando me dolia la cabeza, mi hermano vio television","cuando me dolía la cabeza, mi hermano vio televisión"
Las manzanas son demasiado difícil hoy.,Las manzanas son demasiado difíciles hoy.
"en la tarde ya que el profesor explicara la leccion, nos quedaremos en casa","en la tarde ya que el profesor explicará la lección, nos quedaremos en casa"
"Mañana apenas estoy listo, te llamaré.","Mañana apenas esté listo, te llamaré."
Las ventanas parecía muy difícil otra vez.,Las ventanas parecían muy difíciles otra vez.
"ayer ya que ella estaba enferma, sali a caminar","ayer ya que ella estaba enferma, salí a caminar"
las flores de mi tía es tan rotas hoy,las flores de mi tía son tan rotas hoy
Mi abuela cosio aunque yo cocine.,Mi abuela cosió aunque yo cociné.
"cuando el profesor explico la leccion, mi hermano vio television","cuando el profesor explicó la lección, mi hermano vio televisión"
más tarde haré la cena apenas llego a casa,más tarde haré la cena apenas llegue a casa
"esta semana si es tarde, tomaremos te","esta semana si es tarde, tomaremos té"
El nino que trajo mi mama sera tan grande otra vez.,El niño que trajo mi mamá será tan grande otra vez.
"El sabado como llovio mucho, yo estudie.","El sábado como llovió mucho, yo estudié."
"ayer apenas salimos del colegio, ella leyo un libro","ayer apenas salimos del colegio, ella leyó un libro"
los árboles que vi ayer es demasiado frío todavía,los árboles que vi ayer son demasiado fríos todavía
mas tarde no te vayas hasta que puedas,más tarde no te vayas hasta que puedas
los arboles estara demasiado pequenos hoy,los árboles estarán demasiado pequeños hoy
"Como el profesor explico la leccion, todos comieron juntos.","Como el profesor explicó la lección, todos comieron juntos."
"mientras el bus llego tarde, los vecinos hicieron ruido","mientras el bus llegó tarde, los vecinos hicieron ruido"
"Cuando tengo tiempo, ayudo a mi mama.","Cuando tengo tiempo, ayudo a mi mamá."
Mama dice que el te se enfrio.,Mamá dice que el té se enfrió.
los libros que me regalaron son limpio,los libros que me regalaron son limpios
las calles que me regalaron quedó bastante limpia,las calles que me regalaron quedaron bastante limpias
"Cuando mi mama cocino, el perro durmio en el sofa.","Cuando mi mamá cocinó, el perro durmió en el sofá."
"esta semana porque no hay clases, mi mama esta tranquila","esta semana porque no hay clases, mi mamá está tranquila"
"manana apenas vuelva del trabajo, no te preocupes","mañana apenas vuelva del trabajo, no te preocupes"
"El sabado cuando los ninos juegan en el patio, yo hago la tarea.","El sábado cuando los niños juegan en el patio, yo hago la tarea."
"Casi siempre siempre que mi papa llega del trabajo, estoy tranquilo.","Casi siempre siempre que mi papá llega del trabajo, estoy tranquilo."
Ayudo a mi mama cuando veo a mi abuela.,Ayudo a mi mamá cuando veo a mi abuela.
las mesas estuvo bastante nuevas,las mesas estuvieron bastante nuevas
"todos los dias cada vez que mi hermana estudia, ayudo a mi mama","todos los días cada vez que mi hermana estudia, ayudo a mi mamá"
las manzanas que compre parecen muy vacia otra vez,las manzanas que compré parecen muy vacías otra vez
los gatos del jardín estuvo tan grande otra vez,los gatos del jardín estuvieron tan grandes otra vez
"siempre que estoy cansado, mi papa esta feliz","siempre que estoy cansado, mi papá está feliz"
Los gatos del jardín era bonito ayer.,Los gatos del jardín eran bonitos ayer.
"manana ya que nevara en la sierra, no podremos salir","mañana ya que nevará en la sierra, no podremos salir"
mi hermano ve television mientras llueve mucho,mi hermano ve televisión mientras llueve mucho
"Los sabados cuando leo un libro, tomo te con leche.","Los sábados cuando leo un libro, tomo té con leche."
no se si el te esta muy dulce,no sé si el té está muy dulce
"porque hacia calor, el perro durmio en el sofa","porque hacía calor, el perro durmió en el sofá"
"hoy mientras el bus llego tarde, ella leyo un libro","hoy mientras el bus llegó tarde, ella leyó un libro"
el sabado mi abuela cosio cuando llegue a casa,el sábado mi abuela cosió cuando llegué a casa
todos los dias veo television cuando tengo tiempo,todos los días veo televisión cuando tengo tiempo
el sabado yo hare la tarea si el profesor explica la leccion,el sábado yo haré la tarea si el profesor explica la lección
esta tarde no saldre hasta que salgas de clase,esta tarde no saldré hasta que salgas de clase
"mientras no hay clases, mi hermano ve television","mientras no hay clases, mi hermano ve televisión"
"esta semana si es tarde, los ninos juegan en el patio","esta semana si es tarde, los niños juegan en el patio"
Mi papa esta feliz siempre que me levanto.,Mi papá está feliz siempre que me levanto.
Los perros de mi tía estaban pequeño otra vez.,Los perros de mi tía estaban pequeños otra vez.
"cuando vuelvo del trabajo, avísame","cuando vuelva del trabajo, avísame"
"esta semana si hace frio, no podemos salir","esta semana si hace frío, no podemos salir"
las casas que compré es demasiado rota otra vez,las casas que compré son demasiado rotas otra vez
"si tengo tiempo, el perro dormira en el sofa","si tengo tiempo, el perro dormirá en el sofá"
"Hoy cuando estes mejor, iremos a la piscina.","Hoy cuando estés mejor, iremos a la piscina."
"esta semana ya que mi mama cocinara, sacare buena nota","esta semana ya que mi mamá cocinará, sacaré buena nota"
"El sabado mientras yo cocino, tomamos te.","El sábado mientras yo cocino, tomamos té."
En la tarde mi mama estaba tranquila apenas tu no querias.,En la tarde mi mamá estaba tranquila apenas tú no querías.
En la tarde hago la tarea cuando juego futbol.,En la tarde hago la tarea cuando juego fútbol.
"en la tarde mientras hacia frio, mi hermano vio television","en la tarde mientras hacía frío, mi hermano vio televisión"
los perros quedaron bastante tranquilo,los perros quedaron bastante tranquilos
mis primos que vi ayer estará sucios otra vez,mis primos que vi ayer estarán sucios otra vez
la flor que trajo mi mama estara tan rota hoy,la flor que trajo mi mamá estará tan rota hoy
los cuartos del jardin parece demasiado grande hoy,los cuartos del jardín parecen demasiado grandes hoy
el plato que vimos el sabado era bastante roto,el plato que vimos el sábado era bastante roto
"Esta semana si los ninos juegan en el patio, yo hago la tarea.","Esta semana si los niños juegan en el patio, yo hago la tarea."
las casas que vi ayer estara bastante sucia esta manana,las casas que vi ayer estarán bastante sucias esta mañana
yo hice la tarea apenas el profesor explico la leccion,yo hice la tarea apenas el profesor explicó la lección
"esta semana apenas todos estaban alli, sali a caminar","esta semana apenas todos estaban allí, salí a caminar"
manana te lo dire cuando sea de noche,mañana te lo diré cuando sea de noche
saldre a caminar aunque llego a casa,saldré a caminar aunque llego a casa
el sabado mi hermano ve television cuando todos estan aqui,el sábado mi hermano ve televisión cuando todos están aquí
la nina que vi ayer es muy mojada todavia,la niña que vi ayer es muy mojada todavía
los niños que me regalaron parece grande,los niños que me regalaron parecen grandes
"el sabado como mi papa trabaja, tomamos te","el sábado como mi papá trabaja, tomamos té"
llámame en cuanto vengo de la escuela,llámame en cuanto venga de la escuela
"más tarde cuando haces la cama, te lo contaré","más tarde cuando hagas la cama, te lo contaré"
"Cada vez que salgo del colegio, tomo te con leche.","Cada vez que salgo del colegio, tomo té con leche."
"mas tarde cuando sea de noche, me acostare","más tarde cuando sea de noche, me acostaré"
la ventana de la escuela parecia ordenada,la ventana de la escuela parecía ordenada
"Cuando los ninos jugaban en el patio, mi mama preparo el cafe.","Cuando los niños jugaban en el patio, mi mamá preparó el café."
Las calles que vimos el sábado parecían muy nueva ayer.,Las calles que vimos el sábado parecían muy nuevas ayer.
"los sabados cuando mi mama cocina, ayudo a mi mama","los sábados cuando mi mamá cocina, ayudo a mi mamá"
el sabado vamos al parque aunque todos estan aqui,el sábado vamos al parque aunque todos están aquí
"Cuando los ninos jugaban en el patio, el perro durmio en el sofa.","Cuando los niños jugaban en el patio, el perro durmió en el sofá."
los ninos que compre es tan grande otra vez,los niños que compré son tan grandes otra vez
"apenas llovio mucho, yo hice la tarea","apenas llovió mucho, yo hice la tarea"
"Mas tarde cuando salga del colegio, comeremos juntos.","Más tarde cuando salga del colegio, comeremos juntos."
los sabados salimos a jugar cuando tengo tiempo,los sábados salimos a jugar cuando tengo tiempo
Mas tarde vamos a jugar apenas salga del colegio.,Más tarde vamos a jugar apenas salga del colegio.
"como estabamos cansados, todos comieron juntos","como estábamos cansados, todos comieron juntos"
Creo que el te ya esta servido.,Creo que el té ya está servido.
los ninos del jardin era bastante limpio,los niños del jardín eran bastante limpios
las ventanas de la escuela son rota hoy,las ventanas de la escuela son rotas hoy
"casi siempre apenas salgo del colegio, veo television","casi siempre apenas salgo del colegio, veo televisión"
"Más tarde cuando ves la película, te lo contaré.","Más tarde cuando veas la película, te lo contaré."
El libro de la escuela sera muy bonito otra vez.,El libro de la escuela será muy bonito otra vez.
"apenas estabamos cansados, los vecinos hicieron ruido","apenas estábamos cansados, los vecinos hicieron ruido"
mis primos quedó muy limpio esta mañana,mis primos quedaron muy limpios esta mañana
Los cuadernos que vimos el sábado estuvo caro.,Los cuadernos que vimos el sábado estuvieron caros.
hoy mi papa esta feliz cuando estamos cansados,hoy mi papá está feliz cuando estamos cansados
"todos los dias siempre que termino la tarea, nos quedamos en casa","todos los días siempre que termino la tarea, nos quedamos en casa"
el plato del jardin parecia tan lleno ayer,el plato del jardín parecía tan lleno ayer
"En la tarde siempre que tengo hambre, ayudo a mi mama.","En la tarde siempre que tengo hambre, ayudo a mi mamá."
"hoy hasta que veas la pelicula, esperame","hoy hasta que veas la película, espérame"
"esta tarde apenas tenga tiempo, te avisare","esta tarde apenas tenga tiempo, te avisaré"
"cuando venga de la escuela, veremos la pelicula","cuando venga de la escuela, veremos la película"
los zapatos estuvo demasiado fácil,los zapatos estuvieron demasiado fáciles
"hoy apenas el bebe dormia, fuimos al parque","hoy apenas el bebé dormía, fuimos al parque"
"siempre cuando estoy cansado, mi mama prepara el cafe","siempre cuando estoy cansado, mi mamá prepara el café"
"Ya que yo cocine, los ninos jugaron en el patio.","Ya que yo cociné, los niños jugaron en el patio."
"el sabado apenas el bebe dormia, yo hice la tarea","el sábado apenas el bebé dormía, yo hice la tarea"
"todos los dias cuando estoy cansado, mi perro se pone feliz","todos los días cuando estoy cansado, mi perro se pone feliz"
"en cuanto hacemos la compra, llámame","en cuanto hagamos la compra, llámame"
pregunta si el te se enfrio,pregunta si el té se enfrió
las niñas del jardín estará muy mojadas esta mañana,las niñas del jardín estarán muy mojadas esta mañana
esta semana fuimos al parque cuando habia sol,esta semana fuimos al parque cuando había sol
las ventanas está bastante pequeña otra vez,las ventanas están bastante pequeñas otra vez
"Mientras todos estan aqui, los ninos juegan en el patio.","Mientras todos están aquí, los niños juegan en el patio."
"Apenas termino la tarea, avísame.","Apenas termine la tarea, avísame."
las tareas fue muy sucia,las tareas fueron muy sucias
"manana aunque sera tarde, nos quedaremos en casa","mañana aunque será tarde, nos quedaremos en casa"
el arbol de mi tia estaba lleno,el árbol de mi tía estaba lleno
"apenas el bebe dormia, mi mama estaba tranquila","apenas el bebé dormía, mi mamá estaba tranquila"
"apenas empieces a estudiar, te lo dire","apenas empieces a estudiar, te lo diré"
"más tarde cuando vuelves de viaje, haré la cena","más tarde cuando vuelvas de viaje, haré la cena"
el perro durmio en el sofa mientras me dolia la cabeza,el perro durmió en el sofá mientras me dolía la cabeza
los cuartos sera limpio todavia,los cuartos serán limpios todavía
"Hoy hasta que tengo tiempo, no te vayas.","Hoy hasta que tenga tiempo, no te vayas."
"hoy cuando mi mama cocina, salgo a caminar","hoy cuando mi mamá cocina, salgo a caminar"
las casas de la escuela estuvo demasiado limpia ayer,las casas de la escuela estuvieron demasiado limpias ayer
las niñas estuvo muy cansada,las niñas estuvieron muy cansadas
los cuartos del jardín serán bastante difícil,los cuartos del jardín serán bastante difíciles
"Ya que viniste temprano, mi abuela cosio.","Ya que viniste temprano, mi abuela cosió."
"aunque terminare la tarea, mi papa estara feliz","aunque terminaré la tarea, mi papá estará feliz"
Dice que el te de mi abuela esta delicioso.,Dice que el té de mi abuela está delicioso.
"Ya que termine la tarea, mi abuela cosio.","Ya que terminé la tarea, mi abuela cosió."
Los libros que trajo mi mamá estará pequeños.,Los libros que trajo mi mamá estarán pequeños.
El libro que vi ayer estara roto.,El libro que vi ayer estará roto.
el perro que me regalaron esta bastante viejo ayer,el perro que me regalaron está bastante viejo ayer
"Aunque me dolia la cabeza, fuimos al parque.","Aunque me dolía la cabeza, fuimos al parque."
en la tarde mi papa estaba feliz ya que yo cocine,en la tarde mi papá estaba feliz ya que yo cociné
Mis hermanas que trajo mi mamá quedó muy contentas.,Mis hermanas que trajo mi mamá quedaron muy contentas.
"cuando es tarde, mi papa esta feliz","cuando es tarde, mi papá está feliz"
el libro que me regalaron era muy ordenado todavia,el libro que me regalaron era muy ordenado todavía
todos comeran juntos si los ninos juegan en el patio,todos comerán juntos si los niños juegan en el patio
"mas tarde hasta que salga del colegio, sigo estudiando","más tarde hasta que salga del colegio, sigo estudiando"
Los árboles que compré estaba tan viejos.,Los árboles que compré estaban tan viejos.
el libro que trajo mi mama estara muy grande,el libro que trajo mi mamá estará muy grande
"en cuanto crezcas, mi mama estara feliz","en cuanto crezcas, mi mamá estará feliz"
"manana ya que terminare la tarea, nos quedaremos en casa","mañana ya que terminaré la tarea, nos quedaremos en casa"
"como no tenia dinero, el perro durmio en el sofa","como no tenía dinero, el perro durmió en el sofá"
"cuando tengo tiempo, me acostaré","cuando tenga tiempo, me acostaré"
"todos los dias cuando llego al colegio, mi perro se pone feliz","todos los días cuando llego al colegio, mi perro se pone feliz"
"apenas mi hermana canto, mi hermano vio television","apenas mi hermana cantó, mi hermano vio televisión"
"más tarde cuando tienes un rato, espérame","más tarde cuando tengas un rato, espérame"
Las tareas estuvo llena otra vez.,Las tareas estuvieron llenas otra vez.
"el sabado cuando mi hermana canto, mi mama estaba tranquila","el sábado cuando mi hermana cantó, mi mamá estaba tranquila"
"El sabado cuando vuelva del trabajo, te llamare.","El sábado cuando vuelva del trabajo, te llamaré."
el libro sera dificil todavia,el libro será difícil todavía
las ninas de la escuela estuvo tan limpia,las niñas de la escuela estuvieron tan limpias
"aunque el profesor explico la leccion, sali a caminar","aunque el profesor explicó la lección, salí a caminar"
"aunque no habra clases, mi papa estara feliz","aunque no habrá clases, mi papá estará feliz"
mis amigos que vimos el sábado parecían tan tranquilo todavía,mis amigos que vimos el sábado parecían tan tranquilos todavía
"Mientras viniste temprano, mi mama estaba tranquila.","Mientras viniste temprano, mi mamá estaba tranquila."
"esta tarde cuando salga del colegio, avisame","esta tarde cuando salga del colegio, avísame"
ayer sali a caminar cuando tuve tiempo,ayer salí a caminar cuando tuve tiempo
"manana ya que estudiaras mucho, saldre a caminar","mañana ya que estudiarás mucho, saldré a caminar"
las ninas que vimos el sabado es muy tristes todavia,las niñas que vimos el sábado son muy tristes todavía
Siempre ella lee un libro siempre que mi papa llega del trabajo.,Siempre ella lee un libro siempre que mi papá llega del trabajo.
la nina que vimos el sabado fue tan alegre esta manana,la niña que vimos el sábado fue tan alegre esta mañana
esta semana yo hice la tarea cuando el profesor explico la leccion,esta semana yo hice la tarea cuando el profesor explicó la lección
las casas parece llena,las casas parecen llenas
"esta tarde cuando termino la tarea, te lo contaré","esta tarde cuando termine la tarea, te lo contaré"
mis amigos estuvieron bonito,mis amigos estuvieron bonitos
los platos que compré estaban bastante fácil,los platos que compré estaban bastante fáciles
mi mama prepara el cafe cuando salgo del colegio,mi mamá prepara el café cuando salgo del colegio
los gatos estarán tan contento,los gatos estarán tan contentos
"manana cuando venga de la escuela, descansare","mañana cuando venga de la escuela, descansaré"
Manana todos comeran juntos porque vendras temprano.,Mañana todos comerán juntos porque vendrás temprano.
yo me quedo en casa si el profesor explica la leccion,yo me quedo en casa si el profesor explica la lección
en la tarde mi hermano vio television apenas todos estaban alli,en la tarde mi hermano vio televisión apenas todos estaban allí
"apenas hagas la cama, avisame","apenas hagas la cama, avísame"
"manana hasta que estemos en casa, esperaremos aqui","mañana hasta que estemos en casa, esperaremos aquí"
"cada vez que suena el timbre, tomo te con leche","cada vez que suena el timbre, tomo té con leche"
"En la tarde si el perro ladra, los ninos jugaran en el patio.","En la tarde si el perro ladra, los niños jugarán en el patio."
mi mama esta tranquila cuando mi papa trabaja,mi mamá está tranquila cuando mi papá trabaja
"esta tarde apenas tengo tiempo, te avisaré","esta tarde apenas tenga tiempo, te avisaré"
"si el bebe duerme, todos comen juntos","si el bebé duerme, todos comen juntos"
"Apenas todos estaban alli, yo hice la tarea.","Apenas todos estaban allí, yo hice la tarea."
"esta semana apenas salimos del colegio, mi hermano vio television","esta semana apenas salimos del colegio, mi hermano vio televisión"
los arboles de la escuela parecia muy nuevo hoy,los árboles de la escuela parecían muy nuevos hoy
"esta semana si me duele la cabeza, el perro duerme en el sofa","esta semana si me duele la cabeza, el perro duerme en el sofá"
"cuando empiece las clases, jugare con mis amigos","cuando empiece las clases, jugaré con mis amigos"
"apenas mis amigos vinieron, tomamos te","apenas mis amigos vinieron, tomamos té"
"Aunque mi hermana cantara, los ninos jugaran en el patio.","Aunque mi hermana cantará, los niños jugarán en el patio."
"ayer mientras el profesor explico la leccion, mi mama preparo el cafe","ayer mientras el profesor explicó la lección, mi mamá preparó el café"
te lo diré apenas vienes a mi casa,te lo diré apenas vengas a mi casa
iremos a la piscina cuando tenemos dinero,iremos a la piscina cuando tengamos dinero
mas tarde escribeme cuando volvamos a casa,más tarde escríbeme cuando volvamos a casa
los cuartos quedo bastante faciles hoy,los cuartos quedaron bastante fáciles hoy
Hoy mi hermano vio television aunque estaba oscuro.,Hoy mi hermano vio televisión aunque estaba oscuro.
las niñas del jardín está bastante feliz otra vez,las niñas del jardín están bastante felices otra vez
"esta semana cuando mi papa trabaja, nos quedamos en casa","esta semana cuando mi papá trabaja, nos quedamos en casa"
siempre mi papa esta feliz cuando es sabado,siempre mi papá está feliz cuando es sábado
ayer no pudimos salir apenas el perro ladro,ayer no pudimos salir apenas el perro ladró
el nino de la escuela estuvo demasiado sucio todavia,el niño de la escuela estuvo demasiado sucio todavía
"hasta que podamos, no podras salir","hasta que podamos, no podrás salir"
"Hoy porque nieva en la sierra, mi mama prepara el cafe.","Hoy porque nieva en la sierra, mi mamá prepara el café."
"los sabados siempre que veo a mi abuela, ayudo a mi mama","los sábados siempre que veo a mi abuela, ayudo a mi mamá"
"cuando nevo en la sierra, mi hermano vio television","cuando nevó en la sierra, mi hermano vio televisión"
mis amigos son listo,mis amigos son listos
"esta semana si esta oscuro, mi mama estara feliz","esta semana si está oscuro, mi mamá estará feliz"
"Esta semana porque yo cocine, no pudimos salir.","Esta semana porque yo cociné, no pudimos salir."
los gatos parecía muy alegre todavía,los gatos parecían muy alegres todavía
"cuando mi hermana estudia, ayudo a mi mama","cuando mi hermana estudia, ayudo a mi mamá"
"esta semana como el bebe duerme, todos comen juntos","esta semana como el bebé duerme, todos comen juntos"
el te esta muy rico,el té está muy rico
"apenas mi mama cocino, no pudimos salir","apenas mi mamá cocinó, no pudimos salir"
los ninos jugaron en el patio apenas el bus llego tarde,los niños jugaron en el patio apenas el bus llegó tarde
Los niños del jardín quedó demasiado limpio todavía.,Los niños del jardín quedaron demasiado limpios todavía.
El cuaderno que trajo mi mama esta tan grande ayer.,El cuaderno que trajo mi mamá está tan grande ayer.
"en la tarde mientras no tenia dinero, mi abuela cosio","en la tarde mientras no tenía dinero, mi abuela cosió"
casi siempre hago la tarea siempre que juego futbol,casi siempre hago la tarea siempre que juego fútbol
los perros son tan feliz,los perros son tan felices
"esta semana si el bebe duerme, el perro duerme en el sofa","esta semana si el bebé duerme, el perro duerme en el sofá"
manana te avisare cuando vuelvo del trabajo,mañana te avisaré cuando vuelva del trabajo
los cuadernos de la cocina sera tan caro,los cuadernos de la cocina serán tan caros
Los sabados salimos a jugar cuando salgo del colegio.,Los sábados salimos a jugar cuando salgo del colegio.
"el sabado cuando estes mejor, vamos a jugar","el sábado cuando estés mejor, vamos a jugar"
"si hay sol, yo hare la tarea","si hay sol, yo haré la tarea"
el sabado mi hermano ve television si hace calor,el sábado mi hermano ve televisión si hace calor
los perros de la escuela parecía demasiado grande todavía,los perros de la escuela parecían demasiado grandes todavía
los arboles que trajo mi mama estuvo muy bonito,los árboles que trajo mi mamá estuvieron muy bonitos
mi mama esta tranquila cuando termino la tarea,mi mamá está tranquila cuando termino la tarea
"mientras el bebe duerme, los ninos juegan en el patio","mientras el bebé duerme, los niños juegan en el patio"
La casa que vi ayer estuvo vieja todavia.,La casa que vi ayer estuvo vieja todavía.
"Apenas hacia frio, yo estudie.","Apenas hacía frío, yo estudié."
"mas tarde en cuanto haga la tarea, comeremos juntos","más tarde en cuanto haga la tarea, comeremos juntos"
Yo me quede en casa apenas viniste temprano.,Yo me quedé en casa apenas viniste temprano.
"hasta que venimos del parque, no te vayas","hasta que vengamos del parque, no te vayas"
"el sabado si ella esta enferma, iremos a la piscina","el sábado si ella está enferma, iremos a la piscina"
"esta semana cuando tu no querias, el perro durmio en el sofa","esta semana cuando tú no querías, el perro durmió en el sofá"
"Siempre cuando llego al colegio, mi mama prepara el cafe.","Siempre cuando llego al colegio, mi mamá prepara el café."
"más tarde cuando terminamos el examen, te avisaré","más tarde cuando terminemos el examen, te avisaré"
los arboles que compre estuvo grande hoy,los árboles que compré estuvieron grandes hoy
en la tarde me pongo el abrigo apenas mi mama cocina,en la tarde me pongo el abrigo apenas mi mamá cocina
"el sabado ya que tendre tiempo, el perro dormira en el sofa","el sábado ya que tendré tiempo, el perro dormirá en el sofá"
la nina sera muy triste,la niña será muy triste
Estoy seguro de que el te dara una sorpresa.,Estoy seguro de que él te dará una sorpresa.
"el sabado como salimos del colegio, mi hermano ve television","el sábado como salimos del colegio, mi hermano ve televisión"
mama dice que el te escribio una carta,mamá dice que él te escribió una carta
"Porque mi hermana cantara, el perro dormira en el sofa.","Porque mi hermana cantará, el perro dormirá en el sofá."
"en la tarde como yo cocine, mi mama preparo el cafe","en la tarde como yo cociné, mi mamá preparó el café"
"siempre apenas juego futbol, me lavo las manos","siempre apenas juego fútbol, me lavo las manos"
mis hermanas que trajo mi mamá estuvo triste todavía,mis hermanas que trajo mi mamá estuvieron tristes todavía
las manzanas es demasiado fria,las manzanas son demasiado frías
Mis hermanas que vi ayer está muy pequeñas.,Mis hermanas que vi ayer están muy pequeñas.
en la tarde mi papa esta feliz siempre que mi papa llega del trabajo,en la tarde mi papá está feliz siempre que mi papá llega del trabajo
"cuando mi mama cocina, ella lee un libro","cuando mi mamá cocina, ella lee un libro"
tomamos te porque nieva en la sierra,tomamos té porque nieva en la sierra
hoy todos comeran juntos ya que hara frio,hoy todos comerán juntos ya que hará frío
mis primos que compre estaba tan cansado esta manana,mis primos que compré estaban tan cansados esta mañana
"siempre cuando hace frio, me pongo el abrigo","siempre cuando hace frío, me pongo el abrigo"
los árboles que vimos el sábado estaba muy mojado,los árboles que vimos el sábado estaban muy mojados
Los libros estuvo muy sucio hoy.,Los libros estuvieron muy sucios hoy.
"ya que nevara en la sierra, los ninos jugaran en el patio","ya que nevará en la sierra, los niños jugarán en el patio"
no pudimos salir mientras nevo en la sierra,no pudimos salir mientras nevó en la sierra
"En la tarde como era tarde, yo me quede en casa.","En la tarde como era tarde, yo me quedé en casa."
"porque llegare tarde, el perro dormira en el sofa","porque llegaré tarde, el perro dormirá en el sofá"
"porque me duele la cabeza, los ninos juegan en el patio","porque me duele la cabeza, los niños juegan en el patio"
todos comieron juntos porque llovio mucho,todos comieron juntos porque llovió mucho
"manana cuando vengas a mi casa, ire al parque","mañana cuando vengas a mi casa, iré al parque"
hoy yo me quedare en casa si salimos del colegio,hoy yo me quedaré en casa si salimos del colegio
"el sabado porque sera tarde, todos comeran juntos","el sábado porque será tarde, todos comerán juntos"
los árboles que vimos el sábado parece bastante ricos ayer,los árboles que vimos el sábado parecen bastante ricos ayer
los zapatos que vi ayer parecen demasiado lleno,los zapatos que vi ayer parecen demasiado llenos
"Cuando tengas un rato, ire al parque.","Cuando tengas un rato, iré al parque."
"en cuanto crezco, empezaremos a comer","en cuanto crezca, empezaremos a comer"
el libro sera muy mojado otra vez,el libro será muy mojado otra vez
Manana veremos la pelicula cuando llegue a casa.,Mañana veremos la película cuando llegue a casa.
"siempre cuando mi papa llega del trabajo, ayudo a mi mama","siempre cuando mi papá llega del trabajo, ayudo a mi mamá"
Las manzanas que vi ayer estuvo muy vacía.,Las manzanas que vi ayer estuvieron muy vacías.
"ya que los ninos jugaran en el patio, no podremos salir","ya que los niños jugarán en el patio, no podremos salir"
"Mas tarde cuando haga la tarea, veremos la pelicula.","Más tarde cuando haga la tarea, veremos la película."
"si yo cocino, el perro duerme en el sofa","si yo cocino, el perro duerme en el sofá"
Mi primo quedo demasiado sucio.,Mi primo quedó demasiado sucio.
"esta semana si salimos del colegio, sacare buena nota","esta semana si salimos del colegio, sacaré buena nota"
los libros de la escuela será bastante viejo esta mañana,los libros de la escuela serán bastante viejos esta mañana
"hoy mientras hace frio, tomamos te","hoy mientras hace frío, tomamos té"
los libros está fácil,los libros están fáciles
"como el bebe duerme, el perro duerme en el sofa","como el bebé duerme, el perro duerme en el sofá"
La tarea parece tan facil otra vez.,La tarea parece tan fácil otra vez.
todos los dias saludo a mis amigos cuando hay sol,todos los días saludo a mis amigos cuando hay sol
"aunque los ninos jugaran en el patio, iremos al parque","aunque los niños jugarán en el patio, iremos al parque"
"esta semana como no hay clases, los ninos juegan en el patio","esta semana como no hay clases, los niños juegan en el patio"
ayer yo me quede en casa apenas ella estaba enferma,ayer yo me quedé en casa apenas ella estaba enferma
"mas tarde apenas estes mejor, jugare con mis amigos","más tarde apenas estés mejor, jugaré con mis amigos"
"Los sabados cada vez que mi hermana estudia, veo television.","Los sábados cada vez que mi hermana estudia, veo televisión."
tomamos te porque mis amigos vienen,tomamos té porque mis amigos vienen
"en la tarde cuando mi mama cocina, me lavo las manos","en la tarde cuando mi mamá cocina, me lavo las manos"
las casas que vi ayer parecían muy nueva,las casas que vi ayer parecían muy nuevas
"Los sabados cuando veo a mi abuela, mi perro se pone feliz.","Los sábados cuando veo a mi abuela, mi perro se pone feliz."
mama dice que el te esta muy rico,mamá dice que el té está muy rico
"El sábado apenas termino la tarea, saldremos a pasear.","El sábado apenas termine la tarea, saldremos a pasear."
"El sabado en cuanto crezca, te lo cuento.","El sábado en cuanto crezca, te lo cuento."
iremos a la piscina ya que mis amigos vendran,iremos a la piscina ya que mis amigos vendrán
"manana aunque todos estaran aqui, tomaremos te","mañana aunque todos estarán aquí, tomaremos té"
no podras salir hasta que estes mejor,no podrás salir hasta que estés mejor
en la tarde ella leera un libro ya que hara frio,en la tarde ella leerá un libro ya que hará frío
"el sabado ya que estudias mucho, yo me quedo en casa","el sábado ya que estudias mucho, yo me quedo en casa"
todos comen juntos siempre que juego futbol,todos comen juntos siempre que juego fútbol
"manana cuando empieces a estudiar, iremos a la piscina","mañana cuando empieces a estudiar, iremos a la piscina"
mis primos del jardín están contento,mis primos del jardín están contentos
"en la tarde ya que tengo tiempo, mi papa esta feliz","en la tarde ya que tengo tiempo, mi papá está feliz"
"casi siempre cuando mi papa llega del trabajo, me duele la cabeza","casi siempre cuando mi papá llega del trabajo, me duele la cabeza"
"en la tarde porque mi hermana canta, mi hermano ve television","en la tarde porque mi hermana canta, mi hermano ve televisión"
"el sabado como ella estaba enferma, sali a caminar","el sábado como ella estaba enferma, salí a caminar"
"en la tarde como mi hermana canto, nos quedamos en casa","en la tarde como mi hermana cantó, nos quedamos en casa"
los zapatos que vi ayer fue bastante frios hoy,los zapatos que vi ayer fueron bastante fríos hoy
"hoy aunque llovera mucho, mi mama preparara el cafe","hoy aunque lloverá mucho, mi mamá preparará el café"
no me acostare hasta que tengas un rato,no me acostaré hasta que tengas un rato
los libros del jardin quedaron tan frio,los libros del jardín quedaron tan fríos
"si es tarde, mi papa esta feliz","si es tarde, mi papá está feliz"
los perros de la cocina es bastante contento otra vez,los perros de la cocina son bastante contentos otra vez
"mientras nevo en la sierra, nos quedamos en casa","mientras nevó en la sierra, nos quedamos en casa"
mis primos que compré estaba listo otra vez,mis primos que compré estaban listos otra vez
mis amigos de la escuela parecia pequeno,mis amigos de la escuela parecían pequeños
La calle de mi tia quedo bastante llena.,La calle de mi tía quedó bastante llena.
"Apenas mis amigos vinieron, tomamos te.","Apenas mis amigos vinieron, tomamos té."
"porque llegue a casa, mi mama preparo el cafe","porque llegué a casa, mi mamá preparó el café"
"manana porque saldremos del colegio, nos quedaremos en casa","mañana porque saldremos del colegio, nos quedaremos en casa"
el zapato quedo bonito hoy,el zapato quedó bonito hoy
"Manana cuando venga de la escuela, jugare con mis amigos.","Mañana cuando venga de la escuela, jugaré con mis amigos."
"hoy ya que vendras temprano, mi mama estara feliz","hoy ya que vendrás temprano, mi mamá estará feliz"
Las casas está rica ayer.,Las casas están ricas ayer.
"apenas tuve tiempo, mi hermano vio television","apenas tuve tiempo, mi hermano vio televisión"
"en la tarde mientras los ninos jugaban en el patio, fuimos al parque","en la tarde mientras los niños jugaban en el patio, fuimos al parque"
los platos que trajo mi mama sera demasiado pequeno,los platos que trajo mi mamá serán demasiado pequeños
ella lee un libro cuando hace frio,ella lee un libro cuando hace frío
"En la tarde apenas todos estaban alli, mi abuela cosio.","En la tarde apenas todos estaban allí, mi abuela cosió."
Parece que el te espera afuera.,Parece que él te espera afuera.
"Hoy apenas crezca, escribeme.","Hoy apenas crezca, escríbeme."
los cuartos que compre es bastante facil ayer,los cuartos que compré son bastante fáciles ayer
Los niños de mi tía era listo.,Los niños de mi tía eran listos.
Siempre mi papa esta feliz cuando estoy cansado.,Siempre mi papá está feliz cuando estoy cansado.
"Hasta que estes mejor, no como.","Hasta que estés mejor, no como."
las manzanas de la cocina parecia muy faciles todavia,las manzanas de la cocina parecían muy fáciles todavía
"En cuanto crezcas, ire al parque.","En cuanto crezcas, iré al parque."
"como estudias mucho, mi papa esta feliz","como estudias mucho, mi papá está feliz"
Todos los dias nos quedamos en casa cuando llego a casa.,Todos los días nos quedamos en casa cuando llego a casa.
dice que el te se enfrio,dice que el té se enfrió
podras salir cuando crezcas,podrás salir cuando crezcas
"hoy como mi papa trabajo, los vecinos hicieron ruido","hoy como mi papá trabajó, los vecinos hicieron ruido"
"apenas vienes a mi casa, te avisare","apenas vengas a mi casa, te avisaré"
"como todos estaban alli, no pudimos salir","como todos estaban allí, no pudimos salir"
"cuando mi papa llega del trabajo, mi papa esta feliz","cuando mi papá llega del trabajo, mi papá está feliz"
mi hermana que compre es muy triste esta manana,mi hermana que compré es muy triste esta mañana
"el sabado cuando vienes a mi casa, te lo dire","el sábado cuando vengas a mi casa, te lo diré"
"Siempre que mi papa llega del trabajo, descanso un rato.","Siempre que mi papá llega del trabajo, descanso un rato."
"En la tarde si el profesor explica la leccion, no podemos salir.","En la tarde si el profesor explica la lección, no podemos salir."
ayer nos quedamos en casa porque los ninos jugaban en el patio,ayer nos quedamos en casa porque los niños jugaban en el patio
"Aunque tu no quieres, mi hermano vera television.","Aunque tú no quieres, mi hermano verá televisión."
tomamos te ya que es tarde,tomamos té ya que es tarde
mis primos de la escuela es bastante mojado,mis primos de la escuela son bastante mojados
"aunque mi mama cocina, el perro duerme en el sofa","aunque mi mamá cocina, el perro duerme en el sofá"
"en la tarde porque el bebe dormia, yo me quede en casa","en la tarde porque el bebé dormía, yo me quedé en casa"
siempre ayudo a mi mama cuando tengo tiempo,siempre ayudo a mi mamá cuando tengo tiempo
"en la tarde cuando llego al colegio, tomo te con leche","en la tarde cuando llego al colegio, tomo té con leche"
la flor que me regalaron quedo muy rica ayer,la flor que me regalaron quedó muy rica ayer
"hasta que vea a mi abuela, no podras salir","hasta que vea a mi abuela, no podrás salir"
mis hermanas que trajo mi mamá será contenta,mis hermanas que trajo mi mamá serán contentas
mis hermanas de mi tia estara muy lista esta manana,mis hermanas de mi tía estarán muy listas esta mañana
"los sabados apenas vamos al parque, todos comen juntos","los sábados apenas vamos al parque, todos comen juntos"
Tomamos te mientras esta oscuro.,Tomamos té mientras está oscuro.
"Apenas estabamos cansados, yo estudie.","Apenas estábamos cansados, yo estudié."
"Como estudiaste mucho, mi mama preparo el cafe.","Como estudiaste mucho, mi mamá preparó el café."
"manana porque estaremos cansados, iremos a la piscina","mañana porque estaremos cansados, iremos a la piscina"
"Porque llegue a casa, nos quedamos en casa.","Porque llegué a casa, nos quedamos en casa."
"siempre apenas tengo tiempo, veo television","siempre apenas tengo tiempo, veo televisión"
Los zapatos que me regalaron serán caro todavía.,Los zapatos que me regalaron serán caros todavía.
las flores estara muy ordenada,las flores estarán muy ordenadas
Las manzanas parece muy ordenadas otra vez.,Las manzanas parecen muy ordenadas otra vez.
"como el perro ladra, mi mama esta tranquila","como el perro ladra, mi mamá está tranquila"
Mi mama prepara el cafe apenas hay sol.,Mi mamá prepara el café apenas hay sol.
mi mama preparo el cafe apenas el profesor explico la leccion,mi mamá preparó el café apenas el profesor explicó la lección
"hoy cuando estamos en casa, vendré a verte","hoy cuando estemos en casa, vendré a verte"
"en la tarde ya que termino la tarea, mi mama prepara el cafe","en la tarde ya que termino la tarea, mi mamá prepara el café"
los libros que vi ayer quedó demasiado bonito esta mañana,los libros que vi ayer quedaron demasiado bonitos esta mañana
los perros del jardín estarán bastante feliz todavía,los perros del jardín estarán bastante felices todavía
los platos que trajo mi mamá parecen demasiado pequeño esta mañana,los platos que trajo mi mamá parecen demasiado pequeños esta mañana
"Cada vez que llego al colegio, ayudo a mi mama.","Cada vez que llego al colegio, ayudo a mi mamá."
"Ayer ya que mi hermana canto, mi mama estaba tranquila.","Ayer ya que mi hermana cantó, mi mamá estaba tranquila."
Las ventanas del jardín parecía sucia hoy.,Las ventanas del jardín parecían sucias hoy.
la calle que trajo mi mama fue limpia,la calle que trajo mi mamá fue limpia
mis primos de mi tía era demasiado sucios,mis primos de mi tía eran demasiado sucios
"esta tarde cuando tengo tiempo, ire al parque","esta tarde cuando tenga tiempo, iré al parque"
las tareas que vi ayer fue muy viejas esta mañana,las tareas que vi ayer fueron muy viejas esta mañana
los cuadernos de mi tía parecía muy rico,los cuadernos de mi tía parecían muy ricos
ella leera un libro si llego a casa,ella leerá un libro si llego a casa
las casas era tan rotas todavía,las casas eran tan rotas todavía
Mi papa estara feliz aunque no tengo dinero.,Mi papá estará feliz aunque no tengo dinero.
"esta tarde apenas vuelva del trabajo, me acostare","esta tarde apenas vuelva del trabajo, me acostaré"
"El sabado cuando sea de noche, te lo cuento.","El sábado cuando sea de noche, te lo cuento."
"los sabados cuando juego futbol, me pongo contento","los sábados cuando juego fútbol, me pongo contento"
"los sabados cuando es sabado, me pongo el abrigo","los sábados cuando es sábado, me pongo el abrigo"
mi abuela cosio aunque el perro ladro,mi abuela cosió aunque el perro ladró
mis hermanas que vimos el sabado estara contentas todavia,mis hermanas que vimos el sábado estarán contentas todavía
los cuadernos de la cocina esta demasiado dificiles,los cuadernos de la cocina están demasiado difíciles
Los cuartos que compré están muy lleno.,Los cuartos que compré están muy llenos.
"apenas estás mejor, me acostaré","apenas estés mejor, me acostaré"
los cuartos de la cocina quedo muy mojado,los cuartos de la cocina quedaron muy mojados
"esta tarde cuando veas la pelicula, iremos a la piscina","esta tarde cuando veas la película, iremos a la piscina"
las ventanas del jardin estuvo muy facil todavia,las ventanas del jardín estuvieron muy fáciles todavía
iremos a la piscina aunque mis amigos vendran,iremos a la piscina aunque mis amigos vendrán
"cuando estabamos cansados, yo me quede en casa","cuando estábamos cansados, yo me quedé en casa"
las calles están mojada hoy,las calles están mojadas hoy
"el sabado mientras estabamos cansados, el perro durmio en el sofa","el sábado mientras estábamos cansados, el perro durmió en el sofá"
El te va a acompanar.,Él te va a acompañar.
Las niñas que compré estaba muy bonita.,Las niñas que compré estaban muy bonitas.
los cuadernos que trajo mi mamá estaba caro,los cuadernos que trajo mi mamá estaban caros
los cuadernos de la cocina es grandes,los cuadernos de la cocina son grandes
"aunque nevo en la sierra, mi hermano vio television","aunque nevó en la sierra, mi hermano vio televisión"
"esta semana si termino la tarea, mi papa estara feliz","esta semana si termino la tarea, mi papá estará feliz"
Los zapatos del jardín estaba muy pequeños.,Los zapatos del jardín estaban muy pequeños.
Iremos al parque aunque mis amigos vendran.,Iremos al parque aunque mis amigos vendrán.
Mis hermanas de la escuela es muy triste todavía.,Mis hermanas de la escuela son muy tristes todavía.
"ayer apenas estudiaste mucho, mi mama preparo el cafe","ayer apenas estudiaste mucho, mi mamá preparó el café"
esta tarde avisame apenas empiezas a estudiar,esta tarde avísame apenas empieces a estudiar
los cuadernos que vi ayer estaba bastante roto,los cuadernos que vi ayer estaban bastante rotos
la flor que compre fue muy vieja hoy,la flor que compré fue muy vieja hoy
la flor estara demasiado mojada,la flor estará demasiado mojada
Mama dice que el te ya esta servido.,Mamá dice que el té ya está servido.
"porque el profesor explica la leccion, salgo a caminar","porque el profesor explica la lección, salgo a caminar"
"El sabado mientras me duele la cabeza, yo hago la tarea.","El sábado mientras me duele la cabeza, yo hago la tarea."
estoy seguro de que el te quiere mucho,estoy seguro de que él te quiere mucho
"más tarde cuando vuelvo del trabajo, podrás salir","más tarde cuando vuelva del trabajo, podrás salir"
los cuartos de la escuela parece tan limpio esta manana,los cuartos de la escuela parecen tan limpios esta mañana
"cuando juego futbol, mi papa esta feliz","cuando juego fútbol, mi papá está feliz"
"si ella esta enferma, iremos al parque","si ella está enferma, iremos al parque"
"Los sabados cuando llego a casa, nos quedamos en casa.","Los sábados cuando llego a casa, nos quedamos en casa."
"hoy cuando venga de la escuela, te llamare","hoy cuando venga de la escuela, te llamaré"
el perro que vimos el sabado estaba tan cansado todavia,el perro que vimos el sábado estaba tan cansado todavía
mis amigos de mi tía estará tan mojado esta mañana,mis amigos de mi tía estarán tan mojados esta mañana
"cuando es tarde, mi hermano ve television","cuando es tarde, mi hermano ve televisión"
en la tarde jugare con mis amigos si mi papa trabaja,en la tarde jugaré con mis amigos si mi papá trabaja
"en la tarde cuando estoy cansado, mi mama prepara el cafe","en la tarde cuando estoy cansado, mi mamá prepara el café"
"esta semana si llueve mucho, yo me quedare en casa","esta semana si llueve mucho, yo me quedaré en casa"
"porque hacia frio, nos quedamos en casa","porque hacía frío, nos quedamos en casa"
manana te aviso en cuanto estemos en casa,mañana te aviso en cuanto estemos en casa
"esta semana cuando esta oscuro, mi hermano ve television","esta semana cuando está oscuro, mi hermano ve televisión"
"cuando mi mama cocina, mi mama prepara el cafe","cuando mi mamá cocina, mi mamá prepara el café"
fuimos al parque apenas yo cocine,fuimos al parque apenas yo cociné
"mientras llegue a casa, yo me quede en casa","mientras llegué a casa, yo me quedé en casa"
"aunque mi hermana canto, mi abuela cosio","aunque mi hermana cantó, mi abuela cosió"
Las niñas de mi tía es tranquilas todavía.,Las niñas de mi tía son tranquilas todavía.
me parece que el te ya esta servido,me parece que el té ya está servido
"los sabados cuando llego al colegio, mi papa esta feliz","los sábados cuando llego al colegio, mi papá está feliz"
las casas de la cocina están bastante rota ayer,las casas de la cocina están bastante rotas ayer
"en la tarde si hace calor, los ninos jugaran en el patio","en la tarde si hace calor, los niños jugarán en el patio"
Los libros que trajo mi mamá será bastante vacíos.,Los libros que trajo mi mamá serán bastante vacíos.
"hoy porque estudiaras mucho, jugare con mis amigos","hoy porque estudiarás mucho, jugaré con mis amigos"
Tomaremos te aunque el bebe duerme.,Tomaremos té aunque el bebé duerme.
Esta semana iremos al parque aunque no habra clases.,Esta semana iremos al parque aunque no habrá clases.
hoy todos comieron juntos apenas nevo en la sierra,hoy todos comieron juntos apenas nevó en la sierra
esta semana mi papa estara feliz aunque tengo tiempo,esta semana mi papá estará feliz aunque tengo tiempo
"el sabado apenas llegue a casa, yo me quede en casa","el sábado apenas llegué a casa, yo me quedé en casa"
Hoy el perro durmio en el sofa mientras mi papa trabajo.,Hoy el perro durmió en el sofá mientras mi papá trabajó.
"porque yo cocine, mi hermano vio television","porque yo cociné, mi hermano vio televisión"
"mientras mi hermana canto, todos comieron juntos","mientras mi hermana cantó, todos comieron juntos"
"como todos estan aqui, yo estudio","como todos están aquí, yo estudio"
"como nevo en la sierra, mi hermano vio television","como nevó en la sierra, mi hermano vio televisión"
mis hermanas que me regalaron estarán demasiado vieja,mis hermanas que me regalaron estarán demasiado viejas
"en la tarde apenas estudiaste mucho, el perro durmio en el sofa","en la tarde apenas estudiaste mucho, el perro durmió en el sofá"
los zapatos sera bastante vacio ayer,los zapatos serán bastante vacíos ayer
los sabados todos comen juntos cuando mi mama cocina,los sábados todos comen juntos cuando mi mamá cocina
los gatos de mi tía será muy bonito esta mañana,los gatos de mi tía serán muy bonitos esta mañana
"Hoy porque saldremos del colegio, mi mama preparara el cafe.","Hoy porque saldremos del colegio, mi mamá preparará el café."
los platos que vimos el sabado esta ricos,los platos que vimos el sábado están ricos
"el sabado mientras el profesor explica la leccion, los ninos juegan en el patio","el sábado mientras el profesor explica la lección, los niños juegan en el patio"
"aunque el bus llega tarde, mi hermano ve television","aunque el bus llega tarde, mi hermano ve televisión"
los gatos son muy triste otra vez,los gatos son muy tristes otra vez
"cuando mi papa llega del trabajo, nos quedamos en casa","cuando mi papá llega del trabajo, nos quedamos en casa"
"como era tarde, los ninos jugaron en el patio","como era tarde, los niños jugaron en el patio"
Más tarde podrás salir cuando terminas de comer.,Más tarde podrás salir cuando termines de comer.
esta semana yo estudie mientras no tenia dinero,esta semana yo estudié mientras no tenía dinero
en la tarde sali a caminar mientras era tarde,en la tarde salí a caminar mientras era tarde
"en la tarde apenas llovio mucho, el perro durmio en el sofa","en la tarde apenas llovió mucho, el perro durmió en el sofá"
la ventana de mi tia parece demasiado grande,la ventana de mi tía parece demasiado grande
esta semana mi papa estaba feliz mientras no tenia dinero,esta semana mi papá estaba feliz mientras no tenía dinero
"si es tarde, mi hermano vera television","si es tarde, mi hermano verá televisión"
"cuando sea de noche, te lo contare","cuando sea de noche, te lo contaré"
El sabado yo me quedo en casa porque hace frio.,El sábado yo me quedo en casa porque hace frío.
todos comen juntos mientras esta oscuro,todos comen juntos mientras está oscuro
creo que el te lo explico,creo que él te lo explicó
yo estudie apenas estabamos cansados,yo estudié apenas estábamos cansados
los árboles que me regalaron es muy bonito otra vez,los árboles que me regalaron son muy bonitos otra vez
"los sabados siempre que estoy cansado, me duele la cabeza","los sábados siempre que estoy cansado, me duele la cabeza"
Mañana te avisaré apenas venimos del parque.,Mañana te avisaré apenas vengamos del parque.
"el sabado hasta que empiece las clases, seguire estudiando","el sábado hasta que empiece las clases, seguiré estudiando"
casi siempre como fruta apenas hace frio,casi siempre como fruta apenas hace frío
las calles que vi ayer serán cara,las calles que vi ayer serán caras
los perros estara sucio,los perros estarán sucios
sali a caminar aunque termine la tarea,salí a caminar aunque terminé la tarea
"Todos los dias cuando hay sol, salimos a jugar.","Todos los días cuando hay sol, salimos a jugar."
"cada vez que vamos al parque, veo television","cada vez que vamos al parque, veo televisión"
las flores quedaron rica hoy,las flores quedaron ricas hoy
"todos los dias cuando leo un libro, descanso un rato","todos los días cuando leo un libro, descanso un rato"
Las ventanas que trajo mi mamá fue muy vacías hoy.,Las ventanas que trajo mi mamá fueron muy vacías hoy.
"manana hasta que hagas la cama, esperame","mañana hasta que hagas la cama, espérame"
"hoy mientras tengo tiempo, mi hermano ve television","hoy mientras tengo tiempo, mi hermano ve televisión"
"ayer porque llovio mucho, mi abuela cosio","ayer porque llovió mucho, mi abuela cosió"
Los sabados me acuesto temprano cuando leo un libro.,Los sábados me acuesto temprano cuando leo un libro.
tomaremos te aunque vendras temprano,tomaremos té aunque vendrás temprano
"aunque mis amigos vendran, ella leera un libro","aunque mis amigos vendrán, ella leerá un libro"
las mesas estuvo demasiado viejas esta mañana,las mesas estuvieron demasiado viejas esta mañana
"como era tarde, tomamos te","como era tarde, tomamos té"
"en la tarde apenas el profesor explico la leccion, mi papa estaba feliz","en la tarde apenas el profesor explicó la lección, mi papá estaba feliz"
Tomamos te cuando hacia calor.,Tomamos té cuando hacía calor.
las mesas de mi tía parece demasiado ordenada,las mesas de mi tía parecen demasiado ordenadas
la manzana que trajo mi mama es tan limpia todavia,la manzana que trajo mi mamá es tan limpia todavía
avisame cuando tengamos dinero,avísame cuando tengamos dinero
"manana aunque llovera mucho, mi hermano vera television","mañana aunque lloverá mucho, mi hermano verá televisión"
los cuadernos de la cocina fueron demasiado sucio esta manana,los cuadernos de la cocina fueron demasiado sucios esta mañana
me lavo las manos apenas mi mama cocina,me lavo las manos apenas mi mamá cocina
se que el te espera afuera,sé que él te espera afuera
esta semana el perro durmio en el sofa ya que mis amigos vinieron,esta semana el perro durmió en el sofá ya que mis amigos vinieron
los ninos jugaran en el patio aunque el bus llegara tarde,los niños jugarán en el patio aunque el bus llegará tarde
La flor de la cocina parecia tan sucia otra vez.,La flor de la cocina parecía tan sucia otra vez.
Parece que el te ayuda con la tarea.,Parece que él te ayuda con la tarea.
"porque el perro ladra, mi mama esta tranquila","porque el perro ladra, mi mamá está tranquila"
"Ayer cuando mi papa trabajo, tomamos te.","Ayer cuando mi papá trabajó, tomamos té."
los libros que trajo mi mamá parecía vacío todavía,los libros que trajo mi mamá parecían vacíos todavía
"hoy cuando llegamos al colegio, descansaré","hoy cuando lleguemos al colegio, descansaré"
Todos los dias hago la tarea cada vez que llego a casa.,Todos los días hago la tarea cada vez que llego a casa.
los gatos de la cocina parecian demasiado alegre esta manana,los gatos de la cocina parecían demasiado alegres esta mañana
las flores que vimos el sabado fue muy ordenada ayer,las flores que vimos el sábado fueron muy ordenadas ayer
casi siempre me acuesto temprano apenas mi papa llega del trabajo,casi siempre me acuesto temprano apenas mi papá llega del trabajo
las tareas que vimos el sábado es rota hoy,las tareas que vimos el sábado son rotas hoy
"en la tarde aunque los ninos juegan en el patio, los ninos jugaran en el patio","en la tarde aunque los niños juegan en el patio, los niños jugarán en el patio"
"como el bebe duerme, mi mama esta tranquila","como el bebé duerme, mi mamá está tranquila"
manana tomaremos te ya que no tendre dinero,mañana tomaremos té ya que no tendré dinero
"esta semana cuando llovio mucho, yo me quede en casa","esta semana cuando llovió mucho, yo me quedé en casa"
las manzanas que compre estara demasiado vacia todavia,las manzanas que compré estarán demasiado vacías todavía
las manzanas de mi tía parecía bastante ordenadas,las manzanas de mi tía parecían bastante ordenadas
las tareas del jardin estara bastante rica,las tareas del jardín estarán bastante ricas
"Cuando hace frio, yo estudio.","Cuando hace frío, yo estudio."
"mas tarde en cuanto vuelva del trabajo, te lo cuento","más tarde en cuanto vuelva del trabajo, te lo cuento"
en la tarde ayudo a mi mama apenas mi hermana estudia,en la tarde ayudo a mi mamá apenas mi hermana estudia
los cuartos del jardin seran bastante limpio otra vez,los cuartos del jardín serán bastante limpios otra vez
mi mama prepara el cafe ya que mi mama cocina,mi mamá prepara el café ya que mi mamá cocina
yo hago la tarea si tu no quieres,yo hago la tarea si tú no quieres
"cuando vienes temprano, tomamos te","cuando vienes temprano, tomamos té"
La ventana que vimos el sabado sera vacia.,La ventana que vimos el sábado será vacía.
mama dice que el te lo explico,mamá dice que él te lo explicó
las niñas de mi tía quedaron pequeña otra vez,las niñas de mi tía quedaron pequeñas otra vez
"hoy ya que me dolia la cabeza, los vecinos hicieron ruido","hoy ya que me dolía la cabeza, los vecinos hicieron ruido"
"hoy cuando vienes a mi casa, espérame","hoy cuando vengas a mi casa, espérame"
"esta tarde cuando terminemos el examen, esperame","esta tarde cuando terminemos el examen, espérame"
"esta semana apenas me dolia la cabeza, mi papa estaba feliz","esta semana apenas me dolía la cabeza, mi papá estaba feliz"
mi amigo de la cocina quedo tranquilo,mi amigo de la cocina quedó tranquilo
los arboles que me regalaron parece muy ordenado hoy,los árboles que me regalaron parecen muy ordenados hoy
"mientras yo cocine, mi abuela cosio","mientras yo cociné, mi abuela cosió"
ayer los vecinos hicieron ruido cuando llovio mucho,ayer los vecinos hicieron ruido cuando llovió mucho
los perros de la cocina estaba mojado,los perros de la cocina estaban mojados
"Cuando todos estaban alli, mi papa estaba feliz.","Cuando todos estaban allí, mi papá estaba feliz."
"esta tarde cuando terminamos el examen, espérame","esta tarde cuando terminemos el examen, espérame"
"apenas tenemos dinero, llamame","apenas tengamos dinero, llámame"
"como hacia frio, yo estudie","como hacía frío, yo estudié"
"hoy cuando llego a casa, veremos la pelicula","hoy cuando llegue a casa, veremos la película"
"manana en cuanto empieces a estudiar, vamos a jugar","mañana en cuanto empieces a estudiar, vamos a jugar"
las manzanas que me regalaron estuvo llena,las manzanas que me regalaron estuvieron llenas
Mis primos que vi ayer estaban bastante tranquilo.,Mis primos que vi ayer estaban bastante tranquilos.
"el sabado ya que los ninos jugaran en el patio, mi hermano vera television","el sábado ya que los niños jugarán en el patio, mi hermano verá televisión"
las mesas parecía bastante rica hoy,las mesas parecían bastante ricas hoy
Tomamos te apenas mi hermana canto.,Tomamos té apenas mi hermana cantó.
dice que mi mama toma te por la tarde,dice que mi mamá toma té por la tarde
las flores fueron tan llena ayer,las flores fueron tan llenas ayer
"cada vez que mi mama cocina, me pongo el abrigo","cada vez que mi mamá cocina, me pongo el abrigo"
"en la tarde apenas tuve tiempo, mi hermano vio television","en la tarde apenas tuve tiempo, mi hermano vio televisión"
"el sabado en cuanto volvamos a casa, no te preocupes","el sábado en cuanto volvamos a casa, no te preocupes"
"esta semana como mi hermana canta, mi hermano ve television","esta semana como mi hermana canta, mi hermano ve televisión"
las calles que trajo mi mamá estaba sucia,las calles que trajo mi mamá estaban sucias
los ninos de la escuela estara muy sucio ayer,los niños de la escuela estarán muy sucios ayer
"ya que vendras temprano, nos quedaremos en casa","ya que vendrás temprano, nos quedaremos en casa"
"Cuando era tarde, mi abuela cosio.","Cuando era tarde, mi abuela cosió."
hoy mi mama estaba tranquila apenas termine la tarea,hoy mi mamá estaba tranquila apenas terminé la tarea
no se si el te esta frio,no sé si el té está frío
"El sabado cuando hagas la cama, jugare con mis amigos.","El sábado cuando hagas la cama, jugaré con mis amigos."
Mi mama estaba tranquila porque el bus llego tarde.,Mi mamá estaba tranquila porque el bus llegó tarde.
"los sabados cuando me levanto, me acuesto temprano","los sábados cuando me levanto, me acuesto temprano"
"siempre cuando llego al colegio, mi papa esta feliz","siempre cuando llego al colegio, mi papá está feliz"
"Aunque los ninos jugaran en el patio, ella leera un libro.","Aunque los niños jugarán en el patio, ella leerá un libro."
"el sabado si llego a casa, los ninos jugaran en el patio","el sábado si llego a casa, los niños jugarán en el patio"
"manana cuando salga del colegio, te avisare","mañana cuando salga del colegio, te avisaré"
"Aunque estabamos cansados, el perro durmio en el sofa.","Aunque estábamos cansados, el perro durmió en el sofá."
las manzanas que trajo mi mama fue dificil esta manana,las manzanas que trajo mi mamá fueron difíciles esta mañana
las mesas sera rota todavia,las mesas serán rotas todavía
Las mesas que compré estaban rota.,Las mesas que compré estaban rotas.
"apenas vengas a mi casa, te avisare","apenas vengas a mi casa, te avisaré"
los cuadernos de la cocina era bastante rico esta manana,los cuadernos de la cocina eran bastante ricos esta mañana
"mas tarde apenas lleguemos al colegio, comeremos juntos","más tarde apenas lleguemos al colegio, comeremos juntos"
"como no tengo dinero, los ninos juegan en el patio","como no tengo dinero, los niños juegan en el patio"
La mesa que compre parecia vacia ayer.,La mesa que compré parecía vacía ayer.
"Casi siempre apenas me levanto, veo television.","Casi siempre apenas me levanto, veo televisión."
"mas tarde cuando salga del colegio, llamame","más tarde cuando salga del colegio, llámame"
"Siempre que hace frio, todos comen juntos.","Siempre que hace frío, todos comen juntos."
"Cuando vuelvas de viaje, te llamare.","Cuando vuelvas de viaje, te llamaré."
"aunque los ninos juegan en el patio, los ninos juegan en el patio","aunque los niños juegan en el patio, los niños juegan en el patio"
Las niñas de mi tía está muy triste ayer.,Las niñas de mi tía están muy tristes ayer.
"los sabados cuando suena el timbre, ella lee un libro","los sábados cuando suena el timbre, ella lee un libro"
tomo te con leche apenas mi hermana estudia,tomo té con leche apenas mi hermana estudia
el gato de la escuela estara muy viejo todavia,el gato de la escuela estará muy viejo todavía
"el sabado aunque estudiaras mucho, no podremos salir","el sábado aunque estudiarás mucho, no podremos salir"
mis amigos que compré eran bastante bonito hoy,mis amigos que compré eran bastante bonitos hoy
"aunque habia sol, mi mama preparo el cafe","aunque había sol, mi mamá preparó el café"
las flores que vimos el sábado parecen tan nueva,las flores que vimos el sábado parecen tan nuevas
"el sabado cuando ella estaba enferma, tomamos te","el sábado cuando ella estaba enferma, tomamos té"
mi primo que vi ayer quedo muy alegre ayer,mi primo que vi ayer quedó muy alegre ayer
"los sabados cuando me levanto, veo television","los sábados cuando me levanto, veo televisión"
"Si tu no quieres, mi papa esta feliz.","Si tú no quieres, mi papá está feliz."
"casi siempre cuando mi papa llega del trabajo, mi papa esta feliz","casi siempre cuando mi papá llega del trabajo, mi papá está feliz"
no podemos salir cuando esta oscuro,no podemos salir cuando está oscuro
saludo a mis amigos cuando juego futbol,saludo a mis amigos cuando juego fútbol
"hoy como el profesor explica la leccion, nos quedamos en casa","hoy como el profesor explica la lección, nos quedamos en casa"
me parece que el te esta en la mesa,me parece que el té está en la mesa
no se si prefiero el te al cafe,no sé si prefiero el té al café
"manana cuando llegue a casa, vendre a verte","mañana cuando llegue a casa, vendré a verte"
"si el bebe duerme, yo hare la tarea","si el bebé duerme, yo haré la tarea"
avisame cuando vengamos del parque,avísame cuando vengamos del parque
las ventanas que me regalaron quedó demasiado limpia ayer,las ventanas que me regalaron quedaron demasiado limpias ayer
siempre mi mama prepara el cafe apenas termino la tarea,siempre mi mamá prepara el café apenas termino la tarea
Mis hermanas que trajo mi mamá parecía contenta.,Mis hermanas que trajo mi mamá parecían contentas.
"Hasta que termine la tarea, no me acostare.","Hasta que termine la tarea, no me acostaré."
el sabado no podremos salir aunque no tendre dinero,el sábado no podremos salir aunque no tendré dinero
los platos es mojado todavía,los platos son mojados todavía
esta semana tomaremos te aunque estaremos cansados,esta semana tomaremos té aunque estaremos cansados
mis primos que vimos el sabado son bastante bonito otra vez,mis primos que vimos el sábado son bastante bonitos otra vez
"El sabado mientras mi papa trabajo, tomamos te.","El sábado mientras mi papá trabajó, tomamos té."
te llamare cuando vuelves de viaje,te llamaré cuando vuelvas de viaje
"hoy si el bebe duerme, los ninos juegan en el patio","hoy si el bebé duerme, los niños juegan en el patio"
los cuartos del jardin son tan roto esta manana,los cuartos del jardín son tan rotos esta mañana
"Todos los dias siempre que llueve, nos quedamos en casa.","Todos los días siempre que llueve, nos quedamos en casa."
"Porque no tendre dinero, saldre a caminar.","Porque no tendré dinero, saldré a caminar."
"manana apenas crezcas, ire al parque","mañana apenas crezcas, iré al parque"
"cuando ella esta enferma, vamos al parque","cuando ella está enferma, vamos al parque"
"Mientras termine la tarea, tomamos te.","Mientras terminé la tarea, tomamos té."
"cuando llegue a casa, esperame","cuando llegue a casa, espérame"
en la tarde los ninos jugaran en el patio porque hara calor,en la tarde los niños jugarán en el patio porque hará calor
los zapatos estara demasiado lleno esta manana,los zapatos estarán demasiado llenos esta mañana
las ventanas del jardin seran demasiado cara ayer,las ventanas del jardín serán demasiado caras ayer
"Como el bebe dormia, ella leyo un libro.","Como el bebé dormía, ella leyó un libro."
"Cuando ella esta enferma, nos quedamos en casa.","Cuando ella está enferma, nos quedamos en casa."
"cuando vea a mi abuela, escribeme","cuando vea a mi abuela, escríbeme"
mi mama preparo el cafe aunque mi hermana canto,mi mamá preparó el café aunque mi hermana cantó
"mas tarde cuando lleguemos al colegio, hacemos la tarea","más tarde cuando lleguemos al colegio, hacemos la tarea"
las casas que vimos el sabado quedaron bastante rota todavia,las casas que vimos el sábado quedaron bastante rotas todavía
"Los sabados cada vez que hace frio, todos comen juntos.","Los sábados cada vez que hace frío, todos comen juntos."
mañana comeremos juntos apenas salimos de casa,mañana comeremos juntos apenas salgamos de casa
"cuando vuelva del trabajo, veremos la pelicula","cuando vuelva del trabajo, veremos la película"
"esta semana mientras yo cocine, el perro durmio en el sofa","esta semana mientras yo cociné, el perro durmió en el sofá"
"hoy apenas volvemos a casa, te lo contare","hoy apenas volvamos a casa, te lo contaré"
Las ventanas que trajo mi mamá estará bastante sucia otra vez.,Las ventanas que trajo mi mamá estarán bastante sucias otra vez.
"esta semana como estudiaste mucho, mi mama preparo el cafe","esta semana como estudiaste mucho, mi mamá preparó el café"
Los ninos jugaran en el patio aunque hara calor.,Los niños jugarán en el patio aunque hará calor.
mi mama estaba tranquila apenas mi mama cocino,mi mamá estaba tranquila apenas mi mamá cocinó
"cuando juego futbol, como fruta","cuando juego fútbol, como fruta"
los árboles que compré estarán tan bonito todavía,los árboles que compré estarán tan bonitos todavía
el sabado nos vamos cuando volvamos a casa,el sábado nos vamos cuando volvamos a casa
las ventanas que vimos el sabado estara tan nueva,las ventanas que vimos el sábado estarán tan nuevas
Los perros de la escuela fueron muy bonito todavía.,Los perros de la escuela fueron muy bonitos todavía.
los zapatos que vimos el sábado será bastante llenos,los zapatos que vimos el sábado serán bastante llenos
"mientras el profesor explica la leccion, tomamos te","mientras el profesor explica la lección, tomamos té"
las flores que vimos el sábado estará grande,las flores que vimos el sábado estarán grandes
podras salir cuando hagas la cama,podrás salir cuando hagas la cama
"el sabado cuando podamos, nos vamos","el sábado cuando podamos, nos vamos"
"cada vez que llueve, mi papa esta feliz","cada vez que llueve, mi papá está feliz"
mi primo que compre sera demasiado triste,mi primo que compré será demasiado triste
"todos los dias cuando estoy cansado, todos comen juntos","todos los días cuando estoy cansado, todos comen juntos"
los arboles de mi tia estaban tan pequeno,los árboles de mi tía estaban tan pequeños
"apenas el bebe dormia, no pudimos salir","apenas el bebé dormía, no pudimos salir"
Los perros de mi tía están muy listo.,Los perros de mi tía están muy listos.
los platos que trajo mi mama parece demasiado lleno,los platos que trajo mi mamá parecen demasiado llenos
tomamos te aunque nevo en la sierra,tomamos té aunque nevó en la sierra
"cuando los ninos juegan en el patio, ella lee un libro","cuando los niños juegan en el patio, ella lee un libro"
los gatos que me regalaron parece muy alegre,los gatos que me regalaron parecen muy alegres
"los sabados siempre que mi hermana estudia, mi perro se pone feliz","los sábados siempre que mi hermana estudia, mi perro se pone feliz"
"casi siempre cuando mi papa llega del trabajo, estoy tranquilo","casi siempre cuando mi papá llega del trabajo, estoy tranquilo"
los arboles del jardin es bastante nuevo todavia,los árboles del jardín son bastante nuevos todavía
"Siempre cuando mi mama cocina, me acuesto temprano.","Siempre cuando mi mamá cocina, me acuesto temprano."
los gatos de la escuela eran demasiado triste todavía,los gatos de la escuela eran demasiado tristes todavía
"casi siempre cuando llego a casa, mi papa esta feliz","casi siempre cuando llego a casa, mi papá está feliz"
"hoy porque los ninos jugaran en el patio, saldre a caminar","hoy porque los niños jugarán en el patio, saldré a caminar"
Los árboles que trajo mi mamá está difíciles esta mañana.,Los árboles que trajo mi mamá están difíciles esta mañana.
las ventanas estaban muy vacía otra vez,las ventanas estaban muy vacías otra vez
"ya que habra sol, jugare con mis amigos","ya que habrá sol, jugaré con mis amigos"
"el sabado aunque tu no querias, fuimos al parque","el sábado aunque tú no querías, fuimos al parque"
las niñas estuvo muy lista todavía,las niñas estuvieron muy listas todavía
"Siempre cada vez que leo un libro, ayudo a mi mama.","Siempre cada vez que leo un libro, ayudo a mi mamá."
los cuartos de mi tía es muy ordenado,los cuartos de mi tía son muy ordenados
Nos quedamos en casa ya que hacia calor.,Nos quedamos en casa ya que hacía calor.
"apenas estaba oscuro, mi mama estaba tranquila","apenas estaba oscuro, mi mamá estaba tranquila"
esta semana mi hermano vio television apenas termine la tarea,esta semana mi hermano vio televisión apenas terminé la tarea
"Hoy cuando todos estan aqui, los ninos juegan en el patio.","Hoy cuando todos están aquí, los niños juegan en el patio."
los libros parece bastante caro,los libros parecen bastante caros
"hoy si mi hermana canta, mi mama esta tranquila","hoy si mi hermana canta, mi mamá está tranquila"
los sabados mi perro se pone feliz apenas mi mama cocina,los sábados mi perro se pone feliz apenas mi mamá cocina
"en cuanto estás mejor, comeremos juntos","en cuanto estés mejor, comeremos juntos"
Mis primos de la cocina estará demasiado contento.,Mis primos de la cocina estarán demasiado contentos.
los platos que trajo mi mama fue bastante faciles esta manana,los platos que trajo mi mamá fueron bastante fáciles esta mañana
"ya que nieva en la sierra, mi hermano ve television","ya que nieva en la sierra, mi hermano ve televisión"
Las casas del jardín estuvieron muy nueva ayer.,Las casas del jardín estuvieron muy nuevas ayer.
"en la tarde apenas el perro ladro, no pudimos salir","en la tarde apenas el perro ladró, no pudimos salir"
"los sabados cuando mi papa llega del trabajo, mi mama prepara el cafe","los sábados cuando mi papá llega del trabajo, mi mamá prepara el café"
"cuando mi papa llega del trabajo, me duele la cabeza","cuando mi papá llega del trabajo, me duele la cabeza"
los sabados salimos a jugar cuando me levanto,los sábados salimos a jugar cuando me levanto
las calles de la cocina era muy pequeñas,las calles de la cocina eran muy pequeñas
mi mama prepara el cafe cuando termino la tarea,mi mamá prepara el café cuando termino la tarea
mis primos del jardín estarán demasiado tranquilo hoy,mis primos del jardín estarán demasiado tranquilos hoy
las flores que vi ayer parece tan vacía todavía,las flores que vi ayer parecen tan vacías todavía
"en la tarde ya que tu no querias, tomamos te","en la tarde ya que tú no querías, tomamos té"
el cuaderno que me regalaron estuvo grande todavia,el cuaderno que me regalaron estuvo grande todavía
"los sabados apenas vamos al parque, me lavo las manos","los sábados apenas vamos al parque, me lavo las manos"
las calles que vimos el sábado estuvo tan cara esta mañana,las calles que vimos el sábado estuvieron tan caras esta mañana
mis hermanas que trajo mi mamá estuvieron triste,mis hermanas que trajo mi mamá estuvieron tristes
"si el bus llega tarde, yo me quedare en casa","si el bus llega tarde, yo me quedaré en casa"
Las mesas de la cocina quedó cara.,Las mesas de la cocina quedaron caras.
"cuando tengo tiempo, mi mama prepara el cafe","cuando tengo tiempo, mi mamá prepara el café"
Tomaremos te si nieva en la sierra.,Tomaremos té si nieva en la sierra.
mi mama prepara el cafe cuando el perro ladra,mi mamá prepara el café cuando el perro ladra
manana hacemos la tarea cuando vengamos del parque,mañana hacemos la tarea cuando vengamos del parque
los ninos de la cocina fue demasiado triste hoy,los niños de la cocina fueron demasiado tristes hoy
Las mesas está tan cara.,Las mesas están tan caras.
los perros del jardín parecía triste ayer,los perros del jardín parecían tristes ayer
los árboles de mi tía estará tan pequeño,los árboles de mi tía estarán tan pequeños
"como estamos cansados, tomamos te","como estamos cansados, tomamos té"
"siempre cuando mi papa llega del trabajo, todos comen juntos","siempre cuando mi papá llega del trabajo, todos comen juntos"
La manzana que vi ayer quedo rica.,La manzana que vi ayer quedó rica.
"Ya que no habra clases, el perro dormira en el sofa.","Ya que no habrá clases, el perro dormirá en el sofá."
las ninas esta demasiado mojadas hoy,las niñas están demasiado mojadas hoy
"mas tarde apenas crezco, mi mama estara feliz","más tarde apenas crezca, mi mamá estará feliz"
las calles que vimos el sábado parecía muy limpias,las calles que vimos el sábado parecían muy limpias
La calle de la cocina es tan vacia.,La calle de la cocina es tan vacía.
"porque el bus llega tarde, el perro duerme en el sofa","porque el bus llega tarde, el perro duerme en el sofá"
"Hoy mientras los ninos juegan en el patio, el perro duerme en el sofa.","Hoy mientras los niños juegan en el patio, el perro duerme en el sofá."
hoy mi mama preparo el cafe cuando el bebe dormia,hoy mi mamá preparó el café cuando el bebé dormía
mis amigos fue tan grande otra vez,mis amigos fueron tan grandes otra vez
Los ninos juegan en el patio porque salimos del colegio.,Los niños juegan en el patio porque salimos del colegio.
"porque llego a casa, mi papa esta feliz","porque llego a casa, mi papá está feliz"
"Cuando hagamos la compra, vendre a verte.","Cuando hagamos la compra, vendré a verte."
"apenas llovio mucho, tomamos te","apenas llovió mucho, tomamos té"
el sabado nos quedamos en casa cuando el bus llega tarde,el sábado nos quedamos en casa cuando el bus llega tarde
"los sabados siempre que mi papa llega del trabajo, mi perro se pone feliz","los sábados siempre que mi papá llega del trabajo, mi perro se pone feliz"
mas tarde sigo estudiando hasta que salga del colegio,más tarde sigo estudiando hasta que salga del colegio
"el sabado porque no tendre dinero, mi mama estara feliz","el sábado porque no tendré dinero, mi mamá estará feliz"
"En la tarde mientras es tarde, el perro duerme en el sofa.","En la tarde mientras es tarde, el perro duerme en el sofá."
las ventanas de mi tía parecen demasiado llena,las ventanas de mi tía parecen demasiado llenas
"cuando salgo del colegio, ayudo a mi mama","cuando salgo del colegio, ayudo a mi mamá"
"ya que me duele la cabeza, mi mama esta tranquila","ya que me duele la cabeza, mi mamá está tranquila"
Los cuadernos de la escuela estuvo muy vacío ayer.,Los cuadernos de la escuela estuvieron muy vacíos ayer.
Esperame hasta que vea a mi abuela.,Espérame hasta que vea a mi abuela.
"Aunque vienes temprano, jugare con mis amigos.","Aunque vienes temprano, jugaré con mis amigos."
mis amigos fueron muy alegre esta mañana,mis amigos fueron muy alegres esta mañana
"cuando tengo tiempo, veo television","cuando tengo tiempo, veo televisión"
"como el bus llego tarde, tomamos te","como el bus llegó tarde, tomamos té"
el arbol fue pequeno ayer,el árbol fue pequeño ayer
las flores que trajo mi mama quedo bastante mojadas esta manana,las flores que trajo mi mamá quedaron bastante mojadas esta mañana
Casi siempre me lavo las manos cada vez que es sabado.,Casi siempre me lavo las manos cada vez que es sábado.
"Hoy hasta que sales de clase, no me acostaré.","Hoy hasta que salgas de clase, no me acostaré."
Mi papa estara feliz si esta oscuro.,Mi papá estará feliz si está oscuro.
"el sabado hasta que tengamos dinero, no me acostare","el sábado hasta que tengamos dinero, no me acostaré"
"los sabados cuando salgo del colegio, tomo te con leche","los sábados cuando salgo del colegio, tomo té con leche"
"Los sabados cada vez que vamos al parque, descanso un rato.","Los sábados cada vez que vamos al parque, descanso un rato."
las niñas que me regalaron parece triste otra vez,las niñas que me regalaron parecen tristes otra vez
"aunque saldremos del colegio, tomaremos te","aunque saldremos del colegio, tomaremos té"
"el sabado apenas era tarde, ella leyo un libro","el sábado apenas era tarde, ella leyó un libro"
los ninos juegan en el patio si mi hermana canta,los niños juegan en el patio si mi hermana canta
"en la tarde apenas el bebe dormia, mi hermano vio television","en la tarde apenas el bebé dormía, mi hermano vio televisión"
"Los sabados cuando juego futbol, salimos a jugar.","Los sábados cuando juego fútbol, salimos a jugar."
Las manzanas que me regalaron era muy llenas ayer.,Las manzanas que me regalaron eran muy llenas ayer.
La calle del jardin parece muy llena hoy.,La calle del jardín parece muy llena hoy.
"como todos estan aqui, los ninos juegan en el patio","como todos están aquí, los niños juegan en el patio"
las casas parece mojada otra vez,las casas parecen mojadas otra vez
el te cuida bien,él te cuida bien
"porque mi mama cocina, tomamos te","porque mi mamá cocina, tomamos té"
manana te lo contare cuando tengo tiempo,mañana te lo contaré cuando tenga tiempo
Mas tarde empezaremos a comer cuando llegues a casa.,Más tarde empezaremos a comer cuando llegues a casa.
"Ya que sera tarde, yo me quedare en casa.","Ya que será tarde, yo me quedaré en casa."
los gatos de la cocina estuvieron tan triste,los gatos de la cocina estuvieron tan tristes
Esta semana yo hare la tarea si hace frio.,Esta semana yo haré la tarea si hace frío.
los platos de la cocina estaba nuevo ayer,los platos de la cocina estaban nuevos ayer
Mis amigos que compré será muy pequeño otra vez.,Mis amigos que compré serán muy pequeños otra vez.
mi abuela cosio porque era tarde,mi abuela cosió porque era tarde
"el sabado apenas estudiaste mucho, mi papa estaba feliz","el sábado apenas estudiaste mucho, mi papá estaba feliz"
"como ella estaba enferma, yo estudie","como ella estaba enferma, yo estudié"
"cuando leo un libro, ayudo a mi mama","cuando leo un libro, ayudo a mi mamá"
"el sabado cuando el profesor explica la leccion, vamos al parque","el sábado cuando el profesor explica la lección, vamos al parque"
parece que el te invito a la fiesta,parece que él te invitó a la fiesta
"si nieva en la sierra, mi hermano vera television","si nieva en la sierra, mi hermano verá televisión"
El nino es muy viejo todavia.,El niño es muy viejo todavía.
Mi abuela cose ya que los ninos juegan en el patio.,Mi abuela cose ya que los niños juegan en el patio.
"cuando puedo, no te preocupes","cuando pueda, no te preocupes"
"hoy porque tendre tiempo, ella leera un libro","hoy porque tendré tiempo, ella leerá un libro"
"esta semana como no tenia dinero, mi papa estaba feliz","esta semana como no tenía dinero, mi papá estaba feliz"
"Todos los dias cuando me levanto, ayudo a mi mama.","Todos los días cuando me levanto, ayudo a mi mamá."
"en la tarde ya que no habra clases, el perro dormira en el sofa","en la tarde ya que no habrá clases, el perro dormirá en el sofá"
los libros que compré estaba roto hoy,los libros que compré estaban rotos hoy
"El sabado apenas termine la tarea, saldremos a pasear.","El sábado apenas termine la tarea, saldremos a pasear."
todos comen juntos cuando el profesor explica la leccion,todos comen juntos cuando el profesor explica la lección
los cuartos que vimos el sábado son muy viejo ayer,los cuartos que vimos el sábado son muy viejos ayer
"el sabado porque yo cocino, vamos al parque","el sábado porque yo cocino, vamos al parque"
"cuando llego a casa, llámame","cuando llegue a casa, llámame"
esta semana los ninos juegan en el patio porque el bus llega tarde,esta semana los niños juegan en el patio porque el bus llega tarde
Los zapatos que trajo mi mamá parecía nuevo otra vez.,Los zapatos que trajo mi mamá parecían nuevos otra vez.
no podremos salir ya que nevara en la sierra,no podremos salir ya que nevará en la sierra
"Esta semana aunque estara oscuro, jugare con mis amigos.","Esta semana aunque estará oscuro, jugaré con mis amigos."
mi mama prepara el cafe mientras llego a casa,mi mamá prepara el café mientras llego a casa
todos los dias me pongo el abrigo cuando juego futbol,todos los días me pongo el abrigo cuando juego fútbol
Las calles que vimos el sábado parecía bastante bonita otra vez.,Las calles que vimos el sábado parecían bastante bonitas otra vez.
"manana hasta que crezcas, sigo estudiando","mañana hasta que crezcas, sigo estudiando"
los cuadernos de la escuela estara pequenos todavia,los cuadernos de la escuela estarán pequeños todavía
los cuadernos que trajo mi mama fueron muy dificil,los cuadernos que trajo mi mamá fueron muy difíciles
"mientras el perro ladra, mi mama prepara el cafe","mientras el perro ladra, mi mamá prepara el café"
"cuando mi mama cocina, todos comen juntos","cuando mi mamá cocina, todos comen juntos"
"aunque hara calor, mi hermano vera television","aunque hará calor, mi hermano verá televisión"
Los gatos de mi tía estaba tan pequeño.,Los gatos de mi tía estaban tan pequeños.
"manana cuando llegamos al colegio, escribeme","mañana cuando lleguemos al colegio, escríbeme"
los libros estaba tan grande todavía,los libros estaban tan grandes todavía
el sabado podras salir en cuanto vienes a mi casa,el sábado podrás salir en cuanto vengas a mi casa
"Esta semana como tengo tiempo, los ninos juegan en el patio.","Esta semana como tengo tiempo, los niños juegan en el patio."
yo hare la tarea porque tendre tiempo,yo haré la tarea porque tendré tiempo
yo me quedare en casa porque hara frio,yo me quedaré en casa porque hará frío
los gatos que vimos el sabado era bastante viejo ayer,los gatos que vimos el sábado eran bastante viejos ayer
mañana saldremos a pasear cuando puedo,mañana saldremos a pasear cuando pueda
Los gatos que me regalaron son tan limpio esta mañana.,Los gatos que me regalaron son tan limpios esta mañana.
esta tarde jugare con mis amigos en cuanto vuelvas de viaje,esta tarde jugaré con mis amigos en cuanto vuelvas de viaje
"El sabado mientras esta oscuro, ella lee un libro.","El sábado mientras está oscuro, ella lee un libro."
Estoy seguro de que el te mira.,Estoy seguro de que él te mira.
"como esta oscuro, tomamos te","como está oscuro, tomamos té"
"hoy aunque mi papa trabajara, los ninos jugaran en el patio","hoy aunque mi papá trabajará, los niños jugarán en el patio"
hoy te lo contaré apenas crezco,hoy te lo contaré apenas crezca
"Todos los dias siempre que mi papa llega del trabajo, saludo a mis amigos.","Todos los días siempre que mi papá llega del trabajo, saludo a mis amigos."
"los sabados cuando llueve, me pongo el abrigo","los sábados cuando llueve, me pongo el abrigo"
"siempre cuando es sabado, me acuesto temprano","siempre cuando es sábado, me acuesto temprano"
"Los sabados siempre que juego futbol, me pongo contento.","Los sábados siempre que juego fútbol, me pongo contento."
la tarea del jardin estara bastante llena todavia,la tarea del jardín estará bastante llena todavía
el sabado saldre a caminar porque mi mama cocinara,el sábado saldré a caminar porque mi mamá cocinará
"en la tarde cuando los ninos jugaban en el patio, los ninos jugaron en el patio","en la tarde cuando los niños jugaban en el patio, los niños jugaron en el patio"
Los gatos de la cocina fue muy alegre.,Los gatos de la cocina fueron muy alegres.
"cuando hace frio, como fruta","cuando hace frío, como fruta"
Estoy seguro de que el te invito a la fiesta.,Estoy seguro de que él te invitó a la fiesta.
El sabado nos quedamos en casa cuando no hay clases.,El sábado nos quedamos en casa cuando no hay clases.
los niños de la escuela era muy triste,los niños de la escuela eran muy tristes
"como mi papa trabajo, ella leyo un libro","como mi papá trabajó, ella leyó un libro"
"mientras llueve mucho, el perro duerme en el sofa","mientras llueve mucho, el perro duerme en el sofá"
"mientras estaba oscuro, ella leyo un libro","mientras estaba oscuro, ella leyó un libro"
"Cuando hace frio, ella lee un libro.","Cuando hace frío, ella lee un libro."
"ya que mi mama cocinara, mi mama preparara el cafe","ya que mi mamá cocinará, mi mamá preparará el café"
"los sabados cuando me levanto, me lavo las manos","los sábados cuando me levanto, me lavo las manos"
las casas que vimos el sábado serán tan llena,las casas que vimos el sábado serán tan llenas
Los libros que trajo mi mamá fue ordenado otra vez.,Los libros que trajo mi mamá fueron ordenados otra vez.
Mi mama prepara el cafe mientras todos estan aqui.,Mi mamá prepara el café mientras todos están aquí.
se que el te ayuda con la tarea,sé que él te ayuda con la tarea
las casas eran muy grande,las casas eran muy grandes
"el sabado cuando este listo, descansare","el sábado cuando esté listo, descansaré"
"ayer apenas llovio mucho, los vecinos hicieron ruido","ayer apenas llovió mucho, los vecinos hicieron ruido"
"como mi papa trabaja, los vecinos hacen ruido","como mi papá trabaja, los vecinos hacen ruido"
"en cuanto tengo tiempo, iré al parque","en cuanto tenga tiempo, iré al parque"
los gatos que compre quedaron pequeno hoy,los gatos que compré quedaron pequeños hoy
"Apenas estabamos cansados, no pudimos salir.","Apenas estábamos cansados, no pudimos salir."
mi papa estara feliz aunque no tendre dinero,mi papá estará feliz aunque no tendré dinero
mi mama preparara el cafe aunque el perro ladra,mi mamá preparará el café aunque el perro ladra
Mis primos que compré quedó tan pequeño ayer.,Mis primos que compré quedaron tan pequeños ayer.
los perros que trajo mi mama fue muy feliz otra vez,los perros que trajo mi mamá fueron muy felices otra vez
"Ayer cuando los ninos jugaban en el patio, el perro durmio en el sofa.","Ayer cuando los niños jugaban en el patio, el perro durmió en el sofá."
"Siempre siempre que me levanto, ayudo a mi mama.","Siempre siempre que me levanto, ayudo a mi mamá."
"Si el profesor explica la leccion, mi mama esta tranquila.","Si el profesor explica la lección, mi mamá está tranquila."
"Manana cuando estes mejor, te aviso.","Mañana cuando estés mejor, te aviso."
mi abuela cosio porque el bebe dormia,mi abuela cosió porque el bebé dormía
Los platos que compré estaban lleno.,Los platos que compré estaban llenos.
"hoy cuando mi papa trabajo, el perro durmio en el sofa","hoy cuando mi papá trabajó, el perro durmió en el sofá"
"Aunque termine la tarea, yo estudie.","Aunque terminé la tarea, yo estudié."
Manana nos quedaremos en casa porque mi papa trabajara.,Mañana nos quedaremos en casa porque mi papá trabajará.
los sabados nos quedamos en casa siempre que es sabado,los sábados nos quedamos en casa siempre que es sábado
los cuadernos será muy frío todavía,los cuadernos serán muy fríos todavía
"En la tarde siempre que es sabado, me pongo el abrigo.","En la tarde siempre que es sábado, me pongo el abrigo."
los arboles estuvieron roto ayer,los árboles estuvieron rotos ayer
mi amigo que compre sera bonito otra vez,mi amigo que compré será bonito otra vez
las calles que trajo mi mamá fueron tan bonita,las calles que trajo mi mamá fueron tan bonitas
Mi hermano vera television si es tarde.,Mi hermano verá televisión si es tarde.
las flores que me regalaron estuvo bonita todavia,las flores que me regalaron estuvieron bonitas todavía
hoy los vecinos hicieron ruido mientras los ninos jugaban en el patio,hoy los vecinos hicieron ruido mientras los niños jugaban en el patio
la nina de mi tia es tan grande,la niña de mi tía es tan grande
"Esta tarde apenas estes mejor, te llamo.","Esta tarde apenas estés mejor, te llamo."
mi mama prepara el cafe mientras mi mama cocina,mi mamá prepara el café mientras mi mamá cocina
"hoy cuando crezco, empezaremos a comer","hoy cuando crezca, empezaremos a comer"
"en la tarde como los ninos juegan en el patio, los vecinos hacen ruido","en la tarde como los niños juegan en el patio, los vecinos hacen ruido"
las mesas que compré es muy llenas hoy,las mesas que compré son muy llenas hoy
El plato que trajo mi mama sera muy vacio ayer.,El plato que trajo mi mamá será muy vacío ayer.
en la tarde mi mama preparo el cafe mientras salimos del colegio,en la tarde mi mamá preparó el café mientras salimos del colegio
Las casas del jardín parecían bastante limpia ayer.,Las casas del jardín parecían bastante limpias ayer.
"esta semana mientras habia sol, mi mama preparo el cafe","esta semana mientras había sol, mi mamá preparó el café"
las flores estara rica,las flores estarán ricas
yo me quede en casa cuando era tarde,yo me quedé en casa cuando era tarde
"si estamos cansados, mi mama estara feliz","si estamos cansados, mi mamá estará feliz"
me parece que mi mama toma te por la tarde,me parece que mi mamá toma té por la tarde
"Esta semana como mi papa trabajo, no pudimos salir.","Esta semana como mi papá trabajó, no pudimos salir."
mama dice que el te dijo la verdad,mamá dice que él te dijo la verdad
"en la tarde cuando mi papa trabaja, mi papa esta feliz","en la tarde cuando mi papá trabaja, mi papá está feliz"
"apenas estabamos cansados, mi mama preparo el cafe","apenas estábamos cansados, mi mamá preparó el café"
el sabado jugare con mis amigos ya que sera tarde,el sábado jugaré con mis amigos ya que será tarde
las calles están bonita todavía,las calles están bonitas todavía
los árboles de mi tía fue caro,los árboles de mi tía fueron caros
El perro quedo bastante mojado.,El perro quedó bastante mojado.
Siempre me duele la cabeza cuando mi mama cocina.,Siempre me duele la cabeza cuando mi mamá cocina.
"esta semana si salimos del colegio, el perro dormira en el sofa","esta semana si salimos del colegio, el perro dormirá en el sofá"
mis primos que trajo mi mamá serán tan limpio,mis primos que trajo mi mamá serán tan limpios
"todos los dias cuando hay sol, estoy tranquilo","todos los días cuando hay sol, estoy tranquilo"
Los árboles que vimos el sábado fue muy vacío hoy.,Los árboles que vimos el sábado fueron muy vacíos hoy.
los zapatos que trajo mi mamá estuvo limpio hoy,los zapatos que trajo mi mamá estuvieron limpios hoy
mi hermano vera television porque llegare tarde,mi hermano verá televisión porque llegaré tarde
el libro del jardin sera demasiado frio todavia,el libro del jardín será demasiado frío todavía
estoy seguro de que el te cuida bien,estoy seguro de que él te cuida bien
las ventanas estara dificiles hoy,las ventanas estarán difíciles hoy
Los niños de la cocina estará muy feliz esta mañana.,Los niños de la cocina estarán muy felices esta mañana.
mis hermanas que compré está vieja,mis hermanas que compré están viejas
Los platos está vacíos esta mañana.,Los platos están vacíos esta mañana.
esta tarde vendre a verte en cuanto llegues a casa,esta tarde vendré a verte en cuanto llegues a casa
"los sabados cuando mi mama cocina, veo television","los sábados cuando mi mamá cocina, veo televisión"
los árboles que compré estuvieron demasiado viejo otra vez,los árboles que compré estuvieron demasiado viejos otra vez
"cada vez que juego futbol, mi mama prepara el cafe","cada vez que juego fútbol, mi mamá prepara el café"
"aunque todos estaran aqui, ella leera un libro","aunque todos estarán aquí, ella leerá un libro"
Creo que el te esta en la mesa.,Creo que el té está en la mesa.
mi mama esta tranquila mientras tu no quieres,mi mamá está tranquila mientras tú no quieres
Los sabados tomo te con leche cada vez que estoy cansado.,Los sábados tomo té con leche cada vez que estoy cansado.
"como nevo en la sierra, el perro durmio en el sofa","como nevó en la sierra, el perro durmió en el sofá"
"hasta que venimos del parque, esperame","hasta que vengamos del parque, espérame"
"el sabado hasta que vengas a mi casa, esperame","el sábado hasta que vengas a mi casa, espérame"
los árboles que vimos el sábado estaba tan roto,los árboles que vimos el sábado estaban tan rotos
El sabado todos comeran juntos porque mis amigos vendran.,El sábado todos comerán juntos porque mis amigos vendrán.
"Esta tarde cuando llegamos al colegio, mi mamá estará feliz.","Esta tarde cuando lleguemos al colegio, mi mamá estará feliz."
las ventanas que trajo mi mama parece bastante facil otra vez,las ventanas que trajo mi mamá parecen bastante fáciles otra vez
mas tarde te llamare cuando salga del colegio,más tarde te llamaré cuando salga del colegio
no se si ese te esta amargo,no sé si ese té está amargo
Las mesas que trajo mi mamá estará llena ayer.,Las mesas que trajo mi mamá estarán llenas ayer.
"Apenas haces la cama, podrás salir.","Apenas hagas la cama, podrás salir."
los niños estaba muy tranquilo todavía,los niños estaban muy tranquilos todavía
las tareas está demasiado rica otra vez,las tareas están demasiado ricas otra vez
mis primos de mi tía es listo,mis primos de mi tía son listos
"esta semana porque vendras temprano, el perro dormira en el sofa","esta semana porque vendrás temprano, el perro dormirá en el sofá"
mis hermanas que me regalaron quedaron contenta otra vez,mis hermanas que me regalaron quedaron contentas otra vez
"apenas ella estaba enferma, mi mama estaba tranquila","apenas ella estaba enferma, mi mamá estaba tranquila"
El sabado el perro duerme en el sofa ya que hace calor.,El sábado el perro duerme en el sofá ya que hace calor.
"hoy apenas estas mejor, te lo dire","hoy apenas estés mejor, te lo diré"
los ninos que compre estuvo demasiado mojado,los niños que compré estuvieron demasiado mojados
"hoy apenas nevo en la sierra, todos comieron juntos","hoy apenas nevó en la sierra, todos comieron juntos"
el cuaderno de la cocina parece tan frio todavia,el cuaderno de la cocina parece tan frío todavía
las tareas parecia bastante sucia ayer,las tareas parecían bastante sucias ayer
todos los dias nos quedamos en casa cada vez que es sabado,todos los días nos quedamos en casa cada vez que es sábado
"Aunque esta oscuro, salgo a caminar.","Aunque está oscuro, salgo a caminar."
"cuando estudiaste mucho, los ninos jugaron en el patio","cuando estudiaste mucho, los niños jugaron en el patio"
"apenas hacemos la compra, te lo diré","apenas hagamos la compra, te lo diré"
los zapatos que vi ayer fueron lleno otra vez,los zapatos que vi ayer fueron llenos otra vez
"los sabados apenas tengo tiempo, me pongo contento","los sábados apenas tengo tiempo, me pongo contento"
Mama dice que el te mira.,Mamá dice que él te mira.
"como el profesor explica la leccion, mi hermano ve television","como el profesor explica la lección, mi hermano ve televisión"
"Hoy porque nevara en la sierra, mi mama preparara el cafe.","Hoy porque nevará en la sierra, mi mamá preparará el café."
los cuartos del jardín parecía bastante bonitos,los cuartos del jardín parecían bastante bonitos
"cuando tengamos dinero, llamame","cuando tengamos dinero, llámame"
"en la tarde como no hubo clases, mi papa estaba feliz","en la tarde como no hubo clases, mi papá estaba feliz"
los arboles que vi ayer estara pequeno otra vez,los árboles que vi ayer estarán pequeños otra vez
Manana mi hermano vera television aunque mi papa trabajara.,Mañana mi hermano verá televisión aunque mi papá trabajará.
Manana empezaremos a comer cuando empiece las clases.,Mañana empezaremos a comer cuando empiece las clases.
"cada vez que es sabado, me lavo las manos","cada vez que es sábado, me lavo las manos"
"esta semana cuando el profesor explico la leccion, yo estudie","esta semana cuando el profesor explicó la lección, yo estudié"
"Manana si no hay clases, tomaremos te.","Mañana si no hay clases, tomaremos té."
Los libros fue demasiado pequeño esta mañana.,Los libros fueron demasiado pequeños esta mañana.
los cuartos que compré quedó bastante grandes esta mañana,los cuartos que compré quedaron bastante grandes esta mañana
"Apenas tu no querias, todos comieron juntos.","Apenas tú no querías, todos comieron juntos."
Ayer yo estudie aunque no tenia dinero.,Ayer yo estudié aunque no tenía dinero.
Hoy salgo a caminar si mi papa trabaja.,Hoy salgo a caminar si mi papá trabaja.
Los niños de mi tía está muy pequeño.,Los niños de mi tía están muy pequeños.
Las mesas que me regalaron estará tan llenas todavía.,Las mesas que me regalaron estarán tan llenas todavía.
"aunque terminare la tarea, sacare buena nota","aunque terminaré la tarea, sacaré buena nota"
Las flores del jardín es bastante ordenadas ayer.,Las flores del jardín son bastante ordenadas ayer.
"hoy cuando este listo, mi mama estara feliz","hoy cuando esté listo, mi mamá estará feliz"
mi primo sera muy grande todavia,mi primo será muy grande todavía
"En cuanto veas la pelicula, escribeme.","En cuanto veas la película, escríbeme."
"hoy cuando tenemos dinero, podrás salir","hoy cuando tengamos dinero, podrás salir"
"En la tarde porque hara frio, el perro dormira en el sofa.","En la tarde porque hará frío, el perro dormirá en el sofá."
"Ayer como los ninos jugaban en el patio, mi mama estaba tranquila.","Ayer como los niños jugaban en el patio, mi mamá estaba tranquila."
Los perros estaba tan mojados todavía.,Los perros estaban tan mojados todavía.
el sabado descansare en cuanto tengas un rato,el sábado descansaré en cuanto tengas un rato
"Todos los dias cuando llego al colegio, hago la tarea.","Todos los días cuando llego al colegio, hago la tarea."
los zapatos que vimos el sábado quedó mojado todavía,los zapatos que vimos el sábado quedaron mojados todavía
los zapatos quedaron ordenado todavia,los zapatos quedaron ordenados todavía
"el sabado mientras todos estan aqui, yo estudio","el sábado mientras todos están aquí, yo estudio"
"siempre apenas hace frio, mi papa esta feliz","siempre apenas hace frío, mi papá está feliz"
los platos es sucio ayer,los platos son sucios ayer
"hoy aunque mi mama cocinara, no podremos salir","hoy aunque mi mamá cocinará, no podremos salir"
ella leera un libro aunque hara calor,ella leerá un libro aunque hará calor
mis primos de la escuela está listo,mis primos de la escuela están listos
las flores están demasiado pequeña todavía,las flores están demasiado pequeñas todavía
"el sabado si mis amigos vienen, ella leera un libro","el sábado si mis amigos vienen, ella leerá un libro"
"El sabado si el bebe duerme, mi abuela cose.","El sábado si el bebé duerme, mi abuela cose."
"mañana cuando puedes, me acostaré","mañana cuando puedas, me acostaré"
Jugare con mis amigos aunque hay sol.,Jugaré con mis amigos aunque hay sol.
el perro durmio en el sofa aunque me dolia la cabeza,el perro durmió en el sofá aunque me dolía la cabeza
manana todos comeran juntos si mi mama cocina,mañana todos comerán juntos si mi mamá cocina
Las flores que compré estarán demasiado sucia.,Las flores que compré estarán demasiado sucias.
"manana si los ninos juegan en el patio, jugare con mis amigos","mañana si los niños juegan en el patio, jugaré con mis amigos"
Los niños fueron muy feliz ayer.,Los niños fueron muy felices ayer.
casi siempre como fruta cuando hace frio,casi siempre como fruta cuando hace frío
los platos del jardín parecían demasiado viejo,los platos del jardín parecían demasiado viejos
la ventana que compre esta bastante rica,la ventana que compré está bastante rica
"Ayer apenas el profesor explico la leccion, yo hice la tarea.","Ayer apenas el profesor explicó la lección, yo hice la tarea."
mis primos quedo tan viejo hoy,mis primos quedaron tan viejos hoy
Mis amigos de la escuela parece bastante listo.,Mis amigos de la escuela parecen bastante listos.
las casas de la cocina estuvo tan pequenas,las casas de la cocina estuvieron tan pequeñas
"Cuando me levanto, tomo te con leche.","Cuando me levanto, tomo té con leche."
mi amigo quedo limpio,mi amigo quedó limpio
"esta tarde apenas empiece las clases, veremos la pelicula","esta tarde apenas empiece las clases, veremos la película"
mis hermanas que me regalaron era muy contenta esta mañana,mis hermanas que me regalaron eran muy contentas esta mañana
Las mesas que trajo mi mamá estará fría.,Las mesas que trajo mi mamá estarán frías.
"ayer cuando era tarde, yo estudie","ayer cuando era tarde, yo estudié"
"en la tarde como el bus llego tarde, mi papa estaba feliz","en la tarde como el bus llegó tarde, mi papá estaba feliz"
"Apenas volvemos a casa, te lo contaré.","Apenas volvamos a casa, te lo contaré."
los platos de la cocina parecen facil,los platos de la cocina parecen fáciles
mis primos estará muy viejo,mis primos estarán muy viejos
en la tarde veo television cuando mi mama cocina,en la tarde veo televisión cuando mi mamá cocina
"en la tarde ya que no tengo dinero, mi mama prepara el cafe","en la tarde ya que no tengo dinero, mi mamá prepara el café"
Los ninos jugaran en el patio si mi papa trabaja.,Los niños jugarán en el patio si mi papá trabaja.
te lo contare apenas estoy listo,te lo contaré apenas esté listo
todos los dias como fruta cuando hay sol,todos los días como fruta cuando hay sol
los árboles de la cocina parecía rico todavía,los árboles de la cocina parecían ricos todavía
"Cuando hace frio, salgo a caminar.","Cuando hace frío, salgo a caminar."
los cuadernos de mi tia fue bastante lleno,los cuadernos de mi tía fueron bastante llenos
"Esta semana apenas salimos del colegio, yo me quede en casa.","Esta semana apenas salimos del colegio, yo me quedé en casa."
"El sabado cuando hagas la cama, nos vamos.","El sábado cuando hagas la cama, nos vamos."
"hoy ya que los ninos jugaban en el patio, no pudimos salir","hoy ya que los niños jugaban en el patio, no pudimos salir"
"mas tarde cuando vuelvas de viaje, hare la cena","más tarde cuando vuelvas de viaje, haré la cena"
"apenas mi mama cocina, mi papa esta feliz","apenas mi mamá cocina, mi papá está feliz"
mis hermanas que me regalaron quedó grande,mis hermanas que me regalaron quedaron grandes
"ayer apenas termine la tarea, mi papa estaba feliz","ayer apenas terminé la tarea, mi papá estaba feliz"
las ventanas del jardin fueron mojada,las ventanas del jardín fueron mojadas
las calles que compré era bastante nueva hoy,las calles que compré eran bastante nuevas hoy
"manana en cuanto empiece las clases, te llamo","mañana en cuanto empiece las clases, te llamo"
"casi siempre cuando juego futbol, tomo te con leche","casi siempre cuando juego fútbol, tomo té con leche"
Mi mama esta tranquila mientras mi papa trabaja.,Mi mamá está tranquila mientras mi papá trabaja.
todos comen juntos ya que tu no quieres,todos comen juntos ya que tú no quieres
Pregunta si el te ya esta servido.,Pregunta si el té ya está servido.
Los libros que me regalaron estaba muy difíciles ayer.,Los libros que me regalaron estaban muy difíciles ayer.
"los sabados apenas vamos al parque, me pongo el abrigo","los sábados apenas vamos al parque, me pongo el abrigo"
hoy yo me quede en casa cuando estabamos cansados,hoy yo me quedé en casa cuando estábamos cansados
en la tarde yo estudio ya que el profesor explica la leccion,en la tarde yo estudio ya que el profesor explica la lección
"el sabado cuando era tarde, todos comieron juntos","el sábado cuando era tarde, todos comieron juntos"
"Como termino la tarea, el perro duerme en el sofa.","Como termino la tarea, el perro duerme en el sofá."
"Ya que nevo en la sierra, yo hice la tarea.","Ya que nevó en la sierra, yo hice la tarea."
"siempre cada vez que salgo del colegio, ayudo a mi mama","siempre cada vez que salgo del colegio, ayudo a mi mamá"
las flores que me regalaron era bastante rota,las flores que me regalaron eran bastante rotas
mi mama esta tranquila mientras ella esta enferma,mi mamá está tranquila mientras ella está enferma
"esta semana cuando llueve mucho, mi papa esta feliz","esta semana cuando llueve mucho, mi papá está feliz"
"Mañana cuando empiezo las clases, podrás salir.","Mañana cuando empiece las clases, podrás salir."
los sabados hago la tarea cuando llego a casa,los sábados hago la tarea cuando llego a casa
"el sabado cuando estoy listo, descansare","el sábado cuando esté listo, descansaré"
"manana cuando salimos de casa, escribeme","mañana cuando salgamos de casa, escríbeme"
"hoy cuando estoy listo, mi mama estara feliz","hoy cuando esté listo, mi mamá estará feliz"
las calles esta demasiado rica otra vez,las calles están demasiado ricas otra vez
"siempre que es sabado, descanso un rato","siempre que es sábado, descanso un rato"
la ventana estara bastante facil ayer,la ventana estará bastante fácil ayer
el perro duerme en el sofa mientras me duele la cabeza,el perro duerme en el sofá mientras me duele la cabeza
"Esta semana cuando ella esta enferma, ella lee un libro.","Esta semana cuando ella está enferma, ella lee un libro."
Las mesas era muy rota hoy.,Las mesas eran muy rotas hoy.
los platos que vimos el sabado sera tan frio otra vez,los platos que vimos el sábado serán tan fríos otra vez
mis primos de la cocina estaba tranquilo esta manana,mis primos de la cocina estaban tranquilos esta mañana
"como el bebe duerme, tomamos te","como el bebé duerme, tomamos té"
los libros que trajo mi mamá fue bastante bonito,los libros que trajo mi mamá fueron bastante bonitos
los libros de la cocina quedó tan bonito ayer,los libros de la cocina quedaron tan bonitos ayer
"esta semana cuando mi mama cocina, nos quedamos en casa","esta semana cuando mi mamá cocina, nos quedamos en casa"
"hoy ya que mi papa trabajo, mi mama estaba tranquila","hoy ya que mi papá trabajó, mi mamá estaba tranquila"
"cada vez que llego a casa, tomo te con leche","cada vez que llego a casa, tomo té con leche"
"Como el bus llega tarde, mi mama esta tranquila.","Como el bus llega tarde, mi mamá está tranquila."
el sabado podras salir cuando vea a mi abuela,el sábado podrás salir cuando vea a mi abuela
Los libros que trajo mi mamá era muy grande.,Los libros que trajo mi mamá eran muy grandes.
el sabado yo hago la tarea si el bebe duerme,el sábado yo hago la tarea si el bebé duerme
las niñas que compré fue bastante pequeña esta mañana,las niñas que compré fueron bastante pequeñas esta mañana
los sabados ayudo a mi mama siempre que mi mama cocina,los sábados ayudo a mi mamá siempre que mi mamá cocina
el perro parecia bastante bonito otra vez,el perro parecía bastante bonito otra vez
"casi siempre siempre que leo un libro, tomo te con leche","casi siempre siempre que leo un libro, tomo té con leche"
"ya que mi hermana canto, los ninos jugaron en el patio","ya que mi hermana cantó, los niños jugaron en el patio"
los cuadernos serán muy vacío otra vez,los cuadernos serán muy vacíos otra vez
todos los dias me lavo las manos cuando leo un libro,todos los días me lavo las manos cuando leo un libro
"apenas el bus llego tarde, yo hice la tarea","apenas el bus llegó tarde, yo hice la tarea"
la mesa era demasiado vacia ayer,la mesa era demasiado vacía ayer
parece que el te espera afuera,parece que él te espera afuera
los zapatos parece muy limpio esta mañana,los zapatos parecen muy limpios esta mañana
el nino de la cocina era bastante feliz todavia,el niño de la cocina era bastante feliz todavía
"Cuando estudiaste mucho, sali a caminar.","Cuando estudiaste mucho, salí a caminar."
el sabado yo hice la tarea aunque mi mama cocino,el sábado yo hice la tarea aunque mi mamá cocinó
la flor que trajo mi mama es muy vieja otra vez,la flor que trajo mi mamá es muy vieja otra vez
"en la tarde ya que vienes temprano, mi hermano ve television","en la tarde ya que vienes temprano, mi hermano ve televisión"
Siempre nos quedamos en casa cuando hace frio.,Siempre nos quedamos en casa cuando hace frío.
"esta tarde cuando estes mejor, vamos a jugar","esta tarde cuando estés mejor, vamos a jugar"
"cada vez que juego futbol, mi perro se pone feliz","cada vez que juego fútbol, mi perro se pone feliz"
"hoy apenas hacia frio, mi papa estaba feliz","hoy apenas hacía frío, mi papá estaba feliz"
"Cuando estes mejor, me acostare.","Cuando estés mejor, me acostaré."
mi mama estaba tranquila porque mis amigos vinieron,mi mamá estaba tranquila porque mis amigos vinieron
El sabado yo me quede en casa mientras todos estaban alli.,El sábado yo me quedé en casa mientras todos estaban allí.
mis hermanas del jardin parece tan cansada,mis hermanas del jardín parecen tan cansadas
"hoy mientras el perro ladro, mi mama preparo el cafe","hoy mientras el perro ladró, mi mamá preparó el café"
ella leyo un libro aunque el profesor explico la leccion,ella leyó un libro aunque el profesor explicó la lección
"Como estudias mucho, los ninos juegan en el patio.","Como estudias mucho, los niños juegan en el patio."
"hasta que sales de clase, no te vayas","hasta que salgas de clase, no te vayas"
tomaremos te aunque todos estan aqui,tomaremos té aunque todos están aquí
"cuando tienes un rato, iré al parque","cuando tengas un rato, iré al parque"
"Hoy cuando mis amigos vinieron, ella leyo un libro.","Hoy cuando mis amigos vinieron, ella leyó un libro."
hoy no podras salir hasta que podamos,hoy no podrás salir hasta que podamos
mis primos del jardin quedo demasiado sucio otra vez,mis primos del jardín quedaron demasiado sucios otra vez
"ya que no tendre dinero, iremos al parque","ya que no tendré dinero, iremos al parque"
mis amigos que me regalaron estara grande esta manana,mis amigos que me regalaron estarán grandes esta mañana
"Apenas tuve tiempo, yo estudie.","Apenas tuve tiempo, yo estudié."
hoy el perro dormira en el sofa porque hara frio,hoy el perro dormirá en el sofá porque hará frío
"porque habia sol, no pudimos salir","porque había sol, no pudimos salir"
"esta tarde cuando salga del colegio, descansare","esta tarde cuando salga del colegio, descansaré"
Las manzanas que vimos el sábado estuvo demasiado bonitas hoy.,Las manzanas que vimos el sábado estuvieron demasiado bonitas hoy.
las manzanas fue bonitas otra vez,las manzanas fueron bonitas otra vez
"manana aunque saldremos del colegio, mi hermano vera television","mañana aunque saldremos del colegio, mi hermano verá televisión"
sali a caminar aunque estaba oscuro,salí a caminar aunque estaba oscuro
"hasta que terminemos el examen, esperaremos aqui","hasta que terminemos el examen, esperaremos aquí"
"hoy apenas tu no querias, sali a caminar","hoy apenas tú no querías, salí a caminar"
"si hace frio, mi mama esta tranquila","si hace frío, mi mamá está tranquila"
"los sabados cada vez que salgo del colegio, hago la tarea","los sábados cada vez que salgo del colegio, hago la tarea"
La mesa del jardin sera dificil ayer.,La mesa del jardín será difícil ayer.
"cuando empieces a estudiar, vendre a verte","cuando empieces a estudiar, vendré a verte"
las calles quedo bastante fria,las calles quedaron bastante frías
"esta tarde hasta que llegues a casa, me quedo aqui","esta tarde hasta que llegues a casa, me quedo aquí"
"cuando haga la tarea, escribeme","cuando haga la tarea, escríbeme"
los libros de la escuela es vacío,los libros de la escuela son vacíos
esta tarde hare la cena cuando terminemos el examen,esta tarde haré la cena cuando terminemos el examen
"todos los dias cada vez que termino la tarea, estoy tranquilo","todos los días cada vez que termino la tarea, estoy tranquilo"
"Hoy ya que llegue a casa, yo estudie.","Hoy ya que llegué a casa, yo estudié."
"Si el perro ladra, tomaremos te.","Si el perro ladra, tomaremos té."
"cuando llueve mucho, mi mama prepara el cafe","cuando llueve mucho, mi mamá prepara el café"
los árboles que compré era muy ordenado todavía,los árboles que compré eran muy ordenados todavía
te llamare cuando vuelvas de viaje,te llamaré cuando vuelvas de viaje
Las mesas es muy difíciles ayer.,Las mesas son muy difíciles ayer.
"porque yo cocine, yo estudie","porque yo cociné, yo estudié"
"en la tarde aunque terminare la tarea, mi mama preparara el cafe","en la tarde aunque terminaré la tarea, mi mamá preparará el café"
"los sabados siempre que leo un libro, mi papa esta feliz","los sábados siempre que leo un libro, mi papá está feliz"
"el sabado apenas termine la tarea, sali a caminar","el sábado apenas terminé la tarea, salí a caminar"
los cuadernos que compré estuvo muy viejo,los cuadernos que compré estuvieron muy viejos
Manana nos quedaremos en casa si estudias mucho.,Mañana nos quedaremos en casa si estudias mucho.
"Ya que tu no quieres, tomamos te.","Ya que tú no quieres, tomamos té."
mi primo que vi ayer estaba contento esta manana,mi primo que vi ayer estaba contento esta mañana
"El sabado si hace frio, mi hermano ve television.","El sábado si hace frío, mi hermano ve televisión."
mis primos de la escuela estaban pequeno todavia,mis primos de la escuela estaban pequeños todavía
hoy escríbeme apenas haces la cama,hoy escríbeme apenas hagas la cama
las calles que vi ayer estará bastante fáciles hoy,las calles que vi ayer estarán bastante fáciles hoy
"en la tarde porque el bebe dormia, no pudimos salir","en la tarde porque el bebé dormía, no pudimos salir"
"apenas habia sol, mi papa estaba feliz","apenas había sol, mi papá estaba feliz"
"Cada vez que termino la tarea, tomo te con leche.","Cada vez que termino la tarea, tomo té con leche."
Los cuartos que vi ayer fueron pequeño todavía.,Los cuartos que vi ayer fueron pequeños todavía.
los cuartos que vi ayer parecian tan viejo otra vez,los cuartos que vi ayer parecían tan viejos otra vez
"manana hasta que tenga tiempo, no podras salir","mañana hasta que tenga tiempo, no podrás salir"
las tareas era muy fría,las tareas eran muy frías
"porque el profesor explico la leccion, yo estudie","porque el profesor explicó la lección, yo estudié"
en la tarde mi papa esta feliz aunque hace frio,en la tarde mi papá está feliz aunque hace frío
"esta semana ya que estudiaras mucho, yo hare la tarea","esta semana ya que estudiarás mucho, yo haré la tarea"
La casa que trajo mi mama parecia muy dificil otra vez.,La casa que trajo mi mamá parecía muy difícil otra vez.
pregunta si el te esta muy dulce,pregunta si el té está muy dulce
Me parece que el te esta listo.,Me parece que el té está listo.
El sábado descansaré en cuanto tienes un rato.,El sábado descansaré en cuanto tengas un rato.
mis amigos del jardín estaba tan listo ayer,mis amigos del jardín estaban tan listos ayer
"Hoy ya que mis amigos vendran, mi mama preparara el cafe.","Hoy ya que mis amigos vendrán, mi mamá preparará el café."
mi primo que trajo mi mama era tan listo esta manana,mi primo que trajo mi mamá era tan listo esta mañana
se que el te presta el libro,sé que él te presta el libro
"el sabado porque ella esta enferma, ella lee un libro","el sábado porque ella está enferma, ella lee un libro"
"en cuanto puedo, hare la cena","en cuanto pueda, haré la cena"
creo que el te esta muy rico,creo que el té está muy rico
"aunque mi hermana cantara, los ninos jugaran en el patio","aunque mi hermana cantará, los niños jugarán en el patio"
los gatos de la cocina sera demasiado feliz ayer,los gatos de la cocina serán demasiado felices ayer
hoy me acostaré en cuanto estás mejor,hoy me acostaré en cuanto estés mejor
"apenas mi mama cocino, yo hice la tarea","apenas mi mamá cocinó, yo hice la tarea"
las mesas que vimos el sabado era tan rica todavia,las mesas que vimos el sábado eran tan ricas todavía
Las mesas parecía fría.,Las mesas parecían frías.
"Como estamos cansados, mi hermano ve television.","Como estamos cansados, mi hermano ve televisión."
"Siempre apenas hace frio, me pongo el abrigo.","Siempre apenas hace frío, me pongo el abrigo."
"Hoy ya que tu no quieres, ella lee un libro.","Hoy ya que tú no quieres, ella lee un libro."
los cuadernos del jardín estaban tan lleno otra vez,los cuadernos del jardín estaban tan llenos otra vez
las flores que me regalaron era bastante pequeña,las flores que me regalaron eran bastante pequeñas
"apenas el perro ladro, nos quedamos en casa","apenas el perro ladró, nos quedamos en casa"
los perros de la escuela quedo demasiado cansado,los perros de la escuela quedaron demasiado cansados
"en la tarde apenas los ninos jugaban en el patio, mi abuela cosio","en la tarde apenas los niños jugaban en el patio, mi abuela cosió"
el plato esta mojado,el plato está mojado
estoy seguro de que el te dijo la verdad,estoy seguro de que él te dijo la verdad
"porque el bebe duerme, yo me quedo en casa","porque el bebé duerme, yo me quedo en casa"
"Cuando el bus llego tarde, mi papa estaba feliz.","Cuando el bus llegó tarde, mi papá estaba feliz."
"como ella estaba enferma, tomamos te","como ella estaba enferma, tomamos té"
"en la tarde cuando es sabado, mi perro se pone feliz","en la tarde cuando es sábado, mi perro se pone feliz"
"Aunque tengo tiempo, todos comeran juntos.","Aunque tengo tiempo, todos comerán juntos."
mañana iré al parque cuando vengo de la escuela,mañana iré al parque cuando venga de la escuela
los perros que compre es demasiado contento,los perros que compré son demasiado contentos
"Esta semana porque estaremos cansados, mi mama estara feliz.","Esta semana porque estaremos cansados, mi mamá estará feliz."
los libros que trajo mi mamá era bastante frío otra vez,los libros que trajo mi mamá eran bastante fríos otra vez
los niños que vi ayer parecía demasiado limpios esta mañana,los niños que vi ayer parecían demasiado limpios esta mañana
Los gatos estuvieron bastante bonito esta mañana.,Los gatos estuvieron bastante bonitos esta mañana.
La tarea de la escuela sera demasiado rica.,La tarea de la escuela será demasiado rica.
"Mientras hace calor, mi papa esta feliz.","Mientras hace calor, mi papá está feliz."
"Aunque nieva en la sierra, mi papa esta feliz.","Aunque nieva en la sierra, mi papá está feliz."
los arboles que compre fue faciles esta manana,los árboles que compré fueron fáciles esta mañana
"porque esta oscuro, el perro duerme en el sofa","porque está oscuro, el perro duerme en el sofá"
el sábado jugaré con mis amigos cuando hago la tarea,el sábado jugaré con mis amigos cuando haga la tarea
"Mientras termine la tarea, mi papa estaba feliz.","Mientras terminé la tarea, mi papá estaba feliz."
los ninos que compre parecia demasiado pequeno ayer,los niños que compré parecían demasiado pequeños ayer
"hoy apenas estudiaste mucho, mi papa estaba feliz","hoy apenas estudiaste mucho, mi papá estaba feliz"
"en la tarde ya que llegue a casa, mi mama estaba tranquila","en la tarde ya que llegué a casa, mi mamá estaba tranquila"
manana saldremos a pasear cuando estas mejor,mañana saldremos a pasear cuando estés mejor
"en cuanto estemos en casa, llamame","en cuanto estemos en casa, llámame"
"mientras el perro ladro, yo me quede en casa","mientras el perro ladró, yo me quedé en casa"
los perros que me regalaron parece tan listos todavia,los perros que me regalaron parecen tan listos todavía
el gato de la escuela es bastante feliz esta manana,el gato de la escuela es bastante feliz esta mañana
"En cuanto salimos de casa, comeremos juntos.","En cuanto salgamos de casa, comeremos juntos."
"ya que tendre tiempo, mi papa estara feliz","ya que tendré tiempo, mi papá estará feliz"
"Hoy apenas estes mejor, te lo dire.","Hoy apenas estés mejor, te lo diré."
en la tarde mi mama preparara el cafe aunque vendras temprano,en la tarde mi mamá preparará el café aunque vendrás temprano
los zapatos que vimos el sábado estuvo pequeño otra vez,los zapatos que vimos el sábado estuvieron pequeños otra vez
todos los dias hago la tarea siempre que tengo tiempo,todos los días hago la tarea siempre que tengo tiempo
el sabado mi papa estaba feliz ya que mi mama cocino,el sábado mi papá estaba feliz ya que mi mamá cocinó
manana no como hasta que llegues a casa,mañana no como hasta que llegues a casa
"porque termine la tarea, todos comieron juntos","porque terminé la tarea, todos comieron juntos"
Los niños de mi tía estarán muy bonito.,Los niños de mi tía estarán muy bonitos.
mis hermanas que vimos el sábado fue bastante vieja hoy,mis hermanas que vimos el sábado fueron bastante viejas hoy
"esta semana mientras todos estan aqui, mi papa esta feliz","esta semana mientras todos están aquí, mi papá está feliz"
"Mientras estaba oscuro, el perro durmio en el sofa.","Mientras estaba oscuro, el perro durmió en el sofá."
Iremos al parque si los ninos juegan en el patio.,Iremos al parque si los niños juegan en el patio.
"en la tarde apenas salimos del colegio, los ninos jugaron en el patio","en la tarde apenas salimos del colegio, los niños jugaron en el patio"
más tarde te lo contaré apenas volvemos a casa,más tarde te lo contaré apenas volvamos a casa
"mas tarde hasta que salgamos de casa, seguire estudiando","más tarde hasta que salgamos de casa, seguiré estudiando"
las calles de la escuela parece muy bonita todavia,las calles de la escuela parecen muy bonitas todavía
esta semana mi mama esta tranquila si nieva en la sierra,esta semana mi mamá está tranquila si nieva en la sierra
mi papa esta feliz si es tarde,mi papá está feliz si es tarde
"Mañana cuando salimos de casa, descansaré.","Mañana cuando salgamos de casa, descansaré."
"todos los dias apenas llueve, me acuesto temprano","todos los días apenas llueve, me acuesto temprano"
"hoy mientras hacia calor, no pudimos salir","hoy mientras hacía calor, no pudimos salir"
"el sabado ya que nevo en la sierra, el perro durmio en el sofa","el sábado ya que nevó en la sierra, el perro durmió en el sofá"
mi abuela cosio aunque el bebe dormia,mi abuela cosió aunque el bebé dormía
la flor que vimos el sabado era nueva,la flor que vimos el sábado era nueva
los gatos que vi ayer estuvo feliz,los gatos que vi ayer estuvieron felices
sali a caminar apenas el bus llego tarde,salí a caminar apenas el bus llegó tarde
"los sabados apenas es sabado, ayudo a mi mama","los sábados apenas es sábado, ayudo a mi mamá"
el sabado todos comeran juntos ya que no tendre dinero,el sábado todos comerán juntos ya que no tendré dinero
"Como el bebe duerme, los ninos juegan en el patio.","Como el bebé duerme, los niños juegan en el patio."
"Apenas mi mama cocino, todos comieron juntos.","Apenas mi mamá cocinó, todos comieron juntos."
los vecinos hicieron ruido apenas me dolia la cabeza,los vecinos hicieron ruido apenas me dolía la cabeza
"ya que los ninos juegan en el patio, yo me quedo en casa","ya que los niños juegan en el patio, yo me quedo en casa"
"como es tarde, tomamos te","como es tarde, tomamos té"
"Cuando empiezas a estudiar, me acostaré.","Cuando empieces a estudiar, me acostaré."
"hoy porque todos estaban alli, fuimos al parque","hoy porque todos estaban allí, fuimos al parque"
las mesas de mi tía era bastante vacía,las mesas de mi tía eran bastante vacías
las tareas fueron grande otra vez,las tareas fueron grandes otra vez
me parece que ese te esta amargo,me parece que ese té está amargo
los cuartos de la cocina esta bastante facil,los cuartos de la cocina están bastante fáciles
"en la tarde ya que mi papa trabaja, mi abuela cose","en la tarde ya que mi papá trabaja, mi abuela cose"
Mi hermano vera television si esta oscuro.,Mi hermano verá televisión si está oscuro.
"cuando juego futbol, mi perro se pone feliz","cuando juego fútbol, mi perro se pone feliz"
Los libros de la cocina está mojado.,Los libros de la cocina están mojados.
las mesas que trajo mi mama estaran muy grande todavia,las mesas que trajo mi mamá estarán muy grandes todavía
las mesas que me regalaron será muy cara hoy,las mesas que me regalaron serán muy caras hoy
"mas tarde en cuanto vuelva del trabajo, hacemos la tarea","más tarde en cuanto vuelva del trabajo, hacemos la tarea"
"hoy cuando el bebe duerme, salgo a caminar","hoy cuando el bebé duerme, salgo a caminar"
mi mama estaba tranquila mientras hacia frio,mi mamá estaba tranquila mientras hacía frío
"Hoy si me duele la cabeza, yo hare la tarea.","Hoy si me duele la cabeza, yo haré la tarea."
las casas quedó vacía otra vez,las casas quedaron vacías otra vez
las manzanas de la cocina fue bastante vacia,las manzanas de la cocina fueron bastante vacías
las niñas del jardín es lista esta mañana,las niñas del jardín son listas esta mañana
mis amigos parecía muy listo otra vez,mis amigos parecían muy listos otra vez
"apenas mi hermana estudia, mi mama prepara el cafe","apenas mi hermana estudia, mi mamá prepara el café"
"todos los dias cuando estoy cansado, me acuesto temprano","todos los días cuando estoy cansado, me acuesto temprano"
"hoy porque estaremos cansados, todos comeran juntos","hoy porque estaremos cansados, todos comerán juntos"
el te lo explico,él te lo explicó
"Aunque tu no quieres, no podremos salir.","Aunque tú no quieres, no podremos salir."
"manana hasta que vuelva del trabajo, seguire estudiando","mañana hasta que vuelva del trabajo, seguiré estudiando"
"esta semana aunque saldremos del colegio, jugare con mis amigos","esta semana aunque saldremos del colegio, jugaré con mis amigos"
"hoy apenas termino la tarea, empezaremos a comer","hoy apenas termine la tarea, empezaremos a comer"
creo que el te escucha siempre,creo que él te escucha siempre
"Si no tengo dinero, los ninos jugaran en el patio.","Si no tengo dinero, los niños jugarán en el patio."
"esta tarde apenas sea de noche, me acostare","esta tarde apenas sea de noche, me acostaré"
Las niñas que vi ayer es cansada.,Las niñas que vi ayer son cansadas.
"cuando llegas a casa, podrás salir","cuando llegues a casa, podrás salir"
mis hermanas de la cocina parecían tan tranquila otra vez,mis hermanas de la cocina parecían tan tranquilas otra vez
"cuando me duele la cabeza, los ninos juegan en el patio","cuando me duele la cabeza, los niños juegan en el patio"
"En la tarde cuando tengo tiempo, mi mama prepara el cafe.","En la tarde cuando tengo tiempo, mi mamá prepara el café."
"porque hara frio, mi mama estara feliz","porque hará frío, mi mamá estará feliz"
nos quedamos en casa aunque llegue a casa,nos quedamos en casa aunque llegué a casa
la nina que me regalaron estuvo vieja,la niña que me regalaron estuvo vieja
mis amigos de la cocina estaba alegre,mis amigos de la cocina estaban alegres
"hoy si hace frio, no podemos salir","hoy si hace frío, no podemos salir"
mis hermanas del jardín será bastante feliz todavía,mis hermanas del jardín serán bastante felices todavía
"esta semana si no hay clases, yo me quedare en casa","esta semana si no hay clases, yo me quedaré en casa"
hoy me quedo aqui hasta que lleguemos al colegio,hoy me quedo aquí hasta que lleguemos al colegio
los sabados mi mama prepara el cafe cuando llueve,los sábados mi mamá prepara el café cuando llueve
No podemos salir si ella esta enferma.,No podemos salir si ella está enferma.
Las calles de la escuela están tan nueva ayer.,Las calles de la escuela están tan nuevas ayer.
"Cuando hay sol, tomo te con leche.","Cuando hay sol, tomo té con leche."
"en la tarde mientras estaba oscuro, mi mama estaba tranquila","en la tarde mientras estaba oscuro, mi mamá estaba tranquila"
"Como mi mama cocino, los vecinos hicieron ruido.","Como mi mamá cocinó, los vecinos hicieron ruido."
mi perro se pone feliz apenas hace frio,mi perro se pone feliz apenas hace frío
te llamare cuando venimos del parque,te llamaré cuando vengamos del parque
las calles que vimos el sábado fueron demasiado cara todavía,las calles que vimos el sábado fueron demasiado caras todavía
"en la tarde cada vez que hace frio, saludo a mis amigos","en la tarde cada vez que hace frío, saludo a mis amigos"
"Porque tendre tiempo, mi papa estara feliz.","Porque tendré tiempo, mi papá estará feliz."
los cuadernos de mi tía estará bastante nuevo,los cuadernos de mi tía estarán bastante nuevos
"Ya que vendras temprano, no podremos salir.","Ya que vendrás temprano, no podremos salir."
"Aunque no hay clases, los ninos juegan en el patio.","Aunque no hay clases, los niños juegan en el patio."
"cuando veas la pelicula, empezaremos a comer","cuando veas la película, empezaremos a comer"
Tomamos te cuando viniste temprano.,Tomamos té cuando viniste temprano.
los cuadernos de la cocina será demasiado bonito esta mañana,los cuadernos de la cocina serán demasiado bonitos esta mañana
"en la tarde aunque termine la tarea, no pudimos salir","en la tarde aunque terminé la tarea, no pudimos salir"
"si ella esta enferma, mi hermano ve television","si ella está enferma, mi hermano ve televisión"
la calle que vi ayer sera demasiado nueva otra vez,la calle que vi ayer será demasiado nueva otra vez
"manana porque hara frio, iremos a la piscina","mañana porque hará frío, iremos a la piscina"
los sabados tomo te con leche cuando termino la tarea,los sábados tomo té con leche cuando termino la tarea
"Esta semana como hace frio, los vecinos hacen ruido.","Esta semana como hace frío, los vecinos hacen ruido."
"casi siempre apenas hace frio, ella lee un libro","casi siempre apenas hace frío, ella lee un libro"
mis amigos que vi ayer estuvieron mojado todavía,mis amigos que vi ayer estuvieron mojados todavía
"siempre cuando es sabado, hago la tarea","siempre cuando es sábado, hago la tarea"
manana mi mama estara feliz aunque estara oscuro,mañana mi mamá estará feliz aunque estará oscuro
la tarea del jardin estaba bastante facil hoy,la tarea del jardín estaba bastante fácil hoy
El zapato que vimos el sabado esta bastante roto.,El zapato que vimos el sábado está bastante roto.
mis hermanas está grandes hoy,mis hermanas están grandes hoy
"cuando termino la tarea, ayudo a mi mama","cuando termino la tarea, ayudo a mi mamá"
el sabado te avisare en cuanto empiece las clases,el sábado te avisaré en cuanto empiece las clases
"si nieva en la sierra, el perro duerme en el sofa","si nieva en la sierra, el perro duerme en el sofá"
me acostaré en cuanto estamos en casa,me acostaré en cuanto estemos en casa
"mañana en cuanto vuelves de viaje, haré la cena","mañana en cuanto vuelvas de viaje, haré la cena"
"manana cuando este listo, te llamo","mañana cuando esté listo, te llamo"
"el sabado si los ninos juegan en el patio, mi abuela cose","el sábado si los niños juegan en el patio, mi abuela cose"
los cuadernos que vimos el sábado será muy lleno,los cuadernos que vimos el sábado serán muy llenos
"ya que hara calor, tomaremos te","ya que hará calor, tomaremos té"
mis primos era bastante contento ayer,mis primos eran bastante contentos ayer
las casas de la escuela estaba ricas,las casas de la escuela estaban ricas
la ventana que trajo mi mama estara sucia esta manana,la ventana que trajo mi mamá estará sucia esta mañana
"Los sabados siempre que vamos al parque, nos quedamos en casa.","Los sábados siempre que vamos al parque, nos quedamos en casa."
"Como mi hermana canto, mi hermano vio television.","Como mi hermana cantó, mi hermano vio televisión."
"El sabado en cuanto veas la pelicula, te lo contare.","El sábado en cuanto veas la película, te lo contaré."
"mientras el bus llego tarde, yo estudie","mientras el bus llegó tarde, yo estudié"
Mis amigos parecía muy sucios ayer.,Mis amigos parecían muy sucios ayer.
"manana si el perro ladra, ella leera un libro","mañana si el perro ladra, ella leerá un libro"
los platos de la cocina fue tan mojado todavía,los platos de la cocina fueron tan mojados todavía
los sabados salimos a jugar siempre que juego futbol,los sábados salimos a jugar siempre que juego fútbol
mis hermanas que me regalaron es bastante contenta,mis hermanas que me regalaron son bastante contentas
el sabado tomaremos te si estudias mucho,el sábado tomaremos té si estudias mucho
"siempre cuando es sabado, mi mama prepara el cafe","siempre cuando es sábado, mi mamá prepara el café"
"en la tarde si vienes temprano, mi hermano vera television","en la tarde si vienes temprano, mi hermano verá televisión"
"siempre que llueve, veo television","siempre que llueve, veo televisión"
las ventanas que vimos el sábado quedaron demasiado ordenada,las ventanas que vimos el sábado quedaron demasiado ordenadas
las casas de mi tía estaba pequeña ayer,las casas de mi tía estaban pequeñas ayer
el cuarto del jardin quedo bastante lleno esta manana,el cuarto del jardín quedó bastante lleno esta mañana
la calle que vimos el sabado esta demasiado llena ayer,la calle que vimos el sábado está demasiado llena ayer
"Ayer cuando tu no querias, mi mama preparo el cafe.","Ayer cuando tú no querías, mi mamá preparó el café."
veremos la pelicula cuando salgas de clase,veremos la película cuando salgas de clase
las casas que vimos el sábado estuvo fácil otra vez,las casas que vimos el sábado estuvieron fáciles otra vez
manana esperaremos aqui hasta que lleguemos al colegio,mañana esperaremos aquí hasta que lleguemos al colegio
"cuando mi mama cocina, vamos al parque","cuando mi mamá cocina, vamos al parque"
"en la tarde apenas el bus llego tarde, tomamos te","en la tarde apenas el bus llegó tarde, tomamos té"
"casi siempre cuando salgo del colegio, veo television","casi siempre cuando salgo del colegio, veo televisión"
"Si los ninos juegan en el patio, no podremos salir.","Si los niños juegan en el patio, no podremos salir."
los gatos de la escuela parece alegre hoy,los gatos de la escuela parecen alegres hoy
"hoy porque mi mama cocinara, los ninos jugaran en el patio","hoy porque mi mamá cocinará, los niños jugarán en el patio"
hoy escribeme apenas hagas la cama,hoy escríbeme apenas hagas la cama
"hoy cuando nevo en la sierra, sali a caminar","hoy cuando nevó en la sierra, salí a caminar"
las mesas de mi tía está demasiado limpia otra vez,las mesas de mi tía están demasiado limpias otra vez
"apenas mi papa llega del trabajo, me pongo contento","apenas mi papá llega del trabajo, me pongo contento"
"hoy como todos estaban alli, yo me quede en casa","hoy como todos estaban allí, yo me quedé en casa"
"cada vez que mi mama cocina, veo television","cada vez que mi mamá cocina, veo televisión"
Las manzanas de la cocina eran bastante bonita otra vez.,Las manzanas de la cocina eran bastante bonitas otra vez.
el sabado ella leera un libro aunque llegare tarde,el sábado ella leerá un libro aunque llegaré tarde
manana te avisare apenas vengas a mi casa,mañana te avisaré apenas vengas a mi casa
los arboles fue caro todavia,los árboles fueron caros todavía
Los cuartos estaba tan limpio.,Los cuartos estaban tan limpios.
mi primo que vimos el sabado esta demasiado triste hoy,mi primo que vimos el sábado está demasiado triste hoy
los perros del jardin eran sucio hoy,los perros del jardín eran sucios hoy
"el sabado hasta que estemos en casa, no saldre","el sábado hasta que estemos en casa, no saldré"
"aunque llovio mucho, tomamos te","aunque llovió mucho, tomamos té"
El cuarto que vi ayer fue muy pequeno otra vez.,El cuarto que vi ayer fue muy pequeño otra vez.
"Casi siempre cuando mi papa llega del trabajo, saludo a mis amigos.","Casi siempre cuando mi papá llega del trabajo, saludo a mis amigos."
"Hoy apenas tenga tiempo, jugare con mis amigos.","Hoy apenas tenga tiempo, jugaré con mis amigos."
en la tarde jugare con mis amigos aunque el bus llegara tarde,en la tarde jugaré con mis amigos aunque el bus llegará tarde
te avisare cuando pueda,te avisaré cuando pueda
"en la tarde aunque mi mama cocina, mi mama preparara el cafe","en la tarde aunque mi mamá cocina, mi mamá preparará el café"
Las manzanas de la cocina estaba frías todavía.,Las manzanas de la cocina estaban frías todavía.
"ya que el bus llegara tarde, el perro dormira en el sofa","ya que el bus llegará tarde, el perro dormirá en el sofá"
"mientras yo cocine, nos quedamos en casa","mientras yo cociné, nos quedamos en casa"
las calles de la cocina estuvo muy fáciles ayer,las calles de la cocina estuvieron muy fáciles ayer
esperaremos aqui hasta que sales de clase,esperaremos aquí hasta que salgas de clase
todos los dias salimos a jugar cuando tengo hambre,todos los días salimos a jugar cuando tengo hambre
"El sabado cuando llegues a casa, esperame.","El sábado cuando llegues a casa, espérame."
"aunque mis amigos vinieron, mi mama preparo el cafe","aunque mis amigos vinieron, mi mamá preparó el café"
"hasta que estes mejor, me quedo aqui","hasta que estés mejor, me quedo aquí"
en la tarde me duele la cabeza cuando hace frio,en la tarde me duele la cabeza cuando hace frío
en la tarde el perro duerme en el sofa mientras el profesor explica la leccion,en la tarde el perro duerme en el sofá mientras el profesor explica la lección
"el sabado en cuanto crezco, descansare","el sábado en cuanto crezca, descansaré"
"hoy ya que llovio mucho, mi abuela cosio","hoy ya que llovió mucho, mi abuela cosió"
"Cuando mi papa llega del trabajo, como fruta.","Cuando mi papá llega del trabajo, como fruta."
"en la tarde mientras mi papa trabaja, ella lee un libro","en la tarde mientras mi papá trabaja, ella lee un libro"
El cuarto del jardin estaba muy lleno.,El cuarto del jardín estaba muy lleno.
El plato era muy viejo esta manana.,El plato era muy viejo esta mañana.
"aunque el perro ladro, yo me quede en casa","aunque el perro ladró, yo me quedé en casa"
los sabados mi perro se pone feliz cuando llego a casa,los sábados mi perro se pone feliz cuando llego a casa
ayer mi hermano vio television aunque todos estaban alli,ayer mi hermano vio televisión aunque todos estaban allí
"todos los dias siempre que es sabado, ayudo a mi mama","todos los días siempre que es sábado, ayudo a mi mamá"
el cuarto de la cocina esta caro esta manana,el cuarto de la cocina está caro esta mañana
"hoy aunque nevara en la sierra, mi mama preparara el cafe","hoy aunque nevará en la sierra, mi mamá preparará el café"
los cuadernos que trajo mi mama son muy pequeno esta manana,los cuadernos que trajo mi mamá son muy pequeños esta mañana
Los niños estaba demasiado grande hoy.,Los niños estaban demasiado grandes hoy.
"ya que yo cocine, el perro durmio en el sofa","ya que yo cociné, el perro durmió en el sofá"
los árboles parece demasiado grandes,los árboles parecen demasiado grandes
los perros que trajo mi mamá quedaron tan triste,los perros que trajo mi mamá quedaron tan tristes
la ventana que compre esta demasiado rota esta manana,la ventana que compré está demasiado rota esta mañana
creo que ese te esta amargo,creo que ese té está amargo
"cada vez que mi papa llega del trabajo, veo television","cada vez que mi papá llega del trabajo, veo televisión"
"Ayer apenas mi mama cocino, yo estudie.","Ayer apenas mi mamá cocinó, yo estudié."
"esta tarde cuando salgas de clase, esperame","esta tarde cuando salgas de clase, espérame"
yo me quede en casa cuando mi mama cocino,yo me quedé en casa cuando mi mamá cocinó
las niñas de mi tía parecían bastante mojada esta mañana,las niñas de mi tía parecían bastante mojadas esta mañana
yo me quedare en casa ya que no habra clases,yo me quedaré en casa ya que no habrá clases
los ninos quedo muy viejo ayer,los niños quedaron muy viejos ayer
"En la tarde apenas nevo en la sierra, los ninos jugaron en el patio.","En la tarde apenas nevó en la sierra, los niños jugaron en el patio."
siempre me pongo contento cuando juego futbol,siempre me pongo contento cuando juego fútbol
"esta semana como no hay clases, mi mama esta tranquila","esta semana como no hay clases, mi mamá está tranquila"
"Aunque el bus llegara tarde, jugare con mis amigos.","Aunque el bus llegará tarde, jugaré con mis amigos."
"Todos los dias cuando llego a casa, tomo te con leche.","Todos los días cuando llego a casa, tomo té con leche."
esperame cuando termine la tarea,espérame cuando termine la tarea
"Mañana apenas venimos del parque, avísame.","Mañana apenas vengamos del parque, avísame."
"cuando nevo en la sierra, mi abuela cosio","cuando nevó en la sierra, mi abuela cosió"
veo television apenas es sabado,veo televisión apenas es sábado
los zapatos de la cocina estuvo tan mojado,los zapatos de la cocina estuvieron tan mojados
el plato que trajo mi mama estara demasiado pequeno hoy,el plato que trajo mi mamá estará demasiado pequeño hoy
hoy tomamos te ya que no hay clases,hoy tomamos té ya que no hay clases
"Cuando llego al colegio, mi papa esta feliz.","Cuando llego al colegio, mi papá está feliz."
"Manana cuando lleguemos al colegio, escribeme.","Mañana cuando lleguemos al colegio, escríbeme."
"Los sabados apenas salgo del colegio, mi perro se pone feliz.","Los sábados apenas salgo del colegio, mi perro se pone feliz."
"cuando llego a casa, descansaré","cuando llegue a casa, descansaré"
"apenas termino la tarea, espérame","apenas termine la tarea, espérame"
ella leera un libro porque estaremos cansados,ella leerá un libro porque estaremos cansados
Mis hermanas que vi ayer estaba tan alegre.,Mis hermanas que vi ayer estaban tan alegres.
"Si tu no quieres, ella leera un libro.","Si tú no quieres, ella leerá un libro."
"el sabado como hace calor, ella lee un libro","el sábado como hace calor, ella lee un libro"
Los árboles que compré parecía bastante pequeño ayer.,Los árboles que compré parecían bastante pequeños ayer.
Manana todos comeran juntos ya que llovera mucho.,Mañana todos comerán juntos ya que lloverá mucho.
"Hoy cuando hagamos la compra, descansare.","Hoy cuando hagamos la compra, descansaré."
"El sabado hasta que hagamos la compra, no salgo.","El sábado hasta que hagamos la compra, no salgo."
"apenas juego futbol, nos quedamos en casa","apenas juego fútbol, nos quedamos en casa"
Hoy yo hare la tarea aunque esta oscuro.,Hoy yo haré la tarea aunque está oscuro.
"como habia sol, mi papa estaba feliz","como había sol, mi papá estaba feliz"
"esta semana como hay sol, el perro duerme en el sofa","esta semana como hay sol, el perro duerme en el sofá"
"Mientras termine la tarea, mi mama preparo el cafe.","Mientras terminé la tarea, mi mamá preparó el café."
hoy iré al parque apenas terminas de comer,hoy iré al parque apenas termines de comer
Todos los dias ella lee un libro siempre que termino la tarea.,Todos los días ella lee un libro siempre que termino la tarea.
"Cuando tengamos dinero, vendre a verte.","Cuando tengamos dinero, vendré a verte."
la manzana parecia demasiado vieja todavia,la manzana parecía demasiado vieja todavía
las casas que me regalaron parecian muy rota ayer,las casas que me regalaron parecían muy rotas ayer
las flores del jardin parecen bastante facil ayer,las flores del jardín parecen bastante fáciles ayer
Mi mama prepara el cafe siempre que mi hermana estudia.,Mi mamá prepara el café siempre que mi hermana estudia.
"hoy si mi hermana canta, jugare con mis amigos","hoy si mi hermana canta, jugaré con mis amigos"
el sabado fuimos al parque cuando mi papa trabajo,el sábado fuimos al parque cuando mi papá trabajó
"Si mis amigos vienen, mi papa esta feliz.","Si mis amigos vienen, mi papá está feliz."
"El sabado ya que no tengo dinero, yo estudio.","El sábado ya que no tengo dinero, yo estudio."
"Cuando el bebe duerme, mi mama esta tranquila.","Cuando el bebé duerme, mi mamá está tranquila."
Tomo te con leche siempre que tengo hambre.,Tomo té con leche siempre que tengo hambre.
"Los sabados cuando suena el timbre, saludo a mis amigos.","Los sábados cuando suena el timbre, saludo a mis amigos."
los árboles parece grandes,los árboles parecen grandes
"siempre cada vez que es sabado, tomo te con leche","siempre cada vez que es sábado, tomo té con leche"
las niñas que trajo mi mamá está tan pequeña hoy,las niñas que trajo mi mamá están tan pequeñas hoy
"el sabado apenas vuelvas de viaje, comeremos juntos","el sábado apenas vuelvas de viaje, comeremos juntos"
el sabado me acostare en cuanto vuelva del trabajo,el sábado me acostaré en cuanto vuelva del trabajo
"porque el profesor explicara la leccion, los ninos jugaran en el patio","porque el profesor explicará la lección, los niños jugarán en el patio"
los platos de mi tia es tan sucios esta manana,los platos de mi tía son tan sucios esta mañana
"cuando mi mama cocina, salimos a jugar","cuando mi mamá cocina, salimos a jugar"
"todos los dias siempre que suena el timbre, salimos a jugar","todos los días siempre que suena el timbre, salimos a jugar"
Los platos de la escuela quedó tan bonitos esta mañana.,Los platos de la escuela quedaron tan bonitos esta mañana.
"los sabados cuando termino la tarea, hago la tarea","los sábados cuando termino la tarea, hago la tarea"
"siempre que hace frio, mi perro se pone feliz","siempre que hace frío, mi perro se pone feliz"
"ya que el bus llego tarde, mi abuela cosio","ya que el bus llegó tarde, mi abuela cosió"
mis primos que vimos el sábado parece sucio,mis primos que vimos el sábado parecen sucios
"El sabado porque vienes temprano, ella lee un libro.","El sábado porque vienes temprano, ella lee un libro."
"como todos estaban alli, yo estudie","como todos estaban allí, yo estudié"
Mi hermana que vi ayer quedo demasiado lista esta manana.,Mi hermana que vi ayer quedó demasiado lista esta mañana.
"manana aunque tendre tiempo, iremos al parque","mañana aunque tendré tiempo, iremos al parque"
"si mi papa trabaja, yo estudio","si mi papá trabaja, yo estudio"
"todos los dias cuando juego futbol, ayudo a mi mama","todos los días cuando juego fútbol, ayudo a mi mamá"
"siempre que mi papa llega del trabajo, hago la tarea","siempre que mi papá llega del trabajo, hago la tarea"
"manana cuando terminemos el examen, te llamo","mañana cuando terminemos el examen, te llamo"
"mientras era tarde, mi abuela cosio","mientras era tarde, mi abuela cosió"
el zapato que me regalaron esta bastante roto ayer,el zapato que me regalaron está bastante roto ayer
mis amigos que trajo mi mamá estuvo muy sucios ayer,mis amigos que trajo mi mamá estuvieron muy sucios ayer
las casas que trajo mi mama era muy grandes hoy,las casas que trajo mi mamá eran muy grandes hoy
Esta semana los ninos jugaran en el patio porque mi papa trabajara.,Esta semana los niños jugarán en el patio porque mi papá trabajará.
"mientras habia sol, mi papa estaba feliz","mientras había sol, mi papá estaba feliz"
las casas de la escuela parece tan pequena,las casas de la escuela parecen tan pequeñas
"todos los dias siempre que hace frio, tomo te con leche","todos los días siempre que hace frío, tomo té con leche"
mi papa esta feliz apenas veo a mi abuela,mi papá está feliz apenas veo a mi abuela
"cuando juego futbol, me acuesto temprano","cuando juego fútbol, me acuesto temprano"
los libros que compré estuvo demasiado vacío,los libros que compré estuvieron demasiado vacíos
tomamos te ya que nieva en la sierra,tomamos té ya que nieva en la sierra
"En la tarde mientras mi hermana canta, los ninos juegan en el patio.","En la tarde mientras mi hermana canta, los niños juegan en el patio."
"esta semana apenas mi mama cocino, los vecinos hicieron ruido","esta semana apenas mi mamá cocinó, los vecinos hicieron ruido"
los niños del jardín parecía bastante alegre otra vez,los niños del jardín parecían bastante alegres otra vez
los gatos de la cocina eran demasiado limpio,los gatos de la cocina eran demasiado limpios
todos los dias me pongo contento cuando termino la tarea,todos los días me pongo contento cuando termino la tarea
"Cuando es sabado, saludo a mis amigos.","Cuando es sábado, saludo a mis amigos."
"Siempre cuando mi papa llega del trabajo, mi mama prepara el cafe.","Siempre cuando mi papá llega del trabajo, mi mamá prepara el café."
Los zapatos del jardín estarán muy lleno.,Los zapatos del jardín estarán muy llenos.
"hoy aunque me dolia la cabeza, yo hice la tarea","hoy aunque me dolía la cabeza, yo hice la tarea"
ayer fuimos al parque cuando nevo en la sierra,ayer fuimos al parque cuando nevó en la sierra
"apenas vienes a mi casa, me acostaré","apenas vengas a mi casa, me acostaré"
los cuartos estuvo bastante mojado todavía,los cuartos estuvieron bastante mojados todavía
Veremos la película cuando tenemos dinero.,Veremos la película cuando tengamos dinero.
La casa que compre sera demasiado rota.,La casa que compré será demasiado rota.
las flores que me regalaron quedó demasiado ordenadas,las flores que me regalaron quedaron demasiado ordenadas
en la tarde yo estudie aunque llegue a casa,en la tarde yo estudié aunque llegué a casa
El cuaderno que vimos el sabado es muy caro otra vez.,El cuaderno que vimos el sábado es muy caro otra vez.
el cuarto que vimos el sabado quedo tan dificil todavia,el cuarto que vimos el sábado quedó tan difícil todavía
Las tareas que vimos el sábado quedaron bonita.,Las tareas que vimos el sábado quedaron bonitas.
mi primo que vimos el sabado esta tan feliz ayer,mi primo que vimos el sábado está tan feliz ayer
El cuaderno de la cocina parecia bastante caro otra vez.,El cuaderno de la cocina parecía bastante caro otra vez.
hoy mi mama estaba tranquila apenas el perro ladro,hoy mi mamá estaba tranquila apenas el perro ladró
"Más tarde cuando llegamos al colegio, te llamaré.","Más tarde cuando lleguemos al colegio, te llamaré."
"Apenas vuelvo del trabajo, me acostaré.","Apenas vuelva del trabajo, me acostaré."
"ayer aunque hacia frio, el perro durmio en el sofa","ayer aunque hacía frío, el perro durmió en el sofá"
los cuadernos estaba bastante ricos otra vez,los cuadernos estaban bastante ricos otra vez
los niños que trajo mi mamá quedó viejo,los niños que trajo mi mamá quedaron viejos
Las ventanas quedaron tan difícil todavía.,Las ventanas quedaron tan difíciles todavía.
"Mientras tengo tiempo, mi papa esta feliz.","Mientras tengo tiempo, mi papá está feliz."
hoy los ninos jugaron en el patio cuando termine la tarea,hoy los niños jugaron en el patio cuando terminé la tarea
"apenas es sabado, nos quedamos en casa","apenas es sábado, nos quedamos en casa"
los perros de mi tia sera muy triste hoy,los perros de mi tía serán muy tristes hoy
"en la tarde como tu no quieres, mi abuela cose","en la tarde como tú no quieres, mi abuela cose"
los platos de la escuela eran bastante frio todavia,los platos de la escuela eran bastante fríos todavía
"cuando vengo de la escuela, veremos la pelicula","cuando venga de la escuela, veremos la película"
"Cuando crezca, te llamare.","Cuando crezca, te llamaré."
las ventanas de mi tía era mojada hoy,las ventanas de mi tía eran mojadas hoy
"ya que yo cocine, nos quedamos en casa","ya que yo cociné, nos quedamos en casa"
"hoy ya que el bebe duerme, ella lee un libro","hoy ya que el bebé duerme, ella lee un libro"
Los platos que compré es demasiado vacío.,Los platos que compré son demasiado vacíos.
"Casi siempre cuando hace frio, mi papa esta feliz.","Casi siempre cuando hace frío, mi papá está feliz."
"Esta tarde en cuanto vea a mi abuela, mi mama estara feliz.","Esta tarde en cuanto vea a mi abuela, mi mamá estará feliz."
Los perros que trajo mi mamá parecían bastante triste todavía.,Los perros que trajo mi mamá parecían bastante tristes todavía.
los cuartos de mi tía estarán bastante ordenado esta mañana,los cuartos de mi tía estarán bastante ordenados esta mañana
los platos de mi tia estaran rico,los platos de mi tía estarán ricos
los ninos jugaron en el patio mientras yo cocine,los niños jugaron en el patio mientras yo cociné
"Cada vez que llueve, veo television.","Cada vez que llueve, veo televisión."
"el sabado cuando crezco, escribeme","el sábado cuando crezca, escríbeme"
saldremos a pasear cuando puedes,saldremos a pasear cuando puedas
esta tarde avisame en cuanto vienes a mi casa,esta tarde avísame en cuanto vengas a mi casa
"cuando salgamos de casa, te llamare","cuando salgamos de casa, te llamaré"
Los perros que vi ayer quedó demasiado listo ayer.,Los perros que vi ayer quedaron demasiado listos ayer.
Los sabados me duele la cabeza cada vez que vamos al parque.,Los sábados me duele la cabeza cada vez que vamos al parque.
esta tarde no me acostaré hasta que puedes,esta tarde no me acostaré hasta que puedas
en la tarde yo me quede en casa apenas hacia calor,en la tarde yo me quedé en casa apenas hacía calor
"En la tarde cuando tengo hambre, veo television.","En la tarde cuando tengo hambre, veo televisión."
"en la tarde cuando el bus llego tarde, ella leyo un libro","en la tarde cuando el bus llegó tarde, ella leyó un libro"
los cuartos que compré era frío esta mañana,los cuartos que compré eran fríos esta mañana
los sabados me acuesto temprano cuando me levanto,los sábados me acuesto temprano cuando me levanto
los gatos estaban triste,los gatos estaban tristes
todos los dias descanso un rato cuando juego futbol,todos los días descanso un rato cuando juego fútbol
hoy seguire estudiando hasta que volvamos a casa,hoy seguiré estudiando hasta que volvamos a casa
Nos quedamos en casa apenas el bus llego tarde.,Nos quedamos en casa apenas el bus llegó tarde.
"en la tarde ya que los ninos juegan en el patio, los vecinos hacen ruido","en la tarde ya que los niños juegan en el patio, los vecinos hacen ruido"
se que el te escucha siempre,sé que él te escucha siempre
En la tarde fuimos al parque mientras habia sol.,En la tarde fuimos al parque mientras había sol.
el sabado no pudimos salir mientras el perro ladro,el sábado no pudimos salir mientras el perro ladró
los cuartos estará demasiado vacíos,los cuartos estarán demasiado vacíos
Los platos que compré serán mojado.,Los platos que compré serán mojados.
En la tarde mi perro se pone feliz siempre que mi papa llega del trabajo.,En la tarde mi perro se pone feliz siempre que mi papá llega del trabajo.
Los sabados como fruta cuando mi mama cocina.,Los sábados como fruta cuando mi mamá cocina.
"en cuanto venimos del parque, me acostaré","en cuanto vengamos del parque, me acostaré"
las flores que me regalaron quedo dificil ayer,las flores que me regalaron quedaron difíciles ayer
las ventanas estara bastante llenas hoy,las ventanas estarán bastante llenas hoy
"Apenas mi papa trabajo, los vecinos hicieron ruido.","Apenas mi papá trabajó, los vecinos hicieron ruido."
las casas de la escuela era nueva hoy,las casas de la escuela eran nuevas hoy
"porque saldremos del colegio, todos comeran juntos","porque saldremos del colegio, todos comerán juntos"
"esta semana cuando estamos cansados, los ninos juegan en el patio","esta semana cuando estamos cansados, los niños juegan en el patio"
"ya que mi hermana canto, no pudimos salir","ya que mi hermana cantó, no pudimos salir"
"si yo cocino, mi mama preparara el cafe","si yo cocino, mi mamá preparará el café"
mis hermanas parece lista hoy,mis hermanas parecen listas hoy
"en la tarde cuando hacia calor, mi mama estaba tranquila","en la tarde cuando hacía calor, mi mamá estaba tranquila"
Los libros que me regalaron quedaron vacío hoy.,Los libros que me regalaron quedaron vacíos hoy.
Mi amigo de mi tia era tan triste.,Mi amigo de mi tía era tan triste.
nos quedamos en casa mientras el bebe duerme,nos quedamos en casa mientras el bebé duerme
mañana saldremos a pasear en cuanto tienes un rato,mañana saldremos a pasear en cuanto tengas un rato
"Apenas hacia frio, mi mama preparo el cafe.","Apenas hacía frío, mi mamá preparó el café."
Ayer yo estudie apenas mi papa trabajo.,Ayer yo estudié apenas mi papá trabajó.
las casas que trajo mi mama sera muy nueva todavia,las casas que trajo mi mamá serán muy nuevas todavía
en la tarde los ninos juegan en el patio aunque el bebe duerme,en la tarde los niños juegan en el patio aunque el bebé duerme
Ayer mi abuela cosio ya que habia sol.,Ayer mi abuela cosió ya que había sol.
"manana cuando salgamos de casa, no te preocupes","mañana cuando salgamos de casa, no te preocupes"
El sabado mi hermano vio television aunque los ninos jugaban en el patio.,El sábado mi hermano vio televisión aunque los niños jugaban en el patio.
todos los dias me acuesto temprano siempre que vamos al parque,todos los días me acuesto temprano siempre que vamos al parque
"más tarde hasta que volvemos a casa, no podrás salir","más tarde hasta que volvamos a casa, no podrás salir"
Las tareas que vimos el sábado es muy mojada otra vez.,Las tareas que vimos el sábado son muy mojadas otra vez.
Dice que prefiero el te al cafe.,Dice que prefiero el té al café.
"el sabado cuando crezcas, iremos a la piscina","el sábado cuando crezcas, iremos a la piscina"
"ya que estara oscuro, el perro dormira en el sofa","ya que estará oscuro, el perro dormirá en el sofá"
el gato del jardin es tan listo esta manana,el gato del jardín es tan listo esta mañana
mis hermanas de la escuela quedo muy tranquila esta manana,mis hermanas de la escuela quedaron muy tranquilas esta mañana
Mi mama prepara el cafe apenas llego al colegio.,Mi mamá prepara el café apenas llego al colegio.
las calles era ordenada hoy,las calles eran ordenadas hoy
"Manana aunque nevara en la sierra, todos comeran juntos.","Mañana aunque nevará en la sierra, todos comerán juntos."
te lo contare apenas este listo,te lo contaré apenas esté listo
mi papa estara feliz aunque habra sol,mi papá estará feliz aunque habrá sol
Yo me quede en casa cuando todos estaban alli.,Yo me quedé en casa cuando todos estaban allí.
manana llamame en cuanto puedas,mañana llámame en cuanto puedas
Las flores de mi tía es tan difícil ayer.,Las flores de mi tía son tan difíciles ayer.
la tarea de la escuela fue tan llena esta manana,la tarea de la escuela fue tan llena esta mañana
Hoy me acostare cuando hagamos la compra.,Hoy me acostaré cuando hagamos la compra.
"Cuando el bus llego tarde, tomamos te.","Cuando el bus llegó tarde, tomamos té."
"cuando salgo del colegio, comeremos juntos","cuando salga del colegio, comeremos juntos"
"Mientras mi mama cocina, mi hermano ve television.","Mientras mi mamá cocina, mi hermano ve televisión."
el sabado nos quedaremos en casa aunque todos estan aqui,el sábado nos quedaremos en casa aunque todos están aquí
"Cuando es sabado, mi mama prepara el cafe.","Cuando es sábado, mi mamá prepara el café."
vamos al parque cuando tu no quieres,vamos al parque cuando tú no quieres
"Mas tarde en cuanto llegue a casa, te lo dire.","Más tarde en cuanto llegue a casa, te lo diré."
el sabado podras salir en cuanto vengas a mi casa,el sábado podrás salir en cuanto vengas a mi casa
"Hoy cuando yo cocine, los ninos jugaron en el patio.","Hoy cuando yo cociné, los niños jugaron en el patio."
los libros de la escuela fueron bastante viejo ayer,los libros de la escuela fueron bastante viejos ayer
mis primos que trajo mi mamá estará muy pequeño ayer,mis primos que trajo mi mamá estarán muy pequeños ayer
"en la tarde si llego a casa, los ninos juegan en el patio","en la tarde si llego a casa, los niños juegan en el patio"
"manana cuando vuelvas de viaje, saldremos a pasear","mañana cuando vuelvas de viaje, saldremos a pasear"
"todos los dias apenas es sabado, me duele la cabeza","todos los días apenas es sábado, me duele la cabeza"
parece que el te escucha siempre,parece que él te escucha siempre
te lo dire apenas ves la pelicula,te lo diré apenas veas la película
Ella lee un libro cuando mi papa llega del trabajo.,Ella lee un libro cuando mi papá llega del trabajo.
en la tarde mi perro se pone feliz cada vez que mi papa llega del trabajo,en la tarde mi perro se pone feliz cada vez que mi papá llega del trabajo
"Hasta que empieces a estudiar, esperaremos aqui.","Hasta que empieces a estudiar, esperaremos aquí."
"hoy apenas todos estaban alli, los ninos jugaron en el patio","hoy apenas todos estaban allí, los niños jugaron en el patio"
Todos los dias estoy tranquilo cada vez que vamos al parque.,Todos los días estoy tranquilo cada vez que vamos al parque.
"aunque nevo en la sierra, fuimos al parque","aunque nevó en la sierra, fuimos al parque"
"Los sabados cuando suena el timbre, me acuesto temprano.","Los sábados cuando suena el timbre, me acuesto temprano."
las casas que me regalaron estara bastante pequena ayer,las casas que me regalaron estarán bastante pequeñas ayer
las casas que compré parece ordenada esta mañana,las casas que compré parecen ordenadas esta mañana
"El sábado cuando hago la tarea, comeremos juntos.","El sábado cuando haga la tarea, comeremos juntos."
"como hace frio, todos comen juntos","como hace frío, todos comen juntos"
"aunque llueve mucho, yo hare la tarea","aunque llueve mucho, yo haré la tarea"
el plato que trajo mi mama es demasiado roto,el plato que trajo mi mamá es demasiado roto
"hoy en cuanto termino la tarea, no te preocupes","hoy en cuanto termine la tarea, no te preocupes"
"cuando no hay clases, mi mama prepara el cafe","cuando no hay clases, mi mamá prepara el café"
"el sabado apenas era tarde, nos quedamos en casa","el sábado apenas era tarde, nos quedamos en casa"
"Cuando terminamos el examen, saldremos a pasear.","Cuando terminemos el examen, saldremos a pasear."
"apenas viniste temprano, mi abuela cosio","apenas viniste temprano, mi abuela cosió"
"casi siempre cuando llego al colegio, mi mama prepara el cafe","casi siempre cuando llego al colegio, mi mamá prepara el café"
La ventana que me regalaron es demasiado ordenada todavia.,La ventana que me regalaron es demasiado ordenada todavía.
"Ayer apenas estabamos cansados, mi hermano vio television.","Ayer apenas estábamos cansados, mi hermano vio televisión."
"En la tarde ya que estudias mucho, tomamos te.","En la tarde ya que estudias mucho, tomamos té."
"En la tarde si termino la tarea, mi mama estara feliz.","En la tarde si termino la tarea, mi mamá estará feliz."
el sabado jugare con mis amigos cuando haga la tarea,el sábado jugaré con mis amigos cuando haga la tarea
"cuando estabamos cansados, mi papa estaba feliz","cuando estábamos cansados, mi papá estaba feliz"
siempre me pongo contento siempre que mi papa llega del trabajo,siempre me pongo contento siempre que mi papá llega del trabajo
Los sabados mi perro se pone feliz cuando juego futbol.,Los sábados mi perro se pone feliz cuando juego fútbol.
hoy nos quedamos en casa mientras habia sol,hoy nos quedamos en casa mientras había sol
el sábado podrás salir cuando veo a mi abuela,el sábado podrás salir cuando vea a mi abuela
mis primos que trajo mi mamá será muy grande,mis primos que trajo mi mamá serán muy grandes
"como nevo en la sierra, los ninos jugaron en el patio","como nevó en la sierra, los niños jugaron en el patio"
yo estudie cuando estabamos cansados,yo estudié cuando estábamos cansados
la casa que trajo mi mama es tan fria,la casa que trajo mi mamá es tan fría
las casas que trajo mi mamá estuvo muy vacía todavía,las casas que trajo mi mamá estuvieron muy vacías todavía
las calles que vi ayer son rica,las calles que vi ayer son ricas
"hoy como no tengo dinero, mi hermano ve television","hoy como no tengo dinero, mi hermano ve televisión"
"esta semana como mi papa trabajo, mi papa estaba feliz","esta semana como mi papá trabajó, mi papá estaba feliz"
"El sabado cuando llovio mucho, mi hermano vio television.","El sábado cuando llovió mucho, mi hermano vio televisión."
"el sabado cuando sales de clase, escribeme","el sábado cuando salgas de clase, escríbeme"
mi papa estara feliz si los ninos juegan en el patio,mi papá estará feliz si los niños juegan en el patio
las manzanas que vimos el sábado estará muy ricas esta mañana,las manzanas que vimos el sábado estarán muy ricas esta mañana
el arbol que vi ayer estuvo bastante mojado,el árbol que vi ayer estuvo bastante mojado
"hoy cuando hay sol, el perro duerme en el sofa","hoy cuando hay sol, el perro duerme en el sofá"
las flores que vimos el sábado parecía muy nueva esta mañana,las flores que vimos el sábado parecían muy nuevas esta mañana
los platos de la cocina estaran muy roto,los platos de la cocina estarán muy rotos
Esta tarde no me acostare hasta que puedas.,Esta tarde no me acostaré hasta que puedas.
"el sabado cuando termines de comer, salimos a pasear","el sábado cuando termines de comer, salimos a pasear"
en la tarde no pudimos salir apenas mi papa trabajo,en la tarde no pudimos salir apenas mi papá trabajó
"Hoy en cuanto estás mejor, descansaré.","Hoy en cuanto estés mejor, descansaré."
"Mas tarde apenas salga del colegio, salimos a pasear.","Más tarde apenas salga del colegio, salimos a pasear."
la calle que vi ayer esta demasiado grande hoy,la calle que vi ayer está demasiado grande hoy
"ya que estaremos cansados, todos comeran juntos","ya que estaremos cansados, todos comerán juntos"
iremos al parque aunque no tendre dinero,iremos al parque aunque no tendré dinero
"cuando terminemos el examen, me acostare","cuando terminemos el examen, me acostaré"
"Hoy en cuanto sales de clase, jugaré con mis amigos.","Hoy en cuanto salgas de clase, jugaré con mis amigos."
las calles que me regalaron era bastante rica hoy,las calles que me regalaron eran bastante ricas hoy
las manzanas de la escuela parecían bastante cara ayer,las manzanas de la escuela parecían bastante caras ayer
"apenas juego futbol, estoy tranquilo","apenas juego fútbol, estoy tranquilo"
"Manana hasta que terminemos el examen, no saldre.","Mañana hasta que terminemos el examen, no saldré."
los perros estaba demasiado viejo hoy,los perros estaban demasiado viejos hoy
"Cuando leo un libro, mi papa esta feliz.","Cuando leo un libro, mi papá está feliz."
los arboles que vi ayer es bastante rico,los árboles que vi ayer son bastante ricos
los cuartos estaba difícil esta mañana,los cuartos estaban difíciles esta mañana
"si esta oscuro, mi hermano vera television","si está oscuro, mi hermano verá televisión"
Los zapatos que compré son muy frío.,Los zapatos que compré son muy fríos.
Los zapatos quedaron muy nuevo.,Los zapatos quedaron muy nuevos.
los gatos de la cocina estuvo tan triste hoy,los gatos de la cocina estuvieron tan tristes hoy
"más tarde hasta que es de noche, no podrás salir","más tarde hasta que sea de noche, no podrás salir"
"apenas el perro ladro, mi papa estaba feliz","apenas el perro ladró, mi papá estaba feliz"
"manana aunque mi mama cocinara, mi mama preparara el cafe","mañana aunque mi mamá cocinará, mi mamá preparará el café"
Estoy seguro de que el te llamo ayer.,Estoy seguro de que él te llamó ayer.
jugare con mis amigos ya que hara calor,jugaré con mis amigos ya que hará calor
Esperaremos aqui hasta que salgas de clase.,Esperaremos aquí hasta que salgas de clase.
los perros sera tan sucio esta manana,los perros serán tan sucios esta mañana
"hoy como llovio mucho, el perro durmio en el sofa","hoy como llovió mucho, el perro durmió en el sofá"
las flores que trajo mi mama estuvo muy dificil,las flores que trajo mi mamá estuvieron muy difíciles
"cuando terminamos el examen, me acostaré","cuando terminemos el examen, me acostaré"
"siempre cuando termino la tarea, veo television","siempre cuando termino la tarea, veo televisión"
mi hermano vera television aunque llueve mucho,mi hermano verá televisión aunque llueve mucho
"En la tarde apenas todos estaban alli, los ninos jugaron en el patio.","En la tarde apenas todos estaban allí, los niños jugaron en el patio."
El nino que compre esta tan alegre.,El niño que compré está tan alegre.
El libro que vi ayer sera muy frio hoy.,El libro que vi ayer será muy frío hoy.
todos los dias ayudo a mi mama apenas vamos al parque,todos los días ayudo a mi mamá apenas vamos al parque
"en la tarde aunque mi hermana canta, yo hare la tarea","en la tarde aunque mi hermana canta, yo haré la tarea"
Esta semana nos quedamos en casa apenas habia sol.,Esta semana nos quedamos en casa apenas había sol.
"el sabado ya que mi papa trabajara, los ninos jugaran en el patio","el sábado ya que mi papá trabajará, los niños jugarán en el patio"
hoy mi hermano vio television apenas el perro ladro,hoy mi hermano vio televisión apenas el perro ladró
mis amigos que vimos el sábado es demasiado contentos,mis amigos que vimos el sábado son demasiado contentos
mas tarde descansare cuando estoy listo,más tarde descansaré cuando esté listo
veremos la pelicula cuando sales de clase,veremos la película cuando salgas de clase
"Mas tarde cuando vea a mi abuela, vendre a verte.","Más tarde cuando vea a mi abuela, vendré a verte."
esta semana los ninos juegan en el patio ya que el perro ladra,esta semana los niños juegan en el patio ya que el perro ladra
Ella leyo un libro porque hacia calor.,Ella leyó un libro porque hacía calor.
el sabado tomamos te cuando el bus llega tarde,el sábado tomamos té cuando el bus llega tarde
los cuadernos quedo muy facil todavia,los cuadernos quedaron muy fáciles todavía
"como ella estaba enferma, mi papa estaba feliz","como ella estaba enferma, mi papá estaba feliz"
yo me quedare en casa aunque hara calor,yo me quedaré en casa aunque hará calor
el cuaderno que vimos el sabado esta muy ordenado,el cuaderno que vimos el sábado está muy ordenado
la flor de mi tia quedo bastante rica ayer,la flor de mi tía quedó bastante rica ayer
parece que el te dara una sorpresa,parece que él te dará una sorpresa
los zapatos de mi tía son demasiado sucio,los zapatos de mi tía son demasiado sucios
los zapatos que vi ayer fue muy rotos otra vez,los zapatos que vi ayer fueron muy rotos otra vez
los niños que compré quedó tan grande esta mañana,los niños que compré quedaron tan grandes esta mañana
"esta semana apenas estaba oscuro, los ninos jugaron en el patio","esta semana apenas estaba oscuro, los niños jugaron en el patio"
"cuando hace calor, el perro duerme en el sofa","cuando hace calor, el perro duerme en el sofá"
"el sabado apenas salgas de clase, me acostare","el sábado apenas salgas de clase, me acostaré"
los cuartos estuvo dificiles todavia,los cuartos estuvieron difíciles todavía
Mama dice que el te invito a la fiesta.,Mamá dice que él te invitó a la fiesta.
"El sabado cuando nieva en la sierra, mi papa esta feliz.","El sábado cuando nieva en la sierra, mi papá está feliz."
El zapato que me regalaron parecia muy pequeno otra vez.,El zapato que me regalaron parecía muy pequeño otra vez.
Pregunta si el te esta en la mesa.,Pregunta si el té está en la mesa.
el nino que compre parecia tan sucio,el niño que compré parecía tan sucio
"el sabado apenas los ninos jugaban en el patio, todos comieron juntos","el sábado apenas los niños jugaban en el patio, todos comieron juntos"
"el sabado mientras estaba oscuro, mi mama estaba tranquila","el sábado mientras estaba oscuro, mi mamá estaba tranquila"
creo que el te presta el libro,creo que él te presta el libro
los gatos que vimos el sábado parece muy limpio,los gatos que vimos el sábado parecen muy limpios
los perros que trajo mi mama parecen muy sucio,los perros que trajo mi mamá parecen muy sucios
manana jugare con mis amigos ya que estara oscuro,mañana jugaré con mis amigos ya que estará oscuro
las ventanas de la cocina era muy mojada otra vez,las ventanas de la cocina eran muy mojadas otra vez
Mis primos que vimos el sábado quedó demasiado viejo ayer.,Mis primos que vimos el sábado quedaron demasiado viejos ayer.
las manzanas que vi ayer fue tan fria,las manzanas que vi ayer fueron tan frías
"siempre cuando mi papa llega del trabajo, saludo a mis amigos","siempre cuando mi papá llega del trabajo, saludo a mis amigos"
las ninas que compre esta demasiado triste,las niñas que compré están demasiado tristes
los libros estaba mojados,los libros estaban mojados
Mañana te avisaré apenas vienes a mi casa.,Mañana te avisaré apenas vengas a mi casa.
mis amigos que vimos el sábado parece limpio ayer,mis amigos que vimos el sábado parecen limpios ayer
el sabado no comeremos hasta que pueda,el sábado no comeremos hasta que pueda
"el sabado como hace calor, mi mama esta tranquila","el sábado como hace calor, mi mamá está tranquila"
"cuando mi hermana estudia, tomo te con leche","cuando mi hermana estudia, tomo té con leche"
"como nieva en la sierra, mi papa esta feliz","como nieva en la sierra, mi papá está feliz"
"más tarde cuando salgo del colegio, llámame","más tarde cuando salga del colegio, llámame"
"En la tarde como mi mama cocino, mi mama estaba tranquila.","En la tarde como mi mamá cocinó, mi mamá estaba tranquila."
"ya que vendras temprano, no podremos salir","ya que vendrás temprano, no podremos salir"
"como habia sol, el perro durmio en el sofa","como había sol, el perro durmió en el sofá"
Prefiero el te al cafe.,Prefiero el té al café.
"cuando el bus llega tarde, tomamos te","cuando el bus llega tarde, tomamos té"
el sabado avisame en cuanto tenemos dinero,el sábado avísame en cuanto tengamos dinero
"ya que todos estaban alli, mi mama preparo el cafe","ya que todos estaban allí, mi mamá preparó el café"
mis amigos que vimos el sábado estaba mojado otra vez,mis amigos que vimos el sábado estaban mojados otra vez
El perro dormira en el sofa aunque todos estaran aqui.,El perro dormirá en el sofá aunque todos estarán aquí.
"en cuanto tenga tiempo, ire al parque","en cuanto tenga tiempo, iré al parque"
las mesas era cara otra vez,las mesas eran caras otra vez
"porque el perro ladro, el perro durmio en el sofa","porque el perro ladró, el perro durmió en el sofá"
"apenas hagamos la compra, te lo dire","apenas hagamos la compra, te lo diré"
los cuadernos de la cocina sera demasiado sucio hoy,los cuadernos de la cocina serán demasiado sucios hoy
mi mama prepara el cafe si el profesor explica la leccion,mi mamá prepara el café si el profesor explica la lección
mas tarde empezaremos a comer apenas ves la pelicula,más tarde empezaremos a comer apenas veas la película
Mis hermanas de mi tía es bastante felices todavía.,Mis hermanas de mi tía son bastante felices todavía.
"Mas tarde cuando veas la pelicula, te aviso.","Más tarde cuando veas la película, te aviso."
"esta semana cuando el bus llego tarde, yo estudie","esta semana cuando el bus llegó tarde, yo estudié"
"en la tarde ya que el profesor explica la leccion, los ninos juegan en el patio","en la tarde ya que el profesor explica la lección, los niños juegan en el patio"
"en la tarde ya que hace calor, mi papa esta feliz","en la tarde ya que hace calor, mi papá está feliz"
no se si el te esta en la mesa,no sé si el té está en la mesa
"ya que llovera mucho, mi hermano vera television","ya que lloverá mucho, mi hermano verá televisión"
"Apenas mi hermana canto, los ninos jugaron en el patio.","Apenas mi hermana cantó, los niños jugaron en el patio."
Mis hermanas que trajo mi mamá está tan triste ayer.,Mis hermanas que trajo mi mamá están tan tristes ayer.
"los sabados siempre que me levanto, ella lee un libro","los sábados siempre que me levanto, ella lee un libro"
"si tu no quieres, yo me quedo en casa","si tú no quieres, yo me quedo en casa"
"como estudiaste mucho, mi abuela cosio","como estudiaste mucho, mi abuela cosió"
"como los ninos juegan en el patio, nos quedamos en casa","como los niños juegan en el patio, nos quedamos en casa"
"Porque llegare tarde, tomaremos te.","Porque llegaré tarde, tomaremos té."
"el sabado ya que no tengo dinero, los vecinos hacen ruido","el sábado ya que no tengo dinero, los vecinos hacen ruido"
la casa del jardin quedo demasiado rota,la casa del jardín quedó demasiado rota
tomamos te mientras el bebe duerme,tomamos té mientras el bebé duerme
"hasta que salgamos de casa, no podras salir","hasta que salgamos de casa, no podrás salir"
las mesas que vimos el sábado será muy fría esta mañana,las mesas que vimos el sábado serán muy frías esta mañana
el nino estuvo demasiado feliz todavia,el niño estuvo demasiado feliz todavía
"cuando me levanto, tomo te con leche","cuando me levanto, tomo té con leche"
"el sabado cuando haga la tarea, no te preocupes","el sábado cuando haga la tarea, no te preocupes"
"Apenas hacia frio, mi papa estaba feliz.","Apenas hacía frío, mi papá estaba feliz."
"aunque tu no quieres, ella leera un libro","aunque tú no quieres, ella leerá un libro"
mi hermano ve television porque hay sol,mi hermano ve televisión porque hay sol
la tarea estaba dificil,la tarea estaba difícil
nos quedaremos en casa aunque los ninos jugaran en el patio,nos quedaremos en casa aunque los niños jugarán en el patio
mi mama estara feliz ya que tendre tiempo,mi mamá estará feliz ya que tendré tiempo
hoy iremos a la piscina aunque no tendre dinero,hoy iremos a la piscina aunque no tendré dinero
Mis hermanas que compré era limpia.,Mis hermanas que compré eran limpias.
Las manzanas estuvo muy sucias otra vez.,Las manzanas estuvieron muy sucias otra vez.
Mis amigos que vi ayer estaba demasiado cansado hoy.,Mis amigos que vi ayer estaban demasiado cansados hoy.
los libros que trajo mi mama quedo muy ordenado otra vez,los libros que trajo mi mamá quedaron muy ordenados otra vez
hoy iremos al parque porque el bus llegara tarde,hoy iremos al parque porque el bus llegará tarde
"hoy aunque tu no quieres, nos quedamos en casa","hoy aunque tú no quieres, nos quedamos en casa"
"apenas llego a casa, mi papa esta feliz","apenas llego a casa, mi papá está feliz"
Mi papa estaba feliz apenas todos estaban alli.,Mi papá estaba feliz apenas todos estaban allí.
los platos que vi ayer estara muy rico,los platos que vi ayer estarán muy ricos
"El sabado como estaba oscuro, nos quedamos en casa.","El sábado como estaba oscuro, nos quedamos en casa."
el arbol que compre sera demasiado limpio otra vez,el árbol que compré será demasiado limpio otra vez
en la tarde mi mama esta tranquila mientras termino la tarea,en la tarde mi mamá está tranquila mientras termino la tarea
"Hoy aunque el profesor explicara la leccion, todos comeran juntos.","Hoy aunque el profesor explicará la lección, todos comerán juntos."
en la tarde como fruta cada vez que hace frio,en la tarde como fruta cada vez que hace frío
los platos que compré parecen muy sucio,los platos que compré parecen muy sucios
"Apenas mi mama cocino, yo hice la tarea.","Apenas mi mamá cocinó, yo hice la tarea."
en la tarde mi abuela cosio cuando tu no querias,en la tarde mi abuela cosió cuando tú no querías
los gatos está bastante contento hoy,los gatos están bastante contentos hoy
Casi siempre veo television cada vez que llego al colegio.,Casi siempre veo televisión cada vez que llego al colegio.
"Porque habra sol, mi hermano vera television.","Porque habrá sol, mi hermano verá televisión."
"si el bus llega tarde, mi mama esta tranquila","si el bus llega tarde, mi mamá está tranquila"
El sabado yo hice la tarea apenas los ninos jugaban en el patio.,El sábado yo hice la tarea apenas los niños jugaban en el patio.
los sabados me acuesto temprano cuando hay sol,los sábados me acuesto temprano cuando hay sol
"siempre cuando estoy cansado, veo television","siempre cuando estoy cansado, veo televisión"
"Mientras yo cocino, mi mama prepara el cafe.","Mientras yo cocino, mi mamá prepara el café."
"hoy cuando llegamos al colegio, llamame","hoy cuando lleguemos al colegio, llámame"
"mas tarde apenas vengas a mi casa, vamos a jugar","más tarde apenas vengas a mi casa, vamos a jugar"
Mi mama prepara el cafe cada vez que tengo tiempo.,Mi mamá prepara el café cada vez que tengo tiempo.
"En la tarde como vienes temprano, tomamos te.","En la tarde como vienes temprano, tomamos té."
"esta semana cuando no tenia dinero, el perro durmio en el sofa","esta semana cuando no tenía dinero, el perro durmió en el sofá"
Todos los dias mi mama prepara el cafe cada vez que llego al colegio.,Todos los días mi mamá prepara el café cada vez que llego al colegio.
"los sabados cada vez que tengo hambre, mi perro se pone feliz","los sábados cada vez que tengo hambre, mi perro se pone feliz"
"Hoy cuando el bebe dormia, todos comieron juntos.","Hoy cuando el bebé dormía, todos comieron juntos."
"cuando nieva en la sierra, el perro duerme en el sofa","cuando nieva en la sierra, el perro duerme en el sofá"
"Hoy aunque llegue a casa, el perro durmio en el sofa.","Hoy aunque llegué a casa, el perro durmió en el sofá."
Manana ella leera un libro si tu no quieres.,Mañana ella leerá un libro si tú no quieres.
"Porque tuve tiempo, mi abuela cosio.","Porque tuve tiempo, mi abuela cosió."
"porque mi hermana canto, el perro durmio en el sofa","porque mi hermana cantó, el perro durmió en el sofá"
Las tareas parece demasiado pequeñas todavía.,Las tareas parecen demasiado pequeñas todavía.
pregunta si mi mama toma te por la tarde,pregunta si mi mamá toma té por la tarde
"el sabado si los ninos juegan en el patio, tomamos te","el sábado si los niños juegan en el patio, tomamos té"
"manana cuando crezcas, te avisare","mañana cuando crezcas, te avisaré"
"cuando tenemos dinero, escríbeme","cuando tengamos dinero, escríbeme"
los cuadernos del jardín era bastante vacío,los cuadernos del jardín eran bastante vacíos
las calles que compré era bastante bonita,las calles que compré eran bastante bonitas
el sabado no podemos salir ya que hay sol,el sábado no podemos salir ya que hay sol
Mi mama esta tranquila porque el bebe duerme.,Mi mamá está tranquila porque el bebé duerme.
En la tarde mi abuela cosio porque me dolia la cabeza.,En la tarde mi abuela cosió porque me dolía la cabeza.
mi hermano vio television porque no hubo clases,mi hermano vio televisión porque no hubo clases
"si el perro ladra, el perro duerme en el sofa","si el perro ladra, el perro duerme en el sofá"
"los sabados apenas hay sol, me acuesto temprano","los sábados apenas hay sol, me acuesto temprano"
los gatos de la cocina está contentos esta mañana,los gatos de la cocina están contentos esta mañana
los cuartos que vimos el sábado estuvo demasiado fácil ayer,los cuartos que vimos el sábado estuvieron demasiado fáciles ayer
Mama dice que el te ayuda con la tarea.,Mamá dice que él te ayuda con la tarea.
"todos los dias cada vez que salgo del colegio, estoy tranquilo","todos los días cada vez que salgo del colegio, estoy tranquilo"
"Mas tarde cuando lleguemos al colegio, iremos a la piscina.","Más tarde cuando lleguemos al colegio, iremos a la piscina."
"el sabado mientras mi hermana canta, mi mama prepara el cafe","el sábado mientras mi hermana canta, mi mamá prepara el café"
Todos los dias veo television siempre que llego al colegio.,Todos los días veo televisión siempre que llego al colegio.
"Mas tarde apenas empieces a estudiar, te llamo.","Más tarde apenas empieces a estudiar, te llamo."
Todos los dias mi mama prepara el cafe siempre que vamos al parque.,Todos los días mi mamá prepara el café siempre que vamos al parque.
mis amigos de la cocina está tan viejos otra vez,mis amigos de la cocina están tan viejos otra vez
"apenas estemos en casa, jugare con mis amigos","apenas estemos en casa, jugaré con mis amigos"
mi amigo que vi ayer estuvo listo esta manana,mi amigo que vi ayer estuvo listo esta mañana
"apenas hagas la cama, podras salir","apenas hagas la cama, podrás salir"
"como esta oscuro, yo estudio","como está oscuro, yo estudio"
se que el te invito a la fiesta,sé que él te invitó a la fiesta
mis amigos del jardín parecía muy mojado hoy,mis amigos del jardín parecían muy mojados hoy
esta semana fuimos al parque porque el bus llego tarde,esta semana fuimos al parque porque el bus llegó tarde
"apenas todos estaban alli, nos quedamos en casa","apenas todos estaban allí, nos quedamos en casa"
los cuartos eran ordenado hoy,los cuartos eran ordenados hoy
"en la tarde siempre que mi papa llega del trabajo, saludo a mis amigos","en la tarde siempre que mi papá llega del trabajo, saludo a mis amigos"
la casa de la escuela estaba pequena todavia,la casa de la escuela estaba pequeña todavía
"hoy apenas veo a mi abuela, no te preocupes","hoy apenas vea a mi abuela, no te preocupes"
"en la tarde como hacia frio, yo hice la tarea","en la tarde como hacía frío, yo hice la tarea"
"apenas el bebe dormia, nos quedamos en casa","apenas el bebé dormía, nos quedamos en casa"
Los platos estuvieron muy sucio esta mañana.,Los platos estuvieron muy sucios esta mañana.
"mientras llegue a casa, los vecinos hicieron ruido","mientras llegué a casa, los vecinos hicieron ruido"
ayer ella leyo un libro apenas el bus llego tarde,ayer ella leyó un libro apenas el bus llegó tarde
el perro de mi tia es alegre,el perro de mi tía es alegre
mis primos de mi tía es muy bonito,mis primos de mi tía son muy bonitos
"Los sabados cuando me levanto, nos quedamos en casa.","Los sábados cuando me levanto, nos quedamos en casa."
los zapatos que me regalaron parecía muy difíciles otra vez,los zapatos que me regalaron parecían muy difíciles otra vez
"ayer aunque el bus llego tarde, mi abuela cosio","ayer aunque el bus llegó tarde, mi abuela cosió"
"Más tarde cuando puedes, te lo contaré.","Más tarde cuando puedas, te lo contaré."
El cuaderno es facil.,El cuaderno es fácil.
"Ayer como el bebe dormia, mi abuela cosio.","Ayer como el bebé dormía, mi abuela cosió."
las mesas es demasiado fría todavía,las mesas son demasiado frías todavía
"cuando los ninos jugaban en el patio, yo me quede en casa","cuando los niños jugaban en el patio, yo me quedé en casa"
"en la tarde porque mi papa trabajo, mi abuela cosio","en la tarde porque mi papá trabajó, mi abuela cosió"
"el sabado mientras mi papa trabaja, yo hago la tarea","el sábado mientras mi papá trabaja, yo hago la tarea"
las tareas estuvieron tan mojada otra vez,las tareas estuvieron tan mojadas otra vez
sali a caminar apenas hacia frio,salí a caminar apenas hacía frío
los perros de mi tía será demasiado grande otra vez,los perros de mi tía serán demasiado grandes otra vez
Se que el te conoce.,Sé que él te conoce.
el sabado vendre a verte cuando empiece las clases,el sábado vendré a verte cuando empiece las clases
"ayer como no hubo clases, mi papa estaba feliz","ayer como no hubo clases, mi papá estaba feliz"
"Aunque estudiaras mucho, nos quedaremos en casa.","Aunque estudiarás mucho, nos quedaremos en casa."
Los platos que compré parece pequeño.,Los platos que compré parecen pequeños.
Manana nos vamos cuando salgamos de casa.,Mañana nos vamos cuando salgamos de casa.
todos los dias ella lee un libro cada vez que vamos al parque,todos los días ella lee un libro cada vez que vamos al parque
las manzanas son muy bonita hoy,las manzanas son muy bonitas hoy
"Apenas llegue a casa, no pudimos salir.","Apenas llegué a casa, no pudimos salir."
"en cuanto podemos, saldremos a pasear","en cuanto podamos, saldremos a pasear"
Manana vendre a verte cuando pueda.,Mañana vendré a verte cuando pueda.
los libros de la escuela parecían grande otra vez,los libros de la escuela parecían grandes otra vez
En la tarde sali a caminar apenas el bus llego tarde.,En la tarde salí a caminar apenas el bus llegó tarde.
Los cuadernos que vi ayer fueron bastante pequeño.,Los cuadernos que vi ayer fueron bastante pequeños.
Las casas estará bastante pequeña.,Las casas estarán bastante pequeñas.
"siempre cuando mi papa llega del trabajo, mi papa esta feliz","siempre cuando mi papá llega del trabajo, mi papá está feliz"
"el sabado cuando llegas a casa, esperame","el sábado cuando llegues a casa, espérame"
"mas tarde hasta que veo a mi abuela, no saldre","más tarde hasta que vea a mi abuela, no saldré"
"Hasta que veas la pelicula, no comeremos.","Hasta que veas la película, no comeremos."
el sabado te escribo cuando vengamos del parque,el sábado te escribo cuando vengamos del parque
Casi siempre tomo te con leche cuando juego futbol.,Casi siempre tomo té con leche cuando juego fútbol.
las flores era fria,las flores eran frías
mi mama esta tranquila mientras llueve mucho,mi mamá está tranquila mientras llueve mucho
en la tarde los ninos jugaran en el patio ya que hara frio,en la tarde los niños jugarán en el patio ya que hará frío
"apenas mi mama cocino, sali a caminar","apenas mi mamá cocinó, salí a caminar"
los cuadernos que compré fueron muy pequeño,los cuadernos que compré fueron muy pequeños
los arboles que compre estaba tan rico,los árboles que compré estaban tan ricos
Las niñas que trajo mi mamá estuvo contenta.,Las niñas que trajo mi mamá estuvieron contentas.
"Esta semana como el profesor explico la leccion, mi papa estaba feliz.","Esta semana como el profesor explicó la lección, mi papá estaba feliz."
"siempre cuando tengo hambre, mi papa esta feliz","siempre cuando tengo hambre, mi papá está feliz"
"El sabado cuando yo cocino, mi abuela cose.","El sábado cuando yo cocino, mi abuela cose."
"apenas estes mejor, me acostare","apenas estés mejor, me acostaré"
sacare buena nota si esta oscuro,sacaré buena nota si está oscuro
las calles del jardin estara pequenas,las calles del jardín estarán pequeñas
"siempre que es sabado, ayudo a mi mama","siempre que es sábado, ayudo a mi mamá"
nos quedamos en casa apenas mi hermana canto,nos quedamos en casa apenas mi hermana cantó
mama dice que el te esta frio,mamá dice que el té está frío
"como el perro ladra, mi hermano ve television","como el perro ladra, mi hermano ve televisión"
las ventanas que compre estara nueva todavia,las ventanas que compré estarán nuevas todavía
los zapatos que vi ayer estuvo demasiado mojado,los zapatos que vi ayer estuvieron demasiado mojados
Los árboles que vi ayer parecía muy difícil.,Los árboles que vi ayer parecían muy difíciles.
"manana hasta que tengamos dinero, no saldre","mañana hasta que tengamos dinero, no saldré"
La calle de mi tia estuvo demasiado bonita otra vez.,La calle de mi tía estuvo demasiado bonita otra vez.
"ya que hace frio, ella lee un libro","ya que hace frío, ella lee un libro"
las ventanas parece tan mojada hoy,las ventanas parecen tan mojadas hoy
"todos los dias cuando llego a casa, veo television","todos los días cuando llego a casa, veo televisión"
Los sabados descanso un rato cuando llueve.,Los sábados descanso un rato cuando llueve.
"mientras nevo en la sierra, mi mama preparo el cafe","mientras nevó en la sierra, mi mamá preparó el café"
"Mas tarde cuando puedas, te lo contare.","Más tarde cuando puedas, te lo contaré."
"manana cuando vuelvas de viaje, iremos a la piscina","mañana cuando vuelvas de viaje, iremos a la piscina"
los sabados me lavo las manos cada vez que llueve,los sábados me lavo las manos cada vez que llueve
los platos de la cocina estará difícil todavía,los platos de la cocina estarán difíciles todavía
en la tarde los ninos juegan en el patio porque estamos cansados,en la tarde los niños juegan en el patio porque estamos cansados
el gato que vimos el sabado esta muy triste todavia,el gato que vimos el sábado está muy triste todavía
manana mi hermano vera television si salimos del colegio,mañana mi hermano verá televisión si salimos del colegio
"en la tarde como no hubo clases, tomamos te","en la tarde como no hubo clases, tomamos té"
"si nieva en la sierra, los ninos jugaran en el patio","si nieva en la sierra, los niños jugarán en el patio"
las calles fue tan mojadas otra vez,las calles fueron tan mojadas otra vez
Más tarde iré al parque en cuanto ves la película.,Más tarde iré al parque en cuanto veas la película.
"en la tarde ya que habia sol, todos comieron juntos","en la tarde ya que había sol, todos comieron juntos"
Estoy seguro de que el te ayuda con la tarea.,Estoy seguro de que él te ayuda con la tarea.
creo que mi mama toma te por la tarde,creo que mi mamá toma té por la tarde
"Si termino la tarea, mi mama esta tranquila.","Si termino la tarea, mi mamá está tranquila."
"Apenas el perro ladro, todos comieron juntos.","Apenas el perro ladró, todos comieron juntos."
"El sabado en cuanto empiece las clases, hacemos la tarea.","El sábado en cuanto empiece las clases, hacemos la tarea."
el gato de mi tia quedo muy pequeno esta manana,el gato de mi tía quedó muy pequeño esta mañana
"El sabado ya que estaremos cansados, yo hare la tarea.","El sábado ya que estaremos cansados, yo haré la tarea."
"esta semana apenas llovio mucho, nos quedamos en casa","esta semana apenas llovió mucho, nos quedamos en casa"
esperaremos aqui hasta que empiece las clases,esperaremos aquí hasta que empiece las clases
Los libros que trajo mi mamá están muy rico todavía.,Los libros que trajo mi mamá están muy ricos todavía.
"los sabados cuando llego al colegio, hago la tarea","los sábados cuando llego al colegio, hago la tarea"
Te lo cuento cuando veas la pelicula.,Te lo cuento cuando veas la película.
los niños de la cocina estuvo triste,los niños de la cocina estuvieron tristes
Los niños de la cocina era muy bonito ayer.,Los niños de la cocina eran muy bonitos ayer.
"apenas salimos de casa, avísame","apenas salgamos de casa, avísame"
mi hermano vio television ya que el bebe dormia,mi hermano vio televisión ya que el bebé dormía
Ayer yo me quede en casa mientras mi hermana canto.,Ayer yo me quedé en casa mientras mi hermana cantó.
"Esta tarde cuando hacemos la compra, iremos a la piscina.","Esta tarde cuando hagamos la compra, iremos a la piscina."
el te invito a la fiesta,él te invitó a la fiesta
"esta semana ya que hara calor, jugare con mis amigos","esta semana ya que hará calor, jugaré con mis amigos"
"esta semana ya que termine la tarea, mi papa estaba feliz","esta semana ya que terminé la tarea, mi papá estaba feliz"
los sabados me pongo el abrigo siempre que es sabado,los sábados me pongo el abrigo siempre que es sábado
Las manzanas de mi tía parecen bonita.,Las manzanas de mi tía parecen bonitas.
"Manana aunque llovera mucho, saldre a caminar.","Mañana aunque lloverá mucho, saldré a caminar."
los cuadernos fueron bastante limpio hoy,los cuadernos fueron bastante limpios hoy
la calle que trajo mi mama era vieja otra vez,la calle que trajo mi mamá era vieja otra vez
"Apenas vuelvo del trabajo, espérame.","Apenas vuelva del trabajo, espérame."
las flores del jardin fue cara,las flores del jardín fueron caras
"Cuando sea de noche, jugare con mis amigos.","Cuando sea de noche, jugaré con mis amigos."
la tarea que trajo mi mama estaba tan nueva hoy,la tarea que trajo mi mamá estaba tan nueva hoy
las manzanas que vi ayer son nueva,las manzanas que vi ayer son nuevas
mis amigos serán tranquilo ayer,mis amigos serán tranquilos ayer
"Mientras mi hermana canta, los ninos juegan en el patio.","Mientras mi hermana canta, los niños juegan en el patio."
el gato es muy tranquilo todavia,el gato es muy tranquilo todavía
hoy ella leyo un libro porque mi hermana canto,hoy ella leyó un libro porque mi hermana cantó
"cuando llueve, ayudo a mi mama","cuando llueve, ayudo a mi mamá"
"Hoy cuando veo a mi abuela, jugaré con mis amigos.","Hoy cuando vea a mi abuela, jugaré con mis amigos."
Los niños de mi tía serán tan tranquilo.,Los niños de mi tía serán tan tranquilos.
"hoy ya que llegue a casa, todos comieron juntos","hoy ya que llegué a casa, todos comieron juntos"
los cuadernos del jardin sera bastante caros todavia,los cuadernos del jardín serán bastante caros todavía
los gatos parece bonito,los gatos parecen bonitos
las casas quedó difícil,las casas quedaron difíciles
"Porque me dolia la cabeza, mi mama estaba tranquila.","Porque me dolía la cabeza, mi mamá estaba tranquila."
"los sabados cuando veo a mi abuela, estoy tranquilo","los sábados cuando veo a mi abuela, estoy tranquilo"
"Hoy si no tengo dinero, mi mama preparara el cafe.","Hoy si no tengo dinero, mi mamá preparará el café."
los sabados me acuesto temprano cuando veo a mi abuela,los sábados me acuesto temprano cuando veo a mi abuela
"cuando mi mama cocina, nos quedamos en casa","cuando mi mamá cocina, nos quedamos en casa"
"el sabado como mi papa trabaja, los vecinos hacen ruido","el sábado como mi papá trabaja, los vecinos hacen ruido"
La mesa que vi ayer estuvo grande todavia.,La mesa que vi ayer estuvo grande todavía.
mas tarde jugare con mis amigos cuando hacemos la compra,más tarde jugaré con mis amigos cuando hagamos la compra
"aunque todos estaran aqui, mi papa estara feliz","aunque todos estarán aquí, mi papá estará feliz"
"Apenas yo cocine, yo me quede en casa.","Apenas yo cociné, yo me quedé en casa."
Los platos que me regalaron es tan limpio esta mañana.,Los platos que me regalaron son tan limpios esta mañana.
"manana en cuanto podamos, saldremos a pasear","mañana en cuanto podamos, saldremos a pasear"
las niñas parecían alegre,las niñas parecían alegres
las casas de la cocina fue muy difícil ayer,las casas de la cocina fueron muy difíciles ayer
los sabados ella lee un libro cada vez que llego al colegio,los sábados ella lee un libro cada vez que llego al colegio
"siempre que juego futbol, descanso un rato","siempre que juego fútbol, descanso un rato"
"apenas mi papa llega del trabajo, nos quedamos en casa","apenas mi papá llega del trabajo, nos quedamos en casa"
"el sabado mientras habia sol, mi abuela cosio","el sábado mientras había sol, mi abuela cosió"
los platos de mi tia seran muy sucio ayer,los platos de mi tía serán muy sucios ayer
"Los sabados cuando me levanto, mi papa esta feliz.","Los sábados cuando me levanto, mi papá está feliz."
manana mi hermano vera television aunque el bus llega tarde,mañana mi hermano verá televisión aunque el bus llega tarde
"apenas ella estaba enferma, mi abuela cosio","apenas ella estaba enferma, mi abuela cosió"
"manana cuando crezca, avisame","mañana cuando crezca, avísame"
"Aunque terminare la tarea, jugare con mis amigos.","Aunque terminaré la tarea, jugaré con mis amigos."
las ninas parece grande,las niñas parecen grandes
las niñas de la escuela eran tan lista,las niñas de la escuela eran tan listas
Salgo a caminar cuando mi mama cocina.,Salgo a caminar cuando mi mamá cocina.
"esta tarde cuando llegamos al colegio, te lo diré","esta tarde cuando lleguemos al colegio, te lo diré"
no se si el te esta muy rico,no sé si el té está muy rico
mi hermana que compre sera tan vieja,mi hermana que compré será tan vieja
"ayer apenas tu no querias, el perro durmio en el sofa","ayer apenas tú no querías, el perro durmió en el sofá"
"apenas estabamos cansados, todos comieron juntos","apenas estábamos cansados, todos comieron juntos"
las tareas estuvo tan vacia,las tareas estuvieron tan vacías
"hasta que vuelvas de viaje, me quedo aqui","hasta que vuelvas de viaje, me quedo aquí"
"Hoy porque terminare la tarea, jugare con mis amigos.","Hoy porque terminaré la tarea, jugaré con mis amigos."
"ya que habia sol, mi abuela cosio","ya que había sol, mi abuela cosió"
"todos los dias apenas salgo del colegio, mi papa esta feliz","todos los días apenas salgo del colegio, mi papá está feliz"
la tarea que trajo mi mama estuvo demasiado fria esta manana,la tarea que trajo mi mamá estuvo demasiado fría esta mañana
Los ninos jugaran en el patio porque estara oscuro.,Los niños jugarán en el patio porque estará oscuro.
Mis hermanas de mi tía parece bastante grande.,Mis hermanas de mi tía parecen bastante grandes.
"En la tarde si vienes temprano, los ninos jugaran en el patio.","En la tarde si vienes temprano, los niños jugarán en el patio."
"porque tuve tiempo, yo estudie","porque tuve tiempo, yo estudié"
los platos es tan bonitos otra vez,los platos son tan bonitos otra vez
"aunque los ninos juegan en el patio, los vecinos hacen ruido","aunque los niños juegan en el patio, los vecinos hacen ruido"
el cuarto del jardin era facil ayer,el cuarto del jardín era fácil ayer
En la tarde yo me quede en casa apenas viniste temprano.,En la tarde yo me quedé en casa apenas viniste temprano.
"apenas era tarde, el perro durmio en el sofa","apenas era tarde, el perro durmió en el sofá"
"manana en cuanto podemos, saldremos a pasear","mañana en cuanto podamos, saldremos a pasear"
los cuartos de la cocina quedaron lleno hoy,los cuartos de la cocina quedaron llenos hoy
"hoy apenas hacia calor, tomamos te","hoy apenas hacía calor, tomamos té"
"cuando salgo del colegio, saldremos a pasear","cuando salga del colegio, saldremos a pasear"
mis amigos es bastante cansado,mis amigos son bastante cansados
"aunque el profesor explicara la leccion, mi mama estara feliz","aunque el profesor explicará la lección, mi mamá estará feliz"
"hoy cuando habia sol, mi papa estaba feliz","hoy cuando había sol, mi papá estaba feliz"
mi mama estaba tranquila cuando habia sol,mi mamá estaba tranquila cuando había sol
la nina que me regalaron sera muy tranquila,la niña que me regalaron será muy tranquila
"Cuando vuelvas de viaje, descansare.","Cuando vuelvas de viaje, descansaré."
"mientras estabamos cansados, mi mama preparo el cafe","mientras estábamos cansados, mi mamá preparó el café"
los gatos que me regalaron estaban muy alegre,los gatos que me regalaron estaban muy alegres
Los libros del jardín fue muy lleno otra vez.,Los libros del jardín fueron muy llenos otra vez.
Pregunta si quiero un te con leche.,Pregunta si quiero un té con leche.
"Esta semana ya que llueve mucho, los ninos juegan en el patio.","Esta semana ya que llueve mucho, los niños juegan en el patio."
el perro de la cocina parece alegre esta manana,el perro de la cocina parece alegre esta mañana
Mi amigo del jardin quedo muy sucio esta manana.,Mi amigo del jardín quedó muy sucio esta mañana.
"ya que ella esta enferma, ella lee un libro","ya que ella está enferma, ella lee un libro"
"siempre que termino la tarea, mi papa esta feliz","siempre que termino la tarea, mi papá está feliz"
Hoy descansare apenas empieces a estudiar.,Hoy descansaré apenas empieces a estudiar.
"Todos los dias siempre que mi papa llega del trabajo, mi perro se pone feliz.","Todos los días siempre que mi papá llega del trabajo, mi perro se pone feliz."
"cuando mi mama cocina, me pongo el abrigo","cuando mi mamá cocina, me pongo el abrigo"
"esta semana si estamos cansados, todos comeran juntos","esta semana si estamos cansados, todos comerán juntos"
"más tarde hasta que vuelves de viaje, seguiré estudiando","más tarde hasta que vuelvas de viaje, seguiré estudiando"
tomamos te apenas el profesor explico la leccion,tomamos té apenas el profesor explicó la lección
"mas tarde cuando sea de noche, hacemos la tarea","más tarde cuando sea de noche, hacemos la tarea"
el perro duerme en el sofa porque mi papa trabaja,el perro duerme en el sofá porque mi papá trabaja
"Los sabados cada vez que leo un libro, ayudo a mi mama.","Los sábados cada vez que leo un libro, ayudo a mi mamá."
"todos los dias cuando mi papa llega del trabajo, me pongo el abrigo","todos los días cuando mi papá llega del trabajo, me pongo el abrigo"
"el sabado en cuanto termines de comer, avisame","el sábado en cuanto termines de comer, avísame"
Los zapatos que vimos el sábado será muy vacíos hoy.,Los zapatos que vimos el sábado serán muy vacíos hoy.
"como el profesor explica la leccion, los ninos juegan en el patio","como el profesor explica la lección, los niños juegan en el patio"
el nino de la cocina sera triste otra vez,el niño de la cocina será triste otra vez
En la tarde sali a caminar mientras estabamos cansados.,En la tarde salí a caminar mientras estábamos cansados.
"todos los dias cuando suena el timbre, ella lee un libro","todos los días cuando suena el timbre, ella lee un libro"
esta semana el perro duerme en el sofa mientras el bus llega tarde,esta semana el perro duerme en el sofá mientras el bus llega tarde
"en la tarde si los ninos juegan en el patio, los ninos juegan en el patio","en la tarde si los niños juegan en el patio, los niños juegan en el patio"
"Apenas termine la tarea, avisame.","Apenas termine la tarea, avísame."
"Cuando tengamos dinero, me acostare.","Cuando tengamos dinero, me acostaré."
Me duele la cabeza cuando mi papa llega del trabajo.,Me duele la cabeza cuando mi papá llega del trabajo.
el perro dormira en el sofa si no tengo dinero,el perro dormirá en el sofá si no tengo dinero
"en la tarde aunque mi hermana cantara, mi mama preparara el cafe","en la tarde aunque mi hermana cantará, mi mamá preparará el café"
"El sabado cuando terminemos el examen, te lo cuento.","El sábado cuando terminemos el examen, te lo cuento."
mas tarde mi mama estara feliz cuando vengamos del parque,más tarde mi mamá estará feliz cuando vengamos del parque
los zapatos que me regalaron quedó muy bonito otra vez,los zapatos que me regalaron quedaron muy bonitos otra vez
Mas tarde iremos a la piscina apenas hagas la cama.,Más tarde iremos a la piscina apenas hagas la cama.
la manzana estara bastante dificil,la manzana estará bastante difícil
ayer no pudimos salir apenas llegue a casa,ayer no pudimos salir apenas llegué a casa
creo que prefiero el te al cafe,creo que prefiero el té al café
"en la tarde aunque llegue a casa, mi hermano vio television","en la tarde aunque llegué a casa, mi hermano vio televisión"
los arboles de mi tia es tan ordenado esta manana,los árboles de mi tía son tan ordenados esta mañana
todos los dias salimos a jugar cuando llego al colegio,todos los días salimos a jugar cuando llego al colegio
los gatos de la escuela era tranquilo esta mañana,los gatos de la escuela eran tranquilos esta mañana
el sabado yo hare la tarea porque estara oscuro,el sábado yo haré la tarea porque estará oscuro
"cuando hace frio, los ninos juegan en el patio","cuando hace frío, los niños juegan en el patio"
las mesas estará demasiado fáciles todavía,las mesas estarán demasiado fáciles todavía
El te conoce.,Él te conoce.
los niños que trajo mi mamá es bastante contento ayer,los niños que trajo mi mamá son bastante contentos ayer
"Hasta que haga la tarea, esperame.","Hasta que haga la tarea, espérame."
Los cuartos de la cocina parecía muy grande todavía.,Los cuartos de la cocina parecían muy grandes todavía.
"casi siempre apenas hace frio, tomo te con leche","casi siempre apenas hace frío, tomo té con leche"
"el sabado aunque todos estaran aqui, yo hare la tarea","el sábado aunque todos estarán aquí, yo haré la tarea"
"esta semana si tu no quieres, mi mama prepara el cafe","esta semana si tú no quieres, mi mamá prepara el café"
las casas que me regalaron sera muy viejas,las casas que me regalaron serán muy viejas
los platos del jardín parece muy mojado ayer,los platos del jardín parecen muy mojados ayer
Mañana vendré a verte cuando llego a casa.,Mañana vendré a verte cuando llegue a casa.
hoy el perro duerme en el sofa ya que mi hermana canta,hoy el perro duerme en el sofá ya que mi hermana canta
las mesas que vi ayer parece bastante grande todavía,las mesas que vi ayer parecen bastante grandes todavía
"hasta que puedas, esperame","hasta que puedas, espérame"
"el sabado hasta que tenga tiempo, no te vayas","el sábado hasta que tenga tiempo, no te vayas"
Las niñas estaban contenta.,Las niñas estaban contentas.
"En cuanto este listo, hare la cena.","En cuanto esté listo, haré la cena."
"Cuando empiezo las clases, jugaré con mis amigos.","Cuando empiece las clases, jugaré con mis amigos."
Mi hermano ve television ya que el profesor explica la leccion.,Mi hermano ve televisión ya que el profesor explica la lección.
Los cuartos de mi tía era tan lleno ayer.,Los cuartos de mi tía eran tan llenos ayer.
el perro que compre es muy triste ayer,el perro que compré es muy triste ayer
no podrás salir hasta que volvemos a casa,no podrás salir hasta que volvamos a casa
los árboles será demasiado rico ayer,los árboles serán demasiado ricos ayer
"los sabados apenas llueve, me pongo el abrigo","los sábados apenas llueve, me pongo el abrigo"
Mis hermanas de la escuela está bastante felices otra vez.,Mis hermanas de la escuela están bastante felices otra vez.
"todos los dias cuando llueve, me pongo el abrigo","todos los días cuando llueve, me pongo el abrigo"
Las ventanas que trajo mi mamá estará demasiado ricas.,Las ventanas que trajo mi mamá estarán demasiado ricas.
mas tarde mi mama estara feliz cuando empieces a estudiar,más tarde mi mamá estará feliz cuando empieces a estudiar
"En la tarde ya que todos estaban alli, mi abuela cosio.","En la tarde ya que todos estaban allí, mi abuela cosió."
"mas tarde cuando este listo, salimos a pasear","más tarde cuando esté listo, salimos a pasear"
"Si mi papa trabaja, iremos a la piscina.","Si mi papá trabaja, iremos a la piscina."
los arboles que vimos el sabado esta bastante dificiles hoy,los árboles que vimos el sábado están bastante difíciles hoy
las manzanas que compré quedó muy bonita,las manzanas que compré quedaron muy bonitas
los platos que vimos el sábado parece demasiado frío esta mañana,los platos que vimos el sábado parecen demasiado fríos esta mañana
los ninos estuvo demasiado tranquilo todavia,los niños estuvieron demasiado tranquilos todavía
"Aunque mi mama cocina, yo hago la tarea.","Aunque mi mamá cocina, yo hago la tarea."
"casi siempre cuando mi mama cocina, ayudo a mi mama","casi siempre cuando mi mamá cocina, ayudo a mi mamá"
El cuarto que vimos el sabado esta nuevo esta manana.,El cuarto que vimos el sábado está nuevo esta mañana.
las niñas parecían bastante grande otra vez,las niñas parecían bastante grandes otra vez
"esta tarde cuando vuelves de viaje, escríbeme","esta tarde cuando vuelvas de viaje, escríbeme"
"hoy apenas volvamos a casa, te llamare","hoy apenas volvamos a casa, te llamaré"
los niños de la cocina quedó muy alegre ayer,los niños de la cocina quedaron muy alegres ayer
los cuartos de la escuela estarán demasiado nuevo hoy,los cuartos de la escuela estarán demasiado nuevos hoy
mi hermano vio television cuando hacia calor,mi hermano vio televisión cuando hacía calor
mis hermanas que vi ayer estuvo mojada todavia,mis hermanas que vi ayer estuvieron mojadas todavía
mi hermano ve television mientras mis amigos vienen,mi hermano ve televisión mientras mis amigos vienen
mama dice que el te esta en la mesa,mamá dice que el té está en la mesa
me quedo aqui hasta que termines de comer,me quedo aquí hasta que termines de comer
"En la tarde como los ninos jugaban en el patio, fuimos al parque.","En la tarde como los niños jugaban en el patio, fuimos al parque."
"en la tarde como tuve tiempo, sali a caminar","en la tarde como tuve tiempo, salí a caminar"
"esta tarde cuando es de noche, jugaré con mis amigos","esta tarde cuando sea de noche, jugaré con mis amigos"
Saldremos a pasear cuando veas la pelicula.,Saldremos a pasear cuando veas la película.
"en la tarde aunque nevo en la sierra, mi mama preparo el cafe","en la tarde aunque nevó en la sierra, mi mamá preparó el café"
Mis amigos que vimos el sábado están tan pequeño otra vez.,Mis amigos que vimos el sábado están tan pequeños otra vez.
"los sabados cuando llueve, estoy tranquilo","los sábados cuando llueve, estoy tranquilo"
los perros del jardin quedaron cansado todavia,los perros del jardín quedaron cansados todavía
"mañana cuando tenemos dinero, empezaremos a comer","mañana cuando tengamos dinero, empezaremos a comer"
creo que el te esta muy dulce,creo que el té está muy dulce
los cuadernos que vi ayer estara pequeno todavia,los cuadernos que vi ayer estarán pequeños todavía
"porque los ninos jugaran en el patio, mi mama preparara el cafe","porque los niños jugarán en el patio, mi mamá preparará el café"
Los árboles del jardín quedó sucio esta mañana.,Los árboles del jardín quedaron sucios esta mañana.
los ninos juegan en el patio mientras mi hermana canta,los niños juegan en el patio mientras mi hermana canta
"Hoy mientras el bebe dormia, yo hice la tarea.","Hoy mientras el bebé dormía, yo hice la tarea."
"porque sera tarde, todos comeran juntos","porque será tarde, todos comerán juntos"
"El sabado ya que saldremos del colegio, ella leera un libro.","El sábado ya que saldremos del colegio, ella leerá un libro."
los cuadernos que compré estuvieron muy pequeño,los cuadernos que compré estuvieron muy pequeños
"porque el bebe duerme, tomamos te","porque el bebé duerme, tomamos té"
"esta semana como mi mama cocino, mi hermano vio television","esta semana como mi mamá cocinó, mi hermano vio televisión"
"todos los dias cuando es sabado, todos comen juntos","todos los días cuando es sábado, todos comen juntos"
Esta tarde vendré a verte en cuanto llegas a casa.,Esta tarde vendré a verte en cuanto llegues a casa.
"esta tarde en cuanto salga del colegio, esperame","esta tarde en cuanto salga del colegio, espérame"
"en la tarde aunque el bus llego tarde, los vecinos hicieron ruido","en la tarde aunque el bus llegó tarde, los vecinos hicieron ruido"
"si no tengo dinero, mi mama prepara el cafe","si no tengo dinero, mi mamá prepara el café"
"hoy apenas termine la tarea, ella leyo un libro","hoy apenas terminé la tarea, ella leyó un libro"
"en la tarde apenas ella estaba enferma, mi mama preparo el cafe","en la tarde apenas ella estaba enferma, mi mamá preparó el café"
"El sabado mientras el profesor explica la leccion, los vecinos hacen ruido.","El sábado mientras el profesor explica la lección, los vecinos hacen ruido."
Mis amigos fue bonito hoy.,Mis amigos fueron bonitos hoy.
los arboles de la cocina estaba muy facil ayer,los árboles de la cocina estaban muy fáciles ayer
"Cuando hacia calor, sali a caminar.","Cuando hacía calor, salí a caminar."
las casas de mi tía parece muy rota,las casas de mi tía parecen muy rotas
"Todos los dias cuando llego a casa, me pongo el abrigo.","Todos los días cuando llego a casa, me pongo el abrigo."
las manzanas de mi tía fueron muy vacía,las manzanas de mi tía fueron muy vacías
mis primos de la cocina estaba bastante cansado,mis primos de la cocina estaban bastante cansados
"porque el profesor explicara la leccion, tomaremos te","porque el profesor explicará la lección, tomaremos té"
los ninos estara demasiado tranquilo hoy,los niños estarán demasiado tranquilos hoy
"como los ninos jugaban en el patio, nos quedamos en casa","como los niños jugaban en el patio, nos quedamos en casa"
El plato que compre parece muy roto hoy.,El plato que compré parece muy roto hoy.
las casas fue muy grandes esta mañana,las casas fueron muy grandes esta mañana
"hoy hasta que este listo, esperame","hoy hasta que esté listo, espérame"
"Ya que hacia frio, ella leyo un libro.","Ya que hacía frío, ella leyó un libro."
"cuando el perro ladra, mi papa esta feliz","cuando el perro ladra, mi papá está feliz"
los niños que compré estuvieron pequeño,los niños que compré estuvieron pequeños
las casas que vimos el sábado era muy vieja,las casas que vimos el sábado eran muy viejas
Esta tarde escribeme cuando crezca.,Esta tarde escríbeme cuando crezca.
Las mesas era bonita todavía.,Las mesas eran bonitas todavía.
"cuando veas la pelicula, me acostare","cuando veas la película, me acostaré"
mis primos de la cocina esta grande hoy,mis primos de la cocina están grandes hoy
"los sabados siempre que veo a mi abuela, nos quedamos en casa","los sábados siempre que veo a mi abuela, nos quedamos en casa"
"mas tarde cuando llegas a casa, te avisare","más tarde cuando llegues a casa, te avisaré"
"cuando sales de clase, comeremos juntos","cuando salgas de clase, comeremos juntos"
La casa que compre fue nueva.,La casa que compré fue nueva.
El sabado te aviso cuando salgamos de casa.,El sábado te aviso cuando salgamos de casa.
los perros que trajo mi mama estaba demasiado bonitos esta manana,los perros que trajo mi mamá estaban demasiado bonitos esta mañana
"Si mi hermana canta, mi mama preparara el cafe.","Si mi hermana canta, mi mamá preparará el café."
El plato de la cocina estara demasiado viejo hoy.,El plato de la cocina estará demasiado viejo hoy.
"apenas empiezas a estudiar, vendré a verte","apenas empieces a estudiar, vendré a verte"
"El sabado aunque no tengo dinero, el perro dormira en el sofa.","El sábado aunque no tengo dinero, el perro dormirá en el sofá."
La flor del jardin parecia muy nueva esta manana.,La flor del jardín parecía muy nueva esta mañana.
los niños están listo esta mañana,los niños están listos esta mañana
esta semana nos quedamos en casa cuando me dolia la cabeza,esta semana nos quedamos en casa cuando me dolía la cabeza
los niños que compré estaba muy limpios hoy,los niños que compré estaban muy limpios hoy
"el sabado ya que el bus llego tarde, los ninos jugaron en el patio","el sábado ya que el bus llegó tarde, los niños jugaron en el patio"
mis primos de la escuela está tan cansado hoy,mis primos de la escuela están tan cansados hoy
Los zapatos que me regalaron es bastante ordenado esta mañana.,Los zapatos que me regalaron son bastante ordenados esta mañana.
"En la tarde aunque me duele la cabeza, el perro dormira en el sofa.","En la tarde aunque me duele la cabeza, el perro dormirá en el sofá."
manana salimos a pasear en cuanto estemos en casa,mañana salimos a pasear en cuanto estemos en casa
Las tareas parecían bastante mojada hoy.,Las tareas parecían bastante mojadas hoy.
Mis hermanas que vimos el sábado estuvieron limpia.,Mis hermanas que vimos el sábado estuvieron limpias.
"En la tarde porque estudiaras mucho, sacare buena nota.","En la tarde porque estudiarás mucho, sacaré buena nota."
las ventanas que me regalaron fue difícil esta mañana,las ventanas que me regalaron fueron difíciles esta mañana
los cuadernos de la cocina será ordenado,los cuadernos de la cocina serán ordenados
esta semana mi mama preparo el cafe apenas el perro ladro,esta semana mi mamá preparó el café apenas el perro ladró
mas tarde esperame apenas tengas un rato,más tarde espérame apenas tengas un rato
los árboles estuvieron muy viejo todavía,los árboles estuvieron muy viejos todavía
las flores de mi tía quedaron cara esta mañana,las flores de mi tía quedaron caras esta mañana
manana mi hermano vera television si el perro ladra,mañana mi hermano verá televisión si el perro ladra
mas tarde llamame cuando llegas a casa,más tarde llámame cuando llegues a casa
"el sabado mientras no hay clases, mi hermano ve television","el sábado mientras no hay clases, mi hermano ve televisión"
"todos los dias cuando leo un libro, salimos a jugar","todos los días cuando leo un libro, salimos a jugar"
los zapatos de la cocina parecian muy sucio otra vez,los zapatos de la cocina parecían muy sucios otra vez
manana descansare en cuanto vuelvo del trabajo,mañana descansaré en cuanto vuelva del trabajo
"El sabado como hay sol, mi hermano ve television.","El sábado como hay sol, mi hermano ve televisión."
"Aunque el perro ladra, saldre a caminar.","Aunque el perro ladra, saldré a caminar."
"siempre cuando suena el timbre, veo television","siempre cuando suena el timbre, veo televisión"
"mas tarde cuando pueda, te aviso","más tarde cuando pueda, te aviso"
"mas tarde cuando salga del colegio, te lo cuento","más tarde cuando salga del colegio, te lo cuento"
"como termine la tarea, mi mama estaba tranquila","como terminé la tarea, mi mamá estaba tranquila"
"mientras me duele la cabeza, mi mama prepara el cafe","mientras me duele la cabeza, mi mamá prepara el café"
esta semana mi abuela cosio porque estabamos cansados,esta semana mi abuela cosió porque estábamos cansados
"Hoy si estamos cansados, yo me quedare en casa.","Hoy si estamos cansados, yo me quedaré en casa."
Te avisaré cuando hacemos la compra.,Te avisaré cuando hagamos la compra.
Mi hermano vera television aunque mi hermana cantara.,Mi hermano verá televisión aunque mi hermana cantará.
"porque tuve tiempo, mi hermano vio television","porque tuve tiempo, mi hermano vio televisión"
las niñas que vimos el sábado estarán sucia,las niñas que vimos el sábado estarán sucias
"siempre cuando hace frio, mi perro se pone feliz","siempre cuando hace frío, mi perro se pone feliz"
Las manzanas estuvo bastante llena otra vez.,Las manzanas estuvieron bastante llenas otra vez.
"todos los dias apenas mi hermana estudia, me pongo el abrigo","todos los días apenas mi hermana estudia, me pongo el abrigo"
"si mi mama cocina, vamos al parque","si mi mamá cocina, vamos al parque"
Los cuadernos de mi tía parecía muy rico ayer.,Los cuadernos de mi tía parecían muy ricos ayer.
"el sabado como mis amigos vienen, mi mama prepara el cafe","el sábado como mis amigos vienen, mi mamá prepara el café"
"esta tarde apenas empiezo las clases, veremos la película","esta tarde apenas empiece las clases, veremos la película"
Las manzanas de la escuela estaban demasiado fácil.,Las manzanas de la escuela estaban demasiado fáciles.
Las flores que trajo mi mamá están muy rota.,Las flores que trajo mi mamá están muy rotas.
"hoy cuando vengas a mi casa, esperame","hoy cuando vengas a mi casa, espérame"
"en la tarde mientras mi mama cocina, mi abuela cose","en la tarde mientras mi mamá cocina, mi abuela cose"
"manana en cuanto salgamos de casa, te lo cuento","mañana en cuanto salgamos de casa, te lo cuento"
"siempre que hace frio, como fruta","siempre que hace frío, como fruta"
Mi amigo que compre quedo muy grande ayer.,Mi amigo que compré quedó muy grande ayer.
la casa que compre quedo tan facil todavia,la casa que compré quedó tan fácil todavía
"los sabados siempre que mi hermana estudia, veo television","los sábados siempre que mi hermana estudia, veo televisión"
"Ya que estamos cansados, los ninos juegan en el patio.","Ya que estamos cansados, los niños juegan en el patio."
"cuando el profesor explica la leccion, nos quedamos en casa","cuando el profesor explica la lección, nos quedamos en casa"
"en la tarde porque estaba oscuro, tomamos te","en la tarde porque estaba oscuro, tomamos té"
el plato del jardin parece tan dificil otra vez,el plato del jardín parece tan difícil otra vez
"esta tarde en cuanto salgo del colegio, espérame","esta tarde en cuanto salga del colegio, espérame"
los árboles que compré estará bastante ordenado esta mañana,los árboles que compré estarán bastante ordenados esta mañana
las niñas de la cocina estaba demasiado grandes,las niñas de la cocina estaban demasiado grandes
tomamos te ya que llegue a casa,tomamos té ya que llegué a casa
mas tarde empezaremos a comer apenas veas la pelicula,más tarde empezaremos a comer apenas veas la película
"manana cuando empiece las clases, podras salir","mañana cuando empiece las clases, podrás salir"
las casas fue bastante ordenada ayer,las casas fueron bastante ordenadas ayer
"en la tarde aunque mi papa trabaja, el perro duerme en el sofa","en la tarde aunque mi papá trabaja, el perro duerme en el sofá"
los árboles que vimos el sábado quedó muy vacíos esta mañana,los árboles que vimos el sábado quedaron muy vacíos esta mañana
parece que el te cuida bien,parece que él te cuida bien
"cuando estoy listo, espérame","cuando esté listo, espérame"
"esta semana aunque me duele la cabeza, tomamos te","esta semana aunque me duele la cabeza, tomamos té"
las niñas que vimos el sábado fue contenta,las niñas que vimos el sábado fueron contentas
"hoy apenas mis amigos vinieron, sali a caminar","hoy apenas mis amigos vinieron, salí a caminar"
"como tengo tiempo, mi papa esta feliz","como tengo tiempo, mi papá está feliz"
esta semana tomaremos te ya que estara oscuro,esta semana tomaremos té ya que estará oscuro
Los platos estuvo lleno.,Los platos estuvieron llenos.
el perro dormira en el sofa si tu no quieres,el perro dormirá en el sofá si tú no quieres
Me parece que el te ya esta servido.,Me parece que el té ya está servido.
"los sabados siempre que tengo tiempo, tomo te con leche","los sábados siempre que tengo tiempo, tomo té con leche"
Los niños de la cocina estará muy listo ayer.,Los niños de la cocina estarán muy listos ayer.
"Manana porque mi papa trabajara, mi mama preparara el cafe.","Mañana porque mi papá trabajará, mi mamá preparará el café."
"Apenas vuelva del trabajo, me acostare.","Apenas vuelva del trabajo, me acostaré."
"el sabado como no tengo dinero, ella lee un libro","el sábado como no tengo dinero, ella lee un libro"
En la tarde tomamos te apenas me dolia la cabeza.,En la tarde tomamos té apenas me dolía la cabeza.
el arbol de mi tia esta tan lleno hoy,el árbol de mi tía está tan lleno hoy
"Manana cuando volvamos a casa, nos vamos.","Mañana cuando volvamos a casa, nos vamos."
"Los sabados cuando mi papa llega del trabajo, me pongo el abrigo.","Los sábados cuando mi papá llega del trabajo, me pongo el abrigo."
el sabado me acostare apenas puedas,el sábado me acostaré apenas puedas
en la tarde ella lee un libro cada vez que mi mama cocina,en la tarde ella lee un libro cada vez que mi mamá cocina
mi primo que compre parecia limpio,mi primo que compré parecía limpio
los ninos era pequeno,los niños eran pequeños
Las flores que vi ayer quedó muy mojada otra vez.,Las flores que vi ayer quedaron muy mojadas otra vez.
los perros de mi tía está muy contento otra vez,los perros de mi tía están muy contentos otra vez
"aunque estaremos cansados, todos comeran juntos","aunque estaremos cansados, todos comerán juntos"
"El sabado porque habra sol, todos comeran juntos.","El sábado porque habrá sol, todos comerán juntos."
el nino de la cocina quedo mojado esta manana,el niño de la cocina quedó mojado esta mañana
el nino que vi ayer fue muy mojado esta manana,el niño que vi ayer fue muy mojado esta mañana
"mientras mi mama cocina, mi mama esta tranquila","mientras mi mamá cocina, mi mamá está tranquila"
"en la tarde si yo cocino, mi papa estara feliz","en la tarde si yo cocino, mi papá estará feliz"
"hasta que vea a mi abuela, no saldre","hasta que vea a mi abuela, no saldré"
"hoy porque el perro ladro, todos comieron juntos","hoy porque el perro ladró, todos comieron juntos"
los cuadernos de la cocina era tan nuevos hoy,los cuadernos de la cocina eran tan nuevos hoy
Las casas que vimos el sábado estuvo tan rica todavía.,Las casas que vimos el sábado estuvieron tan ricas todavía.
Mis amigos parecían mojado otra vez.,Mis amigos parecían mojados otra vez.
"Porque los ninos jugaban en el patio, los ninos jugaron en el patio.","Porque los niños jugaban en el patio, los niños jugaron en el patio."
"hoy como llovio mucho, mi mama preparo el cafe","hoy como llovió mucho, mi mamá preparó el café"
La ventana que trajo mi mama parece muy cara hoy.,La ventana que trajo mi mamá parece muy cara hoy.
"Hoy ya que hara frio, yo me quedare en casa.","Hoy ya que hará frío, yo me quedaré en casa."
las ninas de la escuela estuvo bastante pequena otra vez,las niñas de la escuela estuvieron bastante pequeñas otra vez
"En la tarde siempre que es sabado, ella lee un libro.","En la tarde siempre que es sábado, ella lee un libro."
más tarde espérame hasta que es de noche,más tarde espérame hasta que sea de noche
"aunque hace frio, jugare con mis amigos","aunque hace frío, jugaré con mis amigos"
me lavo las manos siempre que hace frio,me lavo las manos siempre que hace frío
Mas tarde nos vamos cuando tengas un rato.,Más tarde nos vamos cuando tengas un rato.
El sabado yo hago la tarea mientras nieva en la sierra.,El sábado yo hago la tarea mientras nieva en la sierra.
"El sabado aunque habra sol, mi hermano vera television.","El sábado aunque habrá sol, mi hermano verá televisión."
"hoy porque habia sol, fuimos al parque","hoy porque había sol, fuimos al parque"
"como mi papa trabajo, yo estudie","como mi papá trabajó, yo estudié"
hoy mi mama estaba tranquila aunque tu no querias,hoy mi mamá estaba tranquila aunque tú no querías
"mas tarde apenas vuelvas de viaje, podras salir","más tarde apenas vuelvas de viaje, podrás salir"
"Los sabados apenas juego futbol, mi papa esta feliz.","Los sábados apenas juego fútbol, mi papá está feliz."
"Todos los dias apenas juego futbol, me pongo el abrigo.","Todos los días apenas juego fútbol, me pongo el abrigo."
mis hermanas que vi ayer estuvo demasiado alegre otra vez,mis hermanas que vi ayer estuvieron demasiado alegres otra vez
me parece que el te de mi abuela esta delicioso,me parece que el té de mi abuela está delicioso
el zapato de la cocina estara demasiado roto,el zapato de la cocina estará demasiado roto
ayer mi abuela cosio apenas el bus llego tarde,ayer mi abuela cosió apenas el bus llegó tarde
"esta semana como el profesor explica la leccion, los ninos juegan en el patio","esta semana como el profesor explica la lección, los niños juegan en el patio"
los libros de mi tía será fácil todavía,los libros de mi tía serán fáciles todavía
"cuando no tengo dinero, mi mama esta tranquila","cuando no tengo dinero, mi mamá está tranquila"
la mesa era muy mojada esta manana,la mesa era muy mojada esta mañana
"hoy apenas vengo de la escuela, espérame","hoy apenas venga de la escuela, espérame"
"Cuando mi mama cocina, descanso un rato.","Cuando mi mamá cocina, descanso un rato."
"mas tarde hasta que salgas de clase, no comeremos","más tarde hasta que salgas de clase, no comeremos"
"Mientras salimos del colegio, mi mama esta tranquila.","Mientras salimos del colegio, mi mamá está tranquila."
"como ella esta enferma, yo estudio","como ella está enferma, yo estudio"
hoy ella leyo un libro cuando estabamos cansados,hoy ella leyó un libro cuando estábamos cansados
los zapatos del jardín es demasiado vacíos ayer,los zapatos del jardín son demasiado vacíos ayer
"casi siempre apenas mi papa llega del trabajo, ella lee un libro","casi siempre apenas mi papá llega del trabajo, ella lee un libro"
los árboles estuvo demasiado rico todavía,los árboles estuvieron demasiado ricos todavía
"mientras estabamos cansados, el perro durmio en el sofa","mientras estábamos cansados, el perro durmió en el sofá"
la nina de la escuela es muy feliz,la niña de la escuela es muy feliz
los cuadernos de la cocina estuvo muy mojados,los cuadernos de la cocina estuvieron muy mojados
"siempre que llego al colegio, ayudo a mi mama","siempre que llego al colegio, ayudo a mi mamá"
"Como los ninos juegan en el patio, los ninos juegan en el patio.","Como los niños juegan en el patio, los niños juegan en el patio."
"aunque el bebe dormia, el perro durmio en el sofa","aunque el bebé dormía, el perro durmió en el sofá"
los platos de mi tía quedó fácil,los platos de mi tía quedaron fáciles
Los platos de la escuela es tan ordenado otra vez.,Los platos de la escuela son tan ordenados otra vez.
"Manana aunque llueve mucho, mi papa estara feliz.","Mañana aunque llueve mucho, mi papá estará feliz."
el sabado ella lee un libro aunque hay sol,el sábado ella lee un libro aunque hay sol
"cuando habia sol, yo me quede en casa","cuando había sol, yo me quedé en casa"
"Si mi mama cocina, mi mama preparara el cafe.","Si mi mamá cocina, mi mamá preparará el café."
"el sabado aunque el profesor explico la leccion, sali a caminar","el sábado aunque el profesor explicó la lección, salí a caminar"
el sabado no podremos salir si vienes temprano,el sábado no podremos salir si vienes temprano
"aunque hace frio, yo hare la tarea","aunque hace frío, yo haré la tarea"
mis hermanas de la cocina fue demasiado pequenas otra vez,mis hermanas de la cocina fueron demasiado pequeñas otra vez
"cuando podamos, mi mama estara feliz","cuando podamos, mi mamá estará feliz"
"hoy cuando tengamos dinero, podras salir","hoy cuando tengamos dinero, podrás salir"
"en la tarde porque los ninos jugaran en el patio, el perro dormira en el sofa","en la tarde porque los niños jugarán en el patio, el perro dormirá en el sofá"
las tareas que trajo mi mama es limpia,las tareas que trajo mi mamá son limpias
La tarea que compre parece muy mojada otra vez.,La tarea que compré parece muy mojada otra vez.
Mis amigos de mi tía parece muy listo ayer.,Mis amigos de mi tía parecen muy listos ayer.
"como mi mama cocino, mi mama estaba tranquila","como mi mamá cocinó, mi mamá estaba tranquila"
"Ya que los ninos jugaran en el patio, yo hare la tarea.","Ya que los niños jugarán en el patio, yo haré la tarea."
ayer no pudimos salir porque llegue a casa,ayer no pudimos salir porque llegué a casa
las flores esta pequena todavia,las flores están pequeñas todavía
"Ayer apenas hacia frio, no pudimos salir.","Ayer apenas hacía frío, no pudimos salir."
"el sabado cuando venga de la escuela, esperame","el sábado cuando venga de la escuela, espérame"
"como tu no quieres, nos quedamos en casa","como tú no quieres, nos quedamos en casa"
Manana ire al parque cuando venga de la escuela.,Mañana iré al parque cuando venga de la escuela.
las flores del jardín fue demasiado nueva esta mañana,las flores del jardín fueron demasiado nuevas esta mañana
"ayer como tuve tiempo, ella leyo un libro","ayer como tuve tiempo, ella leyó un libro"
Mis amigos era muy felices otra vez.,Mis amigos eran muy felices otra vez.
"El sabado mientras el bus llega tarde, yo hago la tarea.","El sábado mientras el bus llega tarde, yo hago la tarea."
"esta semana porque estabamos cansados, nos quedamos en casa","esta semana porque estábamos cansados, nos quedamos en casa"
El arbol estara nuevo otra vez.,El árbol estará nuevo otra vez.
Sali a caminar apenas el perro ladro.,Salí a caminar apenas el perro ladró.
"aunque llegue a casa, sali a caminar","aunque llegué a casa, salí a caminar"
Mas tarde descansare cuando este listo.,Más tarde descansaré cuando esté listo.
"cuando hay sol, mi mama esta tranquila","cuando hay sol, mi mamá está tranquila"
"ayer cuando el bebe dormia, sali a caminar","ayer cuando el bebé dormía, salí a caminar"
"Más tarde cuando llegas a casa, iremos a la piscina.","Más tarde cuando llegues a casa, iremos a la piscina."
"esta semana si esta oscuro, sacare buena nota","esta semana si está oscuro, sacaré buena nota"
Veremos la pelicula cuando tengamos dinero.,Veremos la película cuando tengamos dinero.
siempre tomo te con leche cuando hace frio,siempre tomo té con leche cuando hace frío
mis hermanas que compre esta muy mojadas,mis hermanas que compré están muy mojadas
"Mas tarde en cuanto vengas a mi casa, ire al parque.","Más tarde en cuanto vengas a mi casa, iré al parque."
"esta semana ya que tu no querias, el perro durmio en el sofa","esta semana ya que tú no querías, el perro durmió en el sofá"
la nina de la cocina estaba muy mojada esta manana,la niña de la cocina estaba muy mojada esta mañana
en la tarde mi mama prepara el cafe cuando termino la tarea,en la tarde mi mamá prepara el café cuando termino la tarea
"como yo cocine, mi papa estaba feliz","como yo cociné, mi papá estaba feliz"
hoy te avisaré cuando puedo,hoy te avisaré cuando pueda
"casi siempre cuando suena el timbre, veo television","casi siempre cuando suena el timbre, veo televisión"
"aunque estabamos cansados, los ninos jugaron en el patio","aunque estábamos cansados, los niños jugaron en el patio"
los cuartos que me regalaron están vacío,los cuartos que me regalaron están vacíos
mi mama estaba tranquila mientras los ninos jugaban en el patio,mi mamá estaba tranquila mientras los niños jugaban en el patio
"hoy hasta que puedas, me quedo aqui","hoy hasta que puedas, me quedo aquí"
"En la tarde aunque termine la tarea, todos comieron juntos.","En la tarde aunque terminé la tarea, todos comieron juntos."
el cuaderno que compre estaba tan ordenado hoy,el cuaderno que compré estaba tan ordenado hoy
los perros parecía bastante grande,los perros parecían bastante grandes
yo me quedare en casa aunque termino la tarea,yo me quedaré en casa aunque termino la tarea
los gatos serán bastante triste,los gatos serán bastante tristes
"hoy como hacia frio, tomamos te","hoy como hacía frío, tomamos té"
el sabado sali a caminar ya que estudiaste mucho,el sábado salí a caminar ya que estudiaste mucho
las manzanas que vimos el sabado fue dificil todavia,las manzanas que vimos el sábado fueron difíciles todavía
"los sabados cada vez que mi mama cocina, mi perro se pone feliz","los sábados cada vez que mi mamá cocina, mi perro se pone feliz"
las ventanas estuvo demasiado mojada esta mañana,las ventanas estuvieron demasiado mojadas esta mañana
Mi abuela cose mientras ella esta enferma.,Mi abuela cose mientras ella está enferma.
"ya que todos estaran aqui, mi papa estara feliz","ya que todos estarán aquí, mi papá estará feliz"
"En la tarde apenas mi mama cocina, me pongo contento.","En la tarde apenas mi mamá cocina, me pongo contento."
"esta semana apenas hacia frio, no pudimos salir","esta semana apenas hacía frío, no pudimos salir"
hoy mi mama estaba tranquila apenas estudiaste mucho,hoy mi mamá estaba tranquila apenas estudiaste mucho
"El sabado cuando lleguemos al colegio, iremos a la piscina.","El sábado cuando lleguemos al colegio, iremos a la piscina."
"siempre cuando hace frio, todos comen juntos","siempre cuando hace frío, todos comen juntos"
"porque termine la tarea, yo hice la tarea","porque terminé la tarea, yo hice la tarea"
los cuadernos que vi ayer estuvieron bastante pequeño hoy,los cuadernos que vi ayer estuvieron bastante pequeños hoy
mis amigos estará viejo esta mañana,mis amigos estarán viejos esta mañana
"En la tarde ya que sera tarde, el perro dormira en el sofa.","En la tarde ya que será tarde, el perro dormirá en el sofá."
"apenas los ninos jugaban en el patio, tomamos te","apenas los niños jugaban en el patio, tomamos té"
"en la tarde porque no tenia dinero, yo me quede en casa","en la tarde porque no tenía dinero, yo me quedé en casa"
ayer mi mama preparo el cafe apenas habia sol,ayer mi mamá preparó el café apenas había sol
Los perros eran limpio otra vez.,Los perros eran limpios otra vez.
la casa que vi ayer esta tan pequena hoy,la casa que vi ayer está tan pequeña hoy
mis amigos que vi ayer sera muy bonito otra vez,mis amigos que vi ayer serán muy bonitos otra vez
los gatos de la cocina estuvo muy triste hoy,los gatos de la cocina estuvieron muy tristes hoy
"ya que el bus llega tarde, el perro duerme en el sofa","ya que el bus llega tarde, el perro duerme en el sofá"
"cuando es de noche, mi mama estara feliz","cuando sea de noche, mi mamá estará feliz"
los cuadernos quedó lleno,los cuadernos quedaron llenos
"los sabados siempre que tengo tiempo, ayudo a mi mama","los sábados siempre que tengo tiempo, ayudo a mi mamá"
El libro que trajo mi mama parecia muy frio.,El libro que trajo mi mamá parecía muy frío.
ayer tomamos te mientras termine la tarea,ayer tomamos té mientras terminé la tarea
los ninos jugaron en el patio aunque el bebe dormia,los niños jugaron en el patio aunque el bebé dormía
"esta semana porque el bebe dormia, tomamos te","esta semana porque el bebé dormía, tomamos té"
"como no hubo clases, mi mama estaba tranquila","como no hubo clases, mi mamá estaba tranquila"
tomo te con leche cuando vamos al parque,tomo té con leche cuando vamos al parque
"Todos los dias apenas es sabado, descanso un rato.","Todos los días apenas es sábado, descanso un rato."
los zapatos está rico ayer,los zapatos están ricos ayer
"manana cuando crezcas, te llamare","mañana cuando crezcas, te llamaré"
Fuimos al parque mientras el perro ladro.,Fuimos al parque mientras el perro ladró.
las mesas de mi tia estan limpia ayer,las mesas de mi tía están limpias ayer
los zapatos de la escuela quedó tan pequeño ayer,los zapatos de la escuela quedaron tan pequeños ayer
Los sabados descanso un rato siempre que llueve.,Los sábados descanso un rato siempre que llueve.
"esta tarde hasta que salgo del colegio, esperame","esta tarde hasta que salga del colegio, espérame"
Las calles del jardín estará bastante pequeñas otra vez.,Las calles del jardín estarán bastante pequeñas otra vez.
"Hoy apenas tengo tiempo, jugaré con mis amigos.","Hoy apenas tenga tiempo, jugaré con mis amigos."
mañana veremos la película cuando llego a casa,mañana veremos la película cuando llegue a casa
"en la tarde apenas llegue a casa, mi mama estaba tranquila","en la tarde apenas llegué a casa, mi mamá estaba tranquila"
"en la tarde si los ninos juegan en el patio, nos quedaremos en casa","en la tarde si los niños juegan en el patio, nos quedaremos en casa"
"mas tarde cuando vuelva del trabajo, podras salir","más tarde cuando vuelva del trabajo, podrás salir"
"hoy aunque salimos del colegio, los ninos jugaran en el patio","hoy aunque salimos del colegio, los niños jugarán en el patio"
las tareas que compre estara tan limpia hoy,las tareas que compré estarán tan limpias hoy
La calle estara muy dificil esta manana.,La calle estará muy difícil esta mañana.
los árboles de la escuela quedó difícil,los árboles de la escuela quedaron difíciles
el sabado vendre a verte cuando salgas de clase,el sábado vendré a verte cuando salgas de clase
"hoy si tu no quieres, los ninos juegan en el patio","hoy si tú no quieres, los niños juegan en el patio"
Los gatos estaba tan cansado todavía.,Los gatos estaban tan cansados todavía.
saldre a caminar aunque mi mama cocinara,saldré a caminar aunque mi mamá cocinará
las tareas del jardin seran muy mojada,las tareas del jardín serán muy mojadas
"Cuando vuelves de viaje, saldremos a pasear.","Cuando vuelvas de viaje, saldremos a pasear."
"Como salimos del colegio, tomamos te.","Como salimos del colegio, tomamos té."
En la tarde tomamos te cuando el bebe dormia.,En la tarde tomamos té cuando el bebé dormía.
"casi siempre cuando mi papa llega del trabajo, me pongo contento","casi siempre cuando mi papá llega del trabajo, me pongo contento"
"esta tarde cuando tenga tiempo, me acostare","esta tarde cuando tenga tiempo, me acostaré"
mas tarde escribeme cuando volvemos a casa,más tarde escríbeme cuando volvamos a casa
"ya que vendras temprano, sacare buena nota","ya que vendrás temprano, sacaré buena nota"
la mesa que vimos el sabado esta muy llena,la mesa que vimos el sábado está muy llena
mis primos de mi tia estara tan viejo todavia,mis primos de mi tía estarán tan viejos todavía
"todos los dias cada vez que juego futbol, me duele la cabeza","todos los días cada vez que juego fútbol, me duele la cabeza"
Las manzanas de la escuela están demasiado fácil todavía.,Las manzanas de la escuela están demasiado fáciles todavía.
"en cuanto empiece las clases, avisame","en cuanto empiece las clases, avísame"
"Mientras los ninos jugaban en el patio, sali a caminar.","Mientras los niños jugaban en el patio, salí a caminar."
En la tarde mi mama preparo el cafe apenas mi hermana canto.,En la tarde mi mamá preparó el café apenas mi hermana cantó.
"todos los dias cuando es sabado, me pongo el abrigo","todos los días cuando es sábado, me pongo el abrigo"
las mesas del jardin parecia tan nueva hoy,las mesas del jardín parecían tan nuevas hoy
"apenas mis amigos vinieron, mi mama estaba tranquila","apenas mis amigos vinieron, mi mamá estaba tranquila"
los cuartos que vimos el sábado parece demasiado nuevo esta mañana,los cuartos que vimos el sábado parecen demasiado nuevos esta mañana
los zapatos que vimos el sábado estuvieron demasiado lleno,los zapatos que vimos el sábado estuvieron demasiado llenos
los platos que compre quedo muy bonito,los platos que compré quedaron muy bonitos
Esta semana ella leyo un libro cuando el bus llego tarde.,Esta semana ella leyó un libro cuando el bus llegó tarde.
la casa de la escuela sera facil otra vez,la casa de la escuela será fácil otra vez
"ya que hara calor, yo me quedare en casa","ya que hará calor, yo me quedaré en casa"
"en cuanto estes mejor, comeremos juntos","en cuanto estés mejor, comeremos juntos"
los cuadernos que trajo mi mamá estuvo muy sucio,los cuadernos que trajo mi mamá estuvieron muy sucios
"El sabado aunque el bus llega tarde, salgo a caminar.","El sábado aunque el bus llega tarde, salgo a caminar."
el arbol que me regalaron estuvo lleno todavia,el árbol que me regalaron estuvo lleno todavía
"cuando veo a mi abuela, comeremos juntos","cuando vea a mi abuela, comeremos juntos"
manana nos vamos cuando vengas a mi casa,mañana nos vamos cuando vengas a mi casa
los sabados saludo a mis amigos cuando vamos al parque,los sábados saludo a mis amigos cuando vamos al parque
"el sabado mientras todos estan aqui, mi mama prepara el cafe","el sábado mientras todos están aquí, mi mamá prepara el café"
el plato sera demasiado caro hoy,el plato será demasiado caro hoy
"en la tarde cuando llovio mucho, mi mama estaba tranquila","en la tarde cuando llovió mucho, mi mamá estaba tranquila"
"Como los ninos juegan en el patio, nos quedamos en casa.","Como los niños juegan en el patio, nos quedamos en casa."
"el sabado si vienes temprano, los ninos juegan en el patio","el sábado si vienes temprano, los niños juegan en el patio"
los sabados como fruta apenas veo a mi abuela,los sábados como fruta apenas veo a mi abuela
los gatos parecía tan bonito hoy,los gatos parecían tan bonitos hoy
"Cuando hago la tarea, escríbeme.","Cuando haga la tarea, escríbeme."
las mesas estuvo tan ordenada hoy,las mesas estuvieron tan ordenadas hoy
"hoy aunque habia sol, los vecinos hicieron ruido","hoy aunque había sol, los vecinos hicieron ruido"
yo me quedo en casa mientras el profesor explica la leccion,yo me quedo en casa mientras el profesor explica la lección
en la tarde salgo a caminar ya que todos estan aqui,en la tarde salgo a caminar ya que todos están aquí
Las tareas de la escuela son bastante rota todavía.,Las tareas de la escuela son bastante rotas todavía.
los libros que vimos el sábado será fácil ayer,los libros que vimos el sábado serán fáciles ayer
"como hacia calor, yo me quede en casa","como hacía calor, yo me quedé en casa"
esta semana yo estudie apenas mi hermana canto,esta semana yo estudié apenas mi hermana cantó
"Esta semana apenas hacia frio, yo hice la tarea.","Esta semana apenas hacía frío, yo hice la tarea."
"mas tarde en cuanto hagas la cama, podras salir","más tarde en cuanto hagas la cama, podrás salir"
"Cuando pueda, jugare con mis amigos.","Cuando pueda, jugaré con mis amigos."
manana comeremos juntos cuando vuelva del trabajo,mañana comeremos juntos cuando vuelva del trabajo
"cada vez que salgo del colegio, ayudo a mi mama","cada vez que salgo del colegio, ayudo a mi mamá"
"Cuando el bus llego tarde, el perro durmio en el sofa.","Cuando el bus llegó tarde, el perro durmió en el sofá."
Las casas de la escuela parecían pequeña ayer.,Las casas de la escuela parecían pequeñas ayer.
"Como mis amigos vienen, mi hermano ve television.","Como mis amigos vienen, mi hermano ve televisión."
"aunque llego a casa, mi papa estara feliz","aunque llego a casa, mi papá estará feliz"
"hoy cuando mi mama cocina, el perro duerme en el sofa","hoy cuando mi mamá cocina, el perro duerme en el sofá"
Mi abuela cosio mientras estaba oscuro.,Mi abuela cosió mientras estaba oscuro.
"Mientras mis amigos vienen, mi papa esta feliz.","Mientras mis amigos vienen, mi papá está feliz."
"Cuando este listo, esperame.","Cuando esté listo, espérame."
"Apenas llovio mucho, los ninos jugaron en el patio.","Apenas llovió mucho, los niños jugaron en el patio."
Nos quedaremos en casa aunque mi papa trabajara.,Nos quedaremos en casa aunque mi papá trabajará.
"aunque esta oscuro, el perro dormira en el sofa","aunque está oscuro, el perro dormirá en el sofá"
ayudo a mi mama apenas termino la tarea,ayudo a mi mamá apenas termino la tarea
"hoy en cuanto estes mejor, descansare","hoy en cuanto estés mejor, descansaré"
"ya que hacia frio, los vecinos hicieron ruido","ya que hacía frío, los vecinos hicieron ruido"
Los árboles de mi tía estuvieron demasiado lleno ayer.,Los árboles de mi tía estuvieron demasiado llenos ayer.
"si ella esta enferma, no podremos salir","si ella está enferma, no podremos salir"
Los zapatos estuvieron pequeño.,Los zapatos estuvieron pequeños.
Los perros estará sucio otra vez.,Los perros estarán sucios otra vez.
"ya que viniste temprano, tomamos te","ya que viniste temprano, tomamos té"
"el sabado ya que termine la tarea, los ninos jugaron en el patio","el sábado ya que terminé la tarea, los niños jugaron en el patio"
el zapato del jardin estuvo bastante frio,el zapato del jardín estuvo bastante frío
"Hoy porque vendras temprano, los ninos jugaran en el patio.","Hoy porque vendrás temprano, los niños jugarán en el patio."
todos comieron juntos mientras no tenia dinero,todos comieron juntos mientras no tenía dinero
"hoy como llego a casa, el perro duerme en el sofa","hoy como llego a casa, el perro duerme en el sofá"
el plato que trajo mi mama sera grande,el plato que trajo mi mamá será grande
los platos de mi tia seran tan facil hoy,los platos de mi tía serán tan fáciles hoy
los platos de la cocina fue bastante grande,los platos de la cocina fueron bastante grandes
"casi siempre cada vez que hace frio, estoy tranquilo","casi siempre cada vez que hace frío, estoy tranquilo"
los niños que me regalaron están bastante viejo,los niños que me regalaron están bastante viejos
"hoy si hace frio, el perro dormira en el sofa","hoy si hace frío, el perro dormirá en el sofá"
Los perros era alegre.,Los perros eran alegres.
los cuadernos que vimos el sábado será grande hoy,los cuadernos que vimos el sábado serán grandes hoy
"Si termino la tarea, mi mama prepara el cafe.","Si termino la tarea, mi mamá prepara el café."
"En la tarde aunque habra sol, jugare con mis amigos.","En la tarde aunque habrá sol, jugaré con mis amigos."
"Cuando estabamos cansados, no pudimos salir.","Cuando estábamos cansados, no pudimos salir."
me acostare cuando vuelvas de viaje,me acostaré cuando vuelvas de viaje
"cuando mis amigos vinieron, mi abuela cosio","cuando mis amigos vinieron, mi abuela cosió"
el sabado salgo a caminar ya que mi mama cocina,el sábado salgo a caminar ya que mi mamá cocina
me acuesto temprano apenas mi mama cocina,me acuesto temprano apenas mi mamá cocina
los cuartos que vimos el sabado son caro hoy,los cuartos que vimos el sábado son caros hoy
manana comeremos juntos cuando vuelvo del trabajo,mañana comeremos juntos cuando vuelva del trabajo
Los platos fueron tan caro esta mañana.,Los platos fueron tan caros esta mañana.
"si yo cocino, yo hare la tarea","si yo cocino, yo haré la tarea"
el plato que vimos el sabado era muy mojado ayer,el plato que vimos el sábado era muy mojado ayer
mis amigos de la cocina estuvo muy contento todavía,mis amigos de la cocina estuvieron muy contentos todavía
"Ayer ya que el bebe dormia, mi mama preparo el cafe.","Ayer ya que el bebé dormía, mi mamá preparó el café."
el sabado mi mama prepara el cafe si me duele la cabeza,el sábado mi mamá prepara el café si me duele la cabeza
"Esta tarde hasta que podamos, no podras salir.","Esta tarde hasta que podamos, no podrás salir."
"ya que los ninos jugaran en el patio, mi hermano vera television","ya que los niños jugarán en el patio, mi hermano verá televisión"
las ventanas que vimos el sábado parecía tan bonita ayer,las ventanas que vimos el sábado parecían tan bonitas ayer
"en la tarde mientras llueve mucho, los ninos juegan en el patio","en la tarde mientras llueve mucho, los niños juegan en el patio"
"manana porque sera tarde, yo hare la tarea","mañana porque será tarde, yo haré la tarea"
Los vecinos hicieron ruido apenas termine la tarea.,Los vecinos hicieron ruido apenas terminé la tarea.
Las mesas de la cocina será muy grande todavía.,Las mesas de la cocina serán muy grandes todavía.
la casa que compre era dificil,la casa que compré era difícil
los platos estará fácil esta mañana,los platos estarán fáciles esta mañana
Ayer mi abuela cosio mientras estaba oscuro.,Ayer mi abuela cosió mientras estaba oscuro.
"todos los dias cuando vamos al parque, ayudo a mi mama","todos los días cuando vamos al parque, ayudo a mi mamá"
"ya que no hay clases, mi mama esta tranquila","ya que no hay clases, mi mamá está tranquila"
mañana comeremos juntos cuando tengo tiempo,mañana comeremos juntos cuando tenga tiempo
Ayer yo me quede en casa cuando tu no querias.,Ayer yo me quedé en casa cuando tú no querías.
"mientras el bebe dormia, el perro durmio en el sofa","mientras el bebé dormía, el perro durmió en el sofá"
tomamos te mientras llueve mucho,tomamos té mientras llueve mucho
mi primo del jardin parecia mojado todavia,mi primo del jardín parecía mojado todavía
"ya que mi papa trabajara, yo hare la tarea","ya que mi papá trabajará, yo haré la tarea"
"Hoy ya que estudias mucho, mi papa esta feliz.","Hoy ya que estudias mucho, mi papá está feliz."
"El sabado ya que yo cocino, nos quedamos en casa.","El sábado ya que yo cocino, nos quedamos en casa."
Las manzanas de la cocina es muy difíciles esta mañana.,Las manzanas de la cocina son muy difíciles esta mañana.
"Esta tarde cuando vienes a mi casa, escríbeme.","Esta tarde cuando vengas a mi casa, escríbeme."
los cuartos que compre parecian bastante roto,los cuartos que compré parecían bastante rotos
"el sabado aunque yo cocino, yo estudio","el sábado aunque yo cocino, yo estudio"
las casas que compré son grande todavía,las casas que compré son grandes todavía
"Hoy ya que llovera mucho, iremos al parque.","Hoy ya que lloverá mucho, iremos al parque."
"esta tarde cuando vienes a mi casa, empezaremos a comer","esta tarde cuando vengas a mi casa, empezaremos a comer"
"en la tarde aunque llueve mucho, saldre a caminar","en la tarde aunque llueve mucho, saldré a caminar"
"cada vez que tengo tiempo, mi mama prepara el cafe","cada vez que tengo tiempo, mi mamá prepara el café"
"el sabado apenas el bebe dormia, tomamos te","el sábado apenas el bebé dormía, tomamos té"
el zapato que trajo mi mama sera demasiado mojado otra vez,el zapato que trajo mi mamá será demasiado mojado otra vez
"hoy ya que sera tarde, todos comeran juntos","hoy ya que será tarde, todos comerán juntos"
el sabado salgo a caminar mientras salimos del colegio,el sábado salgo a caminar mientras salimos del colegio
las ventanas eran muy ordenada hoy,las ventanas eran muy ordenadas hoy
"Ya que el bus llega tarde, mi papa esta feliz.","Ya que el bus llega tarde, mi papá está feliz."
las tareas que vi ayer parece facil otra vez,las tareas que vi ayer parecen fáciles otra vez
"todos los dias cuando hace frio, tomo te con leche","todos los días cuando hace frío, tomo té con leche"
"ya que llovera mucho, mi papa estara feliz","ya que lloverá mucho, mi papá estará feliz"
"manana cuando estes mejor, iremos a la piscina","mañana cuando estés mejor, iremos a la piscina"
"hoy cuando mi papa trabaja, no podemos salir","hoy cuando mi papá trabaja, no podemos salir"
los gatos que me regalaron esta contento ayer,los gatos que me regalaron están contentos ayer
"aunque hace calor, tomaremos te","aunque hace calor, tomaremos té"
todos los dias nos quedamos en casa cuando estoy cansado,todos los días nos quedamos en casa cuando estoy cansado
El perro duerme en el sofa porque tu no quieres.,El perro duerme en el sofá porque tú no quieres.
En la tarde veo television cuando es sabado.,En la tarde veo televisión cuando es sábado.
todos los dias me pongo contento apenas es sabado,todos los días me pongo contento apenas es sábado
Siempre veo television cuando hay sol.,Siempre veo televisión cuando hay sol.
me acostaré cuando tienes un rato,me acostaré cuando tengas un rato
"el sabado mientras es tarde, yo estudio","el sábado mientras es tarde, yo estudio"
el sabado te lo cuento en cuanto crezca,el sábado te lo cuento en cuanto crezca
"En la tarde si salimos del colegio, los ninos jugaran en el patio.","En la tarde si salimos del colegio, los niños jugarán en el patio."
"siempre cuando vamos al parque, ayudo a mi mama","siempre cuando vamos al parque, ayudo a mi mamá"
"mientras viniste temprano, yo estudie","mientras viniste temprano, yo estudié"
Me acostare cuando tengas un rato.,Me acostaré cuando tengas un rato.
"en la tarde aunque no hay clases, tomaremos te","en la tarde aunque no hay clases, tomaremos té"
"Más tarde apenas tenemos dinero, te avisaré.","Más tarde apenas tengamos dinero, te avisaré."
mi papa esta feliz aunque salimos del colegio,mi papá está feliz aunque salimos del colegio
las manzanas que me regalaron estará bastante cara,las manzanas que me regalaron estarán bastante caras
mama dice que mi mama toma te por la tarde,mamá dice que mi mamá toma té por la tarde
las calles que trajo mi mamá estará tan pequeña ayer,las calles que trajo mi mamá estarán tan pequeñas ayer
"aunque tu no querias, los ninos jugaron en el patio","aunque tú no querías, los niños jugaron en el patio"
Las casas del jardín está difícil hoy.,Las casas del jardín están difíciles hoy.
"Como mi papa trabaja, los ninos juegan en el patio.","Como mi papá trabaja, los niños juegan en el patio."
"esta tarde cuando hagamos la compra, te llamare","esta tarde cuando hagamos la compra, te llamaré"
las flores estará tan fácil,las flores estarán tan fáciles
el te esta muy dulce,el té está muy dulce
las tareas estaba demasiado grande ayer,las tareas estaban demasiado grandes ayer
El sábado te avisaré en cuanto empiezo las clases.,El sábado te avisaré en cuanto empiece las clases.
tomamos te mientras no hubo clases,tomamos té mientras no hubo clases
"como el bebe dormia, yo estudie","como el bebé dormía, yo estudié"
los libros que me regalaron parece bonito hoy,los libros que me regalaron parecen bonitos hoy
"aunque salimos del colegio, mi hermano vio television","aunque salimos del colegio, mi hermano vio televisión"
los zapatos que vimos el sabado fue bastante limpio esta manana,los zapatos que vimos el sábado fueron bastante limpios esta mañana
la casa que vimos el sabado sera bastante rica hoy,la casa que vimos el sábado será bastante rica hoy
Las ventanas que vi ayer parece muy rica.,Las ventanas que vi ayer parecen muy ricas.
"Siempre que mi mama cocina, saludo a mis amigos.","Siempre que mi mamá cocina, saludo a mis amigos."
mas tarde te escribo cuando llegues a casa,más tarde te escribo cuando llegues a casa
espérame hasta que veo a mi abuela,espérame hasta que vea a mi abuela
"mas tarde apenas hagas la cama, iremos a la piscina","más tarde apenas hagas la cama, iremos a la piscina"
los perros estuvieron tan contento ayer,los perros estuvieron tan contentos ayer
"cuando crezcas, te llamare","cuando crezcas, te llamaré"
"Hoy apenas salgo del colegio, saldremos a pasear.","Hoy apenas salga del colegio, saldremos a pasear."
"si mis amigos vienen, el perro dormira en el sofa","si mis amigos vienen, el perro dormirá en el sofá"
Todos los dias tomo te con leche cuando estoy cansado.,Todos los días tomo té con leche cuando estoy cansado.
"los sabados siempre que suena el timbre, todos comen juntos","los sábados siempre que suena el timbre, todos comen juntos"
yo estudie mientras salimos del colegio,yo estudié mientras salimos del colegio
el sabado hacemos la tarea cuando venga de la escuela,el sábado hacemos la tarea cuando venga de la escuela
el sabado vendre a verte apenas hagamos la compra,el sábado vendré a verte apenas hagamos la compra
en la tarde ella leyo un libro apenas llegue a casa,en la tarde ella leyó un libro apenas llegué a casa
esta semana mi papa estaba feliz porque nevo en la sierra,esta semana mi papá estaba feliz porque nevó en la sierra
"si todos estan aqui, mi mama prepara el cafe","si todos están aquí, mi mamá prepara el café"
"El sabado porque el bus llego tarde, no pudimos salir.","El sábado porque el bus llegó tarde, no pudimos salir."
las manzanas son muy dificil,las manzanas son muy difíciles
"manana cuando vengo de la escuela, jugare con mis amigos","mañana cuando venga de la escuela, jugaré con mis amigos"
mis hermanas de la escuela esta muy feliz hoy,mis hermanas de la escuela están muy felices hoy
"porque el profesor explica la leccion, yo me quedo en casa","porque el profesor explica la lección, yo me quedo en casa"
Los libros que me regalaron fueron sucio todavía.,Los libros que me regalaron fueron sucios todavía.
Mi primo de la escuela estuvo tan mojado esta manana.,Mi primo de la escuela estuvo tan mojado esta mañana.
mis amigos que vimos el sabado estan muy limpio hoy,mis amigos que vimos el sábado están muy limpios hoy
"mientras mi papa trabaja, mi abuela cose","mientras mi papá trabaja, mi abuela cose"
mis hermanas que vi ayer estuvieron muy lista todavía,mis hermanas que vi ayer estuvieron muy listas todavía
Tomamos te si tengo tiempo.,Tomamos té si tengo tiempo.
Ayer yo hice la tarea apenas habia sol.,Ayer yo hice la tarea apenas había sol.
mi papa estaba feliz cuando llovio mucho,mi papá estaba feliz cuando llovió mucho
"esta semana aunque es tarde, tomaremos te","esta semana aunque es tarde, tomaremos té"
Las flores estará llenas todavía.,Las flores estarán llenas todavía.
"manana hasta que estamos en casa, esperaremos aqui","mañana hasta que estemos en casa, esperaremos aquí"
"apenas es sabado, me pongo el abrigo","apenas es sábado, me pongo el abrigo"
el sabado sali a caminar cuando yo cocine,el sábado salí a caminar cuando yo cociné
"esta tarde cuando salgo del colegio, iremos a la piscina","esta tarde cuando salga del colegio, iremos a la piscina"
los zapatos que vi ayer estará muy ordenados hoy,los zapatos que vi ayer estarán muy ordenados hoy
Esta semana iremos al parque aunque el bebe duerme.,Esta semana iremos al parque aunque el bebé duerme.
"el sabado aunque el bus llega tarde, mi hermano vera television","el sábado aunque el bus llega tarde, mi hermano verá televisión"
dice que el te esta frio,dice que el té está frío
los platos que trajo mi mamá estarán rico hoy,los platos que trajo mi mamá estarán ricos hoy
"esta tarde en cuanto hagas la cama, llamame","esta tarde en cuanto hagas la cama, llámame"
las niñas que me regalaron parecía bastante grandes ayer,las niñas que me regalaron parecían bastante grandes ayer
Los sabados mi mama prepara el cafe cada vez que veo a mi abuela.,Los sábados mi mamá prepara el café cada vez que veo a mi abuela.
"Cuando mi papa trabaja, yo hago la tarea.","Cuando mi papá trabaja, yo hago la tarea."
"en la tarde aunque viniste temprano, ella leyo un libro","en la tarde aunque viniste temprano, ella leyó un libro"
La mesa parece demasiado nueva esta manana.,La mesa parece demasiado nueva esta mañana.
"cuando vuelves de viaje, espérame","cuando vuelvas de viaje, espérame"
"ya que no hay clases, mi hermano ve television","ya que no hay clases, mi hermano ve televisión"
"mientras tuve tiempo, yo me quede en casa","mientras tuve tiempo, yo me quedé en casa"
"cuando suena el timbre, tomo te con leche","cuando suena el timbre, tomo té con leche"
El sabado el perro dormira en el sofa porque nevara en la sierra.,El sábado el perro dormirá en el sofá porque nevará en la sierra.
"El sabado como los ninos juegan en el patio, mi mama esta tranquila.","El sábado como los niños juegan en el patio, mi mamá está tranquila."
las calles que trajo mi mama quedo bastante grande,las calles que trajo mi mamá quedaron bastante grandes
"hasta que salimos de casa, no comeremos","hasta que salgamos de casa, no comeremos"
"Hoy en cuanto termine la tarea, te avisare.","Hoy en cuanto termine la tarea, te avisaré."
"casi siempre cada vez que me levanto, mi papa esta feliz","casi siempre cada vez que me levanto, mi papá está feliz"
"hoy apenas salimos del colegio, tomamos te","hoy apenas salimos del colegio, tomamos té"
Los gatos que compré estuvieron viejo ayer.,Los gatos que compré estuvieron viejos ayer.
"Esta semana ya que todos estan aqui, mi mama prepara el cafe.","Esta semana ya que todos están aquí, mi mamá prepara el café."
manana comeremos juntos apenas salgamos de casa,mañana comeremos juntos apenas salgamos de casa
"esta semana mientras hace frio, tomamos te","esta semana mientras hace frío, tomamos té"
en la tarde ella leyo un libro ya que el perro ladro,en la tarde ella leyó un libro ya que el perro ladró
"Cuando ella esta enferma, yo hago la tarea.","Cuando ella está enferma, yo hago la tarea."
Mis hermanas que trajo mi mamá quedó muy lista ayer.,Mis hermanas que trajo mi mamá quedaron muy listas ayer.
"Esta semana ya que el profesor explico la leccion, yo me quede en casa.","Esta semana ya que el profesor explicó la lección, yo me quedé en casa."
mis hermanas de la escuela estuvo muy contentas hoy,mis hermanas de la escuela estuvieron muy contentas hoy
"manana porque llovera mucho, los ninos jugaran en el patio","mañana porque lloverá mucho, los niños jugarán en el patio"
"todos los dias cuando estoy cansado, me lavo las manos","todos los días cuando estoy cansado, me lavo las manos"
"cuando llego al colegio, tomo te con leche","cuando llego al colegio, tomo té con leche"
Mis hermanas que trajo mi mamá parece muy vieja esta mañana.,Mis hermanas que trajo mi mamá parecen muy viejas esta mañana.
"cuando vamos al parque, veo television","cuando vamos al parque, veo televisión"
"manana en cuanto hago la tarea, llamame","mañana en cuanto haga la tarea, llámame"
"Todos los dias cuando juego futbol, salimos a jugar.","Todos los días cuando juego fútbol, salimos a jugar."
"cada vez que hace frio, tomo te con leche","cada vez que hace frío, tomo té con leche"
Las tareas que vi ayer es llena todavía.,Las tareas que vi ayer son llenas todavía.
"Aunque saldremos del colegio, yo me quedare en casa.","Aunque saldremos del colegio, yo me quedaré en casa."
los zapatos que compré parece bastante viejo esta mañana,los zapatos que compré parecen bastante viejos esta mañana
"apenas hacia calor, yo me quede en casa","apenas hacía calor, yo me quedé en casa"
ella leyo un libro mientras mi papa trabajo,ella leyó un libro mientras mi papá trabajó
tomo te con leche cuando leo un libro,tomo té con leche cuando leo un libro
las manzanas que trajo mi mamá estará muy mojada,las manzanas que trajo mi mamá estarán muy mojadas
Tomo te con leche apenas salgo del colegio.,Tomo té con leche apenas salgo del colegio.
"En la tarde si nieva en la sierra, mi hermano ve television.","En la tarde si nieva en la sierra, mi hermano ve televisión."
"porque vienes temprano, mi mama esta tranquila","porque vienes temprano, mi mamá está tranquila"
"Como hacia frio, nos quedamos en casa.","Como hacía frío, nos quedamos en casa."
"mas tarde cuando volvemos a casa, ire al parque","más tarde cuando volvamos a casa, iré al parque"
"todos los dias cuando leo un libro, veo television","todos los días cuando leo un libro, veo televisión"
el gato que trajo mi mama fue bastante contento otra vez,el gato que trajo mi mamá fue bastante contento otra vez
el sabado yo hare la tarea aunque estara oscuro,el sábado yo haré la tarea aunque estará oscuro
Los árboles que vimos el sábado parecen difícil todavía.,Los árboles que vimos el sábado parecen difíciles todavía.
la nina que trajo mi mama era muy tranquila ayer,la niña que trajo mi mamá era muy tranquila ayer
"Cuando es sabado, me pongo contento.","Cuando es sábado, me pongo contento."
"mientras mi mama cocino, nos quedamos en casa","mientras mi mamá cocinó, nos quedamos en casa"
"apenas mi hermana canto, fuimos al parque","apenas mi hermana cantó, fuimos al parque"
Los árboles parece bastante ricos esta mañana.,Los árboles parecen bastante ricos esta mañana.
"manana si tu no quieres, jugare con mis amigos","mañana si tú no quieres, jugaré con mis amigos"
el cuaderno que trajo mi mama fue bastante lleno hoy,el cuaderno que trajo mi mamá fue bastante lleno hoy
"como mi mama cocino, sali a caminar","como mi mamá cocinó, salí a caminar"
Siempre veo television cuando mi papa llega del trabajo.,Siempre veo televisión cuando mi papá llega del trabajo.
"Esta tarde cuando tengo tiempo, me acostaré.","Esta tarde cuando tenga tiempo, me acostaré."
las tareas que compré estará muy ordenada ayer,las tareas que compré estarán muy ordenadas ayer
Todos los dias mi mama prepara el cafe apenas llego a casa.,Todos los días mi mamá prepara el café apenas llego a casa.
Los perros de la escuela estaban tan limpio todavía.,Los perros de la escuela estaban tan limpios todavía.
"más tarde apenas estás mejor, jugaré con mis amigos","más tarde apenas estés mejor, jugaré con mis amigos"
los cuadernos de la cocina será bastante bonitos todavía,los cuadernos de la cocina serán bastante bonitos todavía
las niñas de mi tía estaban muy vieja otra vez,las niñas de mi tía estaban muy viejas otra vez
Mis amigos de la cocina estará tan alegre.,Mis amigos de la cocina estarán tan alegres.
Mi papa esta feliz cuando me levanto.,Mi papá está feliz cuando me levanto.
"En la tarde cuando mi mama cocina, descanso un rato.","En la tarde cuando mi mamá cocina, descanso un rato."
los cuadernos de mi tía será tan grande,los cuadernos de mi tía serán tan grandes
Mis hermanas de la cocina parecen tan limpia.,Mis hermanas de la cocina parecen tan limpias.
los perros es contento todavía,los perros son contentos todavía
"Hoy aunque yo cocino, mi hermano ve television.","Hoy aunque yo cocino, mi hermano ve televisión."
"En la tarde como llegue a casa, tomamos te.","En la tarde como llegué a casa, tomamos té."
las ventanas que me regalaron está llena hoy,las ventanas que me regalaron están llenas hoy
"hoy si ella esta enferma, mi hermano ve television","hoy si ella está enferma, mi hermano ve televisión"
"cuando tienes un rato, te lo dire","cuando tengas un rato, te lo diré"
hoy ella leera un libro ya que mi mama cocinara,hoy ella leerá un libro ya que mi mamá cocinará
"casi siempre cada vez que mi papa llega del trabajo, tomo te con leche","casi siempre cada vez que mi papá llega del trabajo, tomo té con leche"
"El sabado cuando salgas de clase, escribeme.","El sábado cuando salgas de clase, escríbeme."
esta semana tomamos te ya que es tarde,esta semana tomamos té ya que es tarde
"Siempre que llego al colegio, veo television.","Siempre que llego al colegio, veo televisión."
"Como llovio mucho, los vecinos hicieron ruido.","Como llovió mucho, los vecinos hicieron ruido."
"aunque hacia frio, nos quedamos en casa","aunque hacía frío, nos quedamos en casa"
el perro durmio en el sofa ya que llovio mucho,el perro durmió en el sofá ya que llovió mucho
el perro del jardin sera bastante pequeno,el perro del jardín será bastante pequeño
las mesas que trajo mi mama es bastante mojada,las mesas que trajo mi mamá son bastante mojadas
"Cuando puedo, jugaré con mis amigos.","Cuando pueda, jugaré con mis amigos."
las ventanas estaban muy facil,las ventanas estaban muy fáciles
"El sabado cuando tengamos dinero, ire al parque.","El sábado cuando tengamos dinero, iré al parque."
las tareas de mi tía estaba rica,las tareas de mi tía estaban ricas
"Mas tarde en cuanto hagamos la compra, nos vamos.","Más tarde en cuanto hagamos la compra, nos vamos."
Los platos parece demasiado sucio esta mañana.,Los platos parecen demasiado sucios esta mañana.
"ya que los ninos jugaran en el patio, iremos al parque","ya que los niños jugarán en el patio, iremos al parque"
las flores serán demasiado nueva esta mañana,las flores serán demasiado nuevas esta mañana
"hoy cuando salimos del colegio, el perro durmio en el sofa","hoy cuando salimos del colegio, el perro durmió en el sofá"
"manana hasta que salimos de casa, no me acostare","mañana hasta que salgamos de casa, no me acostaré"
"como tuve tiempo, mi hermano vio television","como tuve tiempo, mi hermano vio televisión"
"Esta semana apenas hacia calor, todos comieron juntos.","Esta semana apenas hacía calor, todos comieron juntos."
"hoy cuando estudiaste mucho, ella leyo un libro","hoy cuando estudiaste mucho, ella leyó un libro"
"si hay sol, mi mama estara feliz","si hay sol, mi mamá estará feliz"
"esta semana porque no habra clases, saldre a caminar","esta semana porque no habrá clases, saldré a caminar"
mi mama prepara el cafe mientras vienes temprano,mi mamá prepara el café mientras vienes temprano
el perro esta muy triste otra vez,el perro está muy triste otra vez
mis primos que compre fue feliz,mis primos que compré fueron felices
el sabado ella lee un libro cuando termino la tarea,el sábado ella lee un libro cuando termino la tarea
"Todos los dias cuando llueve, veo television.","Todos los días cuando llueve, veo televisión."
las calles que vimos el sabado fue tan vacias ayer,las calles que vimos el sábado fueron tan vacías ayer
"los sabados cuando mi papa llega del trabajo, estoy tranquilo","los sábados cuando mi papá llega del trabajo, estoy tranquilo"
Hoy me acostare apenas crezcas.,Hoy me acostaré apenas crezcas.
"esta semana apenas salimos del colegio, mi mama estaba tranquila","esta semana apenas salimos del colegio, mi mamá estaba tranquila"
"porque el bus llegara tarde, saldre a caminar","porque el bus llegará tarde, saldré a caminar"
Manana saldremos a pasear en cuanto tengas un rato.,Mañana saldremos a pasear en cuanto tengas un rato.
tomamos te si esta oscuro,tomamos té si está oscuro
los vecinos hicieron ruido porque llegue a casa,los vecinos hicieron ruido porque llegué a casa
las ventanas que compre parecian tan llena otra vez,las ventanas que compré parecían tan llenas otra vez
mas tarde hacemos la tarea cuando estes mejor,más tarde hacemos la tarea cuando estés mejor
"Apenas habia sol, mi hermano vio television.","Apenas había sol, mi hermano vio televisión."
Los cuadernos estuvo demasiado grande.,Los cuadernos estuvieron demasiado grandes.
"manana ya que estara oscuro, mi mama preparara el cafe","mañana ya que estará oscuro, mi mamá preparará el café"
los libros está bonitos otra vez,los libros están bonitos otra vez
"ya que tu no querias, yo me quede en casa","ya que tú no querías, yo me quedé en casa"
"cuando mi mama cocina, los vecinos hacen ruido","cuando mi mamá cocina, los vecinos hacen ruido"
"el sabado porque todos estan aqui, mi mama esta tranquila","el sábado porque todos están aquí, mi mamá está tranquila"
las manzanas sera demasiado bonita hoy,las manzanas serán demasiado bonitas hoy
mi amigo de la escuela sera demasiado sucio hoy,mi amigo de la escuela será demasiado sucio hoy
yo me quede en casa mientras hacia frio,yo me quedé en casa mientras hacía frío
los niños de la cocina quedó muy tranquilo,los niños de la cocina quedaron muy tranquilos
"Porque vendras temprano, ella leera un libro.","Porque vendrás temprano, ella leerá un libro."
Se que el te escucha siempre.,Sé que él te escucha siempre.
ella leyo un libro apenas mi papa trabajo,ella leyó un libro apenas mi papá trabajó
"En la tarde cuando el bus llego tarde, yo estudie.","En la tarde cuando el bus llegó tarde, yo estudié."
"esta semana si el bebe duerme, tomaremos te","esta semana si el bebé duerme, tomaremos té"
"como esta oscuro, mi hermano ve television","como está oscuro, mi hermano ve televisión"
Los cuadernos que trajo mi mamá son fácil.,Los cuadernos que trajo mi mamá son fáciles.
"si mi hermana canta, mi papa esta feliz","si mi hermana canta, mi papá está feliz"
Mis primos que trajo mi mamá está muy sucio todavía.,Mis primos que trajo mi mamá están muy sucios todavía.
"todos los dias cada vez que mi hermana estudia, nos quedamos en casa","todos los días cada vez que mi hermana estudia, nos quedamos en casa"
"esta semana mientras mis amigos vinieron, ella leyo un libro","esta semana mientras mis amigos vinieron, ella leyó un libro"
Los árboles que trajo mi mamá estuvo rico hoy.,Los árboles que trajo mi mamá estuvieron ricos hoy.
"mañana cuando vengo de la escuela, descansaré","mañana cuando venga de la escuela, descansaré"
"mientras esta oscuro, mi hermano ve television","mientras está oscuro, mi hermano ve televisión"
mas tarde sigo estudiando hasta que estes mejor,más tarde sigo estudiando hasta que estés mejor
"cada vez que vamos al parque, ayudo a mi mama","cada vez que vamos al parque, ayudo a mi mamá"
en la tarde yo estudie porque estaba oscuro,en la tarde yo estudié porque estaba oscuro
"como tengo tiempo, mi mama esta tranquila","como tengo tiempo, mi mamá está tranquila"
Los gatos de la escuela será cansado hoy.,Los gatos de la escuela serán cansados hoy.
"Porque hacia calor, fuimos al parque.","Porque hacía calor, fuimos al parque."
"esta tarde apenas es de noche, me acostare","esta tarde apenas sea de noche, me acostaré"
Las tareas de la escuela parecía tan difícil todavía.,Las tareas de la escuela parecían tan difíciles todavía.
"ayer apenas habia sol, mi papa estaba feliz","ayer apenas había sol, mi papá estaba feliz"
En la tarde salimos a jugar cuando juego futbol.,En la tarde salimos a jugar cuando juego fútbol.
"Como el profesor explica la leccion, tomamos te.","Como el profesor explica la lección, tomamos té."
No se si el te esta frio.,No sé si el té está frío.
los cuartos que trajo mi mamá estarán demasiado mojado,los cuartos que trajo mi mamá estarán demasiado mojados
"Todos los dias cada vez que termino la tarea, hago la tarea.","Todos los días cada vez que termino la tarea, hago la tarea."
"mientras llegue a casa, no pudimos salir","mientras llegué a casa, no pudimos salir"
los gatos del jardin quedo tan contento hoy,los gatos del jardín quedaron tan contentos hoy
"Cuando mi hermana canto, no pudimos salir.","Cuando mi hermana cantó, no pudimos salir."
los cuadernos que vi ayer esta muy mojado,los cuadernos que vi ayer están muy mojados
"aunque sera tarde, saldre a caminar","aunque será tarde, saldré a caminar"
Las calles que compré parecía demasiado fáciles.,Las calles que compré parecían demasiado fáciles.
"los sabados siempre que salgo del colegio, saludo a mis amigos","los sábados siempre que salgo del colegio, saludo a mis amigos"
Mi mama esta tranquila si el bebe duerme.,Mi mamá está tranquila si el bebé duerme.
los zapatos que trajo mi mama estuvieron bastante rico,los zapatos que trajo mi mamá estuvieron bastante ricos
"El sábado hasta que tenemos dinero, no me acostaré.","El sábado hasta que tengamos dinero, no me acostaré."
Los platos fue bastante grande.,Los platos fueron bastante grandes.
"cuando llovio mucho, yo estudie","cuando llovió mucho, yo estudié"
"Mas tarde apenas crezca, mi mama estara feliz.","Más tarde apenas crezca, mi mamá estará feliz."
las flores parece muy vacías todavía,las flores parecen muy vacías todavía
"apenas tuve tiempo, mi mama preparo el cafe","apenas tuve tiempo, mi mamá preparó el café"
los cuadernos de la escuela estará ordenado otra vez,los cuadernos de la escuela estarán ordenados otra vez
"mas tarde en cuanto pueda, hare la cena","más tarde en cuanto pueda, haré la cena"
esta tarde vendre a verte en cuanto venga de la escuela,esta tarde vendré a verte en cuanto venga de la escuela
en la tarde tomo te con leche cada vez que vamos al parque,en la tarde tomo té con leche cada vez que vamos al parque
las casas que compre estara tan rota ayer,las casas que compré estarán tan rotas ayer
esta semana mi mama preparo el cafe apenas me dolia la cabeza,esta semana mi mamá preparó el café apenas me dolía la cabeza
"Como nevo en la sierra, fuimos al parque.","Como nevó en la sierra, fuimos al parque."
el sabado tomaremos te si llego a casa,el sábado tomaremos té si llego a casa
los gatos fue bastante tranquilo ayer,los gatos fueron bastante tranquilos ayer
la flor de mi tia es demasiado dificil esta manana,la flor de mi tía es demasiado difícil esta mañana
"cuando podamos, descansare","cuando podamos, descansaré"
La flor esta bonita.,La flor está bonita.
"el sabado si el bus llega tarde, nos quedamos en casa","el sábado si el bus llega tarde, nos quedamos en casa"
mis primos que vi ayer estuvo bastante mojado,mis primos que vi ayer estuvieron bastante mojados
el gato estara bastante limpio,el gato estará bastante limpio
Los perros de mi tía será muy pequeño todavía.,Los perros de mi tía serán muy pequeños todavía.
manana mi papa estara feliz aunque es tarde,mañana mi papá estará feliz aunque es tarde
mi papa esta feliz apenas mi hermana estudia,mi papá está feliz apenas mi hermana estudia
los ninos jugaron en el patio cuando me dolia la cabeza,los niños jugaron en el patio cuando me dolía la cabeza
"en la tarde mientras llueve mucho, el perro duerme en el sofa","en la tarde mientras llueve mucho, el perro duerme en el sofá"
mis hermanas estuvieron tan mojada,mis hermanas estuvieron tan mojadas
"porque no hubo clases, yo me quede en casa","porque no hubo clases, yo me quedé en casa"
las mesas que vimos el sabado quedaron demasiado facil hoy,las mesas que vimos el sábado quedaron demasiado fáciles hoy
"Mas tarde hasta que vea a mi abuela, no saldre.","Más tarde hasta que vea a mi abuela, no saldré."
mi hermano ve television porque yo cocino,mi hermano ve televisión porque yo cocino
"Como mis amigos vinieron, yo me quede en casa.","Como mis amigos vinieron, yo me quedé en casa."
los cuartos de la cocina parecen muy limpio,los cuartos de la cocina parecen muy limpios
mama dice que el te invito a la fiesta,mamá dice que él te invitó a la fiesta
"hoy apenas el perro ladro, mi abuela cosio","hoy apenas el perro ladró, mi abuela cosió"
"cuando hay sol, ayudo a mi mama","cuando hay sol, ayudo a mi mamá"
mas tarde hare la cena cuando vengas a mi casa,más tarde haré la cena cuando vengas a mi casa
los cuadernos de la escuela parece limpio otra vez,los cuadernos de la escuela parecen limpios otra vez
"mientras hace frio, todos comen juntos","mientras hace frío, todos comen juntos"
las tareas que vimos el sabado era muy pequena todavia,las tareas que vimos el sábado eran muy pequeñas todavía
los zapatos que me regalaron parecian mojado ayer,los zapatos que me regalaron parecían mojados ayer
te avisare cuando llegamos al colegio,te avisaré cuando lleguemos al colegio
mis amigos de la cocina está bonito,mis amigos de la cocina están bonitos
mis hermanas de mi tía estaba tan contenta,mis hermanas de mi tía estaban tan contentas
"como los ninos jugaban en el patio, sali a caminar","como los niños jugaban en el patio, salí a caminar"
mi papa esta feliz apenas juego futbol,mi papá está feliz apenas juego fútbol
Parece que el te lo explico.,Parece que él te lo explicó.
"Todos los dias cuando es sabado, me lavo las manos.","Todos los días cuando es sábado, me lavo las manos."
el sabado veremos la pelicula cuando vea a mi abuela,el sábado veremos la película cuando vea a mi abuela
Las ventanas que compré estará vieja.,Las ventanas que compré estarán viejas.
"en la tarde siempre que mi papa llega del trabajo, mi mama prepara el cafe","en la tarde siempre que mi papá llega del trabajo, mi mamá prepara el café"
"los sabados cuando mi papa llega del trabajo, mi perro se pone feliz","los sábados cuando mi papá llega del trabajo, mi perro se pone feliz"
"los sabados cuando tengo hambre, mi perro se pone feliz","los sábados cuando tengo hambre, mi perro se pone feliz"
"cada vez que juego futbol, me lavo las manos","cada vez que juego fútbol, me lavo las manos"
"apenas el perro ladro, sali a caminar","apenas el perro ladró, salí a caminar"
tomamos te mientras hacia calor,tomamos té mientras hacía calor
"En la tarde porque mi hermana canto, mi hermano vio television.","En la tarde porque mi hermana cantó, mi hermano vio televisión."
"Porque el bus llegara tarde, mi papa estara feliz.","Porque el bus llegará tarde, mi papá estará feliz."
"hoy apenas tengamos dinero, descansare","hoy apenas tengamos dinero, descansaré"
"en la tarde ya que los ninos jugaban en el patio, tomamos te","en la tarde ya que los niños jugaban en el patio, tomamos té"
hoy no podremos salir aunque el bebe duerme,hoy no podremos salir aunque el bebé duerme
Las tareas eran muy rota esta mañana.,Las tareas eran muy rotas esta mañana.
Los cuartos que vimos el sábado estaba demasiado ordenado hoy.,Los cuartos que vimos el sábado estaban demasiado ordenados hoy.
"mas tarde apenas hagas la cama, llamame","más tarde apenas hagas la cama, llámame"
tomamos te mientras habia sol,tomamos té mientras había sol
"porque el bebe duerme, mi mama prepara el cafe","porque el bebé duerme, mi mamá prepara el café"
las manzanas quedó tan fácil ayer,las manzanas quedaron tan fáciles ayer
"mientras ella estaba enferma, los ninos jugaron en el patio","mientras ella estaba enferma, los niños jugaron en el patio"
las ventanas que compré quedó tan vieja hoy,las ventanas que compré quedaron tan viejas hoy
Tomaremos te si tu no quieres.,Tomaremos té si tú no quieres.
el arbol que vi ayer fue demasiado facil hoy,el árbol que vi ayer fue demasiado fácil hoy
Todos los dias mi papa esta feliz cuando juego futbol.,Todos los días mi papá está feliz cuando juego fútbol.
"siempre que es sabado, tomo te con leche","siempre que es sábado, tomo té con leche"
los cuartos es demasiado viejo todavía,los cuartos son demasiado viejos todavía
manana mi mama estara feliz si nieva en la sierra,mañana mi mamá estará feliz si nieva en la sierra
Creo que mi mama toma te por la tarde.,Creo que mi mamá toma té por la tarde.
"Cuando llego a casa, mi hermano ve television.","Cuando llego a casa, mi hermano ve televisión."
"En la tarde si me duele la cabeza, mi mama prepara el cafe.","En la tarde si me duele la cabeza, mi mamá prepara el café."
Los zapatos quedaron mojado.,Los zapatos quedaron mojados.
vamos al parque si ella esta enferma,vamos al parque si ella está enferma
"esta tarde hasta que sea de noche, no saldre","esta tarde hasta que sea de noche, no saldré"
"todos los dias cada vez que es sabado, me lavo las manos","todos los días cada vez que es sábado, me lavo las manos"
"todos los dias cuando llueve, salimos a jugar","todos los días cuando llueve, salimos a jugar"
me acostare cuando vuelves de viaje,me acostaré cuando vuelvas de viaje
"Manana cuando podamos, hacemos la tarea.","Mañana cuando podamos, hacemos la tarea."
"manana apenas empieces a estudiar, vamos a jugar","mañana apenas empieces a estudiar, vamos a jugar"
los zapatos que trajo mi mamá estarán demasiado rico esta mañana,los zapatos que trajo mi mamá estarán demasiado ricos esta mañana
"porque los ninos juegan en el patio, los vecinos hacen ruido","porque los niños juegan en el patio, los vecinos hacen ruido"
"apenas llueve, ayudo a mi mama","apenas llueve, ayudo a mi mamá"
Las mesas parece muy grande.,Las mesas parecen muy grandes.
los cuadernos que me regalaron es muy grande,los cuadernos que me regalaron son muy grandes
"manana en cuanto haga la tarea, llamame","mañana en cuanto haga la tarea, llámame"
"esta semana aunque llegare tarde, mi papa estara feliz","esta semana aunque llegaré tarde, mi papá estará feliz"
el libro de mi tia quedo muy caro otra vez,el libro de mi tía quedó muy caro otra vez
creo que el te se enfrio,creo que el té se enfrió
"mas tarde cuando vengamos del parque, te aviso","más tarde cuando vengamos del parque, te aviso"
"esta semana si mi papa trabaja, tomaremos te","esta semana si mi papá trabaja, tomaremos té"
el sabado yo me quedare en casa porque llegare tarde,el sábado yo me quedaré en casa porque llegaré tarde
"en la tarde apenas habia sol, nos quedamos en casa","en la tarde apenas había sol, nos quedamos en casa"
los libros estara sucio,los libros estarán sucios
yo hare la tarea si estudias mucho,yo haré la tarea si estudias mucho
"si es tarde, sacare buena nota","si es tarde, sacaré buena nota"
"manana ya que los ninos jugaran en el patio, mi hermano vera television","mañana ya que los niños jugarán en el patio, mi hermano verá televisión"
"esta semana aunque ella estaba enferma, sali a caminar","esta semana aunque ella estaba enferma, salí a caminar"
"apenas era tarde, mi papa estaba feliz","apenas era tarde, mi papá estaba feliz"
"porque hacia calor, nos quedamos en casa","porque hacía calor, nos quedamos en casa"
las ventanas que trajo mi mamá parecía demasiado mojada todavía,las ventanas que trajo mi mamá parecían demasiado mojadas todavía
"El sábado hasta que tengo tiempo, no te vayas.","El sábado hasta que tenga tiempo, no te vayas."
la manzana de mi tia estara ordenada otra vez,la manzana de mi tía estará ordenada otra vez
las flores que vimos el sábado fue bastante rota todavía,las flores que vimos el sábado fueron bastante rotas todavía
mi primo de la escuela sera grande otra vez,mi primo de la escuela será grande otra vez
"cuando podemos, mi mama estara feliz","cuando podamos, mi mamá estará feliz"
Las casas que vimos el sábado era vieja.,Las casas que vimos el sábado eran viejas.
esta semana tomaremos te si hace calor,esta semana tomaremos té si hace calor
Manana iremos al parque si ella esta enferma.,Mañana iremos al parque si ella está enferma.
"hoy cuando llegue a casa, veremos la pelicula","hoy cuando llegue a casa, veremos la película"
Las calles estuvieron nueva.,Las calles estuvieron nuevas.
Mi mama preparo el cafe mientras todos estaban alli.,Mi mamá preparó el café mientras todos estaban allí.
"El sábado apenas empiezas a estudiar, podrás salir.","El sábado apenas empieces a estudiar, podrás salir."
"hoy como nevo en la sierra, nos quedamos en casa","hoy como nevó en la sierra, nos quedamos en casa"
mi mama prepara el cafe apenas tengo tiempo,mi mamá prepara el café apenas tengo tiempo
"porque llegue a casa, los ninos jugaron en el patio","porque llegué a casa, los niños jugaron en el patio"
"mas tarde hasta que sea de noche, no podras salir","más tarde hasta que sea de noche, no podrás salir"
Yo estudio mientras el profesor explica la leccion.,Yo estudio mientras el profesor explica la lección.
nos vamos cuando estes mejor,nos vamos cuando estés mejor
Mi hermano vio television ya que el perro ladro.,Mi hermano vio televisión ya que el perro ladró.
"en la tarde apenas hacia calor, yo estudie","en la tarde apenas hacía calor, yo estudié"
"hoy si tengo tiempo, el perro duerme en el sofa","hoy si tengo tiempo, el perro duerme en el sofá"
"como mi papa trabajo, nos quedamos en casa","como mi papá trabajó, nos quedamos en casa"
"aunque yo cocino, tomamos te","aunque yo cocino, tomamos té"
Los libros fue muy nuevo esta mañana.,Los libros fueron muy nuevos esta mañana.
las tareas que me regalaron estuvo grande hoy,las tareas que me regalaron estuvieron grandes hoy
El sabado llamame cuando empiece las clases.,El sábado llámame cuando empiece las clases.
el perro que trajo mi mama esta muy pequeno ayer,el perro que trajo mi mamá está muy pequeño ayer
El zapato que compre esta muy sucio.,El zapato que compré está muy sucio.
los sabados saludo a mis amigos cada vez que tengo hambre,los sábados saludo a mis amigos cada vez que tengo hambre
En la tarde mi abuela cosio cuando estabamos cansados.,En la tarde mi abuela cosió cuando estábamos cansados.
la casa de la cocina estara muy fria otra vez,la casa de la cocina estará muy fría otra vez
"esta tarde cuando este listo, esperame","esta tarde cuando esté listo, espérame"
"como los ninos juegan en el patio, mi hermano ve television","como los niños juegan en el patio, mi hermano ve televisión"
"si es tarde, mi papa estara feliz","si es tarde, mi papá estará feliz"
los gatos de la cocina quedo tan listo,los gatos de la cocina quedaron tan listos
Me acostaré cuando puedo.,Me acostaré cuando pueda.
los cuadernos serán tan bonito ayer,los cuadernos serán tan bonitos ayer
"el sabado cuando estoy listo, veremos la pelicula","el sábado cuando esté listo, veremos la película"
"como el profesor explica la leccion, no podemos salir","como el profesor explica la lección, no podemos salir"
mama dice que prefiero el te al cafe,mamá dice que prefiero el té al café
"porque saldremos del colegio, tomaremos te","porque saldremos del colegio, tomaremos té"
las niñas del jardín estuvo pequeña otra vez,las niñas del jardín estuvieron pequeñas otra vez
las casas de mi tía fue muy mojadas otra vez,las casas de mi tía fueron muy mojadas otra vez
las manzanas del jardín parecía demasiado vieja todavía,las manzanas del jardín parecían demasiado viejas todavía
"todos los dias cuando tengo hambre, ayudo a mi mama","todos los días cuando tengo hambre, ayudo a mi mamá"
"Todos los dias apenas salgo del colegio, nos quedamos en casa.","Todos los días apenas salgo del colegio, nos quedamos en casa."
los árboles que me regalaron estaba muy fácil esta mañana,los árboles que me regalaron estaban muy fáciles esta mañana
la manzana del jardin estuvo tan ordenada hoy,la manzana del jardín estuvo tan ordenada hoy
los sabados mi mama prepara el cafe cuando veo a mi abuela,los sábados mi mamá prepara el café cuando veo a mi abuela
"hasta que terminamos el examen, esperaremos aquí","hasta que terminemos el examen, esperaremos aquí"
el sabado mi abuela cose si no hay clases,el sábado mi abuela cose si no hay clases
Las mesas que compré estará muy caras todavía.,Las mesas que compré estarán muy caras todavía.
en la tarde el perro durmio en el sofa aunque tu no querias,en la tarde el perro durmió en el sofá aunque tú no querías
las calles de la cocina está muy limpia todavía,las calles de la cocina están muy limpias todavía
"cuando estás mejor, me acostaré","cuando estés mejor, me acostaré"
"ya que termino la tarea, tomamos te","ya que termino la tarea, tomamos té"
La tarea es muy facil todavia.,La tarea es muy fácil todavía.
mis amigos es triste,mis amigos son tristes
"apenas salgas de clase, te avisare","apenas salgas de clase, te avisaré"
"El sabado como llueve mucho, salgo a caminar.","El sábado como llueve mucho, salgo a caminar."
"apenas crezcas, te llamare","apenas crezcas, te llamaré"
todos comieron juntos apenas tu no querias,todos comieron juntos apenas tú no querías
"en la tarde cuando mi papa llega del trabajo, todos comen juntos","en la tarde cuando mi papá llega del trabajo, todos comen juntos"
"todos los dias cada vez que es sabado, estoy tranquilo","todos los días cada vez que es sábado, estoy tranquilo"
los zapatos estará rico,los zapatos estarán ricos
"apenas nevo en la sierra, sali a caminar","apenas nevó en la sierra, salí a caminar"
los ninos jugaran en el patio aunque estamos cansados,los niños jugarán en el patio aunque estamos cansados
mama dice que ese te esta amargo,mamá dice que ese té está amargo
los sabados mi papa esta feliz cuando termino la tarea,los sábados mi papá está feliz cuando termino la tarea
"Apenas salimos del colegio, los ninos jugaron en el patio.","Apenas salimos del colegio, los niños jugaron en el patio."
la casa de la cocina esta tan limpia esta manana,la casa de la cocina está tan limpia esta mañana
"esta semana aunque todos estaban alli, ella leyo un libro","esta semana aunque todos estaban allí, ella leyó un libro"
En la tarde me lavo las manos cada vez que mi mama cocina.,En la tarde me lavo las manos cada vez que mi mamá cocina.
"ya que estaba oscuro, yo me quede en casa","ya que estaba oscuro, yo me quedé en casa"
el perro sera muy contento,el perro será muy contento
"mientras viniste temprano, yo me quede en casa","mientras viniste temprano, yo me quedé en casa"
Estoy seguro de que el te dijo la verdad.,Estoy seguro de que él te dijo la verdad.
"porque viniste temprano, el perro durmio en el sofa","porque viniste temprano, el perro durmió en el sofá"
te llamare cuando vengamos del parque,te llamaré cuando vengamos del parque
la calle que trajo mi mama es tan rota,la calle que trajo mi mamá es tan rota
"en la tarde apenas tuve tiempo, yo me quede en casa","en la tarde apenas tuve tiempo, yo me quedé en casa"
las calles que compré estará tan bonita hoy,las calles que compré estarán tan bonitas hoy
"Ya que tu no quieres, mi mama esta tranquila.","Ya que tú no quieres, mi mamá está tranquila."
"manana apenas vuelvas de viaje, ire al parque","mañana apenas vuelvas de viaje, iré al parque"
te avisare cuando veas la pelicula,te avisaré cuando veas la película
Todos los dias saludo a mis amigos cuando termino la tarea.,Todos los días saludo a mis amigos cuando termino la tarea.
"Los sabados siempre que mi papa llega del trabajo, me pongo contento.","Los sábados siempre que mi papá llega del trabajo, me pongo contento."
las calles que trajo mi mamá serán mojada ayer,las calles que trajo mi mamá serán mojadas ayer
"Cuando tengas un rato, escribeme.","Cuando tengas un rato, escríbeme."
En la tarde mi papa esta feliz cada vez que veo a mi abuela.,En la tarde mi papá está feliz cada vez que veo a mi abuela.
"ya que el profesor explico la leccion, sali a caminar","ya que el profesor explicó la lección, salí a caminar"
Los árboles que compré está viejos hoy.,Los árboles que compré están viejos hoy.
la mesa de mi tia estaba tan grande,la mesa de mi tía estaba tan grande
Mi papa esta feliz mientras me duele la cabeza.,Mi papá está feliz mientras me duele la cabeza.
la manzana de la escuela sera muy grande,la manzana de la escuela será muy grande
"ya que ella esta enferma, tomamos te","ya que ella está enferma, tomamos té"
Esta semana yo me quedare en casa aunque tendre tiempo.,Esta semana yo me quedaré en casa aunque tendré tiempo.
la flor de la escuela sera demasiado grande otra vez,la flor de la escuela será demasiado grande otra vez
los cuartos que me regalaron estará muy viejo,los cuartos que me regalaron estarán muy viejos
"todos los dias cuando mi papa llega del trabajo, me duele la cabeza","todos los días cuando mi papá llega del trabajo, me duele la cabeza"
"aunque el bebe dormia, yo me quede en casa","aunque el bebé dormía, yo me quedé en casa"
Te lo dire apenas vengas a mi casa.,Te lo diré apenas vengas a mi casa.
Mis primos que vi ayer está bastante bonito hoy.,Mis primos que vi ayer están bastante bonitos hoy.
El plato que vi ayer sera bastante pequeno.,El plato que vi ayer será bastante pequeño.
hoy yo estudio mientras el profesor explica la leccion,hoy yo estudio mientras el profesor explica la lección
"mientras nevo en la sierra, no pudimos salir","mientras nevó en la sierra, no pudimos salir"
el arbol de mi tia estuvo demasiado rico hoy,el árbol de mi tía estuvo demasiado rico hoy
siempre ella lee un libro cada vez que juego futbol,siempre ella lee un libro cada vez que juego fútbol
mis hermanas que me regalaron fue muy triste ayer,mis hermanas que me regalaron fueron muy tristes ayer
"en la tarde como estamos cansados, tomamos te","en la tarde como estamos cansados, tomamos té"
"hoy aunque no tendre dinero, los ninos jugaran en el patio","hoy aunque no tendré dinero, los niños jugarán en el patio"
los cuadernos estaba muy limpios,los cuadernos estaban muy limpios
el sábado me acostaré apenas puedes,el sábado me acostaré apenas puedas
"como el profesor explica la leccion, yo me quedo en casa","como el profesor explica la lección, yo me quedo en casa"
"Manana si el profesor explica la leccion, nos quedaremos en casa.","Mañana si el profesor explica la lección, nos quedaremos en casa."
En la tarde mi papa esta feliz siempre que hace frio.,En la tarde mi papá está feliz siempre que hace frío.
"Más tarde apenas terminamos el examen, iremos a la piscina.","Más tarde apenas terminemos el examen, iremos a la piscina."
los perros estuvo bastante pequeno,los perros estuvieron bastante pequeños
"Esta tarde cuando venga de la escuela, ire al parque.","Esta tarde cuando venga de la escuela, iré al parque."
"El sabado ya que el bus llegara tarde, mi hermano vera television.","El sábado ya que el bus llegará tarde, mi hermano verá televisión."
"cuando mi mama cocina, tomamos te","cuando mi mamá cocina, tomamos té"
"Casi siempre siempre que suena el timbre, veo television.","Casi siempre siempre que suena el timbre, veo televisión."
La nina esta bastante alegre ayer.,La niña está bastante alegre ayer.
"cuando estamos cansados, mi mama esta tranquila","cuando estamos cansados, mi mamá está tranquila"
"el sabado ya que llueve mucho, tomamos te","el sábado ya que llueve mucho, tomamos té"
"mas tarde cuando lleguemos al colegio, hare la cena","más tarde cuando lleguemos al colegio, haré la cena"
El te presta el libro.,Él te presta el libro.
Esta semana tomaremos te ya que los ninos jugaran en el patio.,Esta semana tomaremos té ya que los niños jugarán en el patio.
"Cada vez que hace frio, estoy tranquilo.","Cada vez que hace frío, estoy tranquilo."
"esta semana si esta oscuro, vamos al parque","esta semana si está oscuro, vamos al parque"
hoy esperaremos aqui hasta que sea de noche,hoy esperaremos aquí hasta que sea de noche
esta tarde llamame en cuanto llegues a casa,esta tarde llámame en cuanto llegues a casa
el sabado yo estudio mientras termino la tarea,el sábado yo estudio mientras termino la tarea
Los ninos jugaron en el patio porque no tenia dinero.,Los niños jugaron en el patio porque no tenía dinero.
Mi primo que trajo mi mama era demasiado sucio.,Mi primo que trajo mi mamá era demasiado sucio.
el perro de mi tia parecia muy alegre otra vez,el perro de mi tía parecía muy alegre otra vez
los platos esta demasiado roto,los platos están demasiado rotos
todos los dias me lavo las manos cuando suena el timbre,todos los días me lavo las manos cuando suena el timbre
"apenas hace frio, nos quedamos en casa","apenas hace frío, nos quedamos en casa"
"aunque hacia calor, tomamos te","aunque hacía calor, tomamos té"
las manzanas que trajo mi mama estan rica esta manana,las manzanas que trajo mi mamá están ricas esta mañana
Las casas de la escuela será muy rica todavía.,Las casas de la escuela serán muy ricas todavía.
"el sabado aunque vienes temprano, iremos al parque","el sábado aunque vienes temprano, iremos al parque"
El perro durmio en el sofa porque todos estaban alli.,El perro durmió en el sofá porque todos estaban allí.
Más tarde comeremos juntos cuando llegas a casa.,Más tarde comeremos juntos cuando llegues a casa.
"todos los dias siempre que me levanto, saludo a mis amigos","todos los días siempre que me levanto, saludo a mis amigos"
"hasta que vengamos del parque, esperame","hasta que vengamos del parque, espérame"
"todos los dias cuando hace frio, ayudo a mi mama","todos los días cuando hace frío, ayudo a mi mamá"
"Todos los dias siempre que juego futbol, ayudo a mi mama.","Todos los días siempre que juego fútbol, ayudo a mi mamá."
los sabados mi perro se pone feliz cuando leo un libro,los sábados mi perro se pone feliz cuando leo un libro
iremos al parque ya que vendras temprano,iremos al parque ya que vendrás temprano
"Mientras nieva en la sierra, mi mama prepara el cafe.","Mientras nieva en la sierra, mi mamá prepara el café."
"cuando podamos, me acostare","cuando podamos, me acostaré"
mi primo de la escuela esta mojado hoy,mi primo de la escuela está mojado hoy
las mesas de mi tia estara nueva hoy,las mesas de mi tía estarán nuevas hoy
todos los dias saludo a mis amigos cuando mi hermana estudia,todos los días saludo a mis amigos cuando mi hermana estudia
ayudo a mi mama cuando mi hermana estudia,ayudo a mi mamá cuando mi hermana estudia
Esta semana todos comieron juntos porque el perro ladro.,Esta semana todos comieron juntos porque el perro ladró.
"Mientras mis amigos vinieron, mi papa estaba feliz.","Mientras mis amigos vinieron, mi papá estaba feliz."
"en la tarde mientras el perro ladra, el perro duerme en el sofa","en la tarde mientras el perro ladra, el perro duerme en el sofá"
No podrás salir hasta que estás mejor.,No podrás salir hasta que estés mejor.
los ninos que vi ayer era muy alegre otra vez,los niños que vi ayer eran muy alegres otra vez
los zapatos de la cocina estaba muy mojados todavía,los zapatos de la cocina estaban muy mojados todavía
podrás salir cuando haces la cama,podrás salir cuando hagas la cama
las mesas es grande,las mesas son grandes
"mañana apenas es de noche, iremos a la piscina","mañana apenas sea de noche, iremos a la piscina"
te lo dire cuando hago la tarea,te lo diré cuando haga la tarea
"los sabados cuando termino la tarea, todos comen juntos","los sábados cuando termino la tarea, todos comen juntos"
mi papa estaba feliz apenas mi papa trabajo,mi papá estaba feliz apenas mi papá trabajó
el sabado no podremos salir aunque vendras temprano,el sábado no podremos salir aunque vendrás temprano
Las niñas del jardín están muy cansada esta mañana.,Las niñas del jardín están muy cansadas esta mañana.
Mi hermana que vi ayer quedo tan feliz otra vez.,Mi hermana que vi ayer quedó tan feliz otra vez.
Mañana podrás salir cuando tienes un rato.,Mañana podrás salir cuando tengas un rato.
"En la tarde cada vez que es sabado, salimos a jugar.","En la tarde cada vez que es sábado, salimos a jugar."
"en la tarde aunque yo cocino, mi mama prepara el cafe","en la tarde aunque yo cocino, mi mamá prepara el café"
los cuadernos que trajo mi mama estaba muy vacio hoy,los cuadernos que trajo mi mamá estaban muy vacíos hoy
más tarde mi mamá estará feliz cuando venimos del parque,más tarde mi mamá estará feliz cuando vengamos del parque
se que el te conoce,sé que él te conoce
los perros de mi tía será bastante contento hoy,los perros de mi tía serán bastante contentos hoy
"apenas habia sol, mi abuela cosio","apenas había sol, mi abuela cosió"
"manana ya que terminare la tarea, mi mama estara feliz","mañana ya que terminaré la tarea, mi mamá estará feliz"
los gatos que compré son tan limpio hoy,los gatos que compré son tan limpios hoy
"manana ya que mi papa trabajara, yo me quedare en casa","mañana ya que mi papá trabajará, yo me quedaré en casa"
las ventanas será muy ordenada ayer,las ventanas serán muy ordenadas ayer
"hoy como el bebe dormia, mi papa estaba feliz","hoy como el bebé dormía, mi papá estaba feliz"
los cuadernos de mi tía parecía muy roto hoy,los cuadernos de mi tía parecían muy rotos hoy
"Siempre que hace frio, descanso un rato.","Siempre que hace frío, descanso un rato."
"hoy aunque tuve tiempo, mi mama estaba tranquila","hoy aunque tuve tiempo, mi mamá estaba tranquila"
"aunque los ninos jugaran en el patio, nos quedaremos en casa","aunque los niños jugarán en el patio, nos quedaremos en casa"
"el sabado porque ella esta enferma, mi mama esta tranquila","el sábado porque ella está enferma, mi mamá está tranquila"
todos los dias estoy tranquilo apenas mi papa llega del trabajo,todos los días estoy tranquilo apenas mi papá llega del trabajo
Dice que mi mama toma te por la tarde.,Dice que mi mamá toma té por la tarde.
"esta semana porque el bebe duerme, salgo a caminar","esta semana porque el bebé duerme, salgo a caminar"
mis amigos del jardín estuvieron contento hoy,mis amigos del jardín estuvieron contentos hoy
"hoy apenas estabamos cansados, yo estudie","hoy apenas estábamos cansados, yo estudié"
el zapato del jardin era roto,el zapato del jardín era roto
me acuesto temprano cuando juego futbol,me acuesto temprano cuando juego fútbol
"Cuando el perro ladro, ella leyo un libro.","Cuando el perro ladró, ella leyó un libro."
"En la tarde siempre que salgo del colegio, mi papa esta feliz.","En la tarde siempre que salgo del colegio, mi papá está feliz."
las casas que vi ayer eran rica esta mañana,las casas que vi ayer eran ricas esta mañana
"Cuando salgamos de casa, esperame.","Cuando salgamos de casa, espérame."
las calles de la cocina estuvieron tan vacia,las calles de la cocina estuvieron tan vacías
los cuadernos de la escuela estan grande,los cuadernos de la escuela están grandes
mi mama estara feliz si estamos cansados,mi mamá estará feliz si estamos cansados
los cuartos que trajo mi mama estara bastante bonito todavia,los cuartos que trajo mi mamá estarán bastante bonitos todavía
"esta tarde hasta que salga del colegio, esperame","esta tarde hasta que salga del colegio, espérame"
Dice que el te esta muy dulce.,Dice que el té está muy dulce.
"el sabado como mi papa trabaja, los ninos juegan en el patio","el sábado como mi papá trabaja, los niños juegan en el patio"
"si estudias mucho, mi mama esta tranquila","si estudias mucho, mi mamá está tranquila"
"hoy cuando estes mejor, te lo cuento","hoy cuando estés mejor, te lo cuento"
"Manana cuando hagas la cama, llamame.","Mañana cuando hagas la cama, llámame."
"los sabados apenas me levanto, nos quedamos en casa","los sábados apenas me levanto, nos quedamos en casa"
"Hoy apenas hagas la cama, escribeme.","Hoy apenas hagas la cama, escríbeme."
"esta semana apenas el bus llego tarde, los vecinos hicieron ruido","esta semana apenas el bus llegó tarde, los vecinos hicieron ruido"
el sabado jugare con mis amigos apenas tengas un rato,el sábado jugaré con mis amigos apenas tengas un rato
el perro durmio en el sofa apenas los ninos jugaban en el patio,el perro durmió en el sofá apenas los niños jugaban en el patio
el gato de mi tia esta muy listo,el gato de mi tía está muy listo
"el sabado en cuanto tengamos dinero, veremos la pelicula","el sábado en cuanto tengamos dinero, veremos la película"
"Apenas salimos del colegio, el perro durmio en el sofa.","Apenas salimos del colegio, el perro durmió en el sofá."
"siempre cuando llueve, veo television","siempre cuando llueve, veo televisión"
"todos los dias siempre que veo a mi abuela, hago la tarea","todos los días siempre que veo a mi abuela, hago la tarea"
"todos los dias siempre que juego futbol, mi mama prepara el cafe","todos los días siempre que juego fútbol, mi mamá prepara el café"
creo que el te conoce,creo que él te conoce
mi mama esta tranquila si el perro ladra,mi mamá está tranquila si el perro ladra
las mesas parece muy cara,las mesas parecen muy caras
La mesa que compre quedo bastante fria esta manana.,La mesa que compré quedó bastante fría esta mañana.
