erronea,corregida
"mira, es mejor que duermes ocho horas esta vez","mira, es mejor que duermas ocho horas esta vez"
"Mamá, deseo que damos las gracias.","Mamá, deseo que demos las gracias."
me gusta que sabes la verdad tambien,me gusta que sepas la verdad también
"profe, dudo que tú vas al médico hoy","profe, dudo que tú vayas al médico hoy"
"profe, no creo que los estudiantes no salen de casa esta vez","profe, no creo que los estudiantes no salgan de casa esta vez"
"La verdad, deseo que conoces la historia.","La verdad, deseo que conozcas la historia."
"oye, seguro que vienes conmigo manana","oye, seguro que vienes conmigo mañana"
"Por favor, prefiero que vamos a dormir también.","Por favor, prefiero que vayamos a dormir también."
no quiero que nosotras entendemos la pregunta,no quiero que nosotras entendamos la pregunta
"hola, me alegra que tu amigo oye al profesor siempre","hola, me alegra que tu amigo oiga al profesor siempre"
"profe, ojalá tú ves el problema","profe, ojalá tú veas el problema"
"hijo, es mejor que el conoce a mis amigos tambien","hijo, es mejor que él conozca a mis amigos también"
"oye, el profesor se canso toda la tarde","oye, el profesor se cansó toda la tarde"
"Profe, hace falta que nosotras decimos mentiras.","Profe, hace falta que nosotras digamos mentiras."
"hijo, prefiero que el doctor va solo por favor","hijo, prefiero que el doctor vaya solo por favor"
"profe, no creo que ellos vienen conmigo hoy","profe, no creo que ellos vengan conmigo hoy"
"mama, mis padres esperan que los estudiantes no vienen a la reunion esta vez","mamá, mis padres esperan que los estudiantes no vengan a la reunión esta vez"
"Hola, me alegra que tú empiezas ahora mañana.","Hola, me alegra que tú empieces ahora mañana."
es mejor que no vamos a la playa,es mejor que no vayamos a la playa
"oye, mi mama quiere que hablas despacio","oye, mi mamá quiere que hables despacio"
"oye, veo que el entiende esto manana","oye, veo que él entiende esto mañana"
"la verdad, creo que estudias en silencio manana","la verdad, creo que estudias en silencio mañana"
"Mamá, es mejor que traemos agua también.","Mamá, es mejor que traigamos agua también."
"hijo, antes de que estudiamos por la tarde siempre","hijo, antes de que estudiemos por la tarde siempre"
Hace falta que tú estudias por la tarde por favor.,Hace falta que tú estudies por la tarde por favor.
"mamá, te pido que escribimos tu nombre por favor","mamá, te pido que escribamos tu nombre por favor"
"mira, prefiero que las ninas van al medico","mira, prefiero que las niñas vayan al médico"
"la verdad, ojalá que jugamos fútbol hoy","la verdad, ojalá que juguemos fútbol hoy"
"la verdad, creo que nosotras traemos los libros manana","la verdad, creo que nosotras traemos los libros mañana"
deseo que tu amigo tiene frío mañana,deseo que tu amigo tenga frío mañana
"hola, me gusta que juegas en el parque","hola, me gusta que juegues en el parque"
"hijo, para que jugamos futbol","hijo, para que juguemos fútbol"
"oye, ojala nosotras no damos la mano","oye, ojalá nosotras no demos la mano"
"hijo, mi mamá quiere que dices tu nombre siempre","hijo, mi mamá quiere que digas tu nombre siempre"
"Mira, para que tu amigo come verduras por favor.","Mira, para que tu amigo coma verduras por favor."
"la verdad, me gusta que no comemos verduras manana","la verdad, me gusta que no comamos verduras mañana"
"la verdad, hace falta que nosotras no escribimos la carta esta vez","la verdad, hace falta que nosotras no escribamos la carta esta vez"
espero que los profesores tienen razon,espero que los profesores tengan razón
"Por favor, para que la profesora busca el libro.","Por favor, para que la profesora busque el libro."
"la verdad, mi mamá quiere que nosotros entendemos la lección","la verdad, mi mamá quiere que nosotros entendamos la lección"
"por favor, dudo que ustedes siguen las reglas manana","por favor, dudo que ustedes sigan las reglas mañana"
"hola, seguro que tu estudias para el examen por favor","hola, seguro que tú estudias para el examen por favor"
"Hola, prefiero que mis hermanos van al médico hoy.","Hola, prefiero que mis hermanos vayan al médico hoy."
"mama, veo que mis hermanos pueden descansar tambien","mamá, veo que mis hermanos pueden descansar también"
"profe, espero que ustedes dan las gracias por favor","profe, espero que ustedes den las gracias por favor"
"por favor, es urgente que él estudia medicina también","por favor, es urgente que él estudie medicina también"
dice que nosotras escribimos la carta manana,dice que nosotras escribimos la carta mañana
"Mamá, ojalá que nosotros pedimos permiso por favor.","Mamá, ojalá que nosotros pidamos permiso por favor."
"hola, el profesor quiere que oyes la música por favor","hola, el profesor quiere que oigas la música por favor"
"Hijo, no quiero que usted empieza de nuevo.","Hijo, no quiero que usted empiece de nuevo."
no quiero que mis padres oyen al profesor esta vez,no quiero que mis padres oigan al profesor esta vez
ojalá nosotros buscamos otra solución esta vez,ojalá nosotros busquemos otra solución esta vez
"oye, mi mama quiere que la profesora sale a jugar tambien","oye, mi mamá quiere que la profesora salga a jugar también"
"hola, es urgente que ellos escriben bien esta vez","hola, es urgente que ellos escriban bien esta vez"
te pido que nosotros estudiamos por la tarde,te pido que nosotros estudiemos por la tarde
"Por favor, veo que tu llegas temprano siempre.","Por favor, veo que tú llegas temprano siempre."
"hola, antes de que mi hermano puede venir esta vez","hola, antes de que mi hermano pueda venir esta vez"
"Hola, para que los profesores no traen el cuaderno.","Hola, para que los profesores no traigan el cuaderno."
"la verdad, deseo que ustedes estudian en silencio","la verdad, deseo que ustedes estudien en silencio"
"la verdad, quiero que mi papa sabe nadar por favor","la verdad, quiero que mi papá sepa nadar por favor"
"Mama, me parece que tu duermes temprano.","Mamá, me parece que tú duermes temprano."
"Oye, quiero que tú no estás atento por favor.","Oye, quiero que tú no estés atento por favor."
"profe, es mejor que mis hermanos traen el cuaderno","profe, es mejor que mis hermanos traigan el cuaderno"
"por favor, prefiero que el doctor no vuelve a casa","por favor, prefiero que el doctor no vuelva a casa"
"Mira, pienso que ellos ponen los libros aqui.","Mira, pienso que ellos ponen los libros aquí."
"la verdad, es urgente que tú piensas en el futuro","la verdad, es urgente que tú pienses en el futuro"
"por favor, esta claro que nosotras llegamos antes que yo","por favor, está claro que nosotras llegamos antes que yo"
"profe, mis padres esperan que tus amigos piensan antes de hablar","profe, mis padres esperan que tus amigos piensen antes de hablar"
"hola, el profesor quiere que nosotros estudiamos en silencio también","hola, el profesor quiere que nosotros estudiemos en silencio también"
"mira, no creo que tu duermes ocho horas siempre","mira, no creo que tú duermas ocho horas siempre"
ojala tu das el ejemplo hoy,ojalá tú des el ejemplo hoy
"mamá, antes de que venimos temprano esta vez","mamá, antes de que vengamos temprano esta vez"
El profesor se sento de repente.,El profesor se sentó de repente.
"la verdad, se que tu conoces el museo","la verdad, sé que tú conoces el museo"
"hijo, prefiero que nosotras comemos mas frutas manana","hijo, prefiero que nosotras comamos más frutas mañana"
"hola, te pido que hacemos ejercicio por favor","hola, te pido que hagamos ejercicio por favor"
"mama, es verdad que nosotras venimos con nosotros","mamá, es verdad que nosotras venimos con nosotros"
"hijo, me gusta que hablamos en clase","hijo, me gusta que hablemos en clase"
"por favor, ojala tu dices algo tambien","por favor, ojalá tú digas algo también"
"hola, no creo que son amable","hola, no creo que sean amable"
"mira, no quiero que no sentimos frio manana","mira, no quiero que no sintamos frío mañana"
"mamá, ojalá que usted escribe bien siempre","mamá, ojalá que usted escriba bien siempre"
"profe, quiero que mis padres salen al recreo","profe, quiero que mis padres salgan al recreo"
"oye, él se baño sin querer","oye, él se bañó sin querer"
Es cierto que las ninas vienen conmigo tambien.,Es cierto que las niñas vienen conmigo también.
"oye, ojala que tu no puedes entrar siempre","oye, ojalá que tú no puedas entrar siempre"
me gusta que la profesora juega fútbol esta vez,me gusta que la profesora juegue fútbol esta vez
"profe, ella se perdio ayer","profe, ella se perdió ayer"
"mama, es mejor que hace ejercicio manana","mamá, es mejor que haga ejercicio mañana"
"la verdad, mi mama se sento toda la tarde","la verdad, mi mamá se sentó toda la tarde"
"Hola, me gusta que mi hermano puede venir esta vez.","Hola, me gusta que mi hermano pueda venir esta vez."
Me gusta que das el ejemplo mañana.,Me gusta que des el ejemplo mañana.
"Por favor, antes de que no buscamos la respuesta también.","Por favor, antes de que no busquemos la respuesta también."
Es importante que tu amigo tiene tiempo por favor.,Es importante que tu amigo tenga tiempo por favor.
"profe, mi mama quiere que la profesora viene manana por favor","profe, mi mamá quiere que la profesora venga mañana por favor"
"mamá, hace falta que las niñas hacen un dibujo también","mamá, hace falta que las niñas hagan un dibujo también"
"la verdad, me dijo que tu estudias en silencio manana","la verdad, me dijo que tú estudias en silencio mañana"
"por favor, para que ustedes conocen a mis amigos","por favor, para que ustedes conozcan a mis amigos"
"oye, me alegra que nosotras venimos conmigo manana","oye, me alegra que nosotras vengamos conmigo mañana"
"hijo, mi mama quiere que venimos conmigo","hijo, mi mamá quiere que vengamos conmigo"
"hijo, es mejor que volvemos mañana","hijo, es mejor que volvamos mañana"
"Mira, dudo que nosotros no pensamos en el futuro.","Mira, dudo que nosotros no pensemos en el futuro."
Es mejor que el doctor sabe la verdad esta vez.,Es mejor que el doctor sepa la verdad esta vez.
la nina se olvido ayer,la niña se olvidó ayer
"profe, el profesor quiere que tú estudias para el examen","profe, el profesor quiere que tú estudies para el examen"
me gusta que mi mamá sigue adelante siempre,me gusta que mi mamá siga adelante siempre
"oye, para que tú no puedes venir también","oye, para que tú no puedas venir también"
"mira, es posible que mis padres no estudian para el examen","mira, es posible que mis padres no estudien para el examen"
Mis padres esperan que quiere ayudar esta vez.,Mis padres esperan que quiera ayudar esta vez.
"por favor, no quiero que nosotras estudiamos medicina por favor","por favor, no quiero que nosotras estudiemos medicina por favor"
Esta claro que ustedes vienen a la fiesta siempre.,Está claro que ustedes vienen a la fiesta siempre.
"la verdad, mi mama quiere que tus amigos traen el permiso firmado","la verdad, mi mamá quiere que tus amigos traigan el permiso firmado"
"mama, quiero que tu lees todos los dias","mamá, quiero que tú leas todos los días"
"por favor, el profesor quiere que nosotros traemos los libros","por favor, el profesor quiere que nosotros traigamos los libros"
"Profe, el profesor se rompio de repente.","Profe, el profesor se rompió de repente."
"profe, es urgente que ustedes duermen temprano","profe, es urgente que ustedes duerman temprano"
"Mamá, necesito que tú das la mano hoy.","Mamá, necesito que tú des la mano hoy."
es urgente que ellos no dicen tu nombre mañana,es urgente que ellos no digan tu nombre mañana
"mama, no creo que vas con ellos","mamá, no creo que vayas con ellos"
"Por favor, te pido que escribimos tu nombre mañana.","Por favor, te pido que escribamos tu nombre mañana."
"profe, es posible que tu vienes con nosotros","profe, es posible que tú vengas con nosotros"
"Mama, seguro que ella trae agua tambien.","Mamá, seguro que ella trae agua también."
Es mejor que hay un examen.,Es mejor que haya un examen.
"hijo, me parece que nosotros entendemos la leccion","hijo, me parece que nosotros entendemos la lección"
mis padres esperan que mis hermanos escriben bien esta vez,mis padres esperan que mis hermanos escriban bien esta vez
"la verdad, ojala mis padres salen tan tarde siempre","la verdad, ojalá mis padres salgan tan tarde siempre"
"hola, dudo que nosotros estamos atento","hola, dudo que nosotros estemos atento"
"la verdad, tu primo se sento de repente","la verdad, tu primo se sentó de repente"
"mamá, necesito que mi mamá viene a la reunión hoy","mamá, necesito que mi mamá venga a la reunión hoy"
"Hijo, se lavo toda la tarde.","Hijo, se lavó toda la tarde."
ojalá que tú haces un dibujo,ojalá que tú hagas un dibujo
"La verdad, el profesor quiere que tú sientes frío siempre.","La verdad, el profesor quiere que tú sientas frío siempre."
"mira, ojala que seguimos adelante manana","mira, ojalá que sigamos adelante mañana"
"por favor, mi mamá se lavo muy rápido","por favor, mi mamá se lavó muy rápido"
me alegra que mi hermano pide permiso hoy,me alegra que mi hermano pida permiso hoy
el perro se enojo en el patio,el perro se enojó en el patio
mis padres esperan que oyen al profesor esta vez,mis padres esperan que oigan al profesor esta vez
"Por favor, antes de que nosotras escribimos bien también.","Por favor, antes de que nosotras escribamos bien también."
es cierto que nosotras hablamos en clase manana,es cierto que nosotras hablamos en clase mañana
"Por favor, es necesario que tú duermes bien mañana.","Por favor, es necesario que tú duermas bien mañana."
"mama, veo que tu eres feliz esta vez","mamá, veo que tú eres feliz esta vez"
mi hermano se levanto al final,mi hermano se levantó al final
"hola, me parece que nosotros venimos a la fiesta manana","hola, me parece que nosotros venimos a la fiesta mañana"
"mira, es necesario que tú buscas el libro siempre","mira, es necesario que tú busques el libro siempre"
"la verdad, me parece que las ninas oyen esto","la verdad, me parece que las niñas oyen esto"
"Por favor, necesito que tú vienes mañana.","Por favor, necesito que tú vengas mañana."
no creo que ellas llegan pronto,no creo que ellas lleguen pronto
"profe, mis padres esperan que nosotras seguimos estudiando esta vez","profe, mis padres esperan que nosotras sigamos estudiando esta vez"
"Oye, el profesor quiere que tú entiendes esto.","Oye, el profesor quiere que tú entiendas esto."
Es urgente que nosotros dormimos temprano.,Es urgente que nosotros durmamos temprano.
"mira, no quiero que ellas sienten vergüenza por favor","mira, no quiero que ellas sientan vergüenza por favor"
"Mamá, deseo que el niño no empieza ahora también.","Mamá, deseo que el niño no empiece ahora también."
"mama, prefiero que tu hermana tiene razon","mamá, prefiero que tu hermana tenga razón"
"la verdad, es verdad que ustedes vuelven a casa tambien","la verdad, es verdad que ustedes vuelven a casa también"
no quiero que nosotras ponemos atención siempre,no quiero que nosotras pongamos atención siempre
"oye, necesito que ponen el abrigo","oye, necesito que pongan el abrigo"
"Mamá, mi mamá quiere que tus amigos dan las gracias siempre.","Mamá, mi mamá quiere que tus amigos den las gracias siempre."
Se acabo ayer.,Se acabó ayer.
"por favor, quiero que los ninos no duermen temprano","por favor, quiero que los niños no duerman temprano"
"hola, no creo que usted lee las instrucciones también","hola, no creo que usted lea las instrucciones también"
"Oye, es verdad que tu dices tu nombre siempre.","Oye, es verdad que tú dices tu nombre siempre."
mis padres esperan que tú das la respuesta esta vez,mis padres esperan que tú des la respuesta esta vez
veo que tu hermana quiere estudiar tambien,veo que tu hermana quiere estudiar también
"mira, dudo que tu dices lo que piensas por favor","mira, dudo que tú digas lo que piensas por favor"
"por favor, ojala que tus amigos duermen bien tambien","por favor, ojalá que tus amigos duerman bien también"
"hola, el se peino toda la tarde","hola, él se peinó toda la tarde"
"mira, para que el doctor estudia por la tarde","mira, para que el doctor estudie por la tarde"
"oye, esta claro que usted come en casa manana","oye, está claro que usted come en casa mañana"
"hola, hace falta que ellos vuelven pronto por favor","hola, hace falta que ellos vuelvan pronto por favor"
"profe, me gusta que nosotras tenemos frio hoy","profe, me gusta que nosotras tengamos frío hoy"
"La verdad, no quiero que empieza ahora mañana.","La verdad, no quiero que empiece ahora mañana."
"mamá, es urgente que tú conoces a mi familia siempre","mamá, es urgente que tú conozcas a mi familia siempre"
"Profe, es importante que tú sigues adelante hoy.","Profe, es importante que tú sigas adelante hoy."
ojalá salimos con tus amigos hoy,ojalá salgamos con tus amigos hoy
Hace falta que tú conoces a mi familia mañana.,Hace falta que tú conozcas a mi familia mañana.
"oye, es importante que la niña lee las instrucciones por favor","oye, es importante que la niña lea las instrucciones por favor"
quiero que las ninas dan el ejemplo,quiero que las niñas den el ejemplo
"hola, hace falta que mi hermano juega en el parque tambien","hola, hace falta que mi hermano juegue en el parque también"
"mira, esta claro que tus amigos escriben la carta manana","mira, está claro que tus amigos escriben la carta mañana"
es urgente que ellas escriben con letra clara tambien,es urgente que ellas escriban con letra clara también
"oye, me gusta que ellas duermen bien","oye, me gusta que ellas duerman bien"
"mira, deseo que tú empiezas la tarea","mira, deseo que tú empieces la tarea"
es importante que tú das el ejemplo,es importante que tú des el ejemplo
te pido que tu vienes con nosotros hoy,te pido que tú vengas con nosotros hoy
"hijo, es mejor que mi hermano lee mucho hoy","hijo, es mejor que mi hermano lea mucho hoy"
"por favor, ojalá que ella va al colegio también","por favor, ojalá que ella vaya al colegio también"
Deseo que ellas buscan tus cosas.,Deseo que ellas busquen tus cosas.
prefiero que las niñas tienen suerte hoy,prefiero que las niñas tengan suerte hoy
"oye, dudo que mi mama estudia en silencio hoy","oye, dudo que mi mamá estudie en silencio hoy"
hace falta que los estudiantes escriben bien por favor,hace falta que los estudiantes escriban bien por favor
"profe, te pido que buscan otra solución hoy","profe, te pido que busquen otra solución hoy"
"oye, para que mi papá entiende mis razones","oye, para que mi papá entienda mis razones"
"profe, es necesario que tu estudias por la tarde","profe, es necesario que tú estudies por la tarde"
"mamá, dudo que mi papá duerme ocho horas","mamá, dudo que mi papá duerma ocho horas"
Me parece que la profesora oye la musica.,Me parece que la profesora oye la música.
"oye, mi mamá quiere que tu amigo lee las instrucciones","oye, mi mamá quiere que tu amigo lea las instrucciones"
"oye, para que mi papa estudia por la tarde esta vez","oye, para que mi papá estudie por la tarde esta vez"
"hijo, ojalá que nosotros damos el ejemplo","hijo, ojalá que nosotros demos el ejemplo"
él se levanto muy rápido,él se levantó muy rápido
"Oye, es posible que nosotros damos el ejemplo.","Oye, es posible que nosotros demos el ejemplo."
Es posible que nosotras vemos esto también.,Es posible que nosotras veamos esto también.
me dijo que nosotras somos asi,me dijo que nosotras somos así
"hola, dudo que pone los libros aquí también","hola, dudo que ponga los libros aquí también"
"oye, es mejor que nosotras jugamos en la calle","oye, es mejor que nosotras juguemos en la calle"
"Hijo, me alegra que buscamos el libro mañana.","Hijo, me alegra que busquemos el libro mañana."
"hola, espero que los ninos ponen el abrigo","hola, espero que los niños pongan el abrigo"
ojalá venimos a mi casa por favor,ojalá vengamos a mi casa por favor
espero que empiezan temprano siempre,espero que empiecen temprano siempre
"hijo, se que somos feliz esta vez","hijo, sé que somos feliz esta vez"
"Mira, es necesario que usted ve esto.","Mira, es necesario que usted vea esto."
"profe, prefiero que los estudiantes pueden ayudar siempre","profe, prefiero que los estudiantes puedan ayudar siempre"
"mama, me parece que comes despacio","mamá, me parece que comes despacio"
es necesario que nosotros no vamos al médico esta vez,es necesario que nosotros no vayamos al médico esta vez
espero que usted no conoce la historia hoy,espero que usted no conozca la historia hoy
es urgente que los estudiantes hacen las cosas bien manana,es urgente que los estudiantes hagan las cosas bien mañana
"la verdad, el perro se paso de repente","la verdad, el perro se pasó de repente"
Seguro que tu estudias mucho por favor.,Seguro que tú estudias mucho por favor.
"Mira, veo que las ninas llegan pronto tambien.","Mira, veo que las niñas llegan pronto también."
"oye, me parece que ustedes van a dormir tambien","oye, me parece que ustedes van a dormir también"
espero que mi mamá no pide ayuda también,espero que mi mamá no pida ayuda también
mi mamá quiere que tú no tienes paciencia siempre,mi mamá quiere que tú no tengas paciencia siempre
quiero que ellas oyen el ruido,quiero que ellas oigan el ruido
"oye, no creo que el empieza temprano siempre","oye, no creo que él empiece temprano siempre"
es mejor que nosotras salimos con tus amigos mañana,es mejor que nosotras salgamos con tus amigos mañana
Mi mamá quiere que el niño come más frutas.,Mi mamá quiere que el niño coma más frutas.
"hola, sabemos que los profesores empiezan la clase tambien","hola, sabemos que los profesores empiezan la clase también"
"oye, antes de que nosotros ponemos los libros aquí también","oye, antes de que nosotros pongamos los libros aquí también"
"mira, antes de que ella oye el ruido","mira, antes de que ella oiga el ruido"
"la verdad, esta claro que ella viene a mi casa por favor","la verdad, está claro que ella viene a mi casa por favor"
"la verdad, hace falta que oyes la musica","la verdad, hace falta que oigas la música"
"hola, me gusta que tú lees en voz alta esta vez","hola, me gusta que tú leas en voz alta esta vez"
"profe, es verdad que tus amigos piensan bien las cosas tambien","profe, es verdad que tus amigos piensan bien las cosas también"
es necesario que hay comida para todos,es necesario que haya comida para todos
"mira, es importante que ellos sienten verguenza","mira, es importante que ellos sientan vergüenza"
sabemos que ella empieza de nuevo tambien,sabemos que ella empieza de nuevo también
ojalá tu amigo da un paseo por favor,ojalá tu amigo dé un paseo por favor
"Oye, se que tu hablas con ella por favor.","Oye, sé que tú hablas con ella por favor."
"mama, es posible que la profesora esta tranquilo","mamá, es posible que la profesora esté tranquilo"
"Por favor, no creo que usted es honesto por favor.","Por favor, no creo que usted sea honesto por favor."
ojalá que hay tiempo,ojalá que haya tiempo
"mira, es posible que tú oyes al profesor","mira, es posible que tú oigas al profesor"
"mira, me alegra que comemos verduras hoy","mira, me alegra que comamos verduras hoy"
"por favor, no creo que nosotros no vemos la película siempre","por favor, no creo que nosotros no veamos la película siempre"
Ella se lavo por la mañana.,Ella se lavó por la mañana.
"por favor, antes de que nosotras damos el ejemplo hoy","por favor, antes de que nosotras demos el ejemplo hoy"
"hola, se que mi mama siente frio tambien","hola, sé que mi mamá siente frío también"
es necesario que mi papá habla en clase,es necesario que mi papá hable en clase
no quiero que mis padres conocen la historia tambien,no quiero que mis padres conozcan la historia también
"mira, dice que nosotros vemos la pelicula tambien","mira, dice que nosotros vemos la película también"
"Por favor, para que ella escribe tu nombre.","Por favor, para que ella escriba tu nombre."
"hijo, seguro que tu vienes temprano esta vez","hijo, seguro que tú vienes temprano esta vez"
"mira, es necesario que mi hermano entiende el problema","mira, es necesario que mi hermano entienda el problema"
"la verdad, es mejor que tú comes en casa también","la verdad, es mejor que tú comas en casa también"
es urgente que hay clases mañana,es urgente que haya clases mañana
"hola, ojala sentimos frio esta vez","hola, ojalá sintamos frío esta vez"
necesito que hay sitio,necesito que haya sitio
Te pido que tus amigos hablan en español siempre.,Te pido que tus amigos hablen en español siempre.
ojala ellos dan las gracias tambien,ojalá ellos den las gracias también
"profe, quiero que mi hermano entiende esto siempre","profe, quiero que mi hermano entienda esto siempre"
"hijo, prefiero que tú das el ejemplo también","hijo, prefiero que tú des el ejemplo también"
"por favor, no quiero que tu ves esto","por favor, no quiero que tú veas esto"
"mira, el profesor quiere que ellas estudian medicina esta vez","mira, el profesor quiere que ellas estudien medicina esta vez"
Dudo que nosotros sabemos la respuesta siempre.,Dudo que nosotros sepamos la respuesta siempre.
"La verdad, me gusta que ellas no vuelven a intentarlo.","La verdad, me gusta que ellas no vuelvan a intentarlo."
me gusta que el doctor piensa así,me gusta que el doctor piense así
"oye, dudo que el niño habla más fuerte","oye, dudo que el niño hable más fuerte"
esta claro que el lee el libro esta vez,está claro que él lee el libro esta vez
"Por favor, te pido que llegamos a la meta.","Por favor, te pido que lleguemos a la meta."
"mira, se que comes todo por favor","mira, sé que comes todo por favor"
"Mamá, ojalá comemos todo siempre.","Mamá, ojalá comamos todo siempre."
te pido que nosotros hablamos despacio por favor,te pido que nosotros hablemos despacio por favor
prefiero que haces un dibujo hoy,prefiero que hagas un dibujo hoy
"hijo, es importante que nosotros buscamos tus cosas","hijo, es importante que nosotros busquemos tus cosas"
"por favor, antes de que nosotras ponemos orden en el cuarto mañana","por favor, antes de que nosotras pongamos orden en el cuarto mañana"
"La verdad, es mejor que tú puedes venir mañana.","La verdad, es mejor que tú puedas venir mañana."
"hijo, sabemos que nosotras empezamos de nuevo tambien","hijo, sabemos que nosotras empezamos de nuevo también"
"mama, esta claro que mis padres duermen un poco tambien","mamá, está claro que mis padres duermen un poco también"
"la verdad, hace falta que ustedes hablan en clase esta vez","la verdad, hace falta que ustedes hablen en clase esta vez"
veo que mi mama sabe la verdad esta vez,veo que mi mamá sabe la verdad esta vez
prefiero que hay tiempo,prefiero que haya tiempo
"oye, me dijo que mis padres estan tranquilo esta vez","oye, me dijo que mis padres están tranquilo esta vez"
me alegra que tu hermana estudia en silencio,me alegra que tu hermana estudie en silencio
mis padres esperan que tus amigos pueden terminar hoy por favor,mis padres esperan que tus amigos puedan terminar hoy por favor
"Profe, ojalá que vienes mañana esta vez.","Profe, ojalá que vengas mañana esta vez."
"hijo, ojalá ellos hablan con ella mañana","hijo, ojalá ellos hablen con ella mañana"
"profe, quiero que él trae el permiso firmado por favor","profe, quiero que él traiga el permiso firmado por favor"
"oye, el profesor quiere que tú estás en casa mañana","oye, el profesor quiere que tú estés en casa mañana"
"mira, es mejor que mi mama puede terminar hoy por favor","mira, es mejor que mi mamá pueda terminar hoy por favor"
"Mamá, no quiero que buscamos la respuesta siempre.","Mamá, no quiero que busquemos la respuesta siempre."
"Por favor, no quiero que ellos siguen así.","Por favor, no quiero que ellos sigan así."
"mira, quiero que el doctor pide mas comida","mira, quiero que el doctor pida más comida"
"Oye, me gusta que tienes tiempo esta vez.","Oye, me gusta que tengas tiempo esta vez."
para que ellas dicen lo que piensas,para que ellas digan lo que piensas
es verdad que mis hermanos tienen suerte manana,es verdad que mis hermanos tienen suerte mañana
"hola, el perro se enojo al final","hola, el perro se enojó al final"
Hace falta que tiene razón.,Hace falta que tenga razón.
"Hijo, es cierto que tu pones los libros aqui manana.","Hijo, es cierto que tú pones los libros aquí mañana."
"mama, veo que somos puntual","mamá, veo que somos puntual"
"profe, no creo que mi hermano come todo esta vez","profe, no creo que mi hermano coma todo esta vez"
"oye, sabemos que salimos con tus amigos manana","oye, sabemos que salimos con tus amigos mañana"
"Hola, él se levanto en el recreo.","Hola, él se levantó en el recreo."
Prefiero que las niñas entienden mis razones.,Prefiero que las niñas entiendan mis razones.
"profe, quiero que tu eres amable tambien","profe, quiero que tú seas amable también"
es urgente que nosotros llegamos a la meta,es urgente que nosotros lleguemos a la meta
prefiero que hay clases mañana,prefiero que haya clases mañana
"Hola, mis padres esperan que mi hermano no piensa así también.","Hola, mis padres esperan que mi hermano no piense así también."
deseo que los profesores ven la pelicula,deseo que los profesores vean la película
"hijo, esta claro que tu piensas antes de hablar","hijo, está claro que tú piensas antes de hablar"
"Profe, tu primo se enojo ayer.","Profe, tu primo se enojó ayer."
"Por favor, ojalá nosotras salimos de casa esta vez.","Por favor, ojalá nosotras salgamos de casa esta vez."
"oye, dudo que mis hermanos hacen las cosas bien esta vez","oye, dudo que mis hermanos hagan las cosas bien esta vez"
es urgente que tú das el ejemplo esta vez,es urgente que tú des el ejemplo esta vez
"hijo, el profesor quiere que tus amigos traen los libros esta vez","hijo, el profesor quiere que tus amigos traigan los libros esta vez"
prefiero que el doctor juega en el parque,prefiero que el doctor juegue en el parque
"hola, me parece que tu vienes manana tambien","hola, me parece que tú vienes mañana también"
"mira, el profesor se cayo en el patio","mira, el profesor se cayó en el patio"
"hijo, mis padres esperan que tus amigos llegan a tiempo","hijo, mis padres esperan que tus amigos lleguen a tiempo"
"Hijo, es necesario que los profesores ponen la mesa.","Hijo, es necesario que los profesores pongan la mesa."
"mira, es verdad que tu hermana siente frio tambien","mira, es verdad que tu hermana siente frío también"
"por favor, me gusta que ella tiene tiempo esta vez","por favor, me gusta que ella tenga tiempo esta vez"
"Oye, ojalá que tu amigo ve esto siempre.","Oye, ojalá que tu amigo vea esto siempre."
"mama, prefiero que la profesora pone orden en el cuarto siempre","mamá, prefiero que la profesora ponga orden en el cuarto siempre"
"Por favor, ojalá que la profesora duerme temprano.","Por favor, ojalá que la profesora duerma temprano."
es urgente que nosotros decimos lo que piensas siempre,es urgente que nosotros digamos lo que piensas siempre
deseo que ustedes son amable hoy,deseo que ustedes sean amable hoy
"oye, antes de que tu hermana pone el abrigo hoy","oye, antes de que tu hermana ponga el abrigo hoy"
"por favor, no quiero que tú pides permiso siempre","por favor, no quiero que tú pidas permiso siempre"
"Por favor, el profesor quiere que los estudiantes vienen a mi casa mañana.","Por favor, el profesor quiere que los estudiantes vengan a mi casa mañana."
"por favor, no creo que el doctor dice lo que piensas también","por favor, no creo que el doctor diga lo que piensas también"
necesito que tu hermana sabe cuidarte también,necesito que tu hermana sepa cuidarte también
"hola, no quiero que las ninas saben nadar hoy","hola, no quiero que las niñas sepan nadar hoy"
"mira, quiero que tú vas a dormir también","mira, quiero que tú vayas a dormir también"
"hijo, es importante que nosotras traemos agua","hijo, es importante que nosotras traigamos agua"
"hijo, espero que usted estudia para el examen","hijo, espero que usted estudie para el examen"
se sento al final,se sentó al final
"Mama, pienso que nosotros pensamos asi por favor.","Mamá, pienso que nosotros pensamos así por favor."
"hola, ojalá que mi mamá es responsable hoy","hola, ojalá que mi mamá sea responsable hoy"
"la verdad, prefiero que decimos mentiras manana","la verdad, prefiero que digamos mentiras mañana"
deseo que los niños vuelven a intentarlo,deseo que los niños vuelvan a intentarlo
quiero que tu dices mentiras,quiero que tú digas mentiras
"Hijo, es verdad que mi papa empieza la clase por favor.","Hijo, es verdad que mi papá empieza la clase por favor."
"profe, hace falta que quiere salir","profe, hace falta que quiera salir"
"hijo, prefiero que vemos a tu abuela","hijo, prefiero que veamos a tu abuela"
"La verdad, sabemos que ellas hablan mas fuerte siempre.","La verdad, sabemos que ellas hablan más fuerte siempre."
"Profe, la niña se levanto en el patio.","Profe, la niña se levantó en el patio."
"hola, no quiero que ustedes conocen a mis amigos mañana","hola, no quiero que ustedes conozcan a mis amigos mañana"
es importante que hay comida para todos,es importante que haya comida para todos
"por favor, dudo que mis hermanos entienden el problema por favor","por favor, dudo que mis hermanos entiendan el problema por favor"
"Oye, el profesor se canso de repente.","Oye, el profesor se cansó de repente."
"profe, se que nosotros seguimos asi esta vez","profe, sé que nosotros seguimos así esta vez"
"oye, no creo que dan un paseo también","oye, no creo que den un paseo también"
"por favor, necesito que mis padres ponen orden en el cuarto","por favor, necesito que mis padres pongan orden en el cuarto"
me gusta que tú llegas pronto hoy,me gusta que tú llegues pronto hoy
"Oye, es necesario que ves la película hoy.","Oye, es necesario que veas la película hoy."
"oye, antes de que vemos el problema","oye, antes de que veamos el problema"
"hola, es necesario que la profesora oye el ruido","hola, es necesario que la profesora oiga el ruido"
me parece que tu quieres ayudar,me parece que tú quieres ayudar
"mira, el perro se lavo por la mañana","mira, el perro se lavó por la mañana"
"hijo, quiero que tú buscas otra solución","hijo, quiero que tú busques otra solución"
prefiero que tú no das un paseo siempre,prefiero que tú no des un paseo siempre
Pienso que tu haces la cena manana.,Pienso que tú haces la cena mañana.
mi mama quiere que el lee todos los dias tambien,mi mamá quiere que él lea todos los días también
"oye, deseo que tú eres feliz","oye, deseo que tú seas feliz"
"mama, me gusta que usted busca otra solucion tambien","mamá, me gusta que usted busque otra solución también"
es importante que tú pones la mesa,es importante que tú pongas la mesa
veo que ellos oyen el ruido manana,veo que ellos oyen el ruido mañana
"profe, deseo que tú sabes cuidarte","profe, deseo que tú sepas cuidarte"
Esta claro que nosotros buscamos trabajo manana.,Está claro que nosotros buscamos trabajo mañana.
es necesario que nosotros estudiamos en silencio esta vez,es necesario que nosotros estudiemos en silencio esta vez
es mejor que la profesora da la mano,es mejor que la profesora dé la mano
"hola, es necesario que las ninas duermen ocho horas","hola, es necesario que las niñas duerman ocho horas"
"mamá, es posible que las niñas siguen así siempre","mamá, es posible que las niñas sigan así siempre"
"Por favor, él se peino en la clase.","Por favor, él se peinó en la clase."
no creo que los profesores comen verduras,no creo que los profesores coman verduras
"la verdad, deseo que nosotros hacemos un dibujo","la verdad, deseo que nosotros hagamos un dibujo"
ella se lavo en el recreo,ella se lavó en el recreo
"oye, ojalá ellos llegan tarde por favor","oye, ojalá ellos lleguen tarde por favor"
el profesor quiere que los estudiantes no empiezan la tarea por favor,el profesor quiere que los estudiantes no empiecen la tarea por favor
"La verdad, pienso que tu escribes con letra clara.","La verdad, pienso que tú escribes con letra clara."
"Mira, es posible que tú pones atención hoy.","Mira, es posible que tú pongas atención hoy."
"mira, es mejor que estas atento por favor","mira, es mejor que estés atento por favor"
"hijo, veo que tu pones el abrigo siempre","hijo, veo que tú pones el abrigo siempre"
"por favor, antes de que no entienden el problema","por favor, antes de que no entiendan el problema"
"oye, es importante que comemos despacio siempre","oye, es importante que comamos despacio siempre"
"hola, es posible que tu amigo sale a jugar hoy","hola, es posible que tu amigo salga a jugar hoy"
"profe, espero que tú ves el problema mañana","profe, espero que tú veas el problema mañana"
"profe, quiero que el doctor entiende esto manana","profe, quiero que el doctor entienda esto mañana"
"mamá, mis padres esperan que él sigue estudiando","mamá, mis padres esperan que él siga estudiando"
"mamá, me alegra que la profesora estudia en silencio","mamá, me alegra que la profesora estudie en silencio"
"hijo, prefiero que no hablas despacio tambien","hijo, prefiero que no hables despacio también"
"profe, es posible que comemos todo hoy","profe, es posible que comamos todo hoy"
Ojalá que tú juegas después de comer también.,Ojalá que tú juegues después de comer también.
es urgente que pueden jugar hoy,es urgente que puedan jugar hoy
"hijo, mi hermano se asusto al final","hijo, mi hermano se asustó al final"
"Hola, no creo que tus amigos ponen la mesa.","Hola, no creo que tus amigos pongan la mesa."
"Mira, necesito que mis hermanos estudian mucho.","Mira, necesito que mis hermanos estudien mucho."
"la verdad, es verdad que tu sales al recreo tambien","la verdad, es verdad que tú sales al recreo también"
Para que tu amigo no habla con ella.,Para que tu amigo no hable con ella.
"Oye, el profesor quiere que buscas otra solución.","Oye, el profesor quiere que busques otra solución."
"Profe, antes de que él va solo.","Profe, antes de que él vaya solo."
"hola, dudo que ellas dicen lo que piensas","hola, dudo que ellas digan lo que piensas"
prefiero que tu empiezas ahora por favor,prefiero que tú empieces ahora por favor
"oye, ojalá nosotros jugamos después de comer esta vez","oye, ojalá nosotros juguemos después de comer esta vez"
"mama, es importante que no estamos en casa manana","mamá, es importante que no estemos en casa mañana"
"profe, veo que lees todos los dias siempre","profe, veo que lees todos los días siempre"
quiero que los niños duermen temprano esta vez,quiero que los niños duerman temprano esta vez
Espero que mi hermano escribe tu nombre.,Espero que mi hermano escriba tu nombre.
"hola, quiero que ellas vuelven temprano siempre","hola, quiero que ellas vuelvan temprano siempre"
es necesario que los niños entienden la lección esta vez,es necesario que los niños entiendan la lección esta vez
"profe, antes de que ustedes quieren comer esta vez","profe, antes de que ustedes quieran comer esta vez"
"La verdad, necesito que tú quieres ayudar por favor.","La verdad, necesito que tú quieras ayudar por favor."
Antes de que mis hermanos piden permiso también.,Antes de que mis hermanos pidan permiso también.
"oye, mis padres esperan que tu amigo empieza temprano mañana","oye, mis padres esperan que tu amigo empiece temprano mañana"
quiero que tú no quieres ayudar por favor,quiero que tú no quieras ayudar por favor
"Oye, quiero que nosotros conocemos el museo hoy.","Oye, quiero que nosotros conozcamos el museo hoy."
"la verdad, antes de que tú sabes la verdad","la verdad, antes de que tú sepas la verdad"
ojalá que tú no eres así siempre,ojalá que tú no seas así siempre
"oye, necesito que nosotras entendemos la leccion tambien","oye, necesito que nosotras entendamos la lección también"
"hola, te pido que mi hermano es feliz","hola, te pido que mi hermano sea feliz"
"mira, antes de que nosotros damos las gracias","mira, antes de que nosotros demos las gracias"
"oye, dudo que vas a dormir","oye, dudo que vayas a dormir"
"mama, mi mama quiere que tu haces las cosas bien por favor","mamá, mi mamá quiere que tú hagas las cosas bien por favor"
"La verdad, antes de que el doctor sale temprano esta vez.","La verdad, antes de que el doctor salga temprano esta vez."
"la verdad, para que tú sientes dolor también","la verdad, para que tú sientas dolor también"
"Hijo, para que nosotros venimos a la fiesta también.","Hijo, para que nosotros vengamos a la fiesta también."
"Por favor, mis padres esperan que damos la respuesta.","Por favor, mis padres esperan que demos la respuesta."
ojala que tu llegas a tiempo siempre,ojalá que tú llegues a tiempo siempre
"profe, ojalá que nosotros queremos salir","profe, ojalá que nosotros queramos salir"
es posible que los niños piensan en eso por favor,es posible que los niños piensen en eso por favor
"hola, tu primo se levanto por la mañana","hola, tu primo se levantó por la mañana"
"profe, el profesor quiere que tus amigos hacen la tarea","profe, el profesor quiere que tus amigos hagan la tarea"
"Mira, es importante que no sigues estudiando.","Mira, es importante que no sigas estudiando."
deseo que tus amigos llegan antes que yo hoy,deseo que tus amigos lleguen antes que yo hoy
hace falta que no leemos las instrucciones también,hace falta que no leamos las instrucciones también
"Profe, prefiero que los niños quieren ayudar.","Profe, prefiero que los niños quieran ayudar."
veo que nosotras salimos con tus amigos manana,veo que nosotras salimos con tus amigos mañana
mis padres esperan que hay problemas,mis padres esperan que haya problemas
"por favor, el profesor se llamo sin querer","por favor, el profesor se llamó sin querer"
espero que hay un examen,espero que haya un examen
"hola, no creo que nosotras vamos solo tambien","hola, no creo que nosotras vayamos solo también"
"profe, es necesario que nosotros buscamos tus cosas esta vez","profe, es necesario que nosotros busquemos tus cosas esta vez"
"Hijo, mi mamá quiere que dormimos ocho horas.","Hijo, mi mamá quiere que durmamos ocho horas."
"Hijo, mis padres esperan que empezamos de nuevo.","Hijo, mis padres esperan que empecemos de nuevo."
"mama, no quiero que quieres comer siempre","mamá, no quiero que quieras comer siempre"
"profe, deseo que tú vas al médico","profe, deseo que tú vayas al médico"
"por favor, mis padres esperan que tú sigues adelante también","por favor, mis padres esperan que tú sigas adelante también"
"la verdad, quiero que la profesora es feliz mañana","la verdad, quiero que la profesora sea feliz mañana"
El profesor quiere que los niños no siguen el camino siempre.,El profesor quiere que los niños no sigan el camino siempre.
"oye, tu primo se porto ayer","oye, tu primo se portó ayer"
Es necesario que hay problemas.,Es necesario que haya problemas.
"mira, hace falta que no traes el cuaderno","mira, hace falta que no traigas el cuaderno"
"Mira, espero que los estudiantes vuelven pronto mañana.","Mira, espero que los estudiantes vuelvan pronto mañana."
"Mira, prefiero que ustedes comen más frutas esta vez.","Mira, prefiero que ustedes coman más frutas esta vez."
"Oye, el profesor quiere que tú sientes dolor mañana.","Oye, el profesor quiere que tú sientas dolor mañana."
"por favor, te pido que los profesores traen la comida mañana","por favor, te pido que los profesores traigan la comida mañana"
"mira, el profesor quiere que ella siente frío siempre","mira, el profesor quiere que ella sienta frío siempre"
quiero que mi hermano da la mano,quiero que mi hermano dé la mano
"mama, espero que mi papa lee en voz alta manana","mamá, espero que mi papá lea en voz alta mañana"
"Profe, mi mamá quiere que tu hermana pone orden en el cuarto por favor.","Profe, mi mamá quiere que tu hermana ponga orden en el cuarto por favor."
me alegra que dices algo,me alegra que digas algo
"La verdad, no quiero que los estudiantes quieren ayudar siempre.","La verdad, no quiero que los estudiantes quieran ayudar siempre."
"profe, me gusta que mi mamá dice algo mañana","profe, me gusta que mi mamá diga algo mañana"
para que ellas ponen la mesa mañana,para que ellas pongan la mesa mañana
"mira, mis padres esperan que las niñas conocen la historia hoy","mira, mis padres esperan que las niñas conozcan la historia hoy"
"por favor, mis padres esperan que va al colegio","por favor, mis padres esperan que vaya al colegio"
Es cierto que tu dices algo.,Es cierto que tú dices algo.
Prefiero que mis hermanos van al médico por favor.,Prefiero que mis hermanos vayan al médico por favor.
"Profe, ojalá que las niñas entienden la pregunta.","Profe, ojalá que las niñas entiendan la pregunta."
Quiero que el doctor va a dormir siempre.,Quiero que el doctor vaya a dormir siempre.
dudo que nosotras pensamos asi siempre,dudo que nosotras pensemos así siempre
"Por favor, esta claro que tu entiendes esto tambien.","Por favor, está claro que tú entiendes esto también."
"profe, la nina se llamo en el patio","profe, la niña se llamó en el patio"
Ella se levanto al final.,Ella se levantó al final.
"Por favor, ojalá estamos tranquilo también.","Por favor, ojalá estemos tranquilo también."
hace falta que hay un examen,hace falta que haya un examen
no creo que tu duermes en clase siempre,no creo que tú duermas en clase siempre
"Por favor, para que los estudiantes no llegan temprano.","Por favor, para que los estudiantes no lleguen temprano."
"hola, antes de que tu hermana sigue adelante","hola, antes de que tu hermana siga adelante"
"hola, es necesario que nosotros sentimos verguenza","hola, es necesario que nosotros sintamos vergüenza"
"profe, el profesor se sento en el recreo","profe, el profesor se sentó en el recreo"
"profe, ojala que nosotras podemos jugar","profe, ojalá que nosotras podamos jugar"
"la verdad, prefiero que sabemos la verdad también","la verdad, prefiero que sepamos la verdad también"
"por favor, me alegra que tus amigos ven esto","por favor, me alegra que tus amigos vean esto"
deseo que tu conoces el museo siempre,deseo que tú conozcas el museo siempre
"por favor, me gusta que ustedes no leen las instrucciones","por favor, me gusta que ustedes no lean las instrucciones"
"Por favor, mis padres esperan que el niño es puntual mañana.","Por favor, mis padres esperan que el niño sea puntual mañana."
"Por favor, me alegra que viene a mi casa.","Por favor, me alegra que venga a mi casa."
mi mama se acabo ayer,mi mamá se acabó ayer
"oye, creo que juega despues de comer siempre","oye, creo que juega después de comer siempre"
"la verdad, no creo que mi hermano estudia mucho","la verdad, no creo que mi hermano estudie mucho"
"la verdad, no creo que usted es feliz por favor","la verdad, no creo que usted sea feliz por favor"
es urgente que mi papá lee todos los días mañana,es urgente que mi papá lea todos los días mañana
mis padres esperan que nosotros tenemos todo listo,mis padres esperan que nosotros tengamos todo listo
"La verdad, mi mamá se olvido al final.","La verdad, mi mamá se olvidó al final."
mis padres esperan que nosotros estudiamos para el examen,mis padres esperan que nosotros estudiemos para el examen
Se que mis padres vuelven a intentarlo siempre.,Sé que mis padres vuelven a intentarlo siempre.
"por favor, no quiero que empiezas la clase también","por favor, no quiero que empieces la clase también"
me alegra que ellos pueden ayudar,me alegra que ellos puedan ayudar
"La verdad, dudo que nosotros damos el ejemplo esta vez.","La verdad, dudo que nosotros demos el ejemplo esta vez."
"por favor, ojalá tú ves a tu abuela siempre","por favor, ojalá tú veas a tu abuela siempre"
antes de que tu amigo viene con nosotros también,antes de que tu amigo venga con nosotros también
"por favor, antes de que nosotros comemos en casa mañana","por favor, antes de que nosotros comamos en casa mañana"
"la verdad, no creo que el doctor no oye la música por favor","la verdad, no creo que el doctor no oiga la música por favor"
me parece que ustedes empiezan la tarea tambien,me parece que ustedes empiezan la tarea también
"Mama, esta claro que tu entiendes mis razones.","Mamá, está claro que tú entiendes mis razones."
Te pido que nosotros seguimos estudiando.,Te pido que nosotros sigamos estudiando.
"oye, el perro se lastimo por la manana","oye, el perro se lastimó por la mañana"
"oye, para que sigues estudiando siempre","oye, para que sigas estudiando siempre"
"mamá, antes de que nosotras volvemos temprano también","mamá, antes de que nosotras volvamos temprano también"
veo que tu estudias medicina tambien,veo que tú estudias medicina también
"Hijo, para que tú empiezas de nuevo por favor.","Hijo, para que tú empieces de nuevo por favor."
Quiero que usted sale con tus amigos también.,Quiero que usted salga con tus amigos también.
es importante que hay clases mañana,es importante que haya clases mañana
mi mamá quiere que tus amigos hablan más fuerte,mi mamá quiere que tus amigos hablen más fuerte
"Por favor, me alegra que tú ves la película también.","Por favor, me alegra que tú veas la película también."
"Mama, veo que las ninas saben nadar.","Mamá, veo que las niñas saben nadar."
"mira, la nina se durmio en el patio","mira, la niña se durmió en el patio"
necesito que no oyen al profesor,necesito que no oigan al profesor
"por favor, el perro se escapo en el patio","por favor, el perro se escapó en el patio"
se que estas tranquilo por favor,sé que estás tranquilo por favor
"Oye, antes de que las niñas no pueden entrar por favor.","Oye, antes de que las niñas no puedan entrar por favor."
"la verdad, te pido que ellas no escriben bien","la verdad, te pido que ellas no escriban bien"
"oye, ojalá tú estudias en silencio","oye, ojalá tú estudies en silencio"
"por favor, es urgente que tú escribes bien también","por favor, es urgente que tú escribas bien también"
"por favor, me alegra que tu entiendes la pregunta tambien","por favor, me alegra que tú entiendas la pregunta también"
el profesor quiere que somos honesto,el profesor quiere que seamos honesto
"hijo, me alegra que nosotras oimos al profesor esta vez","hijo, me alegra que nosotras oigamos al profesor esta vez"
"oye, es cierto que tu dices mentiras por favor","oye, es cierto que tú dices mentiras por favor"
"Hijo, necesito que la niña hace ejercicio esta vez.","Hijo, necesito que la niña haga ejercicio esta vez."
"la verdad, ojala que la nina hace la cena esta vez","la verdad, ojalá que la niña haga la cena esta vez"
"la verdad, esta claro que nosotras traemos el permiso firmado","la verdad, está claro que nosotras traemos el permiso firmado"
"Profe, no creo que ellos no ven el problema siempre.","Profe, no creo que ellos no vean el problema siempre."
"Mira, mi mamá quiere que usted conoce el museo.","Mira, mi mamá quiere que usted conozca el museo."
"profe, es urgente que no estamos atento también","profe, es urgente que no estemos atento también"
"mira, antes de que nosotras queremos ayudar","mira, antes de que nosotras queramos ayudar"
"hijo, para que conocemos la historia esta vez","hijo, para que conozcamos la historia esta vez"
"la verdad, hace falta que tus amigos ponen la mesa","la verdad, hace falta que tus amigos pongan la mesa"
"la verdad, quiero que tu tienes suerte manana","la verdad, quiero que tú tengas suerte mañana"
No quiero que el doctor da el ejemplo hoy.,No quiero que el doctor dé el ejemplo hoy.
"por favor, prefiero que mi mamá vuelve mañana mañana","por favor, prefiero que mi mamá vuelva mañana mañana"
"mama, el se cayo en el patio","mamá, él se cayó en el patio"
"Hijo, me gusta que nosotras leemos el libro.","Hijo, me gusta que nosotras leamos el libro."
"profe, dudo que tu das el ejemplo por favor","profe, dudo que tú des el ejemplo por favor"
"hola, quiero que nosotras buscamos el libro por favor","hola, quiero que nosotras busquemos el libro por favor"
"hijo, es mejor que nosotros volvemos temprano hoy","hijo, es mejor que nosotros volvamos temprano hoy"
tu primo se perdio de repente,tu primo se perdió de repente
es posible que empiezas de nuevo,es posible que empieces de nuevo
"hijo, creo que tu piensas bien las cosas tambien","hijo, creo que tú piensas bien las cosas también"
"oye, me gusta que tiene frío","oye, me gusta que tenga frío"
"oye, antes de que nosotros llegamos a la meta hoy","oye, antes de que nosotros lleguemos a la meta hoy"
te pido que el nino dice mentiras,te pido que el niño diga mentiras
ojalá que el doctor oye esto siempre,ojalá que el doctor oiga esto siempre
"Hijo, el profesor quiere que tu amigo hace la cena.","Hijo, el profesor quiere que tu amigo haga la cena."
"oye, necesito que dicen algo","oye, necesito que digan algo"
"Oye, necesito que los profesores no entienden mis razones.","Oye, necesito que los profesores no entiendan mis razones."
"Hola, ojalá que tú entiendes la pregunta.","Hola, ojalá que tú entiendas la pregunta."
"por favor, es mejor que la profesora sale a jugar","por favor, es mejor que la profesora salga a jugar"
antes de que tú comes en casa por favor,antes de que tú comas en casa por favor
"hola, mi mama quiere que las ninas saben la verdad tambien","hola, mi mamá quiere que las niñas sepan la verdad también"
"por favor, quiero que mis padres tienen suerte","por favor, quiero que mis padres tengan suerte"
"profe, deseo que nosotras estamos atento mañana","profe, deseo que nosotras estemos atento mañana"
no creo que usted lee en voz alta,no creo que usted lea en voz alta
"hijo, es importante que dicen eso hoy","hijo, es importante que digan eso hoy"
"profe, pienso que el doctor esta tranquilo esta vez","profe, pienso que el doctor está tranquilo esta vez"
me gusta que mi papá vuelve temprano también,me gusta que mi papá vuelva temprano también
ojalá hay un examen,ojalá haya un examen
"mamá, él se lastimo en el recreo","mamá, él se lastimó en el recreo"
"la verdad, ojalá la niña trae la comida","la verdad, ojalá la niña traiga la comida"
"oye, me gusta que nosotros no oímos al profesor por favor","oye, me gusta que nosotros no oigamos al profesor por favor"
quiero que la profesora puede jugar mañana,quiero que la profesora pueda jugar mañana
espero que tu hermana sabe la verdad por favor,espero que tu hermana sepa la verdad por favor
"Por favor, no quiero que tu hermana conoce la ciudad.","Por favor, no quiero que tu hermana conozca la ciudad."
"hola, antes de que tus amigos ven la película","hola, antes de que tus amigos vean la película"
"por favor, mis padres esperan que nosotros llegamos a tiempo esta vez","por favor, mis padres esperan que nosotros lleguemos a tiempo esta vez"
"hola, es importante que tú vienes a la fiesta","hola, es importante que tú vengas a la fiesta"
tu primo se lastimo sin querer,tu primo se lastimó sin querer
"hola, creo que mi mama puede venir esta vez","hola, creo que mi mamá puede venir esta vez"
"mamá, mi mamá quiere que comemos verduras por favor","mamá, mi mamá quiere que comamos verduras por favor"
espero que nosotras venimos temprano hoy,espero que nosotras vengamos temprano hoy
"la verdad, ojala nosotras damos la respuesta esta vez","la verdad, ojalá nosotras demos la respuesta esta vez"
"oye, antes de que ustedes sienten frio siempre","oye, antes de que ustedes sientan frío siempre"
no creo que ustedes vuelven a casa,no creo que ustedes vuelvan a casa
para que hay comida para todos,para que haya comida para todos
"Mama, creo que las ninas vuelven a intentarlo.","Mamá, creo que las niñas vuelven a intentarlo."
ojalá que oyes el ruido,ojalá que oigas el ruido
"hijo, para que usted puede terminar hoy siempre","hijo, para que usted pueda terminar hoy siempre"
"oye, creo que tu lees en voz alta","oye, creo que tú lees en voz alta"
"hijo, hace falta que tú vuelves a casa siempre","hijo, hace falta que tú vuelvas a casa siempre"
dudo que tú juegas en el parque esta vez,dudo que tú juegues en el parque esta vez
"Hijo, prefiero que nosotros decimos mentiras.","Hijo, prefiero que nosotros digamos mentiras."
"oye, no quiero que nosotros oímos la música","oye, no quiero que nosotros oigamos la música"
"hijo, esta claro que nosotros seguimos el camino","hijo, está claro que nosotros seguimos el camino"
"mamá, se acabo en el recreo","mamá, se acabó en el recreo"
"la verdad, se que tu duermes en clase esta vez","la verdad, sé que tú duermes en clase esta vez"
es posible que pensamos en el futuro manana,es posible que pensemos en el futuro mañana
"mira, para que juegas fútbol también","mira, para que juegues fútbol también"
"Por favor, sabemos que leen todos los dias esta vez.","Por favor, sabemos que leen todos los días esta vez."
"La verdad, mi mamá quiere que mi papá entiende la lección.","La verdad, mi mamá quiere que mi papá entienda la lección."
"mira, me alegra que tú vienes conmigo","mira, me alegra que tú vengas conmigo"
Es posible que salen tan tarde.,Es posible que salgan tan tarde.
"la verdad, me gusta que nosotras jugamos en el parque tambien","la verdad, me gusta que nosotras juguemos en el parque también"
"oye, me alegra que ellas son honesto mañana","oye, me alegra que ellas sean honesto mañana"
"por favor, no quiero que pide ayuda hoy","por favor, no quiero que pida ayuda hoy"
"hola, es importante que ellos tienen cuidado por favor","hola, es importante que ellos tengan cuidado por favor"
"por favor, ojalá que tu amigo puede entrar por favor","por favor, ojalá que tu amigo pueda entrar por favor"
mis padres esperan que tú hablas en español también,mis padres esperan que tú hables en español también
"mama, se que tus amigos escriben tu nombre hoy","mamá, sé que tus amigos escriben tu nombre hoy"
"oye, deseo que tú hablas con ella siempre","oye, deseo que tú hables con ella siempre"
"mamá, el profesor quiere que ellos buscan la respuesta","mamá, el profesor quiere que ellos busquen la respuesta"
tu primo se lastimo de repente,tu primo se lastimó de repente
Dice que nosotros venimos a la reunion tambien.,Dice que nosotros venimos a la reunión también.
"hijo, la niña se rompio por la mañana","hijo, la niña se rompió por la mañana"
"la verdad, esta claro que la nina ve el problema manana","la verdad, está claro que la niña ve el problema mañana"
Necesito que mis padres no vienen a la fiesta.,Necesito que mis padres no vengan a la fiesta.
"hola, antes de que damos las gracias tambien","hola, antes de que demos las gracias también"
hace falta que tu amigo conoce a mis amigos,hace falta que tu amigo conozca a mis amigos
"mamá, mis padres esperan que ellos comen en casa esta vez","mamá, mis padres esperan que ellos coman en casa esta vez"
"Hola, necesito que escribes la carta.","Hola, necesito que escribas la carta."
"profe, es posible que las ninas no ponen la mesa siempre","profe, es posible que las niñas no pongan la mesa siempre"
es urgente que tus amigos ponen los libros aqui manana,es urgente que tus amigos pongan los libros aquí mañana
Espero que tú empiezas la tarea.,Espero que tú empieces la tarea.
"la verdad, quiero que usted duerme bien tambien","la verdad, quiero que usted duerma bien también"
"hola, necesito que ella va al medico manana","hola, necesito que ella vaya al médico mañana"
"la verdad, dudo que nosotros estamos tranquilo siempre","la verdad, dudo que nosotros estemos tranquilo siempre"
sabemos que vienen manana,sabemos que vienen mañana
no creo que tu estudias medicina siempre,no creo que tú estudies medicina siempre
"por favor, para que dicen eso","por favor, para que digan eso"
"Hijo, es posible que tú pones el abrigo.","Hijo, es posible que tú pongas el abrigo."
se que nosotras seguimos el camino,sé que nosotras seguimos el camino
"mira, seguro que nosotros dormimos un poco tambien","mira, seguro que nosotros dormimos un poco también"
Para que tú juegas fútbol.,Para que tú juegues fútbol.
ojalá hay sitio,ojalá haya sitio
esta claro que tu das la mano,está claro que tú das la mano
"la verdad, hace falta que los estudiantes traen el cuaderno","la verdad, hace falta que los estudiantes traigan el cuaderno"
espero que ellos ponen el abrigo esta vez,espero que ellos pongan el abrigo esta vez
"por favor, la niña se peino en el recreo","por favor, la niña se peinó en el recreo"
"Oye, mi mamá quiere que los profesores ven a tu abuela.","Oye, mi mamá quiere que los profesores vean a tu abuela."
"mamá, es urgente que tú comes todo por favor","mamá, es urgente que tú comas todo por favor"
"por favor, deseo que usted oye al profesor esta vez","por favor, deseo que usted oiga al profesor esta vez"
"mamá, te pido que los niños buscan trabajo por favor","mamá, te pido que los niños busquen trabajo por favor"
"mama, me parece que buscamos trabajo","mamá, me parece que buscamos trabajo"
creo que tu comes todo,creo que tú comes todo
"la verdad, hace falta que mis padres vienen temprano siempre","la verdad, hace falta que mis padres vengan temprano siempre"
"oye, quiero que no dormimos ocho horas","oye, quiero que no durmamos ocho horas"
"Profe, ojalá que los estudiantes escriben tu nombre esta vez.","Profe, ojalá que los estudiantes escriban tu nombre esta vez."
"Por favor, antes de que mis padres dan las gracias esta vez.","Por favor, antes de que mis padres den las gracias esta vez."
Necesito que tú juegas con cuidado esta vez.,Necesito que tú juegues con cuidado esta vez.
"hola, es urgente que conoces a mis amigos tambien","hola, es urgente que conozcas a mis amigos también"
"hijo, antes de que mi hermano pide permiso por favor","hijo, antes de que mi hermano pida permiso por favor"
"mira, deseo que ellas estan aqui manana","mira, deseo que ellas estén aquí mañana"
"hijo, necesito que tú escribes el cuento mañana","hijo, necesito que tú escribas el cuento mañana"
es cierto que nosotras podemos jugar manana,es cierto que nosotras podemos jugar mañana
"por favor, dudo que oímos esto hoy","por favor, dudo que oigamos esto hoy"
"profe, mi mamá quiere que estudia mucho por favor","profe, mi mamá quiere que estudie mucho por favor"
seguro que el da la mano,seguro que él da la mano
"hijo, necesito que mi papá tiene suerte esta vez","hijo, necesito que mi papá tenga suerte esta vez"
"La verdad, no creo que tú puedes terminar hoy.","La verdad, no creo que tú puedas terminar hoy."
no quiero que nosotros sabemos la verdad mañana,no quiero que nosotros sepamos la verdad mañana
esta claro que tu vienes temprano hoy,está claro que tú vienes temprano hoy
es posible que ellas hablan con ella hoy,es posible que ellas hablen con ella hoy
necesito que nosotros tenemos razón esta vez,necesito que nosotros tengamos razón esta vez
"Por favor, prefiero que la niña duerme en clase hoy.","Por favor, prefiero que la niña duerma en clase hoy."
"hijo, es verdad que el nino entiende el problema","hijo, es verdad que el niño entiende el problema"
"Hijo, es importante que tú puedes descansar mañana.","Hijo, es importante que tú puedas descansar mañana."
Es necesario que nosotros somos responsable hoy.,Es necesario que nosotros seamos responsable hoy.
"Por favor, quiero que usted es honesto mañana.","Por favor, quiero que usted sea honesto mañana."
"mama, el profesor quiere que las ninas vienen a la reunion siempre","mamá, el profesor quiere que las niñas vengan a la reunión siempre"
"Oye, quiero que tú no duermes en clase.","Oye, quiero que tú no duermas en clase."
"mira, mi mama quiere que tu haces un dibujo siempre","mira, mi mamá quiere que tú hagas un dibujo siempre"
es urgente que hay clases manana,es urgente que haya clases mañana
"la verdad, ojalá que mi papá hace la tarea también","la verdad, ojalá que mi papá haga la tarea también"
prefiero que mis padres buscan trabajo hoy,prefiero que mis padres busquen trabajo hoy
"Mira, espero que no oímos esto hoy.","Mira, espero que no oigamos esto hoy."
mi mama quiere que tu no tienes razon,mi mamá quiere que tú no tengas razón
"hijo, dudo que usted oye la música","hijo, dudo que usted oiga la música"
sabemos que tu juegas despues de comer hoy,sabemos que tú juegas después de comer hoy
"hijo, antes de que ustedes no piensan antes de hablar","hijo, antes de que ustedes no piensen antes de hablar"
Tu primo se escapo al final.,Tu primo se escapó al final.
"mamá, es necesario que pedimos ayuda","mamá, es necesario que pidamos ayuda"
"hola, creo que usted juega futbol esta vez","hola, creo que usted juega fútbol esta vez"
ojala que los ninos oyen esto por favor,ojalá que los niños oigan esto por favor
"profe, necesito que tus amigos piensan asi manana","profe, necesito que tus amigos piensen así mañana"
"oye, te pido que conocemos la ciudad esta vez","oye, te pido que conozcamos la ciudad esta vez"
"mamá, quiero que comen en casa mañana","mamá, quiero que coman en casa mañana"
"hola, quiero que tú sabes cuidarte siempre","hola, quiero que tú sepas cuidarte siempre"
seguro que salimos con tus amigos manana,seguro que salimos con tus amigos mañana
"Por favor, creo que ellas quieren estudiar tambien.","Por favor, creo que ellas quieren estudiar también."
es importante que hay clases manana,es importante que haya clases mañana
"mira, creo que mi mama quiere ayudar tambien","mira, creo que mi mamá quiere ayudar también"
Es cierto que tu haces un dibujo manana.,Es cierto que tú haces un dibujo mañana.
"La verdad, él se paso en el patio.","La verdad, él se pasó en el patio."
es importante que tú sigues así mañana,es importante que tú sigas así mañana
Me gusta que mis padres empiezan la clase por favor.,Me gusta que mis padres empiecen la clase por favor.
mi mamá quiere que traen los libros por favor,mi mamá quiere que traigan los libros por favor
"mira, veo que los ninos escriben la carta por favor","mira, veo que los niños escriben la carta por favor"
"La verdad, no creo que leemos en voz alta siempre.","La verdad, no creo que leamos en voz alta siempre."
"hola, me alegra que mis hermanos conocen la historia mañana","hola, me alegra que mis hermanos conozcan la historia mañana"
"mamá, espero que pones orden en el cuarto","mamá, espero que pongas orden en el cuarto"
"Profe, seguro que tu dices mentiras tambien.","Profe, seguro que tú dices mentiras también."
"mira, es verdad que tu lees las instrucciones siempre","mira, es verdad que tú lees las instrucciones siempre"
"profe, hace falta que traes el cuaderno esta vez","profe, hace falta que traigas el cuaderno esta vez"
"hijo, ojalá llega a la meta también","hijo, ojalá llegue a la meta también"
"mira, mis padres esperan que vuelves pronto siempre","mira, mis padres esperan que vuelvas pronto siempre"
"Hola, me alegra que nosotras no leemos mucho hoy.","Hola, me alegra que nosotras no leamos mucho hoy."
"hijo, es necesario que nosotros podemos venir hoy","hijo, es necesario que nosotros podamos venir hoy"
"la verdad, se que nosotras volvemos manana tambien","la verdad, sé que nosotras volvemos mañana también"
Dudo que empezamos temprano también.,Dudo que empecemos temprano también.
"oye, necesito que los niños no van a la playa siempre","oye, necesito que los niños no vayan a la playa siempre"
no quiero que nosotras dormimos en clase por favor,no quiero que nosotras durmamos en clase por favor
Antes de que quieres venir mañana.,Antes de que quieras venir mañana.
ojalá nosotros no seguimos estudiando también,ojalá nosotros no sigamos estudiando también
"mama, ojala que tu sales con tus amigos por favor","mamá, ojalá que tú salgas con tus amigos por favor"
"Oye, veo que tu quieres ayudar.","Oye, veo que tú quieres ayudar."
"hijo, mi mamá se lavo muy rápido","hijo, mi mamá se lavó muy rápido"
creo que nosotros jugamos futbol,creo que nosotros jugamos fútbol
"Hijo, prefiero que los estudiantes son feliz mañana.","Hijo, prefiero que los estudiantes sean feliz mañana."
me alegra que vienes a la reunión esta vez,me alegra que vengas a la reunión esta vez
"mira, te pido que tu lees las instrucciones tambien","mira, te pido que tú leas las instrucciones también"
"oye, hace falta que los niños están aquí","oye, hace falta que los niños estén aquí"
ojala que empezamos de nuevo hoy,ojalá que empecemos de nuevo hoy
Necesito que los niños estudian mucho siempre.,Necesito que los niños estudien mucho siempre.
"mama, quiero que nosotros dormimos en clase hoy","mamá, quiero que nosotros durmamos en clase hoy"
"hijo, se que tu hermana sigue adelante por favor","hijo, sé que tu hermana sigue adelante por favor"
Quiero que no empiezas de nuevo siempre.,Quiero que no empieces de nuevo siempre.
"la verdad, espero que tu vienes a mi casa esta vez","la verdad, espero que tú vengas a mi casa esta vez"
"mira, es urgente que usted no juega en el parque","mira, es urgente que usted no juegue en el parque"
"la verdad, hace falta que los estudiantes estudian mucho hoy","la verdad, hace falta que los estudiantes estudien mucho hoy"
El profesor quiere que tú sientes vergüenza.,El profesor quiere que tú sientas vergüenza.
Ojalá estás aquí.,Ojalá estés aquí.
mi mamá quiere que los estudiantes no pueden jugar esta vez,mi mamá quiere que los estudiantes no puedan jugar esta vez
"la verdad, no quiero que usted tiene cuidado esta vez","la verdad, no quiero que usted tenga cuidado esta vez"
"la verdad, es posible que tu juegas futbol siempre","la verdad, es posible que tú juegues fútbol siempre"
no quiero que ustedes estudian por la tarde,no quiero que ustedes estudien por la tarde
"profe, deseo que usted hace ejercicio esta vez","profe, deseo que usted haga ejercicio esta vez"
"Oye, mi hermano se lastimo toda la tarde.","Oye, mi hermano se lastimó toda la tarde."
No creo que mis hermanos llegan temprano hoy.,No creo que mis hermanos lleguen temprano hoy.
"oye, necesito que los profesores escriben con letra clara","oye, necesito que los profesores escriban con letra clara"
"hijo, deseo que tu hablas con ella siempre","hijo, deseo que tú hables con ella siempre"
Se que los estudiantes leen el libro.,Sé que los estudiantes leen el libro.
"oye, necesito que tú dices mentiras siempre","oye, necesito que tú digas mentiras siempre"
Prefiero que estudias medicina.,Prefiero que estudies medicina.
"hola, ojala mi hermano esta tranquilo por favor","hola, ojalá mi hermano esté tranquilo por favor"
"Profe, dudo que tú piensas bien las cosas.","Profe, dudo que tú pienses bien las cosas."
no creo que tus amigos ponen orden en el cuarto por favor,no creo que tus amigos pongan orden en el cuarto por favor
"Por favor, espero que tú comes verduras hoy.","Por favor, espero que tú comas verduras hoy."
seguro que dicen algo manana,seguro que dicen algo mañana
"la verdad, antes de que tu oyes la musica por favor","la verdad, antes de que tú oigas la música por favor"
"oye, ojalá que ustedes vuelven pronto mañana","oye, ojalá que ustedes vuelvan pronto mañana"
"oye, me parece que tu oyes bien por favor","oye, me parece que tú oyes bien por favor"
"por favor, antes de que las niñas dan las gracias","por favor, antes de que las niñas den las gracias"
deseo que somos así,deseo que seamos así
"Hijo, no quiero que tú no ves a tu abuela mañana.","Hijo, no quiero que tú no veas a tu abuela mañana."
"Mamá, el profesor quiere que los estudiantes traen la comida mañana.","Mamá, el profesor quiere que los estudiantes traigan la comida mañana."
"Oye, dudo que tú traes el permiso firmado también.","Oye, dudo que tú traigas el permiso firmado también."
"hijo, dice que tu vuelves a casa siempre","hijo, dice que tú vuelves a casa siempre"
"profe, ojalá nosotras sentimos dolor","profe, ojalá nosotras sintamos dolor"
prefiero que las niñas juegan en el parque también,prefiero que las niñas jueguen en el parque también
"Mamá, necesito que haces silencio.","Mamá, necesito que hagas silencio."
"profe, me alegra que mis padres entienden la lección también","profe, me alegra que mis padres entiendan la lección también"
necesito que nosotras venimos temprano siempre,necesito que nosotras vengamos temprano siempre
me alegra que hay sitio,me alegra que haya sitio
"Oye, espero que ustedes vienen mañana por favor.","Oye, espero que ustedes vengan mañana por favor."
me gusta que tus amigos vuelven temprano mañana,me gusta que tus amigos vuelvan temprano mañana
"Hola, es necesario que nosotras decimos tu nombre mañana.","Hola, es necesario que nosotras digamos tu nombre mañana."
"Profe, sabemos que nosotros jugamos futbol tambien.","Profe, sabemos que nosotros jugamos fútbol también."
es importante que ustedes leen mucho por favor,es importante que ustedes lean mucho por favor
"la verdad, hace falta que ponemos el abrigo","la verdad, hace falta que pongamos el abrigo"
"por favor, me gusta que ellos piensan asi","por favor, me gusta que ellos piensen así"
"mira, es urgente que tu estas aqui","mira, es urgente que tú estés aquí"
"mamá, espero que los niños no salen a jugar","mamá, espero que los niños no salgan a jugar"
"hola, mis padres esperan que nosotros vamos solo por favor","hola, mis padres esperan que nosotros vayamos solo por favor"
"hijo, es necesario que tú traes la comida","hijo, es necesario que tú traigas la comida"
"mira, espero que comes todo también","mira, espero que comas todo también"
me parece que tu ves el partido,me parece que tú ves el partido
"Hijo, no creo que nosotras empezamos la clase también.","Hijo, no creo que nosotras empecemos la clase también."
"por favor, es importante que buscas otra solución","por favor, es importante que busques otra solución"
"Profe, necesito que sabes leer bien mañana.","Profe, necesito que sepas leer bien mañana."
"por favor, no quiero que nosotras empezamos temprano por favor","por favor, no quiero que nosotras empecemos temprano por favor"
"oye, dudo que las niñas son responsable también","oye, dudo que las niñas sean responsable también"
espero que mis hermanos no traen agua tambien,espero que mis hermanos no traigan agua también
"hijo, es necesario que pedimos perdón también","hijo, es necesario que pidamos perdón también"
"por favor, me dijo que el nino entiende mis razones manana","por favor, me dijo que el niño entiende mis razones mañana"
"profe, es importante que estamos atento por favor","profe, es importante que estemos atento por favor"
"mira, es mejor que vienen a mi casa","mira, es mejor que vengan a mi casa"
"la verdad, es mejor que los estudiantes llegan antes que yo mañana","la verdad, es mejor que los estudiantes lleguen antes que yo mañana"
ojala que hay un examen,ojalá que haya un examen
Es cierto que mi mama sigue adelante.,Es cierto que mi mamá sigue adelante.
es posible que tu sales de casa,es posible que tú salgas de casa
"hola, es necesario que tu comes en casa esta vez","hola, es necesario que tú comas en casa esta vez"
me dijo que tu pides ayuda manana,me dijo que tú pides ayuda mañana
"profe, ojala que tu llegas a la meta","profe, ojalá que tú llegues a la meta"
ojalá hay problemas,ojalá haya problemas
"hola, dice que tu empiezas de nuevo","hola, dice que tú empiezas de nuevo"
"mama, esta claro que mi mama siente frio esta vez","mamá, está claro que mi mamá siente frío esta vez"
"mira, es posible que él piensa así también","mira, es posible que él piense así también"
"La verdad, hace falta que el niño empieza ahora siempre.","La verdad, hace falta que el niño empiece ahora siempre."
espero que nosotros vemos el partido hoy,espero que nosotros veamos el partido hoy
antes de que sentimos miedo siempre,antes de que sintamos miedo siempre
"La verdad, dudo que las niñas están tranquilo.","La verdad, dudo que las niñas estén tranquilo."
"la verdad, es posible que la niña empieza ahora","la verdad, es posible que la niña empiece ahora"
creo que nosotras buscamos otra solucion por favor,creo que nosotras buscamos otra solución por favor
"profe, deseo que tu amigo vuelve a casa esta vez","profe, deseo que tu amigo vuelva a casa esta vez"
me parece que nosotros jugamos futbol esta vez,me parece que nosotros jugamos fútbol esta vez
"hijo, espero que la profesora quiere estudiar manana","hijo, espero que la profesora quiera estudiar mañana"
"por favor, la niña se canso en la clase","por favor, la niña se cansó en la clase"
"por favor, hace falta que hablamos mas fuerte","por favor, hace falta que hablemos más fuerte"
"Hijo, ella se asusto en el patio.","Hijo, ella se asustó en el patio."
"Oye, me alegra que decimos la verdad.","Oye, me alegra que digamos la verdad."
"hijo, esta claro que sales al recreo","hijo, está claro que sales al recreo"
"mamá, es mejor que tú estudias medicina también","mamá, es mejor que tú estudies medicina también"
"hijo, para que los profesores hablan con ella mañana","hijo, para que los profesores hablen con ella mañana"
es importante que usted llega a tiempo esta vez,es importante que usted llegue a tiempo esta vez
Me gusta que tú vuelves a casa por favor.,Me gusta que tú vuelvas a casa por favor.
"oye, es posible que tú escribes con letra clara","oye, es posible que tú escribas con letra clara"
"hola, ojalá que él entiende mis razones siempre","hola, ojalá que él entienda mis razones siempre"
necesito que estudiamos medicina por favor,necesito que estudiemos medicina por favor
mi mamá quiere que escribe tu nombre también,mi mamá quiere que escriba tu nombre también
"hola, espero que mis hermanos no salen tan tarde también","hola, espero que mis hermanos no salgan tan tarde también"
sabemos que venimos conmigo tambien,sabemos que venimos conmigo también
"profe, ojala que nosotras hablamos en clase tambien","profe, ojalá que nosotras hablemos en clase también"
"por favor, mi mamá quiere que mis hermanos oyen al profesor hoy","por favor, mi mamá quiere que mis hermanos oigan al profesor hoy"
"profe, hace falta que él no llega a tiempo","profe, hace falta que él no llegue a tiempo"
"por favor, quiero que comemos más frutas","por favor, quiero que comamos más frutas"
"profe, no creo que nosotros conocemos el museo siempre","profe, no creo que nosotros conozcamos el museo siempre"
"por favor, pienso que los profesores siguen asi siempre","por favor, pienso que los profesores siguen así siempre"
"profe, es cierto que mis hermanos piensan asi","profe, es cierto que mis hermanos piensan así"
Seguro que nosotras vamos al colegio tambien.,Seguro que nosotras vamos al colegio también.
"hijo, me gusta que tu entiendes el problema siempre","hijo, me gusta que tú entiendas el problema siempre"
prefiero que los niños leen mucho,prefiero que los niños lean mucho
"por favor, es necesario que usted dice tu nombre esta vez","por favor, es necesario que usted diga tu nombre esta vez"
mi mamá quiere que tú no comes todo,mi mamá quiere que tú no comas todo
Me dijo que sigue adelante manana.,Me dijo que sigue adelante mañana.
Para que nosotros llegamos tarde por favor.,Para que nosotros lleguemos tarde por favor.
hace falta que ella come en casa mañana,hace falta que ella coma en casa mañana
"oye, no creo que tú hablas en español esta vez","oye, no creo que tú hables en español esta vez"
"profe, prefiero que vemos el partido","profe, prefiero que veamos el partido"
"profe, antes de que tu amigo sabe la verdad por favor","profe, antes de que tu amigo sepa la verdad por favor"
"mira, es urgente que la niña sabe cuidarte hoy","mira, es urgente que la niña sepa cuidarte hoy"
"hola, ojala que dices tu nombre esta vez","hola, ojalá que digas tu nombre esta vez"
"hola, me dijo que tu juegas despues de comer","hola, me dijo que tú juegas después de comer"
"por favor, te pido que los ninos escriben bien manana","por favor, te pido que los niños escriban bien mañana"
"hola, dudo que la niña da un paseo por favor","hola, dudo que la niña dé un paseo por favor"
es cierto que mi mama come mas frutas hoy,es cierto que mi mamá come más frutas hoy
"oye, es urgente que ustedes no estudian mucho","oye, es urgente que ustedes no estudien mucho"
es urgente que tu no vas a dormir esta vez,es urgente que tú no vayas a dormir esta vez
"profe, me gusta que oimos la musica hoy","profe, me gusta que oigamos la música hoy"
"hola, antes de que ella quiere estudiar","hola, antes de que ella quiera estudiar"
"profe, espero que los ninos salen de casa hoy","profe, espero que los niños salgan de casa hoy"
es posible que el niño empieza la tarea por favor,es posible que el niño empiece la tarea por favor
"hola, mi mamá quiere que los estudiantes duermen temprano por favor","hola, mi mamá quiere que los estudiantes duerman temprano por favor"
"hola, necesito que usted da el ejemplo por favor","hola, necesito que usted dé el ejemplo por favor"
Pienso que ella siente lo mismo tambien.,Pienso que ella siente lo mismo también.
antes de que nosotras conocemos la ciudad,antes de que nosotras conozcamos la ciudad
quiero que tu quieres estudiar,quiero que tú quieras estudiar
"hijo, es necesario que nosotros ponemos la mesa","hijo, es necesario que nosotros pongamos la mesa"
"Hijo, ojalá que usted vuelve a intentarlo.","Hijo, ojalá que usted vuelva a intentarlo."
es necesario que tu no empiezas de nuevo siempre,es necesario que tú no empieces de nuevo siempre
"mamá, me alegra que los estudiantes comen todo siempre","mamá, me alegra que los estudiantes coman todo siempre"
"Mira, es mejor que nosotros ponemos los libros aquí siempre.","Mira, es mejor que nosotros pongamos los libros aquí siempre."
ojala hay sitio,ojalá haya sitio
"Hola, antes de que mi hermano va a dormir también.","Hola, antes de que mi hermano vaya a dormir también."
es posible que tu sabes la verdad manana,es posible que tú sepas la verdad mañana
"hijo, antes de que mis padres conocen a mi familia","hijo, antes de que mis padres conozcan a mi familia"
"Hola, pienso que nosotras pensamos asi.","Hola, pienso que nosotras pensamos así."
dudo que tú empiezas temprano siempre,dudo que tú empieces temprano siempre
me gusta que el ve esto manana,me gusta que él vea esto mañana
"Mira, no creo que tú haces la tarea.","Mira, no creo que tú hagas la tarea."
creo que tu oyes bien tambien,creo que tú oyes bien también
"la verdad, se que tu estudias en silencio esta vez","la verdad, sé que tú estudias en silencio esta vez"
Antes de que nosotras estamos en casa mañana.,Antes de que nosotras estemos en casa mañana.
dudo que las ninas dan la mano tambien,dudo que las niñas den la mano también
"mira, mis padres esperan que oímos bien","mira, mis padres esperan que oigamos bien"
"hola, no creo que el doctor juega en el parque hoy","hola, no creo que el doctor juegue en el parque hoy"
"mamá, dudo que entienden la pregunta esta vez","mamá, dudo que entiendan la pregunta esta vez"
esta claro que tus amigos duermen bien,está claro que tus amigos duermen bien
"La verdad, ojalá que usted sale de casa esta vez.","La verdad, ojalá que usted salga de casa esta vez."
"hijo, hace falta que la nina tiene cuidado siempre","hijo, hace falta que la niña tenga cuidado siempre"
"hola, dice que tus amigos escriben bien tambien","hola, dice que tus amigos escriben bien también"
"oye, creo que los estudiantes leen todos los dias","oye, creo que los estudiantes leen todos los días"
no quiero que tú no vuelves temprano,no quiero que tú no vuelvas temprano
"mira, hace falta que nosotros leemos el libro hoy","mira, hace falta que nosotros leamos el libro hoy"
quiero que tú vienes temprano esta vez,quiero que tú vengas temprano esta vez
"hola, no quiero que los niños hablan en clase esta vez","hola, no quiero que los niños hablen en clase esta vez"
"por favor, no quiero que sabes la verdad","por favor, no quiero que sepas la verdad"
"por favor, me gusta que nosotros damos las gracias","por favor, me gusta que nosotros demos las gracias"
"mama, dice que tu sientes frio manana","mamá, dice que tú sientes frío mañana"
"oye, prefiero que tú duermes temprano por favor","oye, prefiero que tú duermas temprano por favor"
"Mamá, mis padres esperan que la niña sale tan tarde siempre.","Mamá, mis padres esperan que la niña salga tan tarde siempre."
"Mamá, no creo que los estudiantes son feliz por favor.","Mamá, no creo que los estudiantes sean feliz por favor."
"Hijo, me alegra que él entiende esto siempre.","Hijo, me alegra que él entienda esto siempre."
"la verdad, es urgente que nosotras somos responsable","la verdad, es urgente que nosotras seamos responsable"
"la verdad, me parece que tu pones atencion hoy","la verdad, me parece que tú pones atención hoy"
"mama, creo que nosotros hablamos con ella","mamá, creo que nosotros hablamos con ella"
Me alegra que la niña pide permiso esta vez.,Me alegra que la niña pida permiso esta vez.
"Por favor, el profesor quiere que leen las instrucciones.","Por favor, el profesor quiere que lean las instrucciones."
"Hijo, se que nosotras ponemos atencion.","Hijo, sé que nosotras ponemos atención."
Es importante que mis padres escriben el cuento mañana.,Es importante que mis padres escriban el cuento mañana.
"hijo, hace falta que buscamos trabajo hoy","hijo, hace falta que busquemos trabajo hoy"
Me alegra que nosotros hablamos en clase.,Me alegra que nosotros hablemos en clase.
"hijo, espero que no vemos el partido","hijo, espero que no veamos el partido"
ojalá mi hermano no da la mano hoy,ojalá mi hermano no dé la mano hoy
Hace falta que la profesora busca tus cosas.,Hace falta que la profesora busque tus cosas.
"por favor, necesito que el doctor va solo también","por favor, necesito que el doctor vaya solo también"
mi mamá se enojo en el recreo,mi mamá se enojó en el recreo
"la verdad, sabemos que tu escribes tu nombre hoy","la verdad, sabemos que tú escribes tu nombre hoy"
"la verdad, para que tú juegas en la calle siempre","la verdad, para que tú juegues en la calle siempre"
"profe, es importante que tú pides perdón","profe, es importante que tú pidas perdón"
"La verdad, mis padres esperan que él tiene paciencia por favor.","La verdad, mis padres esperan que él tenga paciencia por favor."
"por favor, para que mi mamá viene con nosotros","por favor, para que mi mamá venga con nosotros"
"hola, deseo que tú sabes eso","hola, deseo que tú sepas eso"
antes de que tu piensas en el futuro tambien,antes de que tú pienses en el futuro también
Me alegra que hay problemas.,Me alegra que haya problemas.
Me parece que tu lees las instrucciones manana.,Me parece que tú lees las instrucciones mañana.
"hola, el profesor quiere que tú no empiezas la tarea","hola, el profesor quiere que tú no empieces la tarea"
"oye, prefiero que mis hermanos dan la mano siempre","oye, prefiero que mis hermanos den la mano siempre"
"hola, es importante que mis hermanos vienen mañana","hola, es importante que mis hermanos vengan mañana"
"mira, ojalá duermes ocho horas esta vez","mira, ojalá duermas ocho horas esta vez"
"mira, hace falta que tú buscas la respuesta","mira, hace falta que tú busques la respuesta"
es urgente que ve el partido,es urgente que vea el partido
"la verdad, mis padres esperan que hacemos silencio mañana","la verdad, mis padres esperan que hagamos silencio mañana"
"mira, esta claro que nosotras venimos a mi casa manana","mira, está claro que nosotras venimos a mi casa mañana"
"Profe, deseo que nosotros ponemos los libros aquí.","Profe, deseo que nosotros pongamos los libros aquí."
"Profe, ojalá que el niño no busca tus cosas mañana.","Profe, ojalá que el niño no busque tus cosas mañana."
dudo que él trae la comida,dudo que él traiga la comida
Para que tú traes el cuaderno mañana.,Para que tú traigas el cuaderno mañana.
"profe, es necesario que tu pides permiso manana","profe, es necesario que tú pidas permiso mañana"
"profe, ojalá que nosotras no hablamos en clase siempre","profe, ojalá que nosotras no hablemos en clase siempre"
"Profe, para que mis hermanos traen los libros.","Profe, para que mis hermanos traigan los libros."
"por favor, no creo que tú sabes la respuesta","por favor, no creo que tú sepas la respuesta"
"por favor, ojala que tu sales de casa siempre","por favor, ojalá que tú salgas de casa siempre"
"hijo, ella se lastimo de repente","hijo, ella se lastimó de repente"
"mira, es posible que las niñas van al médico","mira, es posible que las niñas vayan al médico"
Espero que tu hermana empieza de nuevo esta vez.,Espero que tu hermana empiece de nuevo esta vez.
la nina se asusto en el patio,la niña se asustó en el patio
me alegra que queremos salir mañana,me alegra que queramos salir mañana
prefiero que tú sientes lo mismo,prefiero que tú sientas lo mismo
es mejor que nosotros oimos bien esta vez,es mejor que nosotros oigamos bien esta vez
hace falta que hay clases manana,hace falta que haya clases mañana
"profe, no quiero que los ninos pueden entrar por favor","profe, no quiero que los niños puedan entrar por favor"
"hola, mis padres esperan que tu no sales al recreo manana","hola, mis padres esperan que tú no salgas al recreo mañana"
Me alegra que ellas escriben el cuento hoy.,Me alegra que ellas escriban el cuento hoy.
"Mamá, mi mamá quiere que entiende esto.","Mamá, mi mamá quiere que entienda esto."
deseo que ellas leen el libro,deseo que ellas lean el libro
Prefiero que nosotras estudiamos mucho esta vez.,Prefiero que nosotras estudiemos mucho esta vez.
mi mama quiere que el nino escribe con letra clara manana,mi mamá quiere que el niño escriba con letra clara mañana
el profesor quiere que tú empiezas la tarea por favor,el profesor quiere que tú empieces la tarea por favor
"mamá, es urgente que tú empiezas la tarea","mamá, es urgente que tú empieces la tarea"
"oye, esta claro que tu vas solo","oye, está claro que tú vas solo"
"mama, ojala que tu vuelves a intentarlo tambien","mamá, ojalá que tú vuelvas a intentarlo también"
"mama, para que nosotras sabemos cuidarte siempre","mamá, para que nosotras sepamos cuidarte siempre"
"hola, el profesor se levanto en el recreo","hola, el profesor se levantó en el recreo"
"oye, hace falta que conocen a mis amigos también","oye, hace falta que conozcan a mis amigos también"
"Hijo, mi mamá quiere que buscamos el libro por favor.","Hijo, mi mamá quiere que busquemos el libro por favor."
necesito que mi mama conoce a mi familia por favor,necesito que mi mamá conozca a mi familia por favor
espero que escribes la carta,espero que escribas la carta
"la verdad, creo que mi mama puede descansar tambien","la verdad, creo que mi mamá puede descansar también"
"por favor, antes de que estudias por la tarde hoy","por favor, antes de que estudies por la tarde hoy"
Mi mamá se paso en el recreo.,Mi mamá se pasó en el recreo.
"Hola, mi mamá quiere que nosotros conocemos la historia esta vez.","Hola, mi mamá quiere que nosotros conozcamos la historia esta vez."
espero que tú no vienes temprano mañana,espero que tú no vengas temprano mañana
"por favor, es mejor que él no tiene tiempo mañana","por favor, es mejor que él no tenga tiempo mañana"
Quiero que las niñas van al colegio.,Quiero que las niñas vayan al colegio.
"mama, es importante que tu no duermes un poco por favor","mamá, es importante que tú no duermas un poco por favor"
"mira, mi mama quiere que nosotros buscamos otra solucion manana","mira, mi mamá quiere que nosotros busquemos otra solución mañana"
hace falta que hay sitio,hace falta que haya sitio
"Oye, para que pensamos en eso siempre.","Oye, para que pensemos en eso siempre."
el profesor se baño toda la tarde,el profesor se bañó toda la tarde
"hijo, ojala nosotras volvemos manana","hijo, ojalá nosotras volvamos mañana"
Es importante que tu amigo no piensa bien las cosas esta vez.,Es importante que tu amigo no piense bien las cosas esta vez.
"mira, seguro que tu vienes manana","mira, seguro que tú vienes mañana"
para que él siente vergüenza hoy,para que él sienta vergüenza hoy
deseo que hay clases manana,deseo que haya clases mañana
"hola, hace falta que buscamos tus cosas siempre","hola, hace falta que busquemos tus cosas siempre"
prefiero que el nino piensa en eso esta vez,prefiero que el niño piense en eso esta vez
no quiero que mis padres juegan con cuidado siempre,no quiero que mis padres jueguen con cuidado siempre
"mama, prefiero que tu traes los libros siempre","mamá, prefiero que tú traigas los libros siempre"
Me alegra que mi papá puede venir también.,Me alegra que mi papá pueda venir también.
antes de que hacen ejercicio esta vez,antes de que hagan ejercicio esta vez
"hijo, dudo que nosotros entendemos esto esta vez","hijo, dudo que nosotros entendamos esto esta vez"
"Hijo, creo que tu amigo esta listo a las ocho por favor.","Hijo, creo que tu amigo está listo a las ocho por favor."
"la verdad, me alegra que nosotros leemos las instrucciones esta vez","la verdad, me alegra que nosotros leamos las instrucciones esta vez"
"Hola, es urgente que vienes temprano siempre.","Hola, es urgente que vengas temprano siempre."
"Mamá, es urgente que nosotras entendemos esto esta vez.","Mamá, es urgente que nosotras entendamos esto esta vez."
"profe, es posible que podemos jugar","profe, es posible que podamos jugar"
"Profe, es posible que mis hermanos vuelven a intentarlo.","Profe, es posible que mis hermanos vuelvan a intentarlo."
"mira, prefiero que tú eres responsable también","mira, prefiero que tú seas responsable también"
es posible que mi hermano pone los libros aquí mañana,es posible que mi hermano ponga los libros aquí mañana
"oye, mi mamá quiere que ellos no piensan en el futuro","oye, mi mamá quiere que ellos no piensen en el futuro"
Deseo que nosotras no damos la mano.,Deseo que nosotras no demos la mano.
hace falta que oímos la música,hace falta que oigamos la música
para que ponemos orden en el cuarto,para que pongamos orden en el cuarto
"la verdad, me gusta que tú dices lo que piensas esta vez","la verdad, me gusta que tú digas lo que piensas esta vez"
prefiero que duerme un poco siempre,prefiero que duerma un poco siempre
"la verdad, seguro que oimos bien","la verdad, seguro que oímos bien"
para que nosotros llegamos a tiempo hoy,para que nosotros lleguemos a tiempo hoy
Es posible que el doctor duerme bien siempre.,Es posible que el doctor duerma bien siempre.
"mira, dice que entienden esto manana","mira, dice que entienden esto mañana"
"La verdad, es necesario que tus amigos conocen a mis amigos siempre.","La verdad, es necesario que tus amigos conozcan a mis amigos siempre."
es necesario que nosotros comemos más frutas mañana,es necesario que nosotros comamos más frutas mañana
"Oye, él se lavo sin querer.","Oye, él se lavó sin querer."
es urgente que mi papa piensa en eso hoy,es urgente que mi papá piense en eso hoy
"hijo, ojala que tu das la mano siempre","hijo, ojalá que tú des la mano siempre"
"Profe, me gusta que tú no quieres comer mañana.","Profe, me gusta que tú no quieras comer mañana."
"por favor, creo que los ninos vuelven manana","por favor, creo que los niños vuelven mañana"
es urgente que tu hermana pide otra oportunidad,es urgente que tu hermana pida otra oportunidad
"por favor, espero que tu pones atencion","por favor, espero que tú pongas atención"
"oye, necesito que ellas vuelven temprano","oye, necesito que ellas vuelvan temprano"
mis padres esperan que tu buscas trabajo tambien,mis padres esperan que tú busques trabajo también
"mira, dice que ves el problema manana","mira, dice que ves el problema mañana"
"la verdad, prefiero que nosotras vamos al colegio esta vez","la verdad, prefiero que nosotras vayamos al colegio esta vez"
"mira, dice que el doctor juega despues de comer","mira, dice que el doctor juega después de comer"
"Oye, antes de que nosotras damos el ejemplo por favor.","Oye, antes de que nosotras demos el ejemplo por favor."
Necesito que te vas.,Necesito que te vayas.
"oye, dudo que pones orden en el cuarto","oye, dudo que pongas orden en el cuarto"
"La verdad, dudo que mi hermano va al colegio mañana.","La verdad, dudo que mi hermano vaya al colegio mañana."
"la verdad, mis padres esperan que tus amigos saben nadar","la verdad, mis padres esperan que tus amigos sepan nadar"
seguro que tu escribes bien por favor,seguro que tú escribes bien por favor
"mira, no creo que tú hablas despacio por favor","mira, no creo que tú hables despacio por favor"
"La verdad, dudo que no entiende esto también.","La verdad, dudo que no entienda esto también."
Esta claro que los estudiantes llegan tarde.,Está claro que los estudiantes llegan tarde.
"mamá, para que tu hermana viene temprano por favor","mamá, para que tu hermana venga temprano por favor"
Espero que nosotras leemos todos los días.,Espero que nosotras leamos todos los días.
antes de que tu amigo pone el abrigo mañana,antes de que tu amigo ponga el abrigo mañana
"mira, me dijo que los profesores ven la pelicula","mira, me dijo que los profesores ven la película"
"mira, prefiero que tú puedes entrar siempre","mira, prefiero que tú puedas entrar siempre"
Hace falta que tú tienes suerte también.,Hace falta que tú tengas suerte también.
"Profe, es cierto que ellos piden perdon.","Profe, es cierto que ellos piden perdón."
"hola, es importante que nosotras dormimos un poco siempre","hola, es importante que nosotras durmamos un poco siempre"
"Por favor, te pido que tú eres así.","Por favor, te pido que tú seas así."
"por favor, es urgente que ellas no saben la respuesta manana","por favor, es urgente que ellas no sepan la respuesta mañana"
"la verdad, es importante que nosotras hacemos la tarea esta vez","la verdad, es importante que nosotras hagamos la tarea esta vez"
"mira, dudo que mi papa dice lo que piensas esta vez","mira, dudo que mi papá diga lo que piensas esta vez"
"hijo, ojalá jugamos en la calle también","hijo, ojalá juguemos en la calle también"
dudo que ellos oyen esto hoy,dudo que ellos oigan esto hoy
"la verdad, mi mama se asusto en la clase","la verdad, mi mamá se asustó en la clase"
"hijo, es mejor que pensamos bien las cosas hoy","hijo, es mejor que pensemos bien las cosas hoy"
no creo que piensas en el futuro mañana,no creo que pienses en el futuro mañana
necesito que tu entiendes esto,necesito que tú entiendas esto
"hola, es importante que dormimos ocho horas por favor","hola, es importante que durmamos ocho horas por favor"
"Profe, hace falta que nosotros empezamos temprano mañana.","Profe, hace falta que nosotros empecemos temprano mañana."
Es necesario que piensas así esta vez.,Es necesario que pienses así esta vez.
"La verdad, es urgente que sabemos cuidarte siempre.","La verdad, es urgente que sepamos cuidarte siempre."
"por favor, hace falta que nosotros entendemos mis razones también","por favor, hace falta que nosotros entendamos mis razones también"
"mira, para que puedes entrar por favor","mira, para que puedas entrar por favor"
deseo que los niños van a dormir,deseo que los niños vayan a dormir
"la verdad, mi hermano se bano toda la tarde","la verdad, mi hermano se bañó toda la tarde"
"por favor, espero que hacemos un dibujo también","por favor, espero que hagamos un dibujo también"
"mamá, ojalá no oyes la música esta vez","mamá, ojalá no oigas la música esta vez"
"hijo, mis padres esperan que tú sientes miedo hoy","hijo, mis padres esperan que tú sientas miedo hoy"
hace falta que mi hermano oye bien por favor,hace falta que mi hermano oiga bien por favor
hace falta que tú quieres salir siempre,hace falta que tú quieras salir siempre
"mira, para que ellas leen mucho esta vez","mira, para que ellas lean mucho esta vez"
"Profe, ella se lavo de repente.","Profe, ella se lavó de repente."
"profe, ojalá tú pides ayuda siempre","profe, ojalá tú pidas ayuda siempre"
creo que la nina hace un dibujo manana,creo que la niña hace un dibujo mañana
"por favor, mis padres esperan que tú sientes dolor","por favor, mis padres esperan que tú sientas dolor"
Deseo que dicen algo.,Deseo que digan algo.
Es posible que hay clases mañana.,Es posible que haya clases mañana.
Espero que nosotras jugamos en el parque.,Espero que nosotras juguemos en el parque.
"la verdad, es importante que nosotras empezamos de nuevo esta vez","la verdad, es importante que nosotras empecemos de nuevo esta vez"
hace falta que hay problemas,hace falta que haya problemas
Es urgente que nosotros vamos con ellos también.,Es urgente que nosotros vayamos con ellos también.
"la verdad, el perro se lastimo de repente","la verdad, el perro se lastimó de repente"
"hijo, ojalá que tú sabes la verdad también","hijo, ojalá que tú sepas la verdad también"
mi mama quiere que tu juegas futbol por favor,mi mamá quiere que tú juegues fútbol por favor
necesito que tú vuelves mañana hoy,necesito que tú vuelvas mañana hoy
"hola, mi mamá quiere que duermes en clase por favor","hola, mi mamá quiere que duermas en clase por favor"
es mejor que las niñas saben la respuesta siempre,es mejor que las niñas sepan la respuesta siempre
"profe, te pido que tú no juegas fútbol","profe, te pido que tú no juegues fútbol"
"mamá, para que ellos ven el problema hoy","mamá, para que ellos vean el problema hoy"
"oye, espero que tú dices mentiras también","oye, espero que tú digas mentiras también"
"mira, prefiero que nosotros somos asi","mira, prefiero que nosotros seamos así"
"la verdad, es importante que tus amigos vienen manana hoy","la verdad, es importante que tus amigos vengan mañana hoy"
me gusta que mis padres piden permiso esta vez,me gusta que mis padres pidan permiso esta vez
ojalá que nosotros pedimos ayuda,ojalá que nosotros pidamos ayuda
es urgente que tú das un paseo,es urgente que tú des un paseo
"por favor, es posible que ella estudia para el examen también","por favor, es posible que ella estudie para el examen también"
seguro que tu lees el libro,seguro que tú lees el libro
no creo que nosotras traemos los libros hoy,no creo que nosotras traigamos los libros hoy
"mama, hace falta que mi papa empieza ahora por favor","mamá, hace falta que mi papá empiece ahora por favor"
"hijo, dudo que ustedes no vuelven a casa","hijo, dudo que ustedes no vuelvan a casa"
"Hijo, él se levanto al final.","Hijo, él se levantó al final."
"hijo, deseo que ella hace la tarea mañana","hijo, deseo que ella haga la tarea mañana"
"hola, es mejor que ellas sienten miedo","hola, es mejor que ellas sientan miedo"
"mama, es verdad que mis hermanos buscan trabajo siempre","mamá, es verdad que mis hermanos buscan trabajo siempre"
"Mamá, quiero que conoces la historia.","Mamá, quiero que conozcas la historia."
me alegra que tú lees todos los días esta vez,me alegra que tú leas todos los días esta vez
"Mamá, quiero que ellas escriben tu nombre por favor.","Mamá, quiero que ellas escriban tu nombre por favor."
veo que tu traes el permiso firmado manana,veo que tú traes el permiso firmado mañana
"Mamá, deseo que tú vienes temprano siempre.","Mamá, deseo que tú vengas temprano siempre."
"hijo, deseo que jugamos después de comer","hijo, deseo que juguemos después de comer"
"la verdad, antes de que nosotras pedimos mas comida hoy","la verdad, antes de que nosotras pidamos más comida hoy"
"por favor, es posible que tus amigos salen con tus amigos","por favor, es posible que tus amigos salgan con tus amigos"
"mira, el profesor quiere que nosotras salimos de casa","mira, el profesor quiere que nosotras salgamos de casa"
"mama, espero que tu amigo habla mas fuerte siempre","mamá, espero que tu amigo hable más fuerte siempre"
"hijo, no quiero que mis hermanos quieren salir hoy","hijo, no quiero que mis hermanos quieran salir hoy"
"Mamá, me alegra que el niño ve la película siempre.","Mamá, me alegra que el niño vea la película siempre."
"profe, hace falta que tu estas bien tambien","profe, hace falta que tú estés bien también"
antes de que hay un examen,antes de que haya un examen
"hijo, no creo que tú sientes miedo","hijo, no creo que tú sientas miedo"
"hijo, es verdad que tu sales tan tarde por favor","hijo, es verdad que tú sales tan tarde por favor"
me gusta que tus amigos oyen bien esta vez,me gusta que tus amigos oigan bien esta vez
"profe, deseo que ellas saben cuidarte","profe, deseo que ellas sepan cuidarte"
"por favor, hace falta que tu amigo busca otra solución hoy","por favor, hace falta que tu amigo busque otra solución hoy"
dudo que nosotras entendemos el problema hoy,dudo que nosotras entendamos el problema hoy
"oye, quiero que usted está en casa mañana","oye, quiero que usted esté en casa mañana"
"mira, mis padres esperan que tú piensas en el futuro siempre","mira, mis padres esperan que tú pienses en el futuro siempre"
"mamá, mis padres esperan que tú vas a dormir por favor","mamá, mis padres esperan que tú vayas a dormir por favor"
"profe, es posible que nosotras no jugamos futbol hoy","profe, es posible que nosotras no juguemos fútbol hoy"
"profe, mi mamá quiere que escriben con letra clara","profe, mi mamá quiere que escriban con letra clara"
"por favor, es urgente que el va con ellos","por favor, es urgente que él vaya con ellos"
ojalá que hay problemas,ojalá que haya problemas
dudo que mi hermano sigue las reglas,dudo que mi hermano siga las reglas
para que mi papá come más frutas mañana,para que mi papá coma más frutas mañana
Seguro que ustedes oyen esto tambien.,Seguro que ustedes oyen esto también.
"la verdad, me gusta que nosotros pensamos en eso hoy","la verdad, me gusta que nosotros pensemos en eso hoy"
"oye, deseo que la nina dice mentiras","oye, deseo que la niña diga mentiras"
"profe, el profesor quiere que tu vuelves temprano siempre","profe, el profesor quiere que tú vuelvas temprano siempre"
ojalá hay clases mañana,ojalá haya clases mañana
dudo que usted dice algo siempre,dudo que usted diga algo siempre
"por favor, me gusta que nosotros decimos la verdad tambien","por favor, me gusta que nosotros digamos la verdad también"
"Oye, no creo que tú tienes frío también.","Oye, no creo que tú tengas frío también."
"hijo, me alegra que los profesores salen al recreo esta vez","hijo, me alegra que los profesores salgan al recreo esta vez"
"por favor, no quiero que mi mamá habla despacio también","por favor, no quiero que mi mamá hable despacio también"
mis padres esperan que volvemos a intentarlo,mis padres esperan que volvamos a intentarlo
"por favor, seguro que la profesora vuelve manana siempre","por favor, seguro que la profesora vuelve mañana siempre"
"Hijo, veo que tu llegas temprano tambien.","Hijo, veo que tú llegas temprano también."
"oye, ojala que nosotras no vamos al medico","oye, ojalá que nosotras no vayamos al médico"
"Por favor, prefiero que tú duermes en clase también.","Por favor, prefiero que tú duermas en clase también."
"Por favor, el profesor quiere que nosotros vamos a dormir esta vez.","Por favor, el profesor quiere que nosotros vayamos a dormir esta vez."
"mamá, ojalá sigues adelante por favor","mamá, ojalá sigas adelante por favor"
"mama, creo que tu hermana pone orden en el cuarto","mamá, creo que tu hermana pone orden en el cuarto"
mi mamá quiere que nosotros vamos solo,mi mamá quiere que nosotros vayamos solo
quiero que mi hermano dice eso,quiero que mi hermano diga eso
"mamá, hace falta que buscas el libro esta vez","mamá, hace falta que busques el libro esta vez"
"La verdad, ojalá no ponemos atención.","La verdad, ojalá no pongamos atención."
"Mira, sabemos que mis hermanos ven el partido manana.","Mira, sabemos que mis hermanos ven el partido mañana."
"hijo, prefiero que ellos tienen suerte","hijo, prefiero que ellos tengan suerte"
- Necesito que se va.,- Necesito que se vaya.
"oye, es urgente que los estudiantes entienden el problema también","oye, es urgente que los estudiantes entiendan el problema también"
"mira, es importante que estamos aquí esta vez","mira, es importante que estemos aquí esta vez"
"hola, mi mamá quiere que el niño pide ayuda también","hola, mi mamá quiere que el niño pida ayuda también"
"profe, veo que la nina come en casa","profe, veo que la niña come en casa"
Ojalá que tu amigo come todo.,Ojalá que tu amigo coma todo.
"La verdad, para que tú pides ayuda siempre.","La verdad, para que tú pidas ayuda siempre."
"la verdad, ojala tu sales al recreo hoy","la verdad, ojalá tú salgas al recreo hoy"
Mis padres esperan que ella no escribe el cuento por favor.,Mis padres esperan que ella no escriba el cuento por favor.
es mejor que mis hermanos ponen atención,es mejor que mis hermanos pongan atención
Necesito que nosotros dormimos ocho horas siempre.,Necesito que nosotros durmamos ocho horas siempre.
quiero que vemos a tu abuela esta vez,quiero que veamos a tu abuela esta vez
antes de que tú vienes a mi casa esta vez,antes de que tú vengas a mi casa esta vez
"la verdad, no quiero que mi hermano sigue el camino por favor","la verdad, no quiero que mi hermano siga el camino por favor"
"profe, deseo que tú no sabes cuidarte siempre","profe, deseo que tú no sepas cuidarte siempre"
es necesario que las niñas salen temprano esta vez,es necesario que las niñas salgan temprano esta vez
"oye, mi mama quiere que traemos los libros hoy","oye, mi mamá quiere que traigamos los libros hoy"
"Por favor, mis padres esperan que puede ayudar esta vez.","Por favor, mis padres esperan que pueda ayudar esta vez."
"mamá, dudo que tú dices algo mañana","mamá, dudo que tú digas algo mañana"
"oye, ojala que no llegamos antes que yo siempre","oye, ojalá que no lleguemos antes que yo siempre"
"hola, ella se rompio de repente","hola, ella se rompió de repente"
"mama, deseo que tu no entiendes mis razones","mamá, deseo que tú no entiendas mis razones"
es urgente que nosotros seguimos adelante esta vez,es urgente que nosotros sigamos adelante esta vez
veo que mi hermano escribe con letra clara manana,veo que mi hermano escribe con letra clara mañana
"profe, mi hermano se llamo toda la tarde","profe, mi hermano se llamó toda la tarde"
ojalá tus amigos piensan en eso mañana,ojalá tus amigos piensen en eso mañana
"hola, no creo que mis hermanos no sienten lo mismo","hola, no creo que mis hermanos no sientan lo mismo"
necesito que haces las cosas bien por favor,necesito que hagas las cosas bien por favor
"oye, el profesor quiere que mi papa sale temprano","oye, el profesor quiere que mi papá salga temprano"
necesito que la niña come más frutas esta vez,necesito que la niña coma más frutas esta vez
Espero que ponemos orden en el cuarto siempre.,Espero que pongamos orden en el cuarto siempre.
Mi mamá quiere que mi mamá dice lo que piensas.,Mi mamá quiere que mi mamá diga lo que piensas.
"la verdad, espero que nosotras volvemos pronto hoy","la verdad, espero que nosotras volvamos pronto hoy"
"Por favor, antes de que conocemos a mi familia esta vez.","Por favor, antes de que conozcamos a mi familia esta vez."
"mamá, él se sento muy rápido","mamá, él se sentó muy rápido"
"profe, es mejor que tú puedes jugar esta vez","profe, es mejor que tú puedas jugar esta vez"
es cierto que tu dices eso hoy,es cierto que tú dices eso hoy
"Profe, deseo que los niños piensan así.","Profe, deseo que los niños piensen así."
"profe, me alegra que sales al recreo esta vez","profe, me alegra que salgas al recreo esta vez"
"oye, es verdad que mis hermanos comen mas frutas hoy","oye, es verdad que mis hermanos comen más frutas hoy"
"hijo, es urgente que ellos piensan antes de hablar hoy","hijo, es urgente que ellos piensen antes de hablar hoy"
"Profe, es necesario que salimos al recreo por favor.","Profe, es necesario que salgamos al recreo por favor."
"hijo, mi mama quiere que no oimos el ruido","hijo, mi mamá quiere que no oigamos el ruido"
"Por favor, te pido que tú piensas antes de hablar hoy.","Por favor, te pido que tú pienses antes de hablar hoy."
"por favor, es importante que ellos pueden entrar","por favor, es importante que ellos puedan entrar"
"por favor, es urgente que tu vas a la playa esta vez","por favor, es urgente que tú vayas a la playa esta vez"
"mamá, no quiero que el niño puede entrar hoy","mamá, no quiero que el niño pueda entrar hoy"
hace falta que nosotras hacemos la tarea,hace falta que nosotras hagamos la tarea
"hola, es posible que mis hermanos van con ellos","hola, es posible que mis hermanos vayan con ellos"
"la verdad, espero que nosotros dormimos bien hoy","la verdad, espero que nosotros durmamos bien hoy"
se que nosotros oimos esto tambien,sé que nosotros oímos esto también
"hijo, esta claro que tu conoces a mi familia siempre","hijo, está claro que tú conoces a mi familia siempre"
dudo que tú no vienes mañana hoy,dudo que tú no vengas mañana hoy
"profe, ojalá nosotras pedimos ayuda siempre","profe, ojalá nosotras pidamos ayuda siempre"
mi mama se bano toda la tarde,mi mamá se bañó toda la tarde
"La verdad, hace falta que ellas vuelven mañana.","La verdad, hace falta que ellas vuelvan mañana."
"mamá, es importante que mi mamá ve esto hoy","mamá, es importante que mi mamá vea esto hoy"
"Mira, dice que mi papa sabe leer bien.","Mira, dice que mi papá sabe leer bien."
"hijo, es urgente que tu sales al recreo manana","hijo, es urgente que tú salgas al recreo mañana"
"Mamá, ojalá que no escribes con letra clara.","Mamá, ojalá que no escribas con letra clara."
Esta claro que tu entiendes esto tambien.,Está claro que tú entiendes esto también.
"hijo, espero que nosotras hablamos en clase","hijo, espero que nosotras hablemos en clase"
"por favor, hace falta que empiezas temprano esta vez","por favor, hace falta que empieces temprano esta vez"
es posible que queremos venir hoy,es posible que queramos venir hoy
Me gusta que conocen el museo esta vez.,Me gusta que conozcan el museo esta vez.
"Por favor, prefiero que tú puedes venir hoy.","Por favor, prefiero que tú puedas venir hoy."
"hijo, prefiero que vamos al colegio manana","hijo, prefiero que vayamos al colegio mañana"
te pido que tú ves a tu abuela,te pido que tú veas a tu abuela
se que mis hermanos ven a tu abuela por favor,sé que mis hermanos ven a tu abuela por favor
ojala nosotras queremos salir hoy,ojalá nosotras queramos salir hoy
"por favor, no creo que las niñas pueden entrar también","por favor, no creo que las niñas puedan entrar también"
Mi mamá quiere que nosotras decimos tu nombre mañana.,Mi mamá quiere que nosotras digamos tu nombre mañana.
"La verdad, ojalá los estudiantes llegan pronto también.","La verdad, ojalá los estudiantes lleguen pronto también."
"Mira, dudo que ellas no llegan pronto.","Mira, dudo que ellas no lleguen pronto."
mi mama quiere que escribimos el cuento esta vez,mi mamá quiere que escribamos el cuento esta vez
"mamá, me alegra que ellas sienten dolor","mamá, me alegra que ellas sientan dolor"
"la verdad, necesito que juegan en la calle siempre","la verdad, necesito que jueguen en la calle siempre"
"Mira, quiero que las niñas siguen el camino siempre.","Mira, quiero que las niñas sigan el camino siempre."
"profe, la nina se perdio en el recreo","profe, la niña se perdió en el recreo"
ojala que tu hablas mas fuerte,ojalá que tú hables más fuerte
mis padres esperan que la profesora empieza la tarea tambien,mis padres esperan que la profesora empiece la tarea también
"Mira, deseo que tú dices algo esta vez.","Mira, deseo que tú digas algo esta vez."
"Mira, mis padres esperan que dicen lo que piensas.","Mira, mis padres esperan que digan lo que piensas."
"hola, es posible que mis hermanos llegan a la meta","hola, es posible que mis hermanos lleguen a la meta"
sabemos que ellos van a la playa tambien,sabemos que ellos van a la playa también
"Hijo, es posible que nosotras vemos el partido siempre.","Hijo, es posible que nosotras veamos el partido siempre."
"hola, esta claro que los ninos hablan en clase tambien","hola, está claro que los niños hablan en clase también"
"mira, se que ellos pueden ayudar","mira, sé que ellos pueden ayudar"
"oye, antes de que ustedes no quieren comer manana","oye, antes de que ustedes no quieran comer mañana"
mis padres esperan que mis hermanos ponen atencion tambien,mis padres esperan que mis hermanos pongan atención también
"por favor, prefiero que nosotras oimos al profesor","por favor, prefiero que nosotras oigamos al profesor"
no creo que nosotras tenemos todo listo,no creo que nosotras tengamos todo listo
Prefiero que tu amigo juega con cuidado.,Prefiero que tu amigo juegue con cuidado.
prefiero que tus amigos ven la película,prefiero que tus amigos vean la película
"por favor, es mejor que sabes leer bien hoy","por favor, es mejor que sepas leer bien hoy"
"mamá, para que tú juegas en la calle","mamá, para que tú juegues en la calle"
"Hijo, deseo que nosotras vemos esto.","Hijo, deseo que nosotras veamos esto."
para que ella habla con ella,para que ella hable con ella
"por favor, me gusta que damos la mano hoy","por favor, me gusta que demos la mano hoy"
"Mira, es posible que ella lee todos los días por favor.","Mira, es posible que ella lea todos los días por favor."
"Profe, hace falta que tú entiendes mis razones hoy.","Profe, hace falta que tú entiendas mis razones hoy."
"la verdad, esta claro que el doctor ve el partido","la verdad, está claro que el doctor ve el partido"
"profe, es posible que tu haces las cosas bien por favor","profe, es posible que tú hagas las cosas bien por favor"
hace falta que los profesores van solo por favor,hace falta que los profesores vayan solo por favor
"Hijo, te pido que comen más frutas por favor.","Hijo, te pido que coman más frutas por favor."
"Por favor, mis padres esperan que tú oyes al profesor hoy.","Por favor, mis padres esperan que tú oigas al profesor hoy."
"oye, es urgente que el doctor duerme en clase esta vez","oye, es urgente que el doctor duerma en clase esta vez"
"mamá, es mejor que tú llegas pronto por favor","mamá, es mejor que tú llegues pronto por favor"
"mamá, es necesario que mi mamá lee todos los días por favor","mamá, es necesario que mi mamá lea todos los días por favor"
"Por favor, dudo que el doctor quiere estudiar hoy.","Por favor, dudo que el doctor quiera estudiar hoy."
"Profe, dudo que la profesora juega en la calle.","Profe, dudo que la profesora juegue en la calle."
tu primo se caso en la clase,tu primo se casó en la clase
"hola, esta claro que comemos verduras tambien","hola, está claro que comemos verduras también"
"por favor, te pido que nosotros seguimos estudiando","por favor, te pido que nosotros sigamos estudiando"
"oye, deseo que tú duermes temprano también","oye, deseo que tú duermas temprano también"
Es necesario que la profesora está aquí hoy.,Es necesario que la profesora esté aquí hoy.
"oye, me gusta que los profesores empiezan ahora hoy","oye, me gusta que los profesores empiecen ahora hoy"
"mamá, me gusta que ellos duermen bien también","mamá, me gusta que ellos duerman bien también"
"la verdad, el perro se acabo por la mañana","la verdad, el perro se acabó por la mañana"
"profe, deseo que ella duerme un poco","profe, deseo que ella duerma un poco"
no creo que el niño juega en la calle hoy,no creo que el niño juegue en la calle hoy
"Profe, deseo que tenemos frío hoy.","Profe, deseo que tengamos frío hoy."
deseo que tú quieres comer también,deseo que tú quieras comer también
"mira, es mejor que puede descansar","mira, es mejor que pueda descansar"
"Hijo, es posible que los profesores no entienden mis razones siempre.","Hijo, es posible que los profesores no entiendan mis razones siempre."
"Mamá, el perro se lastimo en el recreo.","Mamá, el perro se lastimó en el recreo."
"Profe, es posible que los niños ponen orden en el cuarto siempre.","Profe, es posible que los niños pongan orden en el cuarto siempre."
"oye, es mejor que ellas tienen paciencia tambien","oye, es mejor que ellas tengan paciencia también"
"profe, es cierto que tu sigues estudiando","profe, es cierto que tú sigues estudiando"
se sento toda la tarde,se sentó toda la tarde
"profe, el profesor quiere que leemos en voz alta","profe, el profesor quiere que leamos en voz alta"
mis padres esperan que tu hermana sabe leer bien esta vez,mis padres esperan que tu hermana sepa leer bien esta vez
"hijo, el profesor quiere que mi hermano trae los libros","hijo, el profesor quiere que mi hermano traiga los libros"
"profe, dudo que mi hermano siente vergüenza","profe, dudo que mi hermano sienta vergüenza"
"hijo, deseo que tu estudias en silencio siempre","hijo, deseo que tú estudies en silencio siempre"
"Oye, no quiero que la profesora hace la tarea también.","Oye, no quiero que la profesora haga la tarea también."
"oye, deseo que nosotros comemos todo","oye, deseo que nosotros comamos todo"
"mira, es cierto que las ninas juegan con cuidado","mira, es cierto que las niñas juegan con cuidado"
"por favor, hace falta que nosotras seguimos asi por favor","por favor, hace falta que nosotras sigamos así por favor"
"Hijo, me alegra que tú llegas a la meta siempre.","Hijo, me alegra que tú llegues a la meta siempre."
es posible que los profesores conocen el museo manana,es posible que los profesores conozcan el museo mañana
"Profe, tu primo se sento sin querer.","Profe, tu primo se sentó sin querer."
mis padres esperan que el nino puede ayudar,mis padres esperan que el niño pueda ayudar
"Profe, quiero que él quiere venir.","Profe, quiero que él quiera venir."
"oye, mi mamá quiere que tú dices algo","oye, mi mamá quiere que tú digas algo"
"por favor, deseo que mi mama sale temprano manana","por favor, deseo que mi mamá salga temprano mañana"
No quiero que mis padres duermen bien hoy.,No quiero que mis padres duerman bien hoy.
mi hermano se cayo en el patio,mi hermano se cayó en el patio
Pienso que tu das el ejemplo tambien.,Pienso que tú das el ejemplo también.
"Mamá, mis padres esperan que vemos esto siempre.","Mamá, mis padres esperan que veamos esto siempre."
"hola, ojalá que jugamos fútbol por favor","hola, ojalá que juguemos fútbol por favor"
"mira, tu primo se quedo al final","mira, tu primo se quedó al final"
"mama, es mejor que somos feliz siempre","mamá, es mejor que seamos feliz siempre"
"mamá, es necesario que tú tienes paciencia hoy","mamá, es necesario que tú tengas paciencia hoy"
es posible que hay tiempo,es posible que haya tiempo
"hola, es necesario que tú llegas temprano también","hola, es necesario que tú llegues temprano también"
me alegra que tú juegas con cuidado mañana,me alegra que tú juegues con cuidado mañana
"Profe, deseo que las niñas buscan tus cosas también.","Profe, deseo que las niñas busquen tus cosas también."
"hijo, es verdad que mis padres juegan con cuidado manana","hijo, es verdad que mis padres juegan con cuidado mañana"
Te pido que nosotras volvemos a intentarlo esta vez.,Te pido que nosotras volvamos a intentarlo esta vez.
"hijo, es importante que entienden la leccion","hijo, es importante que entiendan la lección"
"Hijo, prefiero que los estudiantes vienen temprano.","Hijo, prefiero que los estudiantes vengan temprano."
no creo que él vuelve temprano mañana,no creo que él vuelva temprano mañana
"Hola, prefiero que tu amigo viene a la reunión por favor.","Hola, prefiero que tu amigo venga a la reunión por favor."
"Por favor, es mejor que sabemos nadar mañana.","Por favor, es mejor que sepamos nadar mañana."
"mama, sabemos que el es honesto por favor","mamá, sabemos que él es honesto por favor"
"por favor, seguro que la nina come despacio","por favor, seguro que la niña come despacio"
para que el niño ve el partido por favor,para que el niño vea el partido por favor
"Oye, hace falta que mi hermano pone el abrigo esta vez.","Oye, hace falta que mi hermano ponga el abrigo esta vez."
"por favor, me gusta que tus amigos empiezan ahora también","por favor, me gusta que tus amigos empiecen ahora también"
no creo que nosotras no tenemos suerte,no creo que nosotras no tengamos suerte
ojala que el doctor piensa en el futuro,ojalá que el doctor piense en el futuro
"hijo, es posible que somos así hoy","hijo, es posible que seamos así hoy"
"profe, seguro que tu sigues asi manana","profe, seguro que tú sigues así mañana"
mis padres esperan que nosotros ponemos atencion esta vez,mis padres esperan que nosotros pongamos atención esta vez
"mira, es necesario que tu no empiezas temprano","mira, es necesario que tú no empieces temprano"
"por favor, espero que nosotros vamos solo por favor","por favor, espero que nosotros vayamos solo por favor"
Me alegra que empiezas de nuevo.,Me alegra que empieces de nuevo.
"por favor, veo que tu entiendes esto tambien","por favor, veo que tú entiendes esto también"
"mamá, mi mamá se porto ayer","mamá, mi mamá se portó ayer"
"mamá, es necesario que tú estudias medicina por favor","mamá, es necesario que tú estudies medicina por favor"
mi mamá se escapo en el patio,mi mamá se escapó en el patio
dudo que tu amigo busca la respuesta esta vez,dudo que tu amigo busque la respuesta esta vez
"Hola, prefiero que mis padres tienen paciencia.","Hola, prefiero que mis padres tengan paciencia."
ojala mi papa hace las cosas bien hoy,ojalá mi papá haga las cosas bien hoy
Necesito que tú comes todo por favor.,Necesito que tú comas todo por favor.
"mira, me dijo que tu vuelves a intentarlo tambien","mira, me dijo que tú vuelves a intentarlo también"
Me dijo que las ninas dan las gracias.,Me dijo que las niñas dan las gracias.
"Mamá, es urgente que no pueden descansar.","Mamá, es urgente que no puedan descansar."
Antes de que nosotras leemos mucho esta vez.,Antes de que nosotras leamos mucho esta vez.
"profe, es urgente que nosotros estudiamos medicina esta vez","profe, es urgente que nosotros estudiemos medicina esta vez"
antes de que mis hermanos leen las instrucciones siempre,antes de que mis hermanos lean las instrucciones siempre
"oye, es posible que nosotras hacemos ejercicio por favor","oye, es posible que nosotras hagamos ejercicio por favor"
"mira, deseo que ellas ponen los libros aquí","mira, deseo que ellas pongan los libros aquí"
"mira, es cierto que los estudiantes leen todos los dias manana","mira, es cierto que los estudiantes leen todos los días mañana"
"La verdad, me parece que tu comes en casa.","La verdad, me parece que tú comes en casa."
"hola, me alegra que nosotras decimos lo que piensas esta vez","hola, me alegra que nosotras digamos lo que piensas esta vez"
"Por favor, es mejor que nosotros sabemos la respuesta.","Por favor, es mejor que nosotros sepamos la respuesta."
"profe, dudo que buscamos el libro mañana","profe, dudo que busquemos el libro mañana"
"por favor, es mejor que no salimos temprano","por favor, es mejor que no salgamos temprano"
quiero que tú no traes la comida mañana,quiero que tú no traigas la comida mañana
"mama, ella se enojo en el patio","mamá, ella se enojó en el patio"
es posible que escribes la carta esta vez,es posible que escribas la carta esta vez
"oye, es mejor que mis padres buscan la respuesta","oye, es mejor que mis padres busquen la respuesta"
deseo que tenemos paciencia hoy,deseo que tengamos paciencia hoy
"Oye, hace falta que nosotras venimos conmigo mañana.","Oye, hace falta que nosotras vengamos conmigo mañana."
"Profe, ojalá que traen el permiso firmado.","Profe, ojalá que traigan el permiso firmado."
mi hermano se rompio en el recreo,mi hermano se rompió en el recreo
"la verdad, es importante que tu hermana no esta aqui siempre","la verdad, es importante que tu hermana no esté aquí siempre"
Se que tu hermana hace silencio por favor.,Sé que tu hermana hace silencio por favor.
"mira, es necesario que siente lo mismo esta vez","mira, es necesario que sienta lo mismo esta vez"
"Hola, mi mamá quiere que mi mamá pide otra oportunidad esta vez.","Hola, mi mamá quiere que mi mamá pida otra oportunidad esta vez."
"mama, sabemos que tu sientes lo mismo por favor","mamá, sabemos que tú sientes lo mismo por favor"
"la verdad, me alegra que tus amigos comen verduras esta vez","la verdad, me alegra que tus amigos coman verduras esta vez"
"por favor, quiero que nosotras no sabemos la respuesta tambien","por favor, quiero que nosotras no sepamos la respuesta también"
"Hola, ojalá estamos bien.","Hola, ojalá estemos bien."
me gusta que pedimos perdon siempre,me gusta que pidamos perdón siempre
"por favor, es urgente que los profesores pueden ayudar hoy","por favor, es urgente que los profesores puedan ayudar hoy"
"la verdad, se que los estudiantes piden ayuda manana","la verdad, sé que los estudiantes piden ayuda mañana"
"mamá, el profesor quiere que tú vuelves a casa por favor","mamá, el profesor quiere que tú vuelvas a casa por favor"
La niña se durmio ayer.,La niña se durmió ayer.
Me gusta que tú quieres ayudar también.,Me gusta que tú quieras ayudar también.
"hola, es importante que las niñas traen el cuaderno","hola, es importante que las niñas traigan el cuaderno"
"Hijo, dudo que ella no sabe leer bien por favor.","Hijo, dudo que ella no sepa leer bien por favor."
"Por favor, es cierto que vas al medico.","Por favor, es cierto que vas al médico."
"La verdad, te pido que ustedes siguen estudiando mañana.","La verdad, te pido que ustedes sigan estudiando mañana."
el perro se asusto en el recreo,el perro se asustó en el recreo
"mira, es importante que las niñas oyen al profesor esta vez","mira, es importante que las niñas oigan al profesor esta vez"
es posible que ellos piensan bien las cosas,es posible que ellos piensen bien las cosas
"profe, espero que llegas a la meta hoy","profe, espero que llegues a la meta hoy"
"oye, es mejor que ellos tienen razón siempre","oye, es mejor que ellos tengan razón siempre"
es necesario que quieres estudiar siempre,es necesario que quieras estudiar siempre
hace falta que nosotras hacemos la tarea también,hace falta que nosotras hagamos la tarea también
"Hijo, ojalá empiezas ahora siempre.","Hijo, ojalá empieces ahora siempre."
mi mamá quiere que nosotras conocemos la ciudad,mi mamá quiere que nosotras conozcamos la ciudad
ojala hay un examen,ojalá haya un examen
"por favor, es necesario que los niños tienen todo listo hoy","por favor, es necesario que los niños tengan todo listo hoy"
"Hijo, hace falta que usted dice eso mañana.","Hijo, hace falta que usted diga eso mañana."
Es urgente que nosotras decimos tu nombre por favor.,Es urgente que nosotras digamos tu nombre por favor.
"por favor, mi mamá quiere que empezamos de nuevo mañana","por favor, mi mamá quiere que empecemos de nuevo mañana"
"La verdad, es posible que tú traes el permiso firmado mañana.","La verdad, es posible que tú traigas el permiso firmado mañana."
"mira, mi mamá quiere que nosotros oímos el ruido mañana","mira, mi mamá quiere que nosotros oigamos el ruido mañana"
"Oye, ojalá que él está bien mañana.","Oye, ojalá que él esté bien mañana."
"hola, me alegra que ponemos orden en el cuarto mañana","hola, me alegra que pongamos orden en el cuarto mañana"
"oye, mis padres esperan que mi hermano está en casa por favor","oye, mis padres esperan que mi hermano esté en casa por favor"
se que tu llegas a tiempo manana,sé que tú llegas a tiempo mañana
"La verdad, seguro que tu entiendes la leccion por favor.","La verdad, seguro que tú entiendes la lección por favor."
"oye, sabemos que tu empiezas la clase","oye, sabemos que tú empiezas la clase"
necesito que ella no ve el problema esta vez,necesito que ella no vea el problema esta vez
"mama, creo que nosotros queremos salir esta vez","mamá, creo que nosotros queremos salir esta vez"
"Mira, para que nosotros pedimos ayuda.","Mira, para que nosotros pidamos ayuda."
Se que tu hermana empieza ahora.,Sé que tu hermana empieza ahora.
"oye, antes de que tu vas a dormir siempre","oye, antes de que tú vayas a dormir siempre"
"profe, es urgente que piensas en eso esta vez","profe, es urgente que pienses en eso esta vez"
"Mira, es verdad que tu juegas en la calle hoy.","Mira, es verdad que tú juegas en la calle hoy."
"hola, se que mi hermano sabe nadar","hola, sé que mi hermano sabe nadar"
"hijo, necesito que volvemos a casa tambien","hijo, necesito que volvamos a casa también"
necesito que duerme en clase esta vez,necesito que duerma en clase esta vez
"la verdad, ojala que ellos no entienden la leccion tambien","la verdad, ojalá que ellos no entiendan la lección también"
me alegra que hay problemas,me alegra que haya problemas
"mira, es mejor que tú lees mucho por favor","mira, es mejor que tú leas mucho por favor"
"por favor, es mejor que nosotros no somos puntual","por favor, es mejor que nosotros no seamos puntual"
"mama, me gusta que nosotros no decimos algo","mamá, me gusta que nosotros no digamos algo"
"mira, es mejor que nosotras jugamos en la calle siempre","mira, es mejor que nosotras juguemos en la calle siempre"
"Profe, la niña se sento en la clase.","Profe, la niña se sentó en la clase."
"Mira, necesito que nosotras no tenemos cuidado hoy.","Mira, necesito que nosotras no tengamos cuidado hoy."
"profe, el profesor quiere que el niño llega temprano","profe, el profesor quiere que el niño llegue temprano"
"oye, ojala tu puedes descansar","oye, ojalá tú puedas descansar"
"Mira, deseo que conoces a mi familia también.","Mira, deseo que conozcas a mi familia también."
"mama, es verdad que nosotras volvemos temprano","mamá, es verdad que nosotras volvemos temprano"
"Por favor, se que nosotros queremos comer esta vez.","Por favor, sé que nosotros queremos comer esta vez."
"mamá, la niña se olvido de repente","mamá, la niña se olvidó de repente"
"Mamá, deseo que dicen lo que piensas esta vez.","Mamá, deseo que digan lo que piensas esta vez."
"mira, prefiero que tu conoces a mi familia","mira, prefiero que tú conozcas a mi familia"
deseo que tú comes más frutas,deseo que tú comas más frutas
"Mira, me alegra que mis hermanos vuelven a intentarlo.","Mira, me alegra que mis hermanos vuelvan a intentarlo."
"profe, es necesario que los estudiantes conocen a mi familia","profe, es necesario que los estudiantes conozcan a mi familia"
mi mamá quiere que pones atención siempre,mi mamá quiere que pongas atención siempre
"hola, mis padres esperan que nosotros sabemos la respuesta siempre","hola, mis padres esperan que nosotros sepamos la respuesta siempre"
Mis padres esperan que nosotros sabemos cuidarte hoy.,Mis padres esperan que nosotros sepamos cuidarte hoy.
"Mira, me gusta que tu hermana no empieza la tarea.","Mira, me gusta que tu hermana no empiece la tarea."
para que decimos tu nombre hoy,para que digamos tu nombre hoy
"Hola, no creo que mi mamá sabe cuidarte.","Hola, no creo que mi mamá sepa cuidarte."
"Mamá, mi mamá quiere que mis hermanos entienden la lección por favor.","Mamá, mi mamá quiere que mis hermanos entiendan la lección por favor."
"profe, tu primo se perdio toda la tarde","profe, tu primo se perdió toda la tarde"
"Por favor, me alegra que tú vas con ellos.","Por favor, me alegra que tú vayas con ellos."
dudo que hay sitio,dudo que haya sitio
Mis padres esperan que tú dices eso.,Mis padres esperan que tú digas eso.
es mejor que el doctor oye el ruido hoy,es mejor que el doctor oiga el ruido hoy
"profe, mis padres esperan que el doctor no tiene suerte hoy","profe, mis padres esperan que el doctor no tenga suerte hoy"
ojala mi papa estudia por la tarde,ojalá mi papá estudie por la tarde
"profe, me alegra que conocemos la historia","profe, me alegra que conozcamos la historia"
"hijo, dudo que tú no sigues las reglas también","hijo, dudo que tú no sigas las reglas también"
el profesor quiere que estudiamos medicina,el profesor quiere que estudiemos medicina
"la verdad, espero que los profesores hacen ejercicio tambien","la verdad, espero que los profesores hagan ejercicio también"
"la verdad, me alegra que tu hermana oye bien","la verdad, me alegra que tu hermana oiga bien"
"Mamá, quiero que tú estudias por la tarde también.","Mamá, quiero que tú estudies por la tarde también."
"La verdad, él se olvido al final.","La verdad, él se olvidó al final."
esta claro que el nino vuelve temprano,está claro que el niño vuelve temprano
es posible que tu sientes lo mismo tambien,es posible que tú sientas lo mismo también
Antes de que nosotras traemos los libros mañana.,Antes de que nosotras traigamos los libros mañana.
"mamá, espero que la niña trae los libros","mamá, espero que la niña traiga los libros"
"Hola, para que los estudiantes conocen la historia.","Hola, para que los estudiantes conozcan la historia."
me gusta que usted busca la respuesta manana,me gusta que usted busque la respuesta mañana
"profe, espero que tu amigo es amable hoy","profe, espero que tu amigo sea amable hoy"
te pido que hay clases mañana,te pido que haya clases mañana
"hola, él se porto de repente","hola, él se portó de repente"
"Mira, mi mamá quiere que ella sigue el camino mañana.","Mira, mi mamá quiere que ella siga el camino mañana."
"Mira, es posible que el niño pide más comida siempre.","Mira, es posible que el niño pida más comida siempre."
"hijo, deseo que vuelves a intentarlo tambien","hijo, deseo que vuelvas a intentarlo también"
"hola, mis padres esperan que tú duermes ocho horas","hola, mis padres esperan que tú duermas ocho horas"
mis padres esperan que la profesora siente dolor por favor,mis padres esperan que la profesora sienta dolor por favor
"Por favor, el perro se lavo por la mañana.","Por favor, el perro se lavó por la mañana."
"oye, pienso que tu comes verduras siempre","oye, pienso que tú comes verduras siempre"
"hola, me alegra que ellos juegan en la calle manana","hola, me alegra que ellos jueguen en la calle mañana"
"hijo, es mejor que nosotros damos la mano","hijo, es mejor que nosotros demos la mano"
"mira, es necesario que tú comes en casa mañana","mira, es necesario que tú comas en casa mañana"
antes de que tú duermes en clase,antes de que tú duermas en clase
"profe, no quiero que la niña quiere venir también","profe, no quiero que la niña quiera venir también"
seguro que tus amigos estudian por la tarde manana,seguro que tus amigos estudian por la tarde mañana
es mejor que tú conoces el museo esta vez,es mejor que tú conozcas el museo esta vez
Es necesario que ellos conocen a mi familia también.,Es necesario que ellos conozcan a mi familia también.
"Oye, espero que va al colegio.","Oye, espero que vaya al colegio."
"oye, no creo que tú escribes tu nombre","oye, no creo que tú escribas tu nombre"
"Hijo, me dijo que la nina puede terminar hoy siempre.","Hijo, me dijo que la niña puede terminar hoy siempre."
"la verdad, seguro que los ninos sienten frio tambien","la verdad, seguro que los niños sienten frío también"
"Profe, necesito que nosotras sentimos frío también.","Profe, necesito que nosotras sintamos frío también."
es importante que ustedes oyen esto,es importante que ustedes oigan esto
es urgente que nosotras venimos conmigo mañana,es urgente que nosotras vengamos conmigo mañana
"la verdad, me dijo que las ninas juegan en el parque manana","la verdad, me dijo que las niñas juegan en el parque mañana"
"por favor, ojalá que tú sientes vergüenza hoy","por favor, ojalá que tú sientas vergüenza hoy"
es necesario que mi hermano sabe eso siempre,es necesario que mi hermano sepa eso siempre
Prefiero que tú vienes conmigo mañana.,Prefiero que tú vengas conmigo mañana.
"Mamá, es importante que tú no conoces la historia.","Mamá, es importante que tú no conozcas la historia."
se que tu puedes terminar hoy hoy,sé que tú puedes terminar hoy hoy
"mira, el perro se quedo en la clase","mira, el perro se quedó en la clase"
Hace falta que leemos en voz alta.,Hace falta que leamos en voz alta.
"mamá, no creo que llegas antes que yo hoy","mamá, no creo que llegues antes que yo hoy"
"Hijo, quiero que las niñas sienten vergüenza.","Hijo, quiero que las niñas sientan vergüenza."
el profesor quiere que tenemos paciencia,el profesor quiere que tengamos paciencia
mi mamá se quedo por la mañana,mi mamá se quedó por la mañana
el perro se porto por la mañana,el perro se portó por la mañana
El profesor quiere que tú pides perdón.,El profesor quiere que tú pidas perdón.
"hola, se que mis hermanos llegan tarde","hola, sé que mis hermanos llegan tarde"
"hijo, tu primo se escapo toda la tarde","hijo, tu primo se escapó toda la tarde"
Sabemos que nosotras hacemos un dibujo tambien.,Sabemos que nosotras hacemos un dibujo también.
"la verdad, mi mamá quiere que tú quieres comer siempre","la verdad, mi mamá quiere que tú quieras comer siempre"
es necesario que nosotras ponemos la mesa,es necesario que nosotras pongamos la mesa
"por favor, el profesor quiere que tus amigos siguen adelante por favor","por favor, el profesor quiere que tus amigos sigan adelante por favor"
Espero que nosotros no estudiamos mucho.,Espero que nosotros no estudiemos mucho.
es urgente que tu sigues estudiando,es urgente que tú sigas estudiando
"Por favor, es importante que quieren ayudar esta vez.","Por favor, es importante que quieran ayudar esta vez."
"por favor, esta claro que los profesores piden mas comida esta vez","por favor, está claro que los profesores piden más comida esta vez"
"hola, antes de que mis hermanos tienen todo listo","hola, antes de que mis hermanos tengan todo listo"
"mama, es importante que decimos la verdad","mamá, es importante que digamos la verdad"
es necesario que ellos sienten verguenza hoy,es necesario que ellos sientan vergüenza hoy
Es importante que nosotros entendemos el problema mañana.,Es importante que nosotros entendamos el problema mañana.
"hijo, es posible que tú hablas más fuerte","hijo, es posible que tú hables más fuerte"
"La verdad, es posible que tu hermana habla con ella mañana.","La verdad, es posible que tu hermana hable con ella mañana."
"mama, es posible que mi papa no entiende la leccion hoy","mamá, es posible que mi papá no entienda la lección hoy"
"La verdad, es necesario que él piensa en eso esta vez.","La verdad, es necesario que él piense en eso esta vez."
"profe, para que los estudiantes quieren comer","profe, para que los estudiantes quieran comer"
"mama, es urgente que tu quieres estudiar siempre","mamá, es urgente que tú quieras estudiar siempre"
es necesario que tu haces un dibujo,es necesario que tú hagas un dibujo
"Hola, el profesor quiere que tú entiendes la pregunta hoy.","Hola, el profesor quiere que tú entiendas la pregunta hoy."
"profe, te pido que vas con ellos por favor","profe, te pido que vayas con ellos por favor"
Mi mamá quiere que tú no juegas después de comer.,Mi mamá quiere que tú no juegues después de comer.
"Profe, esta claro que ella esta listo a las ocho.","Profe, está claro que ella está listo a las ocho."
"la verdad, no quiero que el doctor vuelve pronto","la verdad, no quiero que el doctor vuelva pronto"
"por favor, prefiero que mis padres vienen a la reunión","por favor, prefiero que mis padres vengan a la reunión"
"Mamá, prefiero que nosotras estudiamos en silencio mañana.","Mamá, prefiero que nosotras estudiemos en silencio mañana."
"hola, la niña se callo al final","hola, la niña se calló al final"
No quiero que hay problemas.,No quiero que haya problemas.
No quiero que nosotros conocemos el museo hoy.,No quiero que nosotros conozcamos el museo hoy.
"mira, es urgente que nosotras traemos agua","mira, es urgente que nosotras traigamos agua"
ojalá que los profesores juegan con cuidado esta vez,ojalá que los profesores jueguen con cuidado esta vez
"Mamá, es importante que nosotras comemos en casa esta vez.","Mamá, es importante que nosotras comamos en casa esta vez."
"profe, ojala que tu sientes lo mismo","profe, ojalá que tú sientas lo mismo"
mi mamá quiere que los niños vuelven mañana por favor,mi mamá quiere que los niños vuelvan mañana por favor
"la verdad, te pido que nosotras decimos eso esta vez","la verdad, te pido que nosotras digamos eso esta vez"
"mira, me gusta que nosotros conocemos a mi familia siempre","mira, me gusta que nosotros conozcamos a mi familia siempre"
"oye, no creo que nosotros hablamos en espanol esta vez","oye, no creo que nosotros hablemos en español esta vez"
me parece que nosotros decimos tu nombre manana,me parece que nosotros decimos tu nombre mañana
"hijo, prefiero que mis padres buscan otra solución siempre","hijo, prefiero que mis padres busquen otra solución siempre"
"oye, deseo que no llegamos tarde también","oye, deseo que no lleguemos tarde también"
"Hijo, dudo que tú piensas en eso siempre.","Hijo, dudo que tú pienses en eso siempre."
Me parece que llegamos pronto manana.,Me parece que llegamos pronto mañana.
el perro se olvido sin querer,el perro se olvidó sin querer
"La verdad, ojalá que el niño llega a tiempo por favor.","La verdad, ojalá que el niño llegue a tiempo por favor."
"la verdad, mi mamá quiere que mis hermanos no traen el permiso firmado siempre","la verdad, mi mamá quiere que mis hermanos no traigan el permiso firmado siempre"
dudo que nosotros volvemos a casa por favor,dudo que nosotros volvamos a casa por favor
me gusta que ellas no hablan en clase,me gusta que ellas no hablen en clase
"la verdad, creo que tu escribes la carta","la verdad, creo que tú escribes la carta"
"hola, mis padres esperan que la nina vuelve manana","hola, mis padres esperan que la niña vuelva mañana"
"oye, es necesario que sigues las reglas esta vez","oye, es necesario que sigas las reglas esta vez"
El profesor quiere que las niñas ponen la mesa.,El profesor quiere que las niñas pongan la mesa.
"mama, hace falta que hablan despacio por favor","mamá, hace falta que hablen despacio por favor"
"oye, el se perdio ayer","oye, él se perdió ayer"
ojalá que ellos juegan después de comer mañana,ojalá que ellos jueguen después de comer mañana
"hijo, el profesor quiere que ellas llegan antes que yo","hijo, el profesor quiere que ellas lleguen antes que yo"
"por favor, necesito que tu llegas a la meta manana","por favor, necesito que tú llegues a la meta mañana"
"profe, el perro se peino sin querer","profe, el perro se peinó sin querer"
"profe, es importante que vienen a mi casa manana","profe, es importante que vengan a mi casa mañana"
"Por favor, ojalá nosotras conocemos a mi familia.","Por favor, ojalá nosotras conozcamos a mi familia."
se que tu juegas en el parque siempre,sé que tú juegas en el parque siempre
"oye, es mejor que nosotras oímos esto mañana","oye, es mejor que nosotras oigamos esto mañana"
"profe, antes de que tú sales al recreo por favor","profe, antes de que tú salgas al recreo por favor"
Espero que mis padres vuelven a casa hoy.,Espero que mis padres vuelvan a casa hoy.
espero que hay problemas,espero que haya problemas
"por favor, es urgente que sentimos miedo siempre","por favor, es urgente que sintamos miedo siempre"
"Oye, sabemos que tu oyes el ruido manana.","Oye, sabemos que tú oyes el ruido mañana."
No creo que ellos sienten vergüenza también.,No creo que ellos sientan vergüenza también.
"profe, mis padres esperan que mi mama oye bien siempre","profe, mis padres esperan que mi mamá oiga bien siempre"
Para que tú oyes bien siempre.,Para que tú oigas bien siempre.
"Por favor, sabemos que mi mama busca trabajo hoy.","Por favor, sabemos que mi mamá busca trabajo hoy."
hace falta que mi papá ve la película también,hace falta que mi papá vea la película también
"por favor, es verdad que mis hermanos vuelven temprano manana","por favor, es verdad que mis hermanos vuelven temprano mañana"
"profe, me gusta que nosotras ponemos el abrigo esta vez","profe, me gusta que nosotras pongamos el abrigo esta vez"
"hola, no creo que tu pones orden en el cuarto","hola, no creo que tú pongas orden en el cuarto"
prefiero que tu no eres honesto,prefiero que tú no seas honesto
"Hola, para que los estudiantes están bien.","Hola, para que los estudiantes estén bien."
deseo que ella escribe bien también,deseo que ella escriba bien también
es urgente que tu llegas a tiempo siempre,es urgente que tú llegues a tiempo siempre
"hola, mi hermano se durmio de repente","hola, mi hermano se durmió de repente"
"mamá, espero que los profesores ponen orden en el cuarto","mamá, espero que los profesores pongan orden en el cuarto"
"Hijo, es necesario que mi mamá sigue adelante mañana.","Hijo, es necesario que mi mamá siga adelante mañana."
"Profe, ojalá tu hermana llega a la meta.","Profe, ojalá tu hermana llegue a la meta."
"oye, antes de que las niñas leen mucho","oye, antes de que las niñas lean mucho"
es urgente que mi hermano dice algo,es urgente que mi hermano diga algo
"la verdad, te pido que tú sigues el camino hoy","la verdad, te pido que tú sigas el camino hoy"
"oye, dudo que nosotros jugamos después de comer por favor","oye, dudo que nosotros juguemos después de comer por favor"
"hola, es mejor que nosotros no sabemos nadar siempre","hola, es mejor que nosotros no sepamos nadar siempre"
"oye, se que el hace las cosas bien tambien","oye, sé que él hace las cosas bien también"
"mamá, antes de que las niñas llegan antes que yo mañana","mamá, antes de que las niñas lleguen antes que yo mañana"
"oye, es verdad que nosotras queremos comer manana","oye, es verdad que nosotras queremos comer mañana"
"Oye, el perro se levanto en el patio.","Oye, el perro se levantó en el patio."
"mamá, dudo que ustedes conocen la historia también","mamá, dudo que ustedes conozcan la historia también"
"mamá, no quiero que tú escribes el cuento esta vez","mamá, no quiero que tú escribas el cuento esta vez"
"la verdad, prefiero que tú sabes la respuesta","la verdad, prefiero que tú sepas la respuesta"
hace falta que los niños no oyen esto,hace falta que los niños no oigan esto
"oye, me alegra que mi papa no entiende el problema por favor","oye, me alegra que mi papá no entienda el problema por favor"
Prefiero que los niños pueden venir también.,Prefiero que los niños puedan venir también.
"Hijo, creo que el es asi esta vez.","Hijo, creo que él es así esta vez."
"por favor, es urgente que los profesores no salen tan tarde por favor","por favor, es urgente que los profesores no salgan tan tarde por favor"
"mira, deseo que nosotras estudiamos para el examen manana","mira, deseo que nosotras estudiemos para el examen mañana"
Es posible que venimos temprano siempre.,Es posible que vengamos temprano siempre.
mis padres esperan que hay tiempo,mis padres esperan que haya tiempo
"profe, veo que sientes frio por favor","profe, veo que sientes frío por favor"
"hola, mi mama quiere que nosotras entendemos la pregunta tambien","hola, mi mamá quiere que nosotras entendamos la pregunta también"
"Mamá, ojalá que tu amigo siente miedo siempre.","Mamá, ojalá que tu amigo sienta miedo siempre."
"mira, prefiero que mi mamá tiene cuidado esta vez","mira, prefiero que mi mamá tenga cuidado esta vez"
es urgente que las ninas saben cuidarte siempre,es urgente que las niñas sepan cuidarte siempre
es urgente que el niño sale a jugar mañana,es urgente que el niño salga a jugar mañana
"mira, me gusta que son así por favor","mira, me gusta que sean así por favor"
Esta claro que tus amigos van al medico manana.,Está claro que tus amigos van al médico mañana.
dice que nosotros oimos el ruido siempre,dice que nosotros oímos el ruido siempre
"Por favor, veo que usted lee todos los dias.","Por favor, veo que usted lee todos los días."
Es urgente que oímos el ruido.,Es urgente que oigamos el ruido.
"Por favor, me parece que usted trae el permiso firmado manana.","Por favor, me parece que usted trae el permiso firmado mañana."
Es necesario que nosotras buscamos el libro por favor.,Es necesario que nosotras busquemos el libro por favor.
"hola, me gusta que la profesora oye bien","hola, me gusta que la profesora oiga bien"
"Hola, es urgente que buscas tus cosas.","Hola, es urgente que busques tus cosas."
"la verdad, mi hermano se quedo en la clase","la verdad, mi hermano se quedó en la clase"
"Mira, te pido que podemos terminar hoy por favor.","Mira, te pido que podamos terminar hoy por favor."
"mama, seguro que mi hermano siente lo mismo tambien","mamá, seguro que mi hermano siente lo mismo también"
"profe, dudo que los ninos estan bien siempre","profe, dudo que los niños estén bien siempre"
"Hijo, se levanto en el patio.","Hijo, se levantó en el patio."
"mira, la niña se rio en la clase","mira, la niña se rió en la clase"
"Profe, sabemos que tu hablas en espanol siempre.","Profe, sabemos que tú hablas en español siempre."
"hijo, antes de que tenemos tiempo esta vez","hijo, antes de que tengamos tiempo esta vez"
no creo que eres puntual manana,no creo que seas puntual mañana
ojalá los profesores ven a tu abuela hoy,ojalá los profesores vean a tu abuela hoy
"oye, hace falta que los profesores dicen lo que piensas hoy","oye, hace falta que los profesores digan lo que piensas hoy"
"por favor, es importante que tú sientes frío también","por favor, es importante que tú sientas frío también"
el profesor se durmio muy rápido,el profesor se durmió muy rápido
"hijo, es mejor que el doctor quiere venir siempre","hijo, es mejor que el doctor quiera venir siempre"
Es importante que nosotros oímos esto mañana.,Es importante que nosotros oigamos esto mañana.
"la verdad, me dijo que tu juegas con cuidado manana","la verdad, me dijo que tú juegas con cuidado mañana"
prefiero que tu oyes el ruido tambien,prefiero que tú oigas el ruido también
"por favor, antes de que tu juegas con cuidado por favor","por favor, antes de que tú juegues con cuidado por favor"
"hijo, dudo que no lees mucho también","hijo, dudo que no leas mucho también"
"mira, prefiero que nosotros no volvemos pronto por favor","mira, prefiero que nosotros no volvamos pronto por favor"
"Hijo, quiero que mis hermanos llegan a la meta hoy.","Hijo, quiero que mis hermanos lleguen a la meta hoy."
"Profe, deseo que nosotros seguimos el camino.","Profe, deseo que nosotros sigamos el camino."
"la verdad, es posible que la nina viene temprano esta vez","la verdad, es posible que la niña venga temprano esta vez"
"hola, mi hermano se canso toda la tarde","hola, mi hermano se cansó toda la tarde"
prefiero que el doctor escribe la carta hoy,prefiero que el doctor escriba la carta hoy
"mama, ojala ella conoce a mis amigos hoy","mamá, ojalá ella conozca a mis amigos hoy"
"Mira, ojalá tus amigos hablan despacio.","Mira, ojalá tus amigos hablen despacio."
"profe, ojalá ellos vuelven temprano esta vez","profe, ojalá ellos vuelvan temprano esta vez"
"hola, es mejor que mi papa habla mas fuerte","hola, es mejor que mi papá hable más fuerte"
"por favor, necesito que ustedes pueden venir","por favor, necesito que ustedes puedan venir"
Es mejor que hay comida para todos.,Es mejor que haya comida para todos.
"hola, antes de que mis hermanos leen mucho","hola, antes de que mis hermanos lean mucho"
es mejor que hay sitio,es mejor que haya sitio
"hijo, deseo que tú tienes razón hoy","hijo, deseo que tú tengas razón hoy"
es importante que el nino puede entrar por favor,es importante que el niño pueda entrar por favor
antes de que nosotros queremos estudiar mañana,antes de que nosotros queramos estudiar mañana
me alegra que pides permiso siempre,me alegra que pidas permiso siempre
"por favor, es cierto que tu estudias en silencio","por favor, es cierto que tú estudias en silencio"
"Oye, dice que tu amigo esta tranquilo.","Oye, dice que tu amigo está tranquilo."
"la verdad, mis padres esperan que tú traes los libros mañana","la verdad, mis padres esperan que tú traigas los libros mañana"
mi mamá quiere que el niño sigue adelante por favor,mi mamá quiere que el niño siga adelante por favor
"Por favor, quiero que nosotras entendemos mis razones por favor.","Por favor, quiero que nosotras entendamos mis razones por favor."
me parece que los ninos hacen un dibujo,me parece que los niños hacen un dibujo
"Oye, me gusta que tú vas con ellos esta vez.","Oye, me gusta que tú vayas con ellos esta vez."
me alegra que las niñas sienten frío,me alegra que las niñas sientan frío
"hijo, es cierto que los ninos empiezan de nuevo hoy","hijo, es cierto que los niños empiezan de nuevo hoy"
"hijo, es posible que ella sabe la verdad esta vez","hijo, es posible que ella sepa la verdad esta vez"
"hijo, te pido que tus amigos llegan a la meta","hijo, te pido que tus amigos lleguen a la meta"
no creo que sales al recreo,no creo que salgas al recreo
"mira, es mejor que tu lees mucho por favor","mira, es mejor que tú leas mucho por favor"
mi mamá quiere que nosotros decimos tu nombre,mi mamá quiere que nosotros digamos tu nombre
"mira, es posible que comemos todo","mira, es posible que comamos todo"
"profe, es mejor que tú duermes un poco hoy","profe, es mejor que tú duermas un poco hoy"
creo que la nina llega tarde,creo que la niña llega tarde
"mira, necesito que no traes el permiso firmado","mira, necesito que no traigas el permiso firmado"
quiero que tú pides permiso siempre,quiero que tú pidas permiso siempre
"oye, es importante que sigues estudiando por favor","oye, es importante que sigas estudiando por favor"
"por favor, espero que nosotros podemos terminar hoy por favor","por favor, espero que nosotros podamos terminar hoy por favor"
necesito que llegan tarde,necesito que lleguen tarde
"mamá, espero que nosotros somos responsable por favor","mamá, espero que nosotros seamos responsable por favor"
ojala las ninas comen todo,ojalá las niñas coman todo
"hijo, es mejor que piensas en el futuro manana","hijo, es mejor que pienses en el futuro mañana"
espero que ve esto siempre,espero que vea esto siempre
Me alegra que hay un examen.,Me alegra que haya un examen.
"profe, es cierto que mi papa vuelve pronto","profe, es cierto que mi papá vuelve pronto"
"Por favor, me gusta que los niños no duermen bien hoy.","Por favor, me gusta que los niños no duerman bien hoy."
pienso que el doctor siente verguenza hoy,pienso que el doctor siente vergüenza hoy
"hola, te pido que ella no estudia mucho","hola, te pido que ella no estudie mucho"
"oye, la niña se peino toda la tarde","oye, la niña se peinó toda la tarde"
"mira, me gusta que mi papá pone el abrigo","mira, me gusta que mi papá ponga el abrigo"
"hijo, el profesor quiere que ellas comen en casa también","hijo, el profesor quiere que ellas coman en casa también"
"oye, el profesor se sento al final","oye, el profesor se sentó al final"
"Mama, esta claro que nosotras comemos en casa.","Mamá, está claro que nosotras comemos en casa."
"mira, antes de que nosotros comemos mas frutas","mira, antes de que nosotros comamos más frutas"
"por favor, se que mis hermanos llegan a la meta tambien","por favor, sé que mis hermanos llegan a la meta también"
"mamá, es posible que ellas vuelven a casa siempre","mamá, es posible que ellas vuelvan a casa siempre"
"mira, mis padres esperan que el niño lee mucho esta vez","mira, mis padres esperan que el niño lea mucho esta vez"
"hijo, ella se porto en el patio","hijo, ella se portó en el patio"
dudo que nosotras llegamos antes que yo,dudo que nosotras lleguemos antes que yo
el perro se canso al final,el perro se cansó al final
"Mira, esta claro que mis padres piensan en eso.","Mira, está claro que mis padres piensan en eso."
"La verdad, hace falta que no ve la película mañana.","La verdad, hace falta que no vea la película mañana."
es mejor que tú eres puntual,es mejor que tú seas puntual
"hola, es necesario que nosotros ponemos el abrigo","hola, es necesario que nosotros pongamos el abrigo"
"Hola, antes de que ellas conocen la historia por favor.","Hola, antes de que ellas conozcan la historia por favor."
me gusta que no decimos algo por favor,me gusta que no digamos algo por favor
"la verdad, me alegra que mi mamá vuelve pronto","la verdad, me alegra que mi mamá vuelva pronto"
"oye, es urgente que tu amigo da un paseo","oye, es urgente que tu amigo dé un paseo"
"hola, se que mis padres duermen bien","hola, sé que mis padres duermen bien"
"Hola, quiero que ellas juegan en la calle.","Hola, quiero que ellas jueguen en la calle."
"oye, el se caso sin querer","oye, él se casó sin querer"
"La verdad, antes de que somos honesto siempre.","La verdad, antes de que seamos honesto siempre."
la niña se acabo sin querer,la niña se acabó sin querer
"la verdad, ojalá no ves el partido","la verdad, ojalá no veas el partido"
es necesario que nosotras vamos solo por favor,es necesario que nosotras vayamos solo por favor
pienso que la nina entiende el problema esta vez,pienso que la niña entiende el problema esta vez
"Mama, es verdad que tu escribes el cuento hoy.","Mamá, es verdad que tú escribes el cuento hoy."
me gusta que mis hermanos piden otra oportunidad siempre,me gusta que mis hermanos pidan otra oportunidad siempre
"por favor, antes de que ellas no dicen algo","por favor, antes de que ellas no digan algo"
"hola, ojalá tu amigo dice mentiras siempre","hola, ojalá tu amigo diga mentiras siempre"
"hijo, esta claro que comemos verduras","hijo, está claro que comemos verduras"
"por favor, mis padres esperan que tus amigos siguen así","por favor, mis padres esperan que tus amigos sigan así"
"oye, se que nosotros dormimos temprano esta vez","oye, sé que nosotros dormimos temprano esta vez"
"oye, no creo que las niñas juegan con cuidado mañana","oye, no creo que las niñas jueguen con cuidado mañana"
hace falta que las niñas estudian mucho hoy,hace falta que las niñas estudien mucho hoy
"hijo, antes de que estudiamos para el examen por favor","hijo, antes de que estudiemos para el examen por favor"
"profe, para que nosotras ponemos los libros aquí siempre","profe, para que nosotras pongamos los libros aquí siempre"
"mira, mis padres esperan que ustedes sienten vergüenza","mira, mis padres esperan que ustedes sientan vergüenza"
mis padres esperan que ellos no hacen un dibujo,mis padres esperan que ellos no hagan un dibujo
"Profe, me alegra que tú vienes conmigo también.","Profe, me alegra que tú vengas conmigo también."
"mira, esta claro que leemos todos los dias hoy","mira, está claro que leemos todos los días hoy"
es urgente que nosotras empezamos de nuevo,es urgente que nosotras empecemos de nuevo
"profe, mi mamá quiere que tú oyes esto siempre","profe, mi mamá quiere que tú oigas esto siempre"
"mama, es cierto que salen al recreo hoy","mamá, es cierto que salen al recreo hoy"
"mamá, espero que tú sales con tus amigos esta vez","mamá, espero que tú salgas con tus amigos esta vez"
"profe, deseo que nosotras ponemos atención","profe, deseo que nosotras pongamos atención"
"Por favor, ojalá que nosotras hablamos con ella.","Por favor, ojalá que nosotras hablemos con ella."
mi mama quiere que la nina escribe bien hoy,mi mamá quiere que la niña escriba bien hoy
espero que ellas ponen el abrigo mañana,espero que ellas pongan el abrigo mañana
"hijo, antes de que tú estás en casa también","hijo, antes de que tú estés en casa también"
"mira, me gusta que tú vienes mañana siempre","mira, me gusta que tú vengas mañana siempre"
es mejor que tú conoces el museo por favor,es mejor que tú conozcas el museo por favor
"Oye, prefiero que mis padres no salen de casa hoy.","Oye, prefiero que mis padres no salgan de casa hoy."
es urgente que ellas sienten dolor siempre,es urgente que ellas sientan dolor siempre
"oye, prefiero que usted entiende esto por favor","oye, prefiero que usted entienda esto por favor"
Tu primo se rio en el recreo.,Tu primo se rió en el recreo.
mi mamá quiere que leemos las instrucciones hoy,mi mamá quiere que leamos las instrucciones hoy
ojalá que mi hermano es así esta vez,ojalá que mi hermano sea así esta vez
"Hola, es posible que llegamos a tiempo.","Hola, es posible que lleguemos a tiempo."
Me alegra que hay comida para todos.,Me alegra que haya comida para todos.
"profe, dudo que usted habla en espanol hoy","profe, dudo que usted hable en español hoy"
espero que nosotras vamos a la playa esta vez,espero que nosotras vayamos a la playa esta vez
"por favor, ojala tu pides permiso hoy","por favor, ojalá tú pidas permiso hoy"
me alegra que no eres asi esta vez,me alegra que no seas así esta vez
es posible que tú piensas bien las cosas hoy,es posible que tú pienses bien las cosas hoy
"hijo, ojala que no seguimos asi hoy","hijo, ojalá que no sigamos así hoy"
"por favor, se que tu traes el cuaderno manana","por favor, sé que tú traes el cuaderno mañana"
antes de que usted no trae los libros esta vez,antes de que usted no traiga los libros esta vez
ojalá mi hermano no es feliz,ojalá mi hermano no sea feliz
se que tu eres asi,sé que tú eres así
"hola, antes de que nosotras sentimos dolor","hola, antes de que nosotras sintamos dolor"
el profesor quiere que tú juegas fútbol,el profesor quiere que tú juegues fútbol
Para que usted lee todos los días hoy.,Para que usted lea todos los días hoy.
"Hijo, el profesor se olvido en el recreo.","Hijo, el profesor se olvidó en el recreo."
"mira, quiero que tú puedes terminar hoy hoy","mira, quiero que tú puedas terminar hoy hoy"
"mama, creo que ellas piden ayuda manana","mamá, creo que ellas piden ayuda mañana"
"mira, antes de que el siente lo mismo tambien","mira, antes de que él sienta lo mismo también"
Seguro que tu buscas trabajo siempre.,Seguro que tú buscas trabajo siempre.
mis padres esperan que no entiendes esto también,mis padres esperan que no entiendas esto también
"hola, deseo que nosotros sabemos cuidarte","hola, deseo que nosotros sepamos cuidarte"
el profesor quiere que nosotros vemos el problema,el profesor quiere que nosotros veamos el problema
"Por favor, espero que tú lees en voz alta.","Por favor, espero que tú leas en voz alta."
mi mamá quiere que dormimos un poco por favor,mi mamá quiere que durmamos un poco por favor
"Profe, es posible que pide otra oportunidad también.","Profe, es posible que pida otra oportunidad también."
Ojalá que usted pone orden en el cuarto.,Ojalá que usted ponga orden en el cuarto.
"la verdad, mi hermano se quedo en el recreo","la verdad, mi hermano se quedó en el recreo"
"La verdad, es importante que tú pones el abrigo también.","La verdad, es importante que tú pongas el abrigo también."
"La verdad, ojalá eres amable.","La verdad, ojalá seas amable."
"la verdad, quiero que mi papa llega a tiempo hoy","la verdad, quiero que mi papá llegue a tiempo hoy"
espero que nosotras llegamos a la meta esta vez,espero que nosotras lleguemos a la meta esta vez
creo que mi mama va solo esta vez,creo que mi mamá va solo esta vez
no creo que hay comida para todos,no creo que haya comida para todos
dudo que mi papa juega futbol hoy,dudo que mi papá juegue fútbol hoy
es urgente que nosotros entendemos el problema hoy,es urgente que nosotros entendamos el problema hoy
"hola, esta claro que nosotros somos puntual tambien","hola, está claro que nosotros somos puntual también"
"oye, la nina se escapo toda la tarde","oye, la niña se escapó toda la tarde"
"por favor, seguro que ella busca otra solucion siempre","por favor, seguro que ella busca otra solución siempre"
me gusta que hay problemas,me gusta que haya problemas
"hijo, es posible que las niñas vuelven a intentarlo esta vez","hijo, es posible que las niñas vuelvan a intentarlo esta vez"
"hola, me gusta que nosotros empezamos la clase hoy","hola, me gusta que nosotros empecemos la clase hoy"
es necesario que ella no hace la cena también,es necesario que ella no haga la cena también
dice que los profesores dan la respuesta tambien,dice que los profesores dan la respuesta también
Espero que entiendes. Claro.,Espero que entiendas. Claro.
él se lavo ayer,él se lavó ayer
Es importante que el doctor trae agua.,Es importante que el doctor traiga agua.
"mira, mi mamá quiere que nosotros hacemos la tarea","mira, mi mamá quiere que nosotros hagamos la tarea"
"hijo, te pido que mis padres oyen bien","hijo, te pido que mis padres oigan bien"
la nina se sento ayer,la niña se sentó ayer
me gusta que mis hermanos quieren comer hoy,me gusta que mis hermanos quieran comer hoy
ojalá el niño trae la comida,ojalá el niño traiga la comida
es posible que dices tu nombre,es posible que digas tu nombre
"mira, es mejor que nosotras ponemos el abrigo por favor","mira, es mejor que nosotras pongamos el abrigo por favor"
"Oye, pienso que ellos dan un paseo tambien.","Oye, pienso que ellos dan un paseo también."
"Por favor, se que tu puedes terminar hoy.","Por favor, sé que tú puedes terminar hoy."
me alegra que el sigue estudiando,me alegra que él siga estudiando
Hace falta que piensas en el futuro hoy.,Hace falta que pienses en el futuro hoy.
"hola, ojalá que los profesores llegan a tiempo por favor","hola, ojalá que los profesores lleguen a tiempo por favor"
"por favor, pienso que mi mama hace ejercicio por favor","por favor, pienso que mi mamá hace ejercicio por favor"
ojala tu duermes ocho horas siempre,ojalá tú duermas ocho horas siempre
espero que no entendemos la pregunta esta vez,espero que no entendamos la pregunta esta vez
"oye, antes de que nosotras empezamos la clase","oye, antes de que nosotras empecemos la clase"
"profe, te pido que tu hermana no puede descansar hoy","profe, te pido que tu hermana no pueda descansar hoy"
"hijo, no creo que tú juegas en la calle siempre","hijo, no creo que tú juegues en la calle siempre"
Se que los profesores buscan otra solucion hoy.,Sé que los profesores buscan otra solución hoy.
"mira, es urgente que mi mama no da la mano","mira, es urgente que mi mamá no dé la mano"
ojala que nosotras entendemos el problema,ojalá que nosotras entendamos el problema
"hola, prefiero que nosotros vamos con ellos","hola, prefiero que nosotros vayamos con ellos"
"la verdad, esta claro que nosotras vamos a la playa manana","la verdad, está claro que nosotras vamos a la playa mañana"
"hijo, sabemos que tu vas con ellos hoy","hijo, sabemos que tú vas con ellos hoy"
es necesario que los niños comen verduras hoy,es necesario que los niños coman verduras hoy
"mira, el profesor quiere que ella estudia medicina esta vez","mira, el profesor quiere que ella estudie medicina esta vez"
prefiero que tú hablas en español mañana,prefiero que tú hables en español mañana
"la verdad, prefiero que mi mamá pide permiso también","la verdad, prefiero que mi mamá pida permiso también"
"hola, te pido que tu ves el partido","hola, te pido que tú veas el partido"
"La verdad, veo que las ninas entienden mis razones.","La verdad, veo que las niñas entienden mis razones."
mis padres esperan que hay un examen,mis padres esperan que haya un examen
espero que la niña da la respuesta,espero que la niña dé la respuesta
Para que ella tiene razón por favor.,Para que ella tenga razón por favor.
"Mira, quiero que nosotras hacemos silencio esta vez.","Mira, quiero que nosotras hagamos silencio esta vez."
"profe, es urgente que ella busca tus cosas esta vez","profe, es urgente que ella busque tus cosas esta vez"
"hola, mi hermano se callo de repente","hola, mi hermano se calló de repente"
No quiero que tú lees mucho mañana.,No quiero que tú leas mucho mañana.
se peino toda la tarde,se peinó toda la tarde
"la verdad, veo que ella puede ayudar manana","la verdad, veo que ella puede ayudar mañana"
el profesor se paso toda la tarde,el profesor se pasó toda la tarde
es urgente que ellas leen mucho,es urgente que ellas lean mucho
"Hola, me gusta que ella hace un dibujo mañana.","Hola, me gusta que ella haga un dibujo mañana."
no quiero que sentimos lo mismo hoy,no quiero que sintamos lo mismo hoy
"profe, para que mis padres siguen así","profe, para que mis padres sigan así"
"Hola, ojalá mi mamá sigue el camino.","Hola, ojalá mi mamá siga el camino."
"mamá, me gusta que pides más comida mañana","mamá, me gusta que pidas más comida mañana"
se que pides otra oportunidad,sé que pides otra oportunidad
"mama, dice que tu pones los libros aqui","mamá, dice que tú pones los libros aquí"
dudo que los profesores hablan más fuerte mañana,dudo que los profesores hablen más fuerte mañana
"por favor, mi hermano se acabo por la manana","por favor, mi hermano se acabó por la mañana"
"hola, dice que tu piensas en el futuro","hola, dice que tú piensas en el futuro"
"oye, es importante que el nino duerme ocho horas por favor","oye, es importante que el niño duerma ocho horas por favor"
dudo que nosotros pensamos antes de hablar tambien,dudo que nosotros pensemos antes de hablar también
esta claro que tu dices eso hoy,está claro que tú dices eso hoy
"profe, ella se acabo ayer","profe, ella se acabó ayer"
"por favor, es necesario que él siente dolor por favor","por favor, es necesario que él sienta dolor por favor"
"mamá, quiero que mi hermano no dice lo que piensas también","mamá, quiero que mi hermano no diga lo que piensas también"
"profe, no creo que ustedes juegan fútbol","profe, no creo que ustedes jueguen fútbol"
mi mama quiere que la nina sale con tus amigos por favor,mi mamá quiere que la niña salga con tus amigos por favor
"Mira, el profesor quiere que vienes a mi casa por favor.","Mira, el profesor quiere que vengas a mi casa por favor."
"por favor, ojalá mi hermano conoce a mis amigos mañana","por favor, ojalá mi hermano conozca a mis amigos mañana"
"Mamá, mis padres esperan que nosotros escribimos bien.","Mamá, mis padres esperan que nosotros escribamos bien."
antes de que mis padres van al médico,antes de que mis padres vayan al médico
Te pido que nosotras queremos venir por favor.,Te pido que nosotras queramos venir por favor.
"Hola, espero que tú piensas en el futuro.","Hola, espero que tú pienses en el futuro."
"mira, mi mama quiere que el doctor da un paseo","mira, mi mamá quiere que el doctor dé un paseo"
"hola, me gusta que ven el problema manana","hola, me gusta que vean el problema mañana"
"Mamá, es necesario que traemos el cuaderno.","Mamá, es necesario que traigamos el cuaderno."
"mamá, quiero que nosotros no pedimos ayuda","mamá, quiero que nosotros no pidamos ayuda"
espero que ustedes juegan en el parque tambien,espero que ustedes jueguen en el parque también
"la verdad, el profesor quiere que mi mama no habla en clase esta vez","la verdad, el profesor quiere que mi mamá no hable en clase esta vez"
necesito que la nina no sigue las reglas hoy,necesito que la niña no siga las reglas hoy
"Por favor, deseo que tú piensas en el futuro.","Por favor, deseo que tú pienses en el futuro."
No creo que mis padres siguen el camino por favor.,No creo que mis padres sigan el camino por favor.
es cierto que los ninos estudian en silencio esta vez,es cierto que los niños estudian en silencio esta vez
"la verdad, el profesor se peino ayer","la verdad, el profesor se peinó ayer"
es necesario que ellas conocen la ciudad tambien,es necesario que ellas conozcan la ciudad también
"mamá, te pido que la niña pone atención por favor","mamá, te pido que la niña ponga atención por favor"
"mira, te pido que tú no dices mentiras","mira, te pido que tú no digas mentiras"
Mis padres esperan que la profesora siente frío.,Mis padres esperan que la profesora sienta frío.
"mira, me dijo que mi papa pone los libros aqui","mira, me dijo que mi papá pone los libros aquí"
"mira, es importante que tus amigos duermen bien siempre","mira, es importante que tus amigos duerman bien siempre"
"la verdad, hace falta que tú dices lo que piensas hoy","la verdad, hace falta que tú digas lo que piensas hoy"
"mamá, mi mamá quiere que tú escribes el cuento","mamá, mi mamá quiere que tú escribas el cuento"
"hijo, se que tienen frio siempre","hijo, sé que tienen frío siempre"
"mamá, prefiero que tú traes los libros mañana","mamá, prefiero que tú traigas los libros mañana"
te pido que el doctor no quiere venir,te pido que el doctor no quiera venir
antes de que ustedes hacen silencio también,antes de que ustedes hagan silencio también
"Mamá, ojalá tú tienes todo listo hoy.","Mamá, ojalá tú tengas todo listo hoy."
"hijo, necesito que mi papá estudia en silencio hoy","hijo, necesito que mi papá estudie en silencio hoy"
"la verdad, dice que tu traes los libros siempre","la verdad, dice que tú traes los libros siempre"
"Oye, te pido que nosotras somos puntual siempre.","Oye, te pido que nosotras seamos puntual siempre."
"mama, prefiero que ella tiene tiempo","mamá, prefiero que ella tenga tiempo"
"la verdad, dudo que sabemos cuidarte","la verdad, dudo que sepamos cuidarte"
me gusta que nosotras conocemos a mis amigos esta vez,me gusta que nosotras conozcamos a mis amigos esta vez
tu primo se rio sin querer,tu primo se rió sin querer
no quiero que nosotros estamos listo a las ocho esta vez,no quiero que nosotros estemos listo a las ocho esta vez
"oye, hace falta que comemos en casa por favor","oye, hace falta que comamos en casa por favor"
"mira, necesito que tú empiezas ahora siempre","mira, necesito que tú empieces ahora siempre"
mis padres esperan que los estudiantes quieren venir,mis padres esperan que los estudiantes quieran venir
"mamá, ojalá seguimos las reglas siempre","mamá, ojalá sigamos las reglas siempre"
"por favor, quiero que ustedes van a dormir hoy","por favor, quiero que ustedes vayan a dormir hoy"
"por favor, es urgente que nosotros empezamos temprano esta vez","por favor, es urgente que nosotros empecemos temprano esta vez"
"hijo, antes de que tus amigos ven esto","hijo, antes de que tus amigos vean esto"
Prefiero que tú buscas trabajo por favor.,Prefiero que tú busques trabajo por favor.
deseo que pensamos en el futuro manana,deseo que pensemos en el futuro mañana
prefiero que nosotras no vamos a la playa también,prefiero que nosotras no vayamos a la playa también
no creo que tus amigos estudian para el examen por favor,no creo que tus amigos estudien para el examen por favor
Prefiero que hay sitio.,Prefiero que haya sitio.
deseo que tu amigo escribe con letra clara manana,deseo que tu amigo escriba con letra clara mañana
"profe, hace falta que tu oyes esto","profe, hace falta que tú oigas esto"
"Por favor, ella se llamo en la clase.","Por favor, ella se llamó en la clase."
"por favor, espero que tu amigo busca trabajo","por favor, espero que tu amigo busque trabajo"
"mamá, es urgente que tú sabes la respuesta","mamá, es urgente que tú sepas la respuesta"
mis padres esperan que mi papa come mas frutas siempre,mis padres esperan que mi papá coma más frutas siempre
"Oye, hace falta que ella llega a la meta hoy.","Oye, hace falta que ella llegue a la meta hoy."
"la verdad, es importante que los estudiantes comen más frutas","la verdad, es importante que los estudiantes coman más frutas"
"por favor, ella se durmio por la manana","por favor, ella se durmió por la mañana"
"por favor, dudo que tu amigo puede entrar esta vez","por favor, dudo que tu amigo pueda entrar esta vez"
"profe, antes de que das la respuesta","profe, antes de que des la respuesta"
"hola, es urgente que tu no buscas la respuesta","hola, es urgente que tú no busques la respuesta"
"profe, es urgente que mi papá es honesto","profe, es urgente que mi papá sea honesto"
te pido que hay sitio,te pido que haya sitio
"la verdad, quiero que ella no dice eso","la verdad, quiero que ella no diga eso"
"Oye, hace falta que nosotras somos responsable también.","Oye, hace falta que nosotras seamos responsable también."
"mama, dudo que tu vienes a mi casa por favor","mamá, dudo que tú vengas a mi casa por favor"
mi hermano se asusto sin querer,mi hermano se asustó sin querer
"Hola, es necesario que tu amigo lee en voz alta hoy.","Hola, es necesario que tu amigo lea en voz alta hoy."
te pido que nosotras no comemos mas frutas hoy,te pido que nosotras no comamos más frutas hoy
"Por favor, el perro se durmio en el recreo.","Por favor, el perro se durmió en el recreo."
hace falta que nosotras sentimos miedo manana,hace falta que nosotras sintamos miedo mañana
"hijo, no quiero que juegas en la calle","hijo, no quiero que juegues en la calle"
no quiero que puedes descansar,no quiero que puedas descansar
"oye, el profesor quiere que ustedes vienen con nosotros hoy","oye, el profesor quiere que ustedes vengan con nosotros hoy"
quiero que mi hermano no vuelve pronto siempre,quiero que mi hermano no vuelva pronto siempre
"la verdad, no creo que el niño lee en voz alta siempre","la verdad, no creo que el niño lea en voz alta siempre"
"Hijo, te pido que tú vienes con nosotros.","Hijo, te pido que tú vengas con nosotros."
"Mira, es posible que tú escribes con letra clara.","Mira, es posible que tú escribas con letra clara."
es posible que él no va con ellos,es posible que él no vaya con ellos
"Hijo, dudo que hablas con ella también.","Hijo, dudo que hables con ella también."
"Mira, dice que la nina siente lo mismo.","Mira, dice que la niña siente lo mismo."
"profe, es importante que mi papa pone orden en el cuarto","profe, es importante que mi papá ponga orden en el cuarto"
creo que el nino oye bien manana,creo que el niño oye bien mañana
"mira, seguro que eres responsable manana","mira, seguro que eres responsable mañana"
"profe, veo que tu puedes ayudar siempre","profe, veo que tú puedes ayudar siempre"
"oye, quiero que tú tienes razón también","oye, quiero que tú tengas razón también"
"oye, es importante que ellas vuelven a intentarlo por favor","oye, es importante que ellas vuelvan a intentarlo por favor"
"Profe, no quiero que los niños vuelven mañana.","Profe, no quiero que los niños vuelvan mañana."
deseo que hay sitio,deseo que haya sitio
"hijo, es urgente que el piensa antes de hablar manana","hijo, es urgente que él piense antes de hablar mañana"
"mira, prefiero que usted trae la comida por favor","mira, prefiero que usted traiga la comida por favor"
"la verdad, dice que ellos traen el cuaderno tambien","la verdad, dice que ellos traen el cuaderno también"
"oye, hace falta que tu vuelves pronto","oye, hace falta que tú vuelvas pronto"
"la verdad, es posible que trae agua hoy","la verdad, es posible que traiga agua hoy"
Es necesario que tú sigues el camino siempre.,Es necesario que tú sigas el camino siempre.
"oye, ojalá que el niño quiere salir mañana","oye, ojalá que el niño quiera salir mañana"
es necesario que nosotras hablamos despacio por favor,es necesario que nosotras hablemos despacio por favor
"oye, prefiero que tus amigos siguen las reglas tambien","oye, prefiero que tus amigos sigan las reglas también"
"Por favor, es posible que nosotros traemos el cuaderno.","Por favor, es posible que nosotros traigamos el cuaderno."
mi hermano se enojo ayer,mi hermano se enojó ayer
mis padres esperan que los estudiantes leen mucho tambien,mis padres esperan que los estudiantes lean mucho también
"hola, mi mama quiere que escribimos la carta tambien","hola, mi mamá quiere que escribamos la carta también"
"la verdad, dudo que hablan más fuerte hoy","la verdad, dudo que hablen más fuerte hoy"
"mamá, el profesor quiere que tú comes más frutas hoy","mamá, el profesor quiere que tú comas más frutas hoy"
es mejor que tus amigos conocen la ciudad hoy,es mejor que tus amigos conozcan la ciudad hoy
prefiero que hay sitio,prefiero que haya sitio
"mira, es urgente que mi papa da las gracias por favor","mira, es urgente que mi papá dé las gracias por favor"
mi mamá quiere que el doctor conoce la ciudad esta vez,mi mamá quiere que el doctor conozca la ciudad esta vez
Es importante que nosotras sabemos cuidarte esta vez.,Es importante que nosotras sepamos cuidarte esta vez.
el perro se rompio por la manana,el perro se rompió por la mañana
"hijo, no quiero que tu no sales temprano","hijo, no quiero que tú no salgas temprano"
es necesario que tú vas a la playa,es necesario que tú vayas a la playa
"por favor, no creo que nosotras venimos con nosotros hoy","por favor, no creo que nosotras vengamos con nosotros hoy"
"hijo, ojalá mi mamá entiende la pregunta también","hijo, ojalá mi mamá entienda la pregunta también"
es posible que hay problemas,es posible que haya problemas
quiero que hay tiempo,quiero que haya tiempo
"Mira, es urgente que los profesores sienten vergüenza.","Mira, es urgente que los profesores sientan vergüenza."
"profe, el perro se lavo en la clase","profe, el perro se lavó en la clase"
"la verdad, pienso que tenemos razon esta vez","la verdad, pienso que tenemos razón esta vez"
"por favor, me alegra que sienten miedo manana","por favor, me alegra que sientan miedo mañana"
"por favor, deseo que los estudiantes quieren ayudar","por favor, deseo que los estudiantes quieran ayudar"
"hola, espero que eres honesto por favor","hola, espero que seas honesto por favor"
"Profe, el profesor quiere que la profesora sabe leer bien.","Profe, el profesor quiere que la profesora sepa leer bien."
Mi mamá se paso ayer.,Mi mamá se pasó ayer.
mi mamá quiere que los niños sienten miedo esta vez,mi mamá quiere que los niños sientan miedo esta vez
Dudo que ellos no hacen la cena mañana.,Dudo que ellos no hagan la cena mañana.
"Oye, dudo que van solo también.","Oye, dudo que vayan solo también."
Me gusta que él está listo a las ocho siempre.,Me gusta que él esté listo a las ocho siempre.
"La verdad, no creo que mi hermano lee el libro.","La verdad, no creo que mi hermano lea el libro."
"mira, es posible que usted pone el abrigo por favor","mira, es posible que usted ponga el abrigo por favor"
Mis padres esperan que nosotras comemos más frutas.,Mis padres esperan que nosotras comamos más frutas.
"hijo, dudo que tu amigo come todo esta vez","hijo, dudo que tu amigo coma todo esta vez"
"Hola, ojalá tus amigos ven el problema también.","Hola, ojalá tus amigos vean el problema también."
prefiero que mi mama viene a la fiesta esta vez,prefiero que mi mamá venga a la fiesta esta vez
"profe, ojalá ustedes oyen al profesor siempre","profe, ojalá ustedes oigan al profesor siempre"
es mejor que mi hermano sale tan tarde,es mejor que mi hermano salga tan tarde
"Mamá, ojalá que mi hermano es feliz siempre.","Mamá, ojalá que mi hermano sea feliz siempre."
mis padres esperan que nosotros hacemos la tarea,mis padres esperan que nosotros hagamos la tarea
"mira, es mejor que tu hermana ve esto","mira, es mejor que tu hermana vea esto"
"mamá, es importante que ella está bien por favor","mamá, es importante que ella esté bien por favor"
"Oye, me parece que tu dices mentiras hoy.","Oye, me parece que tú dices mentiras hoy."
"la verdad, te pido que come todo","la verdad, te pido que coma todo"
"Profe, dice que la nina esta tranquilo manana.","Profe, dice que la niña está tranquilo mañana."
Es urgente que él come todo también.,Es urgente que él coma todo también.
ojala nosotras somos amable esta vez,ojalá nosotras seamos amable esta vez
"Mira, para que tu amigo estudia por la tarde también.","Mira, para que tu amigo estudie por la tarde también."
dudo que mi hermano dice la verdad por favor,dudo que mi hermano diga la verdad por favor
"hijo, el perro se peino en el recreo","hijo, el perro se peinó en el recreo"
"por favor, es mejor que ellos vienen a la fiesta esta vez","por favor, es mejor que ellos vengan a la fiesta esta vez"
"la verdad, me gusta que la niña empieza temprano mañana","la verdad, me gusta que la niña empiece temprano mañana"
"la verdad, antes de que los profesores juegan en el parque también","la verdad, antes de que los profesores jueguen en el parque también"
es mejor que mi mamá busca la respuesta siempre,es mejor que mi mamá busque la respuesta siempre
"mamá, necesito que ella busca trabajo siempre","mamá, necesito que ella busque trabajo siempre"
"Hola, ojalá tu amigo piensa bien las cosas esta vez.","Hola, ojalá tu amigo piense bien las cosas esta vez."
"hola, hace falta que el doctor juega con cuidado siempre","hola, hace falta que el doctor juegue con cuidado siempre"
es urgente que tu no pides perdon hoy,es urgente que tú no pidas perdón hoy
Ojalá ellas son responsable mañana.,Ojalá ellas sean responsable mañana.
"Hijo, necesito que tú quieres comer siempre.","Hijo, necesito que tú quieras comer siempre."
"mira, me alegra que nosotras jugamos después de comer por favor","mira, me alegra que nosotras juguemos después de comer por favor"
Espero que tú estás listo a las ocho.,Espero que tú estés listo a las ocho.
"la verdad, espero que el doctor esta atento siempre","la verdad, espero que el doctor esté atento siempre"
"Mira, me alegra que tú comes en casa hoy.","Mira, me alegra que tú comas en casa hoy."
"oye, es posible que mi hermano sigue estudiando","oye, es posible que mi hermano siga estudiando"
"por favor, deseo que tú lees las instrucciones siempre","por favor, deseo que tú leas las instrucciones siempre"
es necesario que sales temprano esta vez,es necesario que salgas temprano esta vez
"Mira, no creo que tú piensas en eso también.","Mira, no creo que tú pienses en eso también."
"hola, deseo que mis hermanos empiezan la tarea","hola, deseo que mis hermanos empiecen la tarea"
Es cierto que nosotras somos asi manana.,Es cierto que nosotras somos así mañana.
"hola, deseo que ellas hablan más fuerte hoy","hola, deseo que ellas hablen más fuerte hoy"
"mama, esta claro que los estudiantes estudian por la tarde","mamá, está claro que los estudiantes estudian por la tarde"
"por favor, dudo que ellos traen el permiso firmado siempre","por favor, dudo que ellos traigan el permiso firmado siempre"
"por favor, mi mamá quiere que tú no quieres salir esta vez","por favor, mi mamá quiere que tú no quieras salir esta vez"
"hijo, dudo que tú piensas en eso hoy","hijo, dudo que tú pienses en eso hoy"
No quiero que nosotras no llegamos a tiempo siempre.,No quiero que nosotras no lleguemos a tiempo siempre.
la nina se durmio muy rapido,la niña se durmió muy rápido
es posible que nosotras no ponemos orden en el cuarto manana,es posible que nosotras no pongamos orden en el cuarto mañana
"por favor, sabemos que mis padres son asi siempre","por favor, sabemos que mis padres son así siempre"
"por favor, es posible que ellos empiezan de nuevo tambien","por favor, es posible que ellos empiecen de nuevo también"
"Profe, me alegra que tú sabes la verdad.","Profe, me alegra que tú sepas la verdad."
me dijo que nosotras vemos a tu abuela tambien,me dijo que nosotras vemos a tu abuela también
"mamá, es necesario que tú sientes dolor","mamá, es necesario que tú sientas dolor"
"la verdad, para que él come verduras","la verdad, para que él coma verduras"
"por favor, es mejor que las ninas tienen razon esta vez","por favor, es mejor que las niñas tengan razón esta vez"
es urgente que hay comida para todos,es urgente que haya comida para todos
"por favor, ojalá que hacemos las cosas bien por favor","por favor, ojalá que hagamos las cosas bien por favor"
me alegra que mi mamá llega a la meta hoy,me alegra que mi mamá llegue a la meta hoy
"Hola, creo que tu empiezas temprano tambien.","Hola, creo que tú empiezas temprano también."
me gusta que nosotros leemos el libro también,me gusta que nosotros leamos el libro también
"Mamá, te pido que tú vuelves pronto hoy.","Mamá, te pido que tú vuelvas pronto hoy."
él se callo en el recreo,él se calló en el recreo
"mira, me gusta que nosotras somos puntual","mira, me gusta que nosotras seamos puntual"
"la verdad, es posible que el niño pone la mesa siempre","la verdad, es posible que el niño ponga la mesa siempre"
"oye, mi hermano se enojo toda la tarde","oye, mi hermano se enojó toda la tarde"
el profesor quiere que hay un examen,el profesor quiere que haya un examen
"Oye, te pido que tú sales tan tarde siempre.","Oye, te pido que tú salgas tan tarde siempre."
"oye, él se olvido toda la tarde","oye, él se olvidó toda la tarde"
"hola, para que tú puedes entrar siempre","hola, para que tú puedas entrar siempre"
"hijo, hace falta que ellos traen el cuaderno por favor","hijo, hace falta que ellos traigan el cuaderno por favor"
"profe, no quiero que tu amigo entiende esto siempre","profe, no quiero que tu amigo entienda esto siempre"
"mira, es mejor que tú sientes vergüenza","mira, es mejor que tú sientas vergüenza"
"mama, me parece que nosotras dormimos un poco","mamá, me parece que nosotras dormimos un poco"
"la verdad, quiero que tú empiezas la clase por favor","la verdad, quiero que tú empieces la clase por favor"
me gusta que hay sitio,me gusta que haya sitio
"Oye, dudo que él piensa así esta vez.","Oye, dudo que él piense así esta vez."
mis padres esperan que pensamos en el futuro esta vez,mis padres esperan que pensemos en el futuro esta vez
sabemos que nosotros jugamos en la calle tambien,sabemos que nosotros jugamos en la calle también
"la verdad, es mejor que pones orden en el cuarto","la verdad, es mejor que pongas orden en el cuarto"
Mis padres esperan que nosotras traemos el permiso firmado hoy.,Mis padres esperan que nosotras traigamos el permiso firmado hoy.
"oye, no creo que mi mamá está aquí mañana","oye, no creo que mi mamá esté aquí mañana"
necesito que ellas saben la respuesta siempre,necesito que ellas sepan la respuesta siempre
sabemos que el pone los libros aqui por favor,sabemos que él pone los libros aquí por favor
"por favor, te pido que hace la tarea tambien","por favor, te pido que haga la tarea también"
deseo que tú no estudias mucho hoy,deseo que tú no estudies mucho hoy
"Oye, me parece que mis hermanos estan bien.","Oye, me parece que mis hermanos están bien."
"mira, mi hermano se cayo en el recreo","mira, mi hermano se cayó en el recreo"
no creo que las niñas oyen la música mañana,no creo que las niñas oigan la música mañana
Me gusta que tus amigos van a la playa también.,Me gusta que tus amigos vayan a la playa también.
No quiero que tú escribes la carta.,No quiero que tú escribas la carta.
mis padres esperan que decimos la verdad siempre,mis padres esperan que digamos la verdad siempre
"mamá, mi mamá quiere que tus amigos no traen los libros","mamá, mi mamá quiere que tus amigos no traigan los libros"
"Mira, te pido que mis padres empiezan la tarea.","Mira, te pido que mis padres empiecen la tarea."
"la verdad, no quiero que nosotras tenemos razón mañana","la verdad, no quiero que nosotras tengamos razón mañana"
Te pido que tú juegas en el parque hoy.,Te pido que tú juegues en el parque hoy.
"Hijo, ella se levanto de repente.","Hijo, ella se levantó de repente."
mis padres esperan que tu hermana va solo también,mis padres esperan que tu hermana vaya solo también
Mi mamá quiere que nosotros no decimos mentiras siempre.,Mi mamá quiere que nosotros no digamos mentiras siempre.
no creo que nosotros sabemos la verdad mañana,no creo que nosotros sepamos la verdad mañana
"mira, es urgente que los ninos tienen frio siempre","mira, es urgente que los niños tengan frío siempre"
pienso que tu hermana llega tarde tambien,pienso que tu hermana llega tarde también
deseo que ustedes estudian por la tarde,deseo que ustedes estudien por la tarde
"Oye, te pido que tú tienes todo listo hoy.","Oye, te pido que tú tengas todo listo hoy."
seguro que tu sigues asi por favor,seguro que tú sigues así por favor
mis padres esperan que mi mamá no sigue así mañana,mis padres esperan que mi mamá no siga así mañana
"profe, me parece que mi papa ve esto manana","profe, me parece que mi papá ve esto mañana"
mis padres esperan que hay clases manana,mis padres esperan que haya clases mañana
"mama, sabemos que tu oyes la musica esta vez","mamá, sabemos que tú oyes la música esta vez"
me gusta que nosotras empezamos de nuevo siempre,me gusta que nosotras empecemos de nuevo siempre
"mamá, él se perdio en el patio","mamá, él se perdió en el patio"
esta claro que tu empiezas ahora hoy,está claro que tú empiezas ahora hoy
"La verdad, es posible que tu hermana escribe el cuento siempre.","La verdad, es posible que tu hermana escriba el cuento siempre."
para que el doctor va al médico,para que el doctor vaya al médico
"la verdad, espero que nosotras no entendemos la lección","la verdad, espero que nosotras no entendamos la lección"
"oye, espero que nosotros estamos en casa siempre","oye, espero que nosotros estemos en casa siempre"
"Oye, ojalá ella lee las instrucciones esta vez.","Oye, ojalá ella lea las instrucciones esta vez."
"mira, es mejor que tú vienes conmigo esta vez","mira, es mejor que tú vengas conmigo esta vez"
Para que volvemos mañana también.,Para que volvamos mañana también.
"oye, es importante que mi mama quiere salir por favor","oye, es importante que mi mamá quiera salir por favor"
"hola, se que esta atento hoy","hola, sé que está atento hoy"
tu primo se peino en la clase,tu primo se peinó en la clase
no quiero que decimos lo que piensas,no quiero que digamos lo que piensas
Es urgente que nosotros pedimos permiso esta vez.,Es urgente que nosotros pidamos permiso esta vez.
"profe, ojala que nosotros damos un paseo siempre","profe, ojalá que nosotros demos un paseo siempre"
"mira, la nina se bano en el patio","mira, la niña se bañó en el patio"
me gusta que tú hablas en español,me gusta que tú hables en español
Mi mamá quiere que tú ves la película por favor.,Mi mamá quiere que tú veas la película por favor.
ojalá estás en casa mañana,ojalá estés en casa mañana
Ojalá tiene tiempo esta vez.,Ojalá tenga tiempo esta vez.
"hola, dudo que entendemos esto hoy","hola, dudo que entendamos esto hoy"
"hola, mi mamá quiere que tienes suerte","hola, mi mamá quiere que tengas suerte"
"La verdad, el perro se lastimo en el patio.","La verdad, el perro se lastimó en el patio."
mi mamá quiere que ustedes piden más comida hoy,mi mamá quiere que ustedes pidan más comida hoy
"por favor, el profesor quiere que mis hermanos comen verduras por favor","por favor, el profesor quiere que mis hermanos coman verduras por favor"
"por favor, el profesor quiere que los niños buscan tus cosas mañana","por favor, el profesor quiere que los niños busquen tus cosas mañana"
"por favor, mi mamá quiere que estudias por la tarde mañana","por favor, mi mamá quiere que estudies por la tarde mañana"
es necesario que nosotros llegamos a la meta siempre,es necesario que nosotros lleguemos a la meta siempre
"Hola, tu primo se durmio por la mañana.","Hola, tu primo se durmió por la mañana."
mi mama quiere que la profesora no estudia por la tarde por favor,mi mamá quiere que la profesora no estudie por la tarde por favor
"mamá, antes de que los estudiantes buscan la respuesta","mamá, antes de que los estudiantes busquen la respuesta"
"profe, espero que dormimos bien","profe, espero que durmamos bien"
"Mama, esta claro que salen tan tarde tambien.","Mamá, está claro que salen tan tarde también."
"Por favor, ojalá que la niña está tranquilo esta vez.","Por favor, ojalá que la niña esté tranquilo esta vez."
es posible que nosotros podemos entrar,es posible que nosotros podamos entrar
"Hola, es urgente que mis padres no vienen conmigo hoy.","Hola, es urgente que mis padres no vengan conmigo hoy."
"mira, prefiero que las ninas vuelven manana manana","mira, prefiero que las niñas vuelvan mañana mañana"
Es mejor que tú comes verduras.,Es mejor que tú comas verduras.
"mamá, me gusta que nosotros decimos la verdad esta vez","mamá, me gusta que nosotros digamos la verdad esta vez"
"mamá, es mejor que nosotras entendemos la lección por favor","mamá, es mejor que nosotras entendamos la lección por favor"
"Profe, es importante que ellos comen en casa por favor.","Profe, es importante que ellos coman en casa por favor."
Antes de que tú oyes el ruido también.,Antes de que tú oigas el ruido también.
"La verdad, mi mamá quiere que volvemos temprano siempre.","La verdad, mi mamá quiere que volvamos temprano siempre."
se porto al final,se portó al final
Él se porto en el recreo.,Él se portó en el recreo.
me gusta que tu amigo no está bien siempre,me gusta que tu amigo no esté bien siempre
"Hijo, es necesario que la profesora come en casa esta vez.","Hijo, es necesario que la profesora coma en casa esta vez."
"mama, quiero que ellos leen en voz alta hoy","mamá, quiero que ellos lean en voz alta hoy"
hace falta que tu amigo habla en clase hoy,hace falta que tu amigo hable en clase hoy
"hola, me alegra que tu amigo pone atención por favor","hola, me alegra que tu amigo ponga atención por favor"
"Hola, espero que usted va solo esta vez.","Hola, espero que usted vaya solo esta vez."
Necesito que él no va con ellos por favor.,Necesito que él no vaya con ellos por favor.
"la verdad, el profesor quiere que nosotras pedimos perdon","la verdad, el profesor quiere que nosotras pidamos perdón"
"mira, para que los profesores hacen ejercicio","mira, para que los profesores hagan ejercicio"
"Mamá, es posible que ellos hacen un dibujo hoy.","Mamá, es posible que ellos hagan un dibujo hoy."
"la verdad, mis padres esperan que tú das las gracias","la verdad, mis padres esperan que tú des las gracias"
es urgente que ellos buscan trabajo,es urgente que ellos busquen trabajo
dudo que hay problemas,dudo que haya problemas
"mamá, mi mamá quiere que vienes con nosotros","mamá, mi mamá quiere que vengas con nosotros"
Prefiero que los profesores tienen tiempo.,Prefiero que los profesores tengan tiempo.
"Por favor, mi hermano se lastimo de repente.","Por favor, mi hermano se lastimó de repente."
"Oye, te pido que mi hermano trae la comida hoy.","Oye, te pido que mi hermano traiga la comida hoy."
él se asusto de repente,él se asustó de repente
hace falta que tu hermana piensa en eso,hace falta que tu hermana piense en eso
"hola, es importante que ella entiende la lección esta vez","hola, es importante que ella entienda la lección esta vez"
quiero que nosotros pedimos ayuda también,quiero que nosotros pidamos ayuda también
"oye, mi mama quiere que la profesora siente verguenza tambien","oye, mi mamá quiere que la profesora sienta vergüenza también"
necesito que nosotros tenemos cuidado esta vez,necesito que nosotros tengamos cuidado esta vez
"La verdad, seguro que la profesora ve a tu abuela tambien.","La verdad, seguro que la profesora ve a tu abuela también."
"mira, dudo que mi mamá llega temprano esta vez","mira, dudo que mi mamá llegue temprano esta vez"
no quiero que mis padres dan el ejemplo por favor,no quiero que mis padres den el ejemplo por favor
para que nosotras llegamos tarde esta vez,para que nosotras lleguemos tarde esta vez
"por favor, te pido que nosotras oimos el ruido esta vez","por favor, te pido que nosotras oigamos el ruido esta vez"
"mira, espero que nosotros conocemos a mis amigos también","mira, espero que nosotros conozcamos a mis amigos también"
"hola, prefiero que él pide más comida","hola, prefiero que él pida más comida"
"por favor, es posible que mis padres piden ayuda hoy","por favor, es posible que mis padres pidan ayuda hoy"
"hijo, te pido que los estudiantes dan la mano esta vez","hijo, te pido que los estudiantes den la mano esta vez"
"hijo, es posible que podemos ayudar hoy","hijo, es posible que podamos ayudar hoy"
es posible que el duerme temprano hoy,es posible que él duerma temprano hoy
Antes de que tú sientes vergüenza esta vez.,Antes de que tú sientas vergüenza esta vez.
"oye, tu primo se rompio muy rápido","oye, tu primo se rompió muy rápido"
"profe, no creo que ella está bien también","profe, no creo que ella esté bien también"
"hola, mis padres esperan que el doctor oye la musica siempre","hola, mis padres esperan que el doctor oiga la música siempre"
mis padres esperan que nosotras podemos venir manana,mis padres esperan que nosotras podamos venir mañana
"mira, deseo que los profesores buscan tus cosas también","mira, deseo que los profesores busquen tus cosas también"
"oye, el profesor quiere que tú juegas en la calle hoy","oye, el profesor quiere que tú juegues en la calle hoy"
es cierto que nosotros pensamos asi,es cierto que nosotros pensamos así
"Hola, necesito que ellos siguen así.","Hola, necesito que ellos sigan así."
"Mira, es mejor que tu hermana pide otra oportunidad esta vez.","Mira, es mejor que tu hermana pida otra oportunidad esta vez."
"por favor, dudo que las niñas van a dormir por favor","por favor, dudo que las niñas vayan a dormir por favor"
"hola, no quiero que llegamos tarde hoy","hola, no quiero que lleguemos tarde hoy"
"Oye, antes de que nosotras buscamos tus cosas mañana.","Oye, antes de que nosotras busquemos tus cosas mañana."
no quiero que tú pides ayuda,no quiero que tú pidas ayuda
es importante que mis padres hacen la tarea siempre,es importante que mis padres hagan la tarea siempre
"hijo, tu primo se cayo al final","hijo, tu primo se cayó al final"
"hijo, seguro que habla en espanol tambien","hijo, seguro que habla en español también"
"La verdad, el profesor quiere que estudian por la tarde también.","La verdad, el profesor quiere que estudien por la tarde también."
no creo que los profesores no dan la respuesta,no creo que los profesores no den la respuesta
"profe, me dijo que nosotras jugamos futbol","profe, me dijo que nosotras jugamos fútbol"
el profesor quiere que tú comes en casa esta vez,el profesor quiere que tú comas en casa esta vez
"por favor, mi mama se callo en el patio","por favor, mi mamá se calló en el patio"
hace falta que los niños pueden entrar también,hace falta que los niños puedan entrar también
"mamá, el perro se lavo por la mañana","mamá, el perro se lavó por la mañana"
es importante que nosotros no salimos a jugar por favor,es importante que nosotros no salgamos a jugar por favor
"hola, me alegra que tú vuelves pronto esta vez","hola, me alegra que tú vuelvas pronto esta vez"
"la verdad, quiero que nosotros oímos la música","la verdad, quiero que nosotros oigamos la música"
No creo que tú eres puntual siempre.,No creo que tú seas puntual siempre.
"mamá, el profesor quiere que las niñas dan el ejemplo","mamá, el profesor quiere que las niñas den el ejemplo"
"por favor, deseo que mis hermanos entienden la leccion","por favor, deseo que mis hermanos entiendan la lección"
"Oye, prefiero que él no tiene razón hoy.","Oye, prefiero que él no tenga razón hoy."
"hijo, me alegra que traemos el cuaderno","hijo, me alegra que traigamos el cuaderno"
"oye, es necesario que tú oyes al profesor","oye, es necesario que tú oigas al profesor"
"por favor, ojala tu pides permiso","por favor, ojalá tú pidas permiso"
ojalá él ve esto,ojalá él vea esto
"profe, prefiero que tu vienes con nosotros tambien","profe, prefiero que tú vengas con nosotros también"
"mira, hace falta que nosotros sentimos lo mismo tambien","mira, hace falta que nosotros sintamos lo mismo también"
ojala el busca trabajo tambien,ojalá él busque trabajo también
"oye, me parece que ellos vienen manana","oye, me parece que ellos vienen mañana"
"hijo, es mejor que nosotras venimos a la fiesta esta vez","hijo, es mejor que nosotras vengamos a la fiesta esta vez"
No creo que tu amigo empieza temprano esta vez.,No creo que tu amigo empiece temprano esta vez.
mi mamá quiere que los estudiantes saben la verdad siempre,mi mamá quiere que los estudiantes sepan la verdad siempre
Necesito que ellas no están aquí.,Necesito que ellas no estén aquí.
"oye, quiero que tú vienes mañana hoy","oye, quiero que tú vengas mañana hoy"
"mira, él se peino al final","mira, él se peinó al final"
"oye, no creo que queremos salir por favor","oye, no creo que queramos salir por favor"
Ojalá que tú tienes frío por favor.,Ojalá que tú tengas frío por favor.
deseo que tú escribes tu nombre por favor,deseo que tú escribas tu nombre por favor
ojala ellos hacen un dibujo siempre,ojalá ellos hagan un dibujo siempre
"mira, ella se acabo al final","mira, ella se acabó al final"
"oye, antes de que mis padres duermen un poco","oye, antes de que mis padres duerman un poco"
"hola, prefiero que tu puedes entrar manana","hola, prefiero que tú puedas entrar mañana"
"hola, es necesario que las niñas ponen la mesa","hola, es necesario que las niñas pongan la mesa"
Necesito que usted dice mentiras por favor.,Necesito que usted diga mentiras por favor.
"Por favor, pienso que tu piensas asi esta vez.","Por favor, pienso que tú piensas así esta vez."
"Oye, me gusta que ella entiende la pregunta.","Oye, me gusta que ella entienda la pregunta."
"hola, mi mamá quiere que no llegamos tarde por favor","hola, mi mamá quiere que no lleguemos tarde por favor"
"hola, antes de que nosotras ponemos atención","hola, antes de que nosotras pongamos atención"
"hola, para que nosotros ponemos los libros aquí","hola, para que nosotros pongamos los libros aquí"
"profe, prefiero que el niño dice lo que piensas","profe, prefiero que el niño diga lo que piensas"
"profe, es posible que mi papá llega temprano también","profe, es posible que mi papá llegue temprano también"
"Mira, antes de que ella lee las instrucciones.","Mira, antes de que ella lea las instrucciones."
"mira, es necesario que sientes frío hoy","mira, es necesario que sientas frío hoy"
"oye, mi mama se callo en el recreo","oye, mi mamá se calló en el recreo"
"hola, es mejor que dices eso","hola, es mejor que digas eso"
te pido que tú vienes conmigo,te pido que tú vengas conmigo
es urgente que dormimos un poco,es urgente que durmamos un poco
"Profe, es mejor que mi mamá es honesto también.","Profe, es mejor que mi mamá sea honesto también."
"hola, tu primo se callo por la manana","hola, tu primo se calló por la mañana"
para que tus amigos hablan en español hoy,para que tus amigos hablen en español hoy
"oye, me alegra que duermes ocho horas siempre","oye, me alegra que duermas ocho horas siempre"
"mama, esta claro que nosotras leemos en voz alta esta vez","mamá, está claro que nosotras leemos en voz alta esta vez"
"Mira, ojalá tú duermes bien también.","Mira, ojalá tú duermas bien también."
quiero que pensamos en el futuro,quiero que pensemos en el futuro
"profe, no quiero que dormimos bien","profe, no quiero que durmamos bien"
"Por favor, tu primo se canso por la mañana.","Por favor, tu primo se cansó por la mañana."
espero que nosotras vamos al colegio,espero que nosotras vayamos al colegio
"Mira, dice que tu oyes al profesor.","Mira, dice que tú oyes al profesor."
Es importante que tú entiendes la lección esta vez.,Es importante que tú entiendas la lección esta vez.
"por favor, mi mama quiere que decimos mentiras tambien","por favor, mi mamá quiere que digamos mentiras también"
Quiero que nosotros tenemos paciencia.,Quiero que nosotros tengamos paciencia.
para que buscas la respuesta manana,para que busques la respuesta mañana
Antes de que mis padres conocen la historia esta vez.,Antes de que mis padres conozcan la historia esta vez.
"mama, creo que tu estas tranquilo siempre","mamá, creo que tú estás tranquilo siempre"
"profe, para que nosotras queremos venir por favor","profe, para que nosotras queramos venir por favor"
me alegra que el doctor sale de casa por favor,me alegra que el doctor salga de casa por favor
"profe, mi mamá quiere que ellos son honesto mañana","profe, mi mamá quiere que ellos sean honesto mañana"
"Hijo, no creo que tú eres honesto.","Hijo, no creo que tú seas honesto."
"mama, es verdad que mi mama quiere estudiar por favor","mamá, es verdad que mi mamá quiere estudiar por favor"
quiero que nosotros salimos temprano siempre,quiero que nosotros salgamos temprano siempre
"mira, no creo que tú pides perdón","mira, no creo que tú pidas perdón"
es necesario que nosotras decimos tu nombre por favor,es necesario que nosotras digamos tu nombre por favor
"hola, no quiero que la profesora entiende esto","hola, no quiero que la profesora entienda esto"
Quiero que piensan antes de hablar.,Quiero que piensen antes de hablar.
"La verdad, es posible que usted llega a tiempo.","La verdad, es posible que usted llegue a tiempo."
"mamá, es posible que ella escribe tu nombre","mamá, es posible que ella escriba tu nombre"
"Hijo, necesito que tus amigos están bien también.","Hijo, necesito que tus amigos estén bien también."
"hola, te pido que ellos salen de casa hoy","hola, te pido que ellos salgan de casa hoy"
"la verdad, ojalá que dormimos en clase hoy","la verdad, ojalá que durmamos en clase hoy"
"profe, mi mamá quiere que nosotras sabemos leer bien","profe, mi mamá quiere que nosotras sepamos leer bien"
"Profe, prefiero que mi hermano habla con ella también.","Profe, prefiero que mi hermano hable con ella también."
no creo que nosotros escribimos el cuento siempre,no creo que nosotros escribamos el cuento siempre
Me dijo que tu traes el permiso firmado.,Me dijo que tú traes el permiso firmado.
ojalá que tú vienes a mi casa por favor,ojalá que tú vengas a mi casa por favor
"profe, espero que tu amigo no ve el partido esta vez","profe, espero que tu amigo no vea el partido esta vez"
mi mamá quiere que mi papá piensa bien las cosas por favor,mi mamá quiere que mi papá piense bien las cosas por favor
deseo que tú pides ayuda,deseo que tú pidas ayuda
"Por favor, para que nosotros leemos en voz alta esta vez.","Por favor, para que nosotros leamos en voz alta esta vez."
"La verdad, mi mamá quiere que la niña puede ayudar.","La verdad, mi mamá quiere que la niña pueda ayudar."
veo que ellos salen temprano manana,veo que ellos salen temprano mañana
"oye, te pido que ellas no tienen todo listo","oye, te pido que ellas no tengan todo listo"
"La verdad, te pido que tú entiendes esto hoy.","La verdad, te pido que tú entiendas esto hoy."
"la verdad, dudo que tú no comes todo hoy","la verdad, dudo que tú no comas todo hoy"
Dudo que ella no es amable también.,Dudo que ella no sea amable también.
dudo que hacemos ejercicio mañana,dudo que hagamos ejercicio mañana
"hijo, es posible que usted no quiere comer siempre","hijo, es posible que usted no quiera comer siempre"
"mira, mis padres esperan que tú hablas con ella por favor","mira, mis padres esperan que tú hables con ella por favor"
"la verdad, pienso que la nina escribe bien manana","la verdad, pienso que la niña escribe bien mañana"
"profe, dice que tu amigo pide permiso tambien","profe, dice que tu amigo pide permiso también"
"Profe, mi hermano se levanto ayer.","Profe, mi hermano se levantó ayer."
"hijo, ojalá que traes el permiso firmado siempre","hijo, ojalá que traigas el permiso firmado siempre"
prefiero que tú sales al recreo,prefiero que tú salgas al recreo
"por favor, es urgente que ella vuelve a casa también","por favor, es urgente que ella vuelva a casa también"
"Mira, el perro se olvido muy rápido.","Mira, el perro se olvidó muy rápido."
"por favor, antes de que no sientes frio hoy","por favor, antes de que no sientas frío hoy"
Hace falta que tú vas al médico mañana.,Hace falta que tú vayas al médico mañana.
Hace falta que tú haces un dibujo también.,Hace falta que tú hagas un dibujo también.
"profe, se que pone orden en el cuarto","profe, sé que pone orden en el cuarto"
me alegra que la profesora no escribe con letra clara,me alegra que la profesora no escriba con letra clara
"la verdad, para que vamos al medico manana","la verdad, para que vayamos al médico mañana"
"mamá, antes de que empezamos la clase por favor","mamá, antes de que empecemos la clase por favor"
"oye, el profesor quiere que los profesores no llegan antes que yo siempre","oye, el profesor quiere que los profesores no lleguen antes que yo siempre"
"mira, veo que el nino va a dormir","mira, veo que el niño va a dormir"
"la verdad, me gusta que llegamos pronto","la verdad, me gusta que lleguemos pronto"
"por favor, me dijo que tu juegas con cuidado","por favor, me dijo que tú juegas con cuidado"
"la verdad, sabemos que tu dices algo siempre","la verdad, sabemos que tú dices algo siempre"
"profe, es necesario que tu hermana quiere estudiar","profe, es necesario que tu hermana quiera estudiar"
"profe, pienso que tu quieres salir","profe, pienso que tú quieres salir"
"la verdad, no creo que tú estudias para el examen","la verdad, no creo que tú estudies para el examen"
"hijo, mis padres esperan que tu sales de casa esta vez","hijo, mis padres esperan que tú salgas de casa esta vez"
me alegra que tu tienes cuidado,me alegra que tú tengas cuidado
"mamá, quiero que el doctor no escribe tu nombre esta vez","mamá, quiero que el doctor no escriba tu nombre esta vez"
"Hijo, es posible que los profesores van a la playa siempre.","Hijo, es posible que los profesores vayan a la playa siempre."
"hola, me alegra que vamos con ellos esta vez","hola, me alegra que vayamos con ellos esta vez"
"oye, mis padres esperan que tu hablas despacio hoy","oye, mis padres esperan que tú hables despacio hoy"
dudo que pides permiso manana,dudo que pidas permiso mañana
"mira, esta claro que las ninas conocen el museo esta vez","mira, está claro que las niñas conocen el museo esta vez"
"mamá, él se quedo muy rápido","mamá, él se quedó muy rápido"
deseo que el pone orden en el cuarto tambien,deseo que él ponga orden en el cuarto también
"Hijo, hace falta que jugamos en la calle.","Hijo, hace falta que juguemos en la calle."
"mamá, necesito que tú juegas con cuidado hoy","mamá, necesito que tú juegues con cuidado hoy"
"por favor, antes de que tu conoces a mi familia siempre","por favor, antes de que tú conozcas a mi familia siempre"
"profe, quiero que nosotros pedimos permiso","profe, quiero que nosotros pidamos permiso"
"Por favor, dudo que mis hermanos dicen algo hoy.","Por favor, dudo que mis hermanos digan algo hoy."
"Hijo, me alegra que quieren venir también.","Hijo, me alegra que quieran venir también."
"Por favor, el profesor quiere que la niña oye al profesor esta vez.","Por favor, el profesor quiere que la niña oiga al profesor esta vez."
"mira, sabemos que mi mama empieza de nuevo por favor","mira, sabemos que mi mamá empieza de nuevo por favor"
"Mira, es necesario que la profesora piensa en eso mañana.","Mira, es necesario que la profesora piense en eso mañana."
"hola, prefiero que tú eres feliz","hola, prefiero que tú seas feliz"
"Hijo, prefiero que escribimos con letra clara esta vez.","Hijo, prefiero que escribamos con letra clara esta vez."
"mira, el perro se rio por la mañana","mira, el perro se rió por la mañana"
"mira, es verdad que tu buscas trabajo","mira, es verdad que tú buscas trabajo"
esta claro que nosotros escribimos la carta hoy,está claro que nosotros escribimos la carta hoy
"mama, mi hermano se durmio ayer","mamá, mi hermano se durmió ayer"
Mi hermano se cayo en la clase.,Mi hermano se cayó en la clase.
"la verdad, me dijo que el nino come verduras por favor","la verdad, me dijo que el niño come verduras por favor"
"mamá, hace falta que entendemos la lección por favor","mamá, hace falta que entendamos la lección por favor"
"hola, no creo que tú no buscas tus cosas","hola, no creo que tú no busques tus cosas"
"hola, quiero que lees las instrucciones","hola, quiero que leas las instrucciones"
"mama, esta claro que tu buscas la respuesta esta vez","mamá, está claro que tú buscas la respuesta esta vez"
"Mamá, mi hermano se olvido toda la tarde.","Mamá, mi hermano se olvidó toda la tarde."
"hola, te pido que nosotras somos feliz hoy","hola, te pido que nosotras seamos feliz hoy"
"profe, para que tu hermana trae los libros","profe, para que tu hermana traiga los libros"
"mama, sabemos que el nino conoce el museo","mamá, sabemos que el niño conoce el museo"
se que nosotras comemos mas frutas por favor,sé que nosotras comemos más frutas por favor
Hace falta que la profesora va con ellos mañana.,Hace falta que la profesora vaya con ellos mañana.
"hijo, me gusta que usted dice tu nombre esta vez","hijo, me gusta que usted diga tu nombre esta vez"
"hola, no quiero que el niño sabe eso","hola, no quiero que el niño sepa eso"
"oye, creo que el es responsable manana","oye, creo que él es responsable mañana"
"Oye, deseo que los niños son puntual.","Oye, deseo que los niños sean puntual."
creo que mi mama va al medico,creo que mi mamá va al médico
"mama, prefiero que nosotros buscamos otra solucion","mamá, prefiero que nosotros busquemos otra solución"
"por favor, creo que entendemos la leccion tambien","por favor, creo que entendemos la lección también"
"la verdad, es posible que tenemos suerte por favor","la verdad, es posible que tengamos suerte por favor"
ojala quieren estudiar esta vez,ojalá quieran estudiar esta vez
"por favor, se que estas listo a las ocho tambien","por favor, sé que estás listo a las ocho también"
Me alegra que nosotras queremos ayudar por favor.,Me alegra que nosotras queramos ayudar por favor.
"hijo, es posible que mi papá quiere estudiar mañana","hijo, es posible que mi papá quiera estudiar mañana"
"hola, es necesario que tu no sales con tus amigos","hola, es necesario que tú no salgas con tus amigos"
Te pido que tú buscas el libro siempre.,Te pido que tú busques el libro siempre.
"Mira, ella se porto en el recreo.","Mira, ella se portó en el recreo."
"hijo, prefiero que la niña lee mucho por favor","hijo, prefiero que la niña lea mucho por favor"
es necesario que mi mamá pone atención también,es necesario que mi mamá ponga atención también
"Mira, creo que tu dices tu nombre tambien.","Mira, creo que tú dices tu nombre también."
quiero que tu buscas el libro,quiero que tú busques el libro
"Oye, es importante que la niña pide perdón.","Oye, es importante que la niña pida perdón."
"hijo, me alegra que ustedes empiezan la clase también","hijo, me alegra que ustedes empiecen la clase también"
es importante que mi mamá trae agua también,es importante que mi mamá traiga agua también
la nina se sento en el patio,la niña se sentó en el patio
"profe, no creo que nosotros salimos con tus amigos tambien","profe, no creo que nosotros salgamos con tus amigos también"
"hijo, mi mama quiere que mis hermanos van a dormir siempre","hijo, mi mamá quiere que mis hermanos vayan a dormir siempre"
Me gusta que hay clases mañana.,Me gusta que haya clases mañana.
Mi mamá quiere que no queremos estudiar siempre.,Mi mamá quiere que no queramos estudiar siempre.
"Oye, necesito que mi hermano pone los libros aquí esta vez.","Oye, necesito que mi hermano ponga los libros aquí esta vez."
"hijo, no creo que las ninas dan la mano","hijo, no creo que las niñas den la mano"
"por favor, me gusta que seguimos así","por favor, me gusta que sigamos así"
me gusta que la profesora trae la comida siempre,me gusta que la profesora traiga la comida siempre
"por favor, es urgente que tú puedes jugar mañana","por favor, es urgente que tú puedas jugar mañana"
"la verdad, prefiero que mi mamá empieza ahora","la verdad, prefiero que mi mamá empiece ahora"
Sabemos que tu estudias mucho manana.,Sabemos que tú estudias mucho mañana.
mis padres esperan que el niño piensa antes de hablar,mis padres esperan que el niño piense antes de hablar
"mama, necesito que tu amigo hace silencio","mamá, necesito que tu amigo haga silencio"
"mira, para que tu sigues las reglas hoy","mira, para que tú sigas las reglas hoy"
"oye, me dijo que ellos comen mas frutas","oye, me dijo que ellos comen más frutas"
veo que tu empiezas temprano por favor,veo que tú empiezas temprano por favor
"Hola, es cierto que tus amigos piden permiso manana.","Hola, es cierto que tus amigos piden permiso mañana."
quiero que nosotras no oimos el ruido tambien,quiero que nosotras no oigamos el ruido también
"hola, quiero que tú vienes conmigo","hola, quiero que tú vengas conmigo"
"Profe, mis padres esperan que sigues el camino esta vez.","Profe, mis padres esperan que sigas el camino esta vez."
"mira, no creo que nosotros damos la mano siempre","mira, no creo que nosotros demos la mano siempre"
"profe, antes de que nosotras queremos comer siempre","profe, antes de que nosotras queramos comer siempre"
"hola, es mejor que la profesora tiene cuidado tambien","hola, es mejor que la profesora tenga cuidado también"
"Hijo, necesito que el niño juega fútbol por favor.","Hijo, necesito que el niño juegue fútbol por favor."
"mira, deseo que usted empieza temprano siempre","mira, deseo que usted empiece temprano siempre"
me gusta que comemos todo,me gusta que comamos todo
"hijo, mi mamá quiere que tú no estudias por la tarde mañana","hijo, mi mamá quiere que tú no estudies por la tarde mañana"
"hola, el perro se quedo en el patio","hola, el perro se quedó en el patio"
"mama, seguro que tu comes verduras","mamá, seguro que tú comes verduras"
"por favor, ojalá que el doctor piensa así por favor","por favor, ojalá que el doctor piense así por favor"
"Mamá, es mejor que ellas vienen conmigo esta vez.","Mamá, es mejor que ellas vengan conmigo esta vez."
Para que nosotros llegamos a tiempo mañana.,Para que nosotros lleguemos a tiempo mañana.
mis padres esperan que jugamos en la calle esta vez,mis padres esperan que juguemos en la calle esta vez
"hijo, espero que mis hermanos conocen la historia tambien","hijo, espero que mis hermanos conozcan la historia también"
"hijo, sabemos que tus amigos van con ellos tambien","hijo, sabemos que tus amigos van con ellos también"
es posible que lee las instrucciones hoy,es posible que lea las instrucciones hoy
"mira, espero que usted no entiende la pregunta","mira, espero que usted no entienda la pregunta"
"profe, es mejor que ellos llegan tarde tambien","profe, es mejor que ellos lleguen tarde también"
mi mamá quiere que tú comes despacio mañana,mi mamá quiere que tú comas despacio mañana
mis padres esperan que tú vas a dormir esta vez,mis padres esperan que tú vayas a dormir esta vez
"mira, ojalá los profesores juegan en la calle mañana","mira, ojalá los profesores jueguen en la calle mañana"
Ella se quedo sin querer.,Ella se quedó sin querer.
"profe, el profesor quiere que nosotras conocemos la historia","profe, el profesor quiere que nosotras conozcamos la historia"
Hace falta que mis hermanos conocen el museo hoy.,Hace falta que mis hermanos conozcan el museo hoy.
"oye, mis padres esperan que usted estudia para el examen","oye, mis padres esperan que usted estudie para el examen"
no creo que nosotros volvemos a casa,no creo que nosotros volvamos a casa
"mamá, no quiero que ustedes hablan en español esta vez","mamá, no quiero que ustedes hablen en español esta vez"
"hijo, me parece que haces la cena tambien","hijo, me parece que haces la cena también"
me gusta que tenemos paciencia mañana,me gusta que tengamos paciencia mañana
"Profe, me gusta que los profesores comen más frutas.","Profe, me gusta que los profesores coman más frutas."
te pido que tú llegas pronto mañana,te pido que tú llegues pronto mañana
"oye, se que ustedes comen despacio tambien","oye, sé que ustedes comen despacio también"
"hijo, me dijo que la nina trae la comida hoy","hijo, me dijo que la niña trae la comida hoy"
ojalá ellos comen en casa,ojalá ellos coman en casa
Para que ellas hacen la cena hoy.,Para que ellas hagan la cena hoy.
"Mira, quiero que el doctor está atento.","Mira, quiero que el doctor esté atento."
es mejor que nosotros sabemos nadar,es mejor que nosotros sepamos nadar
"oye, mi mama se lastimo toda la tarde","oye, mi mamá se lastimó toda la tarde"
"la verdad, no quiero que tú puedes descansar siempre","la verdad, no quiero que tú puedas descansar siempre"
"hijo, me dijo que mis hermanos piensan en el futuro tambien","hijo, me dijo que mis hermanos piensan en el futuro también"
te pido que las niñas duermen temprano hoy,te pido que las niñas duerman temprano hoy
"Mira, espero que tu hermana lee mucho por favor.","Mira, espero que tu hermana lea mucho por favor."
quiero que nosotros hacemos un dibujo,quiero que nosotros hagamos un dibujo
"hijo, es mejor que vuelves temprano","hijo, es mejor que vuelvas temprano"
"Por favor, deseo que los niños piensan en eso siempre.","Por favor, deseo que los niños piensen en eso siempre."
"Por favor, me alegra que la niña piensa bien las cosas.","Por favor, me alegra que la niña piense bien las cosas."
"Mira, mi mamá quiere que tú ves la película esta vez.","Mira, mi mamá quiere que tú veas la película esta vez."
"Hola, él se levanto toda la tarde.","Hola, él se levantó toda la tarde."
No creo que tu amigo habla más fuerte esta vez.,No creo que tu amigo hable más fuerte esta vez.
"por favor, el profesor quiere que nosotras conocemos a mi familia","por favor, el profesor quiere que nosotras conozcamos a mi familia"
"mira, tu primo se cayo de repente","mira, tu primo se cayó de repente"
necesito que nosotros empezamos la tarea siempre,necesito que nosotros empecemos la tarea siempre
es importante que los ninos no hablan mas fuerte hoy,es importante que los niños no hablen más fuerte hoy
"Hola, es urgente que tú no estás bien.","Hola, es urgente que tú no estés bien."
"mamá, ella se baño en el patio","mamá, ella se bañó en el patio"
"la verdad, mi hermano se paso en la clase","la verdad, mi hermano se pasó en la clase"
No quiero que tú juegas en la calle.,No quiero que tú juegues en la calle.
"la verdad, es verdad que tu das el ejemplo","la verdad, es verdad que tú das el ejemplo"
"hijo, te pido que vamos al colegio","hijo, te pido que vayamos al colegio"
"por favor, mi mamá quiere que nosotros hacemos ejercicio","por favor, mi mamá quiere que nosotros hagamos ejercicio"
"Profe, me gusta que el doctor sigue las reglas hoy.","Profe, me gusta que el doctor siga las reglas hoy."
"oye, dudo que nosotros podemos terminar hoy siempre","oye, dudo que nosotros podamos terminar hoy siempre"
"La verdad, la niña se enojo por la mañana.","La verdad, la niña se enojó por la mañana."
No creo que él hace la tarea.,No creo que él haga la tarea.
me gusta que nosotras estamos tranquilo tambien,me gusta que nosotras estemos tranquilo también
"la verdad, mi mama quiere que traen la comida siempre","la verdad, mi mamá quiere que traigan la comida siempre"
es cierto que damos la mano tambien,es cierto que damos la mano también
mi mamá se olvido sin querer,mi mamá se olvidó sin querer
"la verdad, dudo que oyes al profesor","la verdad, dudo que oigas al profesor"
te pido que hay un examen,te pido que haya un examen
"hola, es necesario que mi mama va al colegio siempre","hola, es necesario que mi mamá vaya al colegio siempre"
espero que das la respuesta mañana,espero que des la respuesta mañana
"mama, antes de que buscas tus cosas","mamá, antes de que busques tus cosas"
"Hijo, no quiero que las niñas ponen la mesa por favor.","Hijo, no quiero que las niñas pongan la mesa por favor."
"mamá, no quiero que mis padres salen al recreo por favor","mamá, no quiero que mis padres salgan al recreo por favor"
"mamá, es posible que no sentimos dolor esta vez","mamá, es posible que no sintamos dolor esta vez"
"mira, te pido que la profesora estudia por la tarde","mira, te pido que la profesora estudie por la tarde"
antes de que ella entiende esto,antes de que ella entienda esto
es importante que tu amigo no piensa así siempre,es importante que tu amigo no piense así siempre
"Hola, es importante que nosotros volvemos temprano siempre.","Hola, es importante que nosotros volvamos temprano siempre."
"mama, ojala ella no busca tus cosas tambien","mamá, ojalá ella no busque tus cosas también"
"hola, ella se durmio muy rapido","hola, ella se durmió muy rápido"
"profe, es importante que nosotros escribimos el cuento","profe, es importante que nosotros escribamos el cuento"
es importante que nosotros no ponemos la mesa siempre,es importante que nosotros no pongamos la mesa siempre
"oye, no quiero que las niñas entienden el problema siempre","oye, no quiero que las niñas entiendan el problema siempre"
"hijo, mi mamá quiere que mi mamá tiene suerte siempre","hijo, mi mamá quiere que mi mamá tenga suerte siempre"
"por favor, ella se sento al final","por favor, ella se sentó al final"
"Mira, pienso que el llega pronto hoy.","Mira, pienso que él llega pronto hoy."
"Hola, seguro que las ninas saben la verdad siempre.","Hola, seguro que las niñas saben la verdad siempre."
"profe, necesito que nosotros escribimos el cuento siempre","profe, necesito que nosotros escribamos el cuento siempre"
"por favor, me dijo que el doctor juega futbol","por favor, me dijo que el doctor juega fútbol"
"mira, es cierto que tu sigues asi siempre","mira, es cierto que tú sigues así siempre"
"Profe, es mejor que usted entiende la lección mañana.","Profe, es mejor que usted entienda la lección mañana."
"hijo, no creo que tú llegas pronto siempre","hijo, no creo que tú llegues pronto siempre"
es posible que ellos no leen el libro siempre,es posible que ellos no lean el libro siempre
"Mira, dudo que dormimos un poco mañana.","Mira, dudo que durmamos un poco mañana."
antes de que mi hermano es honesto manana,antes de que mi hermano sea honesto mañana
es necesario que las niñas llegan a la meta,es necesario que las niñas lleguen a la meta
"Mira, te pido que somos honesto siempre.","Mira, te pido que seamos honesto siempre."
"Oye, no creo que mi hermano sale tan tarde hoy.","Oye, no creo que mi hermano salga tan tarde hoy."
"Profe, no quiero que ella ve el problema también.","Profe, no quiero que ella vea el problema también."
dudo que empiezan ahora,dudo que empiecen ahora
"hijo, quiero que mi papá juega en la calle siempre","hijo, quiero que mi papá juegue en la calle siempre"
Me parece que nosotras venimos manana hoy.,Me parece que nosotras venimos mañana hoy.
"profe, necesito que nosotras damos la respuesta por favor","profe, necesito que nosotras demos la respuesta por favor"
el profesor quiere que hablas en espanol,el profesor quiere que hables en español
"mama, mis padres esperan que ellas comen verduras","mamá, mis padres esperan que ellas coman verduras"
"La verdad, mi mamá se olvido en el patio.","La verdad, mi mamá se olvidó en el patio."
es posible que los profesores son así hoy,es posible que los profesores sean así hoy
"oye, no creo que ellos siguen las reglas siempre","oye, no creo que ellos sigan las reglas siempre"
"mamá, prefiero que tú buscas la respuesta hoy","mamá, prefiero que tú busques la respuesta hoy"
"hijo, veo que tu pides otra oportunidad esta vez","hijo, veo que tú pides otra oportunidad esta vez"
me gusta que tu haces las cosas bien hoy,me gusta que tú hagas las cosas bien hoy
dudo que tus amigos vuelven a casa hoy,dudo que tus amigos vuelvan a casa hoy
"profe, mi mamá quiere que tú pides permiso siempre","profe, mi mamá quiere que tú pidas permiso siempre"
"profe, es cierto que nosotros comemos todo manana","profe, es cierto que nosotros comemos todo mañana"
"la verdad, es urgente que ellos quieren comer hoy","la verdad, es urgente que ellos quieran comer hoy"
es necesario que hay sitio,es necesario que haya sitio
"mama, se que los profesores siguen las reglas","mamá, sé que los profesores siguen las reglas"
el profesor quiere que mi mamá no pone el abrigo,el profesor quiere que mi mamá no ponga el abrigo
Ojalá ellas dan la mano por favor.,Ojalá ellas den la mano por favor.
"profe, para que lees todos los dias","profe, para que leas todos los días"
"mira, no quiero que las niñas juegan con cuidado esta vez","mira, no quiero que las niñas jueguen con cuidado esta vez"
"la verdad, mi mama quiere que pones el abrigo siempre","la verdad, mi mamá quiere que pongas el abrigo siempre"
me alegra que nosotras salimos tan tarde siempre,me alegra que nosotras salgamos tan tarde siempre
para que mi hermano pone el abrigo,para que mi hermano ponga el abrigo
no quiero que los profesores no vienen temprano también,no quiero que los profesores no vengan temprano también
"oye, él se sento sin querer","oye, él se sentó sin querer"
No creo que ellas pueden entrar esta vez.,No creo que ellas puedan entrar esta vez.
Es urgente que entiende la lección hoy.,Es urgente que entienda la lección hoy.
"mama, veo que nosotros pensamos asi manana","mamá, veo que nosotros pensamos así mañana"
ojalá busca trabajo esta vez,ojalá busque trabajo esta vez
"Hijo, ojalá sabes cuidarte hoy.","Hijo, ojalá sepas cuidarte hoy."
el profesor quiere que tu amigo sigue asi siempre,el profesor quiere que tu amigo siga así siempre
"Hola, es mejor que usted pide otra oportunidad siempre.","Hola, es mejor que usted pida otra oportunidad siempre."
ojalá que ellas no empiezan la tarea por favor,ojalá que ellas no empiecen la tarea por favor
mi mamá se porto en la clase,mi mamá se portó en la clase
"hola, creo que mis padres buscan otra solucion hoy","hola, creo que mis padres buscan otra solución hoy"
"la verdad, el profesor quiere que estudiamos mucho","la verdad, el profesor quiere que estudiemos mucho"
deseo que las niñas llegan tarde siempre,deseo que las niñas lleguen tarde siempre
antes de que tu vuelves manana tambien,antes de que tú vuelvas mañana también
prefiero que nosotros dormimos ocho horas esta vez,prefiero que nosotros durmamos ocho horas esta vez
el profesor quiere que conoces a mi familia también,el profesor quiere que conozcas a mi familia también
"oye, espero que pedimos ayuda esta vez","oye, espero que pidamos ayuda esta vez"
"mira, me gusta que mis padres siguen adelante","mira, me gusta que mis padres sigan adelante"
"Oye, ojalá mis hermanos hablan más fuerte esta vez.","Oye, ojalá mis hermanos hablen más fuerte esta vez."
"mira, antes de que mi papa sigue asi siempre","mira, antes de que mi papá siga así siempre"
me gusta que tú buscas tus cosas,me gusta que tú busques tus cosas
"la verdad, el profesor quiere que llegas a tiempo","la verdad, el profesor quiere que llegues a tiempo"
Hace falta que hay problemas.,Hace falta que haya problemas.
"mamá, ojalá que ellas juegan con cuidado","mamá, ojalá que ellas jueguen con cuidado"
"profe, me dijo que la nina oye esto siempre","profe, me dijo que la niña oye esto siempre"
deseo que el doctor busca trabajo hoy,deseo que el doctor busque trabajo hoy
Acabo de ponerle una inyección de morfina para que duerme.,Acabo de ponerle una inyección de morfina para que duerma.
"la verdad, esta claro que mi papa tiene frio esta vez","la verdad, está claro que mi papá tiene frío esta vez"
no creo que ustedes quieren comer también,no creo que ustedes quieran comer también
"profe, es mejor que mis padres llegan a la meta mañana","profe, es mejor que mis padres lleguen a la meta mañana"
"Por favor, mi mamá quiere que tus amigos oyen bien.","Por favor, mi mamá quiere que tus amigos oigan bien."
espero que mi papá sale de casa siempre,espero que mi papá salga de casa siempre
"por favor, el perro se canso de repente","por favor, el perro se cansó de repente"
"oye, creo que ellas estan tranquilo","oye, creo que ellas están tranquilo"
"Profe, se que llega tarde.","Profe, sé que llega tarde."
"Hola, mi mamá quiere que mi papá conoce el museo esta vez.","Hola, mi mamá quiere que mi papá conozca el museo esta vez."
"Profe, dudo que la profesora pide otra oportunidad.","Profe, dudo que la profesora pida otra oportunidad."
"oye, quiero que ustedes vienen a la fiesta","oye, quiero que ustedes vengan a la fiesta"
"mira, es posible que el doctor lee mucho por favor","mira, es posible que el doctor lea mucho por favor"
"Mira, dudo que el niño sale de casa mañana.","Mira, dudo que el niño salga de casa mañana."
"Hola, para que nosotras venimos conmigo.","Hola, para que nosotras vengamos conmigo."
seguro que usted puede ayudar tambien,seguro que usted puede ayudar también
deseo que nosotros estudiamos para el examen por favor,deseo que nosotros estudiemos para el examen por favor
Se paso ayer.,Se pasó ayer.
"La verdad, prefiero que piensan en el futuro mañana.","La verdad, prefiero que piensen en el futuro mañana."
"oye, mis padres esperan que tu buscas otra solucion esta vez","oye, mis padres esperan que tú busques otra solución esta vez"
necesito que tu sabes la respuesta,necesito que tú sepas la respuesta
no quiero que mis hermanos comen mas frutas,no quiero que mis hermanos coman más frutas
"Profe, es necesario que usted duerme ocho horas.","Profe, es necesario que usted duerma ocho horas."
es importante que leemos en voz alta,es importante que leamos en voz alta
"hijo, ojalá ellas tienen razón por favor","hijo, ojalá ellas tengan razón por favor"
"Mira, me alegra que él pone la mesa también.","Mira, me alegra que él ponga la mesa también."
es necesario que tú no quieres estudiar por favor,es necesario que tú no quieras estudiar por favor
es posible que das las gracias esta vez,es posible que des las gracias esta vez
"Oye, te pido que mis padres salen de casa también.","Oye, te pido que mis padres salgan de casa también."
"mamá, prefiero que mis hermanos tienen suerte también","mamá, prefiero que mis hermanos tengan suerte también"
"por favor, mis padres esperan que buscamos tus cosas","por favor, mis padres esperan que busquemos tus cosas"
se que mis hermanos llegan antes que yo tambien,sé que mis hermanos llegan antes que yo también
"Hijo, dudo que damos las gracias esta vez.","Hijo, dudo que demos las gracias esta vez."
"Oye, ojalá que las niñas traen el permiso firmado también.","Oye, ojalá que las niñas traigan el permiso firmado también."
dudo que tú empiezas ahora siempre,dudo que tú empieces ahora siempre
No quiero que hay comida para todos.,No quiero que haya comida para todos.
"mira, es urgente que el doctor va al colegio","mira, es urgente que el doctor vaya al colegio"
"la verdad, el profesor quiere que nosotras leemos todos los dias esta vez","la verdad, el profesor quiere que nosotras leamos todos los días esta vez"
"Profe, necesito que tú vuelves pronto mañana.","Profe, necesito que tú vuelvas pronto mañana."
"Hola, no quiero que tú lees el libro hoy.","Hola, no quiero que tú leas el libro hoy."
"profe, mis padres esperan que tu empiezas la clase esta vez","profe, mis padres esperan que tú empieces la clase esta vez"
"Mamá, prefiero que tú entiendes la lección mañana.","Mamá, prefiero que tú entiendas la lección mañana."
se que ella da la mano,sé que ella da la mano
"hijo, es urgente que ellas quieren ayudar mañana","hijo, es urgente que ellas quieran ayudar mañana"
"la verdad, me alegra que tú llegas temprano por favor","la verdad, me alegra que tú llegues temprano por favor"
"profe, hace falta que nosotras vemos el partido siempre","profe, hace falta que nosotras veamos el partido siempre"
mis padres esperan que mi hermano trae el permiso firmado siempre,mis padres esperan que mi hermano traiga el permiso firmado siempre
antes de que hay problemas,antes de que haya problemas
Prefiero que tú no sales tan tarde siempre.,Prefiero que tú no salgas tan tarde siempre.
"por favor, ojala que volvemos manana por favor","por favor, ojalá que volvamos mañana por favor"
"mira, hace falta que tu dices eso","mira, hace falta que tú digas eso"
me gusta que tu eres honesto por favor,me gusta que tú seas honesto por favor
"por favor, sabemos que tu lees las instrucciones","por favor, sabemos que tú lees las instrucciones"
"por favor, es posible que leemos las instrucciones","por favor, es posible que leamos las instrucciones"
Ojalá que hay tiempo.,Ojalá que haya tiempo.
"profe, no quiero que el doctor trae agua","profe, no quiero que el doctor traiga agua"
antes de que hay clases manana,antes de que haya clases mañana
"Hola, pienso que ellas vuelven manana.","Hola, pienso que ellas vuelven mañana."
Dudo que tú entiendes la lección.,Dudo que tú entiendas la lección.
"mamá, te pido que tú sientes vergüenza mañana","mamá, te pido que tú sientas vergüenza mañana"
"profe, espero que la profesora está tranquilo","profe, espero que la profesora esté tranquilo"
"hijo, te pido que dices algo hoy","hijo, te pido que digas algo hoy"
"Oye, es posible que el doctor pone atención esta vez.","Oye, es posible que el doctor ponga atención esta vez."
"Profe, pienso que tu estas atento manana.","Profe, pienso que tú estás atento mañana."
"oye, sabemos que tu pides perdon tambien","oye, sabemos que tú pides perdón también"
"oye, prefiero que tú das la respuesta","oye, prefiero que tú des la respuesta"
"por favor, es mejor que buscas la respuesta por favor","por favor, es mejor que busques la respuesta por favor"
mi mamá quiere que mi hermano come verduras esta vez,mi mamá quiere que mi hermano coma verduras esta vez
me alegra que tu no entiendes el problema hoy,me alegra que tú no entiendas el problema hoy
"hijo, deseo que salimos a jugar","hijo, deseo que salgamos a jugar"
Mi mamá quiere que los profesores juegan en la calle.,Mi mamá quiere que los profesores jueguen en la calle.
"hola, él se durmio por la mañana","hola, él se durmió por la mañana"
"oye, mi mamá quiere que ella puede ayudar","oye, mi mamá quiere que ella pueda ayudar"
"Por favor, prefiero que comemos en casa también.","Por favor, prefiero que comamos en casa también."
"Hola, ojalá queremos salir hoy.","Hola, ojalá queramos salir hoy."
"hijo, antes de que ella ve el partido por favor","hijo, antes de que ella vea el partido por favor"
"mira, es importante que nosotras decimos la verdad","mira, es importante que nosotras digamos la verdad"
"Profe, ojalá estudiamos en silencio esta vez.","Profe, ojalá estudiemos en silencio esta vez."
me gusta que los profesores ponen el abrigo por favor,me gusta que los profesores pongan el abrigo por favor
"oye, el profesor quiere que usted va a dormir","oye, el profesor quiere que usted vaya a dormir"
"mamá, espero que no pones el abrigo","mamá, espero que no pongas el abrigo"
Sabemos que tu amigo vuelve manana.,Sabemos que tu amigo vuelve mañana.
"mira, necesito que nosotros empezamos la clase esta vez","mira, necesito que nosotros empecemos la clase esta vez"
Pienso que el es feliz manana.,Pienso que él es feliz mañana.
necesito que ella estudia para el examen mañana,necesito que ella estudie para el examen mañana
"mira, el profesor quiere que nosotros hacemos un dibujo siempre","mira, el profesor quiere que nosotros hagamos un dibujo siempre"
"profe, es necesario que tú tienes razón esta vez","profe, es necesario que tú tengas razón esta vez"
es urgente que tus amigos vienen temprano por favor,es urgente que tus amigos vengan temprano por favor
"Hola, deseo que hablamos con ella hoy.","Hola, deseo que hablemos con ella hoy."
me alegra que nosotros empezamos la clase también,me alegra que nosotros empecemos la clase también
"Hijo, me alegra que nosotros escribimos la carta.","Hijo, me alegra que nosotros escribamos la carta."
"oye, es mejor que mi mamá quiere comer esta vez","oye, es mejor que mi mamá quiera comer esta vez"
es importante que ustedes salen temprano hoy,es importante que ustedes salgan temprano hoy
se acabo toda la tarde,se acabó toda la tarde
me gusta que ellos juegan en el parque,me gusta que ellos jueguen en el parque
"oye, esta claro que el doctor piensa bien las cosas","oye, está claro que el doctor piensa bien las cosas"
"profe, no creo que las niñas no juegan fútbol siempre","profe, no creo que las niñas no jueguen fútbol siempre"
no creo que nosotros volvemos mañana por favor,no creo que nosotros volvamos mañana por favor
para que mis hermanos leen todos los días esta vez,para que mis hermanos lean todos los días esta vez
"por favor, hace falta que nosotras estamos aquí siempre","por favor, hace falta que nosotras estemos aquí siempre"
"la verdad, me parece que ellas traen el cuaderno manana","la verdad, me parece que ellas traen el cuaderno mañana"
"mama, ojala tu duermes un poco por favor","mamá, ojalá tú duermas un poco por favor"
"mira, mis padres esperan que nosotras somos feliz hoy","mira, mis padres esperan que nosotras seamos feliz hoy"
"profe, es posible que nosotros hablamos en clase","profe, es posible que nosotros hablemos en clase"
"hola, me gusta que mi hermano siente verguenza tambien","hola, me gusta que mi hermano sienta vergüenza también"
"Sólo quiero que tú también lo haces, es todo lo que digo.","Sólo quiero que tú también lo hagas, es todo lo que digo."
me alegra que tú sigues las reglas siempre,me alegra que tú sigas las reglas siempre
el se sento en el patio,él se sentó en el patio
"por favor, te pido que nosotros venimos a la reunion siempre","por favor, te pido que nosotros vengamos a la reunión siempre"
"por favor, creo que mi papa ve la pelicula por favor","por favor, creo que mi papá ve la película por favor"
"mama, antes de que ella vuelve a casa manana","mamá, antes de que ella vuelva a casa mañana"
"por favor, me gusta que traemos la comida hoy","por favor, me gusta que traigamos la comida hoy"
"mira, dice que tu escribes bien hoy","mira, dice que tú escribes bien hoy"
"mira, espero que tu empiezas la tarea hoy","mira, espero que tú empieces la tarea hoy"
no quiero que nosotros conocemos la ciudad manana,no quiero que nosotros conozcamos la ciudad mañana
Seguro que tu vas a dormir.,Seguro que tú vas a dormir.
"hola, es importante que mis padres estudian en silencio también","hola, es importante que mis padres estudien en silencio también"
"oye, el profesor se peino muy rapido","oye, el profesor se peinó muy rápido"
"mama, prefiero que ellas siguen asi tambien","mamá, prefiero que ellas sigan así también"
"hijo, antes de que nosotros llegamos pronto siempre","hijo, antes de que nosotros lleguemos pronto siempre"
Es importante que tú empiezas temprano esta vez.,Es importante que tú empieces temprano esta vez.
deseo que tu amigo duerme en clase hoy,deseo que tu amigo duerma en clase hoy
no creo que ustedes conocen la historia,no creo que ustedes conozcan la historia
Es necesario que nosotras sentimos lo mismo hoy.,Es necesario que nosotras sintamos lo mismo hoy.
"Mira, esta claro que tu amigo tiene tiempo por favor.","Mira, está claro que tu amigo tiene tiempo por favor."
"mira, creo que estudia medicina tambien","mira, creo que estudia medicina también"
"profe, mi mamá quiere que come en casa mañana","profe, mi mamá quiere que coma en casa mañana"
"mira, prefiero que nosotros traemos el cuaderno hoy","mira, prefiero que nosotros traigamos el cuaderno hoy"
Me gusta que hay un examen.,Me gusta que haya un examen.
"profe, espero que tu conoces a mis amigos hoy","profe, espero que tú conozcas a mis amigos hoy"
"mira, para que tu vuelves pronto","mira, para que tú vuelvas pronto"
"Mamá, ojalá tú haces ejercicio también.","Mamá, ojalá tú hagas ejercicio también."
Es importante que hay un examen.,Es importante que haya un examen.
"hola, me alegra que tú vuelves a intentarlo","hola, me alegra que tú vuelvas a intentarlo"
Ojalá estás listo a las ocho por favor.,Ojalá estés listo a las ocho por favor.
Espero que tú pides más comida mañana.,Espero que tú pidas más comida mañana.
pienso que ella esta listo a las ocho por favor,pienso que ella está listo a las ocho por favor
"mamá, ojalá que mi mamá estudia mucho","mamá, ojalá que mi mamá estudie mucho"
me alegra que mi hermano come todo,me alegra que mi hermano coma todo
"por favor, se que nosotras comemos verduras","por favor, sé que nosotras comemos verduras"
"profe, dudo que nosotras empezamos de nuevo","profe, dudo que nosotras empecemos de nuevo"
"mira, me alegra que nosotras conocemos a mi familia siempre","mira, me alegra que nosotras conozcamos a mi familia siempre"
"hola, no quiero que nosotras no tenemos suerte","hola, no quiero que nosotras no tengamos suerte"
"hijo, la nina se asusto toda la tarde","hijo, la niña se asustó toda la tarde"
"mama, dice que quiere venir esta vez","mamá, dice que quiere venir esta vez"
se que quieren estudiar por favor,sé que quieren estudiar por favor
el profesor quiere que los profesores traen agua manana,el profesor quiere que los profesores traigan agua mañana
"profe, es urgente que tu amigo juega fútbol también","profe, es urgente que tu amigo juegue fútbol también"
"Hola, espero que nosotras conocemos la historia mañana.","Hola, espero que nosotras conozcamos la historia mañana."
"Oye, prefiero que tú sientes frío.","Oye, prefiero que tú sientas frío."
"Hijo, es necesario que nosotras estamos en casa hoy.","Hijo, es necesario que nosotras estemos en casa hoy."
"profe, tu primo se baño sin querer","profe, tu primo se bañó sin querer"
"Hola, se canso al final.","Hola, se cansó al final."
"mama, me dijo que nosotras dormimos un poco manana","mamá, me dijo que nosotras dormimos un poco mañana"
Me alegra que tienes cuidado.,Me alegra que tengas cuidado.
mis padres esperan que usted tiene cuidado,mis padres esperan que usted tenga cuidado
Antes de que tú escribes con letra clara por favor.,Antes de que tú escribas con letra clara por favor.
"hijo, no creo que tú sales a jugar","hijo, no creo que tú salgas a jugar"
"oye, me alegra que tú empiezas la clase","oye, me alegra que tú empieces la clase"
"por favor, es mejor que haces las cosas bien","por favor, es mejor que hagas las cosas bien"
"por favor, es urgente que nosotras comemos verduras esta vez","por favor, es urgente que nosotras comamos verduras esta vez"
"oye, se que mi hermano siente frio esta vez","oye, sé que mi hermano siente frío esta vez"
"oye, quiero que llegamos tarde por favor","oye, quiero que lleguemos tarde por favor"
necesito que la profesora pide ayuda por favor,necesito que la profesora pida ayuda por favor
"Mira, no quiero que ella llega temprano esta vez.","Mira, no quiero que ella llegue temprano esta vez."
"mamá, para que no ponen los libros aquí mañana","mamá, para que no pongan los libros aquí mañana"
"la verdad, es mejor que nosotros dormimos ocho horas mañana","la verdad, es mejor que nosotros durmamos ocho horas mañana"
"Oye, me dijo que nosotras estamos bien manana.","Oye, me dijo que nosotras estamos bien mañana."
Ella se canso en el patio.,Ella se cansó en el patio.
"Hola, me alegra que tus amigos están tranquilo.","Hola, me alegra que tus amigos estén tranquilo."
Para que nosotras conocemos a mi familia también.,Para que nosotras conozcamos a mi familia también.
"la verdad, ojala mis hermanos pueden terminar hoy por favor","la verdad, ojalá mis hermanos puedan terminar hoy por favor"
"mira, es urgente que nosotras seguimos estudiando","mira, es urgente que nosotras sigamos estudiando"
"hola, deseo que los profesores escriben el cuento hoy","hola, deseo que los profesores escriban el cuento hoy"
Él se canso sin querer.,Él se cansó sin querer.
"oye, es posible que estas listo a las ocho siempre","oye, es posible que estés listo a las ocho siempre"
"Mamá, prefiero que ustedes no escriben bien.","Mamá, prefiero que ustedes no escriban bien."
"mira, quiero que nosotras pedimos perdón","mira, quiero que nosotras pidamos perdón"
"oye, es urgente que usted sabe la verdad por favor","oye, es urgente que usted sepa la verdad por favor"
"la verdad, no creo que estás tranquilo por favor","la verdad, no creo que estés tranquilo por favor"
"Mamá, hace falta que das la respuesta hoy.","Mamá, hace falta que des la respuesta hoy."
deseo que pensamos así por favor,deseo que pensemos así por favor
necesito que hay un examen,necesito que haya un examen
es posible que tu empiezas la clase,es posible que tú empieces la clase
"Oye, quiero que escribes tu nombre hoy.","Oye, quiero que escribas tu nombre hoy."
Dudo que tú conoces la ciudad siempre.,Dudo que tú conozcas la ciudad siempre.
ojalá que ustedes leen el libro,ojalá que ustedes lean el libro
Creo que el nino busca trabajo tambien.,Creo que el niño busca trabajo también.
"mira, espero que no entendemos el problema manana","mira, espero que no entendamos el problema mañana"
Me gusta que ella entiende la pregunta.,Me gusta que ella entienda la pregunta.
Ojalá nosotras sabemos cuidarte.,Ojalá nosotras sepamos cuidarte.
"mira, el profesor quiere que mi mama siente verguenza hoy","mira, el profesor quiere que mi mamá sienta vergüenza hoy"
sabemos que la nina dice algo siempre,sabemos que la niña dice algo siempre
"por favor, quiero que mi papa lee todos los dias","por favor, quiero que mi papá lea todos los días"
"oye, espero que los niños empiezan temprano también","oye, espero que los niños empiecen temprano también"
"La verdad, no quiero que tú sales tan tarde también.","La verdad, no quiero que tú salgas tan tarde también."
"Mamá, no quiero que la niña hace la tarea mañana.","Mamá, no quiero que la niña haga la tarea mañana."
"la verdad, mi mama se callo al final","la verdad, mi mamá se calló al final"
esta claro que tus amigos conocen a mis amigos siempre,está claro que tus amigos conocen a mis amigos siempre
no creo que mis hermanos leen todos los días siempre,no creo que mis hermanos lean todos los días siempre
"hijo, dudo que los profesores van con ellos manana","hijo, dudo que los profesores vayan con ellos mañana"
"hijo, deseo que llegan tarde siempre","hijo, deseo que lleguen tarde siempre"
no creo que nosotros no llegamos antes que yo manana,no creo que nosotros no lleguemos antes que yo mañana
"hola, él se perdio muy rápido","hola, él se perdió muy rápido"
el profesor quiere que nosotras venimos a mi casa esta vez,el profesor quiere que nosotras vengamos a mi casa esta vez
"mamá, hace falta que nosotras jugamos con cuidado esta vez","mamá, hace falta que nosotras juguemos con cuidado esta vez"
deseo que ves esto hoy,deseo que veas esto hoy
espero que nosotros dormimos un poco,espero que nosotros durmamos un poco
"Por favor, me alegra que tú llegas a tiempo por favor.","Por favor, me alegra que tú llegues a tiempo por favor."
"oye, te pido que juegan en el parque","oye, te pido que jueguen en el parque"
"mira, te pido que los niños llegan temprano también","mira, te pido que los niños lleguen temprano también"
"oye, hace falta que las ninas no comen verduras tambien","oye, hace falta que las niñas no coman verduras también"
"por favor, mis padres esperan que tu amigo juega despues de comer tambien","por favor, mis padres esperan que tu amigo juegue después de comer también"
quiero que la profesora vuelve a casa esta vez,quiero que la profesora vuelva a casa esta vez
veo que ella come verduras manana,veo que ella come verduras mañana
"la verdad, ojalá que los profesores quieren comer","la verdad, ojalá que los profesores quieran comer"
"Mamá, la niña se perdio sin querer.","Mamá, la niña se perdió sin querer."
"Mira, es importante que ellas traen el permiso firmado.","Mira, es importante que ellas traigan el permiso firmado."
ojala la profesora no entiende la pregunta manana,ojalá la profesora no entienda la pregunta mañana
"mamá, es importante que nosotros vamos a dormir","mamá, es importante que nosotros vayamos a dormir"
sabemos que tu haces la tarea manana,sabemos que tú haces la tarea mañana
"mira, ojala que tu escribes el cuento","mira, ojalá que tú escribas el cuento"
"mira, antes de que tenemos frio esta vez","mira, antes de que tengamos frío esta vez"
"La verdad, esta claro que tus amigos duermen un poco siempre.","La verdad, está claro que tus amigos duermen un poco siempre."
"mamá, es necesario que él estudia para el examen","mamá, es necesario que él estudie para el examen"
"profe, quiero que la profesora hace un dibujo","profe, quiero que la profesora haga un dibujo"
"oye, mi mama quiere que nosotras llegamos temprano por favor","oye, mi mamá quiere que nosotras lleguemos temprano por favor"
"Mama, me parece que entiendes la pregunta por favor.","Mamá, me parece que entiendes la pregunta por favor."
"hola, es importante que nosotras volvemos pronto mañana","hola, es importante que nosotras volvamos pronto mañana"
"mira, necesito que mis hermanos juegan en la calle hoy","mira, necesito que mis hermanos jueguen en la calle hoy"
"mira, dudo que el doctor ve el partido por favor","mira, dudo que el doctor vea el partido por favor"
"por favor, mi mama se rompio muy rapido","por favor, mi mamá se rompió muy rápido"
"oye, el perro se canso ayer","oye, el perro se cansó ayer"
me alegra que ellas tienen cuidado por favor,me alegra que ellas tengan cuidado por favor
Seguro que la nina puede entrar hoy.,Seguro que la niña puede entrar hoy.
"oye, prefiero que tú estás atento mañana","oye, prefiero que tú estés atento mañana"
"hijo, se que tu sigues adelante tambien","hijo, sé que tú sigues adelante también"
"Hola, es mejor que mis hermanos llegan pronto hoy.","Hola, es mejor que mis hermanos lleguen pronto hoy."
"Hola, te pido que el doctor pone los libros aquí mañana.","Hola, te pido que el doctor ponga los libros aquí mañana."
"Hola, prefiero que los estudiantes no leen el libro esta vez.","Hola, prefiero que los estudiantes no lean el libro esta vez."
"mira, mis padres esperan que el niño piensa antes de hablar","mira, mis padres esperan que el niño piense antes de hablar"
"por favor, ojalá no sales al recreo esta vez","por favor, ojalá no salgas al recreo esta vez"
"mamá, me alegra que tú duermes temprano siempre","mamá, me alegra que tú duermas temprano siempre"
la nina se enojo sin querer,la niña se enojó sin querer
el profesor quiere que el doctor trae el permiso firmado,el profesor quiere que el doctor traiga el permiso firmado
"mamá, tu primo se canso de repente","mamá, tu primo se cansó de repente"
"por favor, es urgente que tu amigo viene a la fiesta por favor","por favor, es urgente que tu amigo venga a la fiesta por favor"
Seguro que nosotras empezamos temprano manana.,Seguro que nosotras empezamos temprano mañana.
"profe, es importante que tu ves el problema","profe, es importante que tú veas el problema"
"oye, espero que ellos duermen temprano","oye, espero que ellos duerman temprano"
"Hola, el perro se asusto ayer.","Hola, el perro se asustó ayer."
"hola, hace falta que nosotras no llegamos a tiempo","hola, hace falta que nosotras no lleguemos a tiempo"
"por favor, no creo que ellos juegan con cuidado por favor","por favor, no creo que ellos jueguen con cuidado por favor"
Tu primo se llamo en el recreo.,Tu primo se llamó en el recreo.
"oye, hace falta que estamos atento","oye, hace falta que estemos atento"
dudo que él trae los libros,dudo que él traiga los libros
me dijo que tu entiendes el problema esta vez,me dijo que tú entiendes el problema esta vez
"hola, espero que ellas conocen a mis amigos mañana","hola, espero que ellas conozcan a mis amigos mañana"
"mamá, es mejor que el doctor vuelve mañana también","mamá, es mejor que el doctor vuelva mañana también"
deseo que la profesora oye al profesor,deseo que la profesora oiga al profesor
"hijo, es cierto que la nina pide ayuda por favor","hijo, es cierto que la niña pide ayuda por favor"
"mira, mi mama quiere que mi mama oye al profesor por favor","mira, mi mamá quiere que mi mamá oiga al profesor por favor"
se que tu hermana oye el ruido hoy,sé que tu hermana oye el ruido hoy
"La verdad, me gusta que sigues así por favor.","La verdad, me gusta que sigas así por favor."
"mama, me dijo que los ninos saben la verdad","mamá, me dijo que los niños saben la verdad"
quiero que los estudiantes no siguen estudiando,quiero que los estudiantes no sigan estudiando
"oye, no quiero que entiendes la leccion por favor","oye, no quiero que entiendas la lección por favor"
"Mira, necesito que los estudiantes siguen así.","Mira, necesito que los estudiantes sigan así."
"profe, hace falta que mis padres dicen mentiras tambien","profe, hace falta que mis padres digan mentiras también"
"mira, es urgente que tú vas solo por favor","mira, es urgente que tú vayas solo por favor"
Mi mamá se llamo en el recreo.,Mi mamá se llamó en el recreo.
esta claro que mis hermanos pueden descansar hoy,está claro que mis hermanos pueden descansar hoy
"hola, esta claro que nosotras leemos todos los dias manana","hola, está claro que nosotras leemos todos los días mañana"
"mama, es cierto que nosotros jugamos despues de comer tambien","mamá, es cierto que nosotros jugamos después de comer también"
"por favor, te pido que tu conoces el museo manana","por favor, te pido que tú conozcas el museo mañana"
"mira, no creo que vuelven a intentarlo","mira, no creo que vuelvan a intentarlo"
"mamá, mis padres esperan que entendemos la lección esta vez","mamá, mis padres esperan que entendamos la lección esta vez"
"la verdad, veo que el escribe bien tambien","la verdad, veo que él escribe bien también"
"hola, es urgente que sientes vergüenza por favor","hola, es urgente que sientas vergüenza por favor"
mis padres esperan que leemos el libro,mis padres esperan que leamos el libro
"oye, te pido que tu hablas en espanol hoy","oye, te pido que tú hables en español hoy"
deseo que hay clases mañana,deseo que haya clases mañana
"hola, antes de que él hace la tarea también","hola, antes de que él haga la tarea también"
es urgente que mis padres hablan con ella tambien,es urgente que mis padres hablen con ella también
"Hijo, hace falta que tú lees mucho por favor.","Hijo, hace falta que tú leas mucho por favor."
"mamá, me alegra que ustedes dan la respuesta siempre","mamá, me alegra que ustedes den la respuesta siempre"
"Hola, para que sentimos dolor también.","Hola, para que sintamos dolor también."
"oye, es importante que mi mama viene temprano manana","oye, es importante que mi mamá venga temprano mañana"
"hijo, mis padres esperan que come despacio por favor","hijo, mis padres esperan que coma despacio por favor"
"oye, deseo que quieres comer tambien","oye, deseo que quieras comer también"
"Oye, te pido que tú llegas pronto hoy.","Oye, te pido que tú llegues pronto hoy."
"oye, mis padres esperan que tu buscas trabajo","oye, mis padres esperan que tú busques trabajo"
"Profe, veo que nosotros oimos esto por favor.","Profe, veo que nosotros oímos esto por favor."
prefiero que nosotras conocemos la ciudad esta vez,prefiero que nosotras conozcamos la ciudad esta vez
"Mira, no creo que tú comes en casa por favor.","Mira, no creo que tú comas en casa por favor."
ojalá que nosotros decimos mentiras esta vez,ojalá que nosotros digamos mentiras esta vez
Se canso muy rápido.,Se cansó muy rápido.
ojala que tu lees las instrucciones hoy,ojalá que tú leas las instrucciones hoy
"Hijo, me alegra que traemos el permiso firmado hoy.","Hijo, me alegra que traigamos el permiso firmado hoy."
"Mamá, ojalá oímos esto siempre.","Mamá, ojalá oigamos esto siempre."
es cierto que tu hablas en clase hoy,es cierto que tú hablas en clase hoy
"oye, para que la nina piensa en eso esta vez","oye, para que la niña piense en eso esta vez"
"Por favor, hace falta que tienes paciencia.","Por favor, hace falta que tengas paciencia."
Deseo que los niños ven a tu abuela mañana.,Deseo que los niños vean a tu abuela mañana.
te pido que piensas así también,te pido que pienses así también
"Oye, el profesor quiere que nosotras hacemos la tarea mañana.","Oye, el profesor quiere que nosotras hagamos la tarea mañana."
"la verdad, mi mama se paso ayer","la verdad, mi mamá se pasó ayer"
"Oye, me parece que tu comes despacio siempre.","Oye, me parece que tú comes despacio siempre."
deseo que saben leer bien,deseo que sepan leer bien
dice que tu comes mas frutas,dice que tú comes más frutas
"Mama, sabemos que usted ve el partido esta vez.","Mamá, sabemos que usted ve el partido esta vez."
es mejor que van al medico esta vez,es mejor que vayan al médico esta vez
"Hijo, es posible que los profesores tienen frío siempre.","Hijo, es posible que los profesores tengan frío siempre."
"Mira, necesito que tu amigo duerme ocho horas esta vez.","Mira, necesito que tu amigo duerma ocho horas esta vez."
"hijo, para que tú estás aquí esta vez","hijo, para que tú estés aquí esta vez"
"mira, tu primo se peino de repente","mira, tu primo se peinó de repente"
"la verdad, ojalá que nosotras venimos con nosotros","la verdad, ojalá que nosotras vengamos con nosotros"
"Mira, mi mamá quiere que nosotros dormimos un poco.","Mira, mi mamá quiere que nosotros durmamos un poco."
deseo que las ninas ponen los libros aqui hoy,deseo que las niñas pongan los libros aquí hoy
"Profe, mi mamá quiere que pensamos así hoy.","Profe, mi mamá quiere que pensemos así hoy."
"profe, es importante que tú pones atención","profe, es importante que tú pongas atención"
el se porto en la clase,él se portó en la clase
es posible que los estudiantes sienten vergüenza,es posible que los estudiantes sientan vergüenza
"oye, no quiero que los estudiantes saben leer bien siempre","oye, no quiero que los estudiantes sepan leer bien siempre"
"la verdad, es necesario que tu amigo sabe la verdad mañana","la verdad, es necesario que tu amigo sepa la verdad mañana"
"Profe, no creo que mi hermano estudia para el examen esta vez.","Profe, no creo que mi hermano estudie para el examen esta vez."
Es mejor que tú estás aquí.,Es mejor que tú estés aquí.
"hola, ojalá ellos entienden mis razones","hola, ojalá ellos entiendan mis razones"
"Oye, deseo que jugamos después de comer hoy.","Oye, deseo que juguemos después de comer hoy."
"la verdad, quiero que ellas no entienden el problema","la verdad, quiero que ellas no entiendan el problema"
"hijo, necesito que mi hermano está bien por favor","hijo, necesito que mi hermano esté bien por favor"
mi mama quiere que mi papa quiere salir por favor,mi mamá quiere que mi papá quiera salir por favor
"hijo, antes de que leen el libro hoy","hijo, antes de que lean el libro hoy"
"por favor, es mejor que tus amigos piensan en el futuro siempre","por favor, es mejor que tus amigos piensen en el futuro siempre"
Mi hermano se cayo en el recreo.,Mi hermano se cayó en el recreo.
"la verdad, es mejor que tú no duermes un poco siempre","la verdad, es mejor que tú no duermas un poco siempre"
"por favor, dudo que tú dices algo siempre","por favor, dudo que tú digas algo siempre"
"la verdad, hace falta que el nino piensa en el futuro esta vez","la verdad, hace falta que el niño piense en el futuro esta vez"
es mejor que tú sabes la verdad esta vez,es mejor que tú sepas la verdad esta vez
deseo que nosotras queremos ayudar esta vez,deseo que nosotras queramos ayudar esta vez
"hijo, es urgente que nosotras salimos de casa también","hijo, es urgente que nosotras salgamos de casa también"
"hijo, antes de que hacemos un dibujo siempre","hijo, antes de que hagamos un dibujo siempre"
"mira, me alegra que usted da un paseo","mira, me alegra que usted dé un paseo"
"oye, es importante que usted piensa así por favor","oye, es importante que usted piense así por favor"
me gusta que leen mucho por favor,me gusta que lean mucho por favor
me gusta que tú duermes temprano,me gusta que tú duermas temprano
"por favor, antes de que los profesores buscan la respuesta","por favor, antes de que los profesores busquen la respuesta"
"Oye, creo que tu vas solo hoy.","Oye, creo que tú vas solo hoy."
"por favor, es importante que tú buscas trabajo","por favor, es importante que tú busques trabajo"
"profe, es necesario que tú puedes jugar esta vez","profe, es necesario que tú puedas jugar esta vez"
prefiero que ella habla mas fuerte esta vez,prefiero que ella hable más fuerte esta vez
"la verdad, ojala ella ve el partido","la verdad, ojalá ella vea el partido"
me gusta que volvemos mañana esta vez,me gusta que volvamos mañana esta vez
"hijo, es mejor que la profesora busca trabajo por favor","hijo, es mejor que la profesora busque trabajo por favor"
"Oye, deseo que sentimos frío también.","Oye, deseo que sintamos frío también."
hace falta que el doctor sigue el camino por favor,hace falta que el doctor siga el camino por favor
"por favor, me alegra que nosotros volvemos pronto también","por favor, me alegra que nosotros volvamos pronto también"
"Hijo, espero que las niñas tienen paciencia siempre.","Hijo, espero que las niñas tengan paciencia siempre."
"oye, no quiero que nosotros vemos a tu abuela también","oye, no quiero que nosotros veamos a tu abuela también"
dudo que nosotros damos la mano,dudo que nosotros demos la mano
"hola, antes de que tu traes los libros esta vez","hola, antes de que tú traigas los libros esta vez"
Esta claro que estudiamos en silencio tambien.,Está claro que estudiamos en silencio también.
"oye, se que ellos saben nadar tambien","oye, sé que ellos saben nadar también"
"profe, mi mama quiere que ellos comen mas frutas","profe, mi mamá quiere que ellos coman más frutas"
"la verdad, me gusta que tú quieres ayudar siempre","la verdad, me gusta que tú quieras ayudar siempre"
"la verdad, prefiero que nosotras conocemos la ciudad","la verdad, prefiero que nosotras conozcamos la ciudad"
Es importante que conoces la ciudad esta vez.,Es importante que conozcas la ciudad esta vez.
Ojalá tú no sales temprano también.,Ojalá tú no salgas temprano también.
"mama, esta claro que conocemos la ciudad","mamá, está claro que conocemos la ciudad"
espero que las niñas no quieren ayudar siempre,espero que las niñas no quieran ayudar siempre
"mamá, para que mi hermano no estudia mucho mañana","mamá, para que mi hermano no estudie mucho mañana"
"Mira, antes de que tú ves la película esta vez.","Mira, antes de que tú veas la película esta vez."
es verdad que tu entiendes esto esta vez,es verdad que tú entiendes esto esta vez
"mama, hace falta que nosotras volvemos pronto hoy","mamá, hace falta que nosotras volvamos pronto hoy"
ojala hay comida para todos,ojalá haya comida para todos
"mama, se lavo en la clase","mamá, se lavó en la clase"
"mira, ojala usted dice mentiras tambien","mira, ojalá usted diga mentiras también"
"mama, seguro que tu sigues asi hoy","mamá, seguro que tú sigues así hoy"
No creo que puedes descansar por favor.,No creo que puedas descansar por favor.
ojala que tu oyes la musica,ojalá que tú oigas la música
"oye, ojalá el doctor busca tus cosas por favor","oye, ojalá el doctor busque tus cosas por favor"
"profe, ella se peino al final","profe, ella se peinó al final"
"mira, quiero que tu vas solo","mira, quiero que tú vayas solo"
"Mamá, necesito que nosotras dormimos bien por favor.","Mamá, necesito que nosotras durmamos bien por favor."
"Oye, antes de que tú empiezas la clase.","Oye, antes de que tú empieces la clase."
esta claro que nosotros estudiamos en silencio,está claro que nosotros estudiamos en silencio
"mira, es urgente que va con ellos","mira, es urgente que vaya con ellos"
Para que nosotros buscamos otra solución hoy.,Para que nosotros busquemos otra solución hoy.
quiero que ella no busca el libro,quiero que ella no busque el libro
"Oye, es importante que la niña juega fútbol.","Oye, es importante que la niña juegue fútbol."
dudo que nosotros venimos conmigo por favor,dudo que nosotros vengamos conmigo por favor
"Oye, dudo que tú sales al recreo.","Oye, dudo que tú salgas al recreo."
espero que tu pides permiso por favor,espero que tú pidas permiso por favor
"por favor, tu primo se rompio de repente","por favor, tu primo se rompió de repente"
deseo que nosotros jugamos futbol,deseo que nosotros juguemos fútbol
"por favor, es cierto que tu vienes temprano","por favor, es cierto que tú vienes temprano"
"Hijo, dudo que mi hermano no va a la playa por favor.","Hijo, dudo que mi hermano no vaya a la playa por favor."
"mira, el se escapo en el recreo","mira, él se escapó en el recreo"
"Hola, se que pones orden en el cuarto esta vez.","Hola, sé que pones orden en el cuarto esta vez."
"Hola, no quiero que ellas no llegan tarde.","Hola, no quiero que ellas no lleguen tarde."
"mira, es posible que tus amigos vuelven pronto","mira, es posible que tus amigos vuelvan pronto"
esta claro que seguimos las reglas tambien,está claro que seguimos las reglas también
"por favor, esta claro que usted hace la cena tambien","por favor, está claro que usted hace la cena también"
tu primo se quedo en la clase,tu primo se quedó en la clase
"hola, ella se peino en el recreo","hola, ella se peinó en el recreo"
"por favor, no quiero que mis hermanos sienten dolor manana","por favor, no quiero que mis hermanos sientan dolor mañana"
"mira, me parece que nosotras vamos al medico siempre","mira, me parece que nosotras vamos al médico siempre"
"Mira, prefiero que ustedes no vienen a mi casa también.","Mira, prefiero que ustedes no vengan a mi casa también."
para que los ninos hablan con ella hoy,para que los niños hablen con ella hoy
"Profe, quiero que tú ves el problema también.","Profe, quiero que tú veas el problema también."
pienso que nosotros entendemos la leccion hoy,pienso que nosotros entendemos la lección hoy
"mama, no quiero que la profesora llega temprano hoy","mamá, no quiero que la profesora llegue temprano hoy"
"Hola, ojalá tú piensas bien las cosas también.","Hola, ojalá tú pienses bien las cosas también."
"hola, prefiero que tú vienes a la reunión","hola, prefiero que tú vengas a la reunión"
espero que ustedes tienen cuidado también,espero que ustedes tengan cuidado también
Es mejor que hablamos despacio también.,Es mejor que hablemos despacio también.
"Mamá, me alegra que tú haces las cosas bien por favor.","Mamá, me alegra que tú hagas las cosas bien por favor."
"oye, es necesario que no decimos la verdad siempre","oye, es necesario que no digamos la verdad siempre"
mi mamá quiere que tú sientes dolor,mi mamá quiere que tú sientas dolor
"mamá, para que tú haces las cosas bien hoy","mamá, para que tú hagas las cosas bien hoy"
"oye, es urgente que la profesora entiende mis razones","oye, es urgente que la profesora entienda mis razones"
"hola, hace falta que nosotros tenemos razon hoy","hola, hace falta que nosotros tengamos razón hoy"
"hijo, quiero que sigues estudiando por favor","hijo, quiero que sigas estudiando por favor"
"Profe, no quiero que mi mamá vuelve a casa mañana.","Profe, no quiero que mi mamá vuelva a casa mañana."
"hijo, es urgente que nosotras conocemos a mis amigos mañana","hijo, es urgente que nosotras conozcamos a mis amigos mañana"
dudo que tú piensas bien las cosas también,dudo que tú pienses bien las cosas también
Dudo que ustedes piden más comida mañana.,Dudo que ustedes pidan más comida mañana.
"por favor, te pido que ella vuelve temprano","por favor, te pido que ella vuelva temprano"
"la verdad, hace falta que estás aquí mañana","la verdad, hace falta que estés aquí mañana"
No quiero que tu hermana viene temprano hoy.,No quiero que tu hermana venga temprano hoy.
"Hola, mis padres esperan que nosotros oímos bien esta vez.","Hola, mis padres esperan que nosotros oigamos bien esta vez."
pienso que el entiende la leccion por favor,pienso que él entiende la lección por favor
"hijo, el se peino en el patio","hijo, él se peinó en el patio"
"profe, me gusta que nosotras no hacemos las cosas bien también","profe, me gusta que nosotras no hagamos las cosas bien también"
para que hay un examen,para que haya un examen
"profe, mi mama se bano sin querer","profe, mi mamá se bañó sin querer"
no quiero que el nino entiende mis razones,no quiero que el niño entienda mis razones
es mejor que las ninas pueden descansar,es mejor que las niñas puedan descansar
"hola, me alegra que tu amigo no duerme ocho horas","hola, me alegra que tu amigo no duerma ocho horas"
"mama, antes de que ellos no piensan en el futuro manana","mamá, antes de que ellos no piensen en el futuro mañana"
"oye, el perro se perdio de repente","oye, el perro se perdió de repente"
ojalá la niña pone la mesa también,ojalá la niña ponga la mesa también
"mamá, es necesario que tú pides perdón por favor","mamá, es necesario que tú pidas perdón por favor"
mis padres esperan que van a la playa también,mis padres esperan que vayan a la playa también
"Hijo, necesito que nosotras sentimos miedo por favor.","Hijo, necesito que nosotras sintamos miedo por favor."
antes de que él quiere ayudar,antes de que él quiera ayudar
"Hijo, mi mamá quiere que comes despacio por favor.","Hijo, mi mamá quiere que comas despacio por favor."
"hola, espero que la profesora viene conmigo mañana","hola, espero que la profesora venga conmigo mañana"
"oye, pienso que tu puedes descansar por favor","oye, pienso que tú puedes descansar por favor"
prefiero que las ninas estudian medicina,prefiero que las niñas estudien medicina
"la verdad, ojalá ella habla en español","la verdad, ojalá ella hable en español"
"profe, es necesario que la nina entiende mis razones","profe, es necesario que la niña entienda mis razones"
quiero que la nina duerme temprano,quiero que la niña duerma temprano
"la verdad, tu primo se rompio por la mañana","la verdad, tu primo se rompió por la mañana"
"la verdad, es posible que empiezan la tarea","la verdad, es posible que empiecen la tarea"
Es necesario que vamos a dormir por favor.,Es necesario que vayamos a dormir por favor.
"hijo, antes de que tú no traes la comida también","hijo, antes de que tú no traigas la comida también"
"por favor, el profesor quiere que tu vas a dormir manana","por favor, el profesor quiere que tú vayas a dormir mañana"
"mira, es importante que nosotros estudiamos por la tarde","mira, es importante que nosotros estudiemos por la tarde"
antes de que tú sabes la respuesta esta vez,antes de que tú sepas la respuesta esta vez
"la verdad, se cayo al final","la verdad, se cayó al final"
Ojalá dices lo que piensas.,Ojalá digas lo que piensas.
"mamá, mis padres esperan que tú no empiezas la clase también","mamá, mis padres esperan que tú no empieces la clase también"
"La verdad, prefiero que ellos saben la verdad mañana.","La verdad, prefiero que ellos sepan la verdad mañana."
"oye, deseo que tu quieres venir","oye, deseo que tú quieras venir"
"mamá, no quiero que nosotras hablamos despacio siempre","mamá, no quiero que nosotras hablemos despacio siempre"
mis padres esperan que tu ves a tu abuela,mis padres esperan que tú veas a tu abuela
"profe, prefiero que no escribimos bien","profe, prefiero que no escribamos bien"
"hola, es importante que volvemos a intentarlo mañana","hola, es importante que volvamos a intentarlo mañana"
es importante que tú tienes todo listo por favor,es importante que tú tengas todo listo por favor
no creo que tú traes el cuaderno también,no creo que tú traigas el cuaderno también
"mira, es posible que entendemos esto","mira, es posible que entendamos esto"
antes de que piensa bien las cosas tambien,antes de que piense bien las cosas también
"Mamá, antes de que nosotras estudiamos medicina por favor.","Mamá, antes de que nosotras estudiemos medicina por favor."
"profe, el profesor quiere que las ninas siguen el camino por favor","profe, el profesor quiere que las niñas sigan el camino por favor"
"hijo, hace falta que ellos buscan otra solución esta vez","hijo, hace falta que ellos busquen otra solución esta vez"
es importante que ustedes ven el partido mañana,es importante que ustedes vean el partido mañana
"mamá, antes de que vamos al médico también","mamá, antes de que vayamos al médico también"
"mama, veo que la nina duerme en clase esta vez","mamá, veo que la niña duerme en clase esta vez"
"oye, para que nosotras decimos eso esta vez","oye, para que nosotras digamos eso esta vez"
"profe, el profesor quiere que comemos despacio por favor","profe, el profesor quiere que comamos despacio por favor"
"Por favor, veo que mi mama es puntual siempre.","Por favor, veo que mi mamá es puntual siempre."
"Por favor, antes de que tú no ves el partido.","Por favor, antes de que tú no veas el partido."
"Hijo, se que nosotros vemos el problema.","Hijo, sé que nosotros vemos el problema."
"hijo, dudo que ustedes juegan con cuidado tambien","hijo, dudo que ustedes jueguen con cuidado también"
Prefiero que tú oyes bien hoy.,Prefiero que tú oigas bien hoy.
mi mama quiere que nosotras escribimos con letra clara tambien,mi mamá quiere que nosotras escribamos con letra clara también
es urgente que nosotras sentimos miedo,es urgente que nosotras sintamos miedo
"hijo, espero que los profesores traen agua mañana","hijo, espero que los profesores traigan agua mañana"
Necesito que nosotras salimos con tus amigos también.,Necesito que nosotras salgamos con tus amigos también.
"mama, me gusta que la nina busca otra solucion siempre","mamá, me gusta que la niña busque otra solución siempre"
"Mamá, no creo que no sentimos dolor.","Mamá, no creo que no sintamos dolor."
espero que mis hermanos estudian para el examen también,espero que mis hermanos estudien para el examen también
"mama, es importante que las ninas sienten frio siempre","mamá, es importante que las niñas sientan frío siempre"
ojalá tú no haces ejercicio hoy,ojalá tú no hagas ejercicio hoy
te pido que tu amigo no come todo esta vez,te pido que tu amigo no coma todo esta vez
"hola, ojalá no estudias por la tarde esta vez","hola, ojalá no estudies por la tarde esta vez"
me alegra que hay tiempo,me alegra que haya tiempo
"La verdad, el profesor quiere que trae los libros por favor.","La verdad, el profesor quiere que traiga los libros por favor."
"La verdad, se que mis hermanos hablan mas fuerte.","La verdad, sé que mis hermanos hablan más fuerte."
mi mamá quiere que tú oyes al profesor por favor,mi mamá quiere que tú oigas al profesor por favor
"hola, para que ustedes no piden ayuda por favor","hola, para que ustedes no pidan ayuda por favor"
"la verdad, me gusta que ellas escriben tu nombre","la verdad, me gusta que ellas escriban tu nombre"
el profesor quiere que tu empiezas de nuevo,el profesor quiere que tú empieces de nuevo
Dudo que tú oyes esto esta vez.,Dudo que tú oigas esto esta vez.
es urgente que tú no comes en casa esta vez,es urgente que tú no comas en casa esta vez
es importante que hay problemas,es importante que haya problemas
dudo que mi mamá da las gracias,dudo que mi mamá dé las gracias
"oye, espero que usted sigue adelante por favor","oye, espero que usted siga adelante por favor"
Es posible que los niños sienten lo mismo también.,Es posible que los niños sientan lo mismo también.
"Hijo, me gusta que traemos el permiso firmado siempre.","Hijo, me gusta que traigamos el permiso firmado siempre."
"Hola, ojalá que el doctor no lee en voz alta mañana.","Hola, ojalá que el doctor no lea en voz alta mañana."
quiero que volvemos a intentarlo hoy,quiero que volvamos a intentarlo hoy
mis padres esperan que nosotras salimos con tus amigos por favor,mis padres esperan que nosotras salgamos con tus amigos por favor
"por favor, dudo que ustedes no hacen ejercicio manana","por favor, dudo que ustedes no hagan ejercicio mañana"
"Por favor, hace falta que nosotras pedimos más comida.","Por favor, hace falta que nosotras pidamos más comida."
"hola, te pido que nosotras escribimos bien tambien","hola, te pido que nosotras escribamos bien también"
"mama, dice que sigue el camino","mamá, dice que sigue el camino"
"oye, es mejor que nosotros oímos el ruido esta vez","oye, es mejor que nosotros oigamos el ruido esta vez"
"hijo, la nina se olvido en el recreo","hijo, la niña se olvidó en el recreo"
espero que los niños son así,espero que los niños sean así
"por favor, el profesor quiere que tú entiendes la pregunta siempre","por favor, el profesor quiere que tú entiendas la pregunta siempre"
"por favor, es necesario que oimos el ruido","por favor, es necesario que oigamos el ruido"
dudo que nosotras no empezamos de nuevo tambien,dudo que nosotras no empecemos de nuevo también
"hijo, veo que mis padres traen el cuaderno manana","hijo, veo que mis padres traen el cuaderno mañana"
"oye, no creo que tú no estás listo a las ocho mañana","oye, no creo que tú no estés listo a las ocho mañana"
"mira, me gusta que nosotras estudiamos mucho por favor","mira, me gusta que nosotras estudiemos mucho por favor"
"mira, ojalá que seguimos el camino por favor","mira, ojalá que sigamos el camino por favor"
"Mama, veo que estas tranquilo hoy.","Mamá, veo que estás tranquilo hoy."
"oye, seguro que tu traes agua por favor","oye, seguro que tú traes agua por favor"
"Oye, me gusta que mi papá no hace silencio.","Oye, me gusta que mi papá no haga silencio."
"profe, es urgente que no haces la cena","profe, es urgente que no hagas la cena"
"la verdad, es urgente que las ninas sienten verguenza","la verdad, es urgente que las niñas sientan vergüenza"
"la verdad, mi mama quiere que el empieza ahora","la verdad, mi mamá quiere que él empiece ahora"
"profe, no quiero que estamos aqui por favor","profe, no quiero que estemos aquí por favor"
"profe, espero que volvemos temprano manana","profe, espero que volvamos temprano mañana"
"la verdad, me parece que el come despacio manana","la verdad, me parece que él come despacio mañana"
Dice que ustedes dicen mentiras tambien.,Dice que ustedes dicen mentiras también.
"oye, espero que mis hermanos no ven esto también","oye, espero que mis hermanos no vean esto también"
"Hijo, creo que tu sales temprano.","Hijo, creo que tú sales temprano."
mi mama quiere que el doctor dice tu nombre por favor,mi mamá quiere que el doctor diga tu nombre por favor
hace falta que los profesores buscan la respuesta esta vez,hace falta que los profesores busquen la respuesta esta vez
espero que volvemos temprano,espero que volvamos temprano
"oye, hace falta que nosotros pensamos en eso siempre","oye, hace falta que nosotros pensemos en eso siempre"
él se porto en el patio,él se portó en el patio
"Oye, para que mis hermanos van solo esta vez.","Oye, para que mis hermanos vayan solo esta vez."
"mamá, hace falta que tú dices la verdad","mamá, hace falta que tú digas la verdad"
"la verdad, es urgente que los profesores son amable","la verdad, es urgente que los profesores sean amable"
"hijo, mi mamá quiere que mi mamá es responsable","hijo, mi mamá quiere que mi mamá sea responsable"
"mira, deseo que las niñas no entienden el problema también","mira, deseo que las niñas no entiendan el problema también"
"Mamá, para que no leemos mucho también.","Mamá, para que no leamos mucho también."
No quiero que hay un examen.,No quiero que haya un examen.
"hijo, se que la profesora entiende mis razones por favor","hijo, sé que la profesora entiende mis razones por favor"
Mis padres esperan que pones los libros aquí esta vez.,Mis padres esperan que pongas los libros aquí esta vez.
Espero que mi hermano da la respuesta también.,Espero que mi hermano dé la respuesta también.
Mi hermano se lastimo ayer.,Mi hermano se lastimó ayer.
"mamá, no quiero que tú escribes la carta siempre","mamá, no quiero que tú escribas la carta siempre"
"hola, quiero que nosotras ponemos orden en el cuarto","hola, quiero que nosotras pongamos orden en el cuarto"
"profe, dice que tu das la mano siempre","profe, dice que tú das la mano siempre"
me alegra que mis padres traen los libros hoy,me alegra que mis padres traigan los libros hoy
Antes de que la niña sale temprano también.,Antes de que la niña salga temprano también.
"hijo, me gusta que conocen a mi familia por favor","hijo, me gusta que conozcan a mi familia por favor"
"hijo, prefiero que la profesora juega en la calle","hijo, prefiero que la profesora juegue en la calle"
Sólo quiero que sabes... que tu mamá es genial.,Sólo quiero que sepas... que tu mamá es genial.
Ojalá la profesora no escribe con letra clara.,Ojalá la profesora no escriba con letra clara.
Me alegra que nosotras estamos aquí.,Me alegra que nosotras estemos aquí.
esta claro que haces silencio siempre,está claro que haces silencio siempre
Ojalá que tu hermana da un paseo esta vez.,Ojalá que tu hermana dé un paseo esta vez.
"Hijo, me dijo que el pone los libros aqui por favor.","Hijo, me dijo que él pone los libros aquí por favor."
"mamá, es urgente que tú pides ayuda siempre","mamá, es urgente que tú pidas ayuda siempre"
"Por favor, ojalá que llegamos tarde siempre.","Por favor, ojalá que lleguemos tarde siempre."
"Oye, quiero que nosotras volvemos pronto siempre.","Oye, quiero que nosotras volvamos pronto siempre."
deseo que mis padres escriben la carta siempre,deseo que mis padres escriban la carta siempre
"la verdad, es importante que tu llegas antes que yo tambien","la verdad, es importante que tú llegues antes que yo también"
es urgente que nosotras leemos el libro por favor,es urgente que nosotras leamos el libro por favor
"por favor, mi mamá quiere que tú escribes el cuento","por favor, mi mamá quiere que tú escribas el cuento"
"hola, espero que estamos atento","hola, espero que estemos atento"
para que hay sitio,para que haya sitio
"la verdad, antes de que nosotras sabemos la verdad hoy","la verdad, antes de que nosotras sepamos la verdad hoy"
el profesor quiere que nosotros ponemos atencion hoy,el profesor quiere que nosotros pongamos atención hoy
te pido que pide ayuda,te pido que pida ayuda
"oye, el profesor se lastimo al final","oye, el profesor se lastimó al final"
"por favor, me dijo que mi hermano come en casa tambien","por favor, me dijo que mi hermano come en casa también"
es urgente que vienes con nosotros esta vez,es urgente que vengas con nosotros esta vez
"Hola, mi mamá quiere que tú tienes tiempo.","Hola, mi mamá quiere que tú tengas tiempo."
"hola, antes de que los niños quieren ayudar","hola, antes de que los niños quieran ayudar"
mi mamá quiere que tu hermana está en casa esta vez,mi mamá quiere que tu hermana esté en casa esta vez
espero que mis padres hacen las cosas bien,espero que mis padres hagan las cosas bien
"Mamá, necesito que nosotras traemos la comida esta vez.","Mamá, necesito que nosotras traigamos la comida esta vez."
"profe, es importante que nosotros no tenemos paciencia esta vez","profe, es importante que nosotros no tengamos paciencia esta vez"
"oye, necesito que tú lees mucho esta vez","oye, necesito que tú leas mucho esta vez"
"profe, me gusta que las ninas quieren venir tambien","profe, me gusta que las niñas quieran venir también"
"hijo, hace falta que nosotras ponemos la mesa mañana","hijo, hace falta que nosotras pongamos la mesa mañana"
es cierto que mi papa ve a tu abuela manana,es cierto que mi papá ve a tu abuela mañana
"mama, es posible que tu hablas con ella","mamá, es posible que tú hables con ella"
mi mama quiere que hay comida para todos,mi mamá quiere que haya comida para todos
para que los profesores hablan despacio también,para que los profesores hablen despacio también
"mira, me alegra que el niño ve el problema hoy","mira, me alegra que el niño vea el problema hoy"
"oye, te pido que mis padres siguen las reglas esta vez","oye, te pido que mis padres sigan las reglas esta vez"
"la verdad, para que tú conoces el museo","la verdad, para que tú conozcas el museo"
"Mamá, para que tus amigos comen más frutas.","Mamá, para que tus amigos coman más frutas."
"hola, la niña se quedo en el recreo","hola, la niña se quedó en el recreo"
"por favor, deseo que tu no entiendes el problema por favor","por favor, deseo que tú no entiendas el problema por favor"
esta claro que conoces a mis amigos,está claro que conoces a mis amigos
no creo que estamos atento tambien,no creo que estemos atento también
mis padres esperan que hay clases mañana,mis padres esperan que haya clases mañana
Antes de que leemos en voz alta también.,Antes de que leamos en voz alta también.
"mama, hace falta que tu duermes bien por favor","mamá, hace falta que tú duermas bien por favor"
es cierto que tu estas atento,es cierto que tú estás atento
"oye, ojala tus amigos no hacen un dibujo","oye, ojalá tus amigos no hagan un dibujo"
me gusta que el nino siente dolor,me gusta que el niño sienta dolor
"hola, mi mamá quiere que nosotras sentimos lo mismo esta vez","hola, mi mamá quiere que nosotras sintamos lo mismo esta vez"
es mejor que la profesora piensa así por favor,es mejor que la profesora piense así por favor
"mira, hace falta que mis padres llegan pronto","mira, hace falta que mis padres lleguen pronto"
"Mamá, deseo que ellos salen tan tarde siempre.","Mamá, deseo que ellos salgan tan tarde siempre."
para que tu no lees mucho manana,para que tú no leas mucho mañana
el profesor quiere que los estudiantes vienen a la fiesta hoy,el profesor quiere que los estudiantes vengan a la fiesta hoy
"hola, es necesario que comes todo esta vez","hola, es necesario que comas todo esta vez"
"la verdad, necesito que él duerme bien mañana","la verdad, necesito que él duerma bien mañana"
el profesor quiere que no empezamos ahora hoy,el profesor quiere que no empecemos ahora hoy
"mamá, quiero que nosotros seguimos el camino","mamá, quiero que nosotros sigamos el camino"
creo que tu haces la cena,creo que tú haces la cena
El profesor quiere que tú conoces a mi familia por favor.,El profesor quiere que tú conozcas a mi familia por favor.
creo que tu vuelves temprano por favor,creo que tú vuelves temprano por favor
esta claro que tu hermana da la respuesta tambien,está claro que tu hermana da la respuesta también
Quiero que tú comes en casa mañana.,Quiero que tú comas en casa mañana.
"mira, no creo que tu escribes tu nombre tambien","mira, no creo que tú escribas tu nombre también"
para que no haces la tarea manana,para que no hagas la tarea mañana
es mejor que nosotras podemos ayudar también,es mejor que nosotras podamos ayudar también
no quiero que tu hermana juega futbol,no quiero que tu hermana juegue fútbol
"mira, es urgente que tu vas a la playa hoy","mira, es urgente que tú vayas a la playa hoy"
es posible que ellos son responsable,es posible que ellos sean responsable
"mira, es necesario que tus amigos duermen un poco también","mira, es necesario que tus amigos duerman un poco también"
no creo que los profesores entienden esto esta vez,no creo que los profesores entiendan esto esta vez
Mis padres esperan que tú hablas con ella hoy.,Mis padres esperan que tú hables con ella hoy.
Dudo que tú vas a la playa hoy.,Dudo que tú vayas a la playa hoy.
"mamá, antes de que tu amigo hace silencio","mamá, antes de que tu amigo haga silencio"
Mi hermano se llamo muy rápido.,Mi hermano se llamó muy rápido.
"la verdad, te pido que hacen un dibujo por favor","la verdad, te pido que hagan un dibujo por favor"
"oye, prefiero que nosotros decimos tu nombre","oye, prefiero que nosotros digamos tu nombre"
es urgente que mi mamá sale temprano hoy,es urgente que mi mamá salga temprano hoy
"Profe, me alegra que buscan el libro hoy.","Profe, me alegra que busquen el libro hoy."
Quiero que pensamos en eso siempre.,Quiero que pensemos en eso siempre.
"Oye, el profesor quiere que mi hermano piensa en eso siempre.","Oye, el profesor quiere que mi hermano piense en eso siempre."
Mi hermano se olvido sin querer.,Mi hermano se olvidó sin querer.
Me dijo que mis padres estan bien siempre.,Me dijo que mis padres están bien siempre.
"hijo, el perro se peino de repente","hijo, el perro se peinó de repente"
me parece que tu dices mentiras esta vez,me parece que tú dices mentiras esta vez
no creo que mi hermano pone la mesa,no creo que mi hermano ponga la mesa
es mejor que nosotros decimos mentiras también,es mejor que nosotros digamos mentiras también
"hijo, es necesario que tú estudias medicina esta vez","hijo, es necesario que tú estudies medicina esta vez"
"por favor, antes de que tú llegas a la meta","por favor, antes de que tú llegues a la meta"
Es necesario que ustedes llegan a tiempo siempre.,Es necesario que ustedes lleguen a tiempo siempre.
"hijo, la niña se canso de repente","hijo, la niña se cansó de repente"
"la verdad, te pido que tú buscas otra solución por favor","la verdad, te pido que tú busques otra solución por favor"
mi hermano se olvido en la clase,mi hermano se olvidó en la clase
para que el doctor tiene frío hoy,para que el doctor tenga frío hoy
"oye, mi mamá quiere que la niña oye bien esta vez","oye, mi mamá quiere que la niña oiga bien esta vez"
es verdad que ellos buscan otra solucion manana,es verdad que ellos buscan otra solución mañana
"la verdad, deseo que los estudiantes piden ayuda","la verdad, deseo que los estudiantes pidan ayuda"
"la verdad, prefiero que ellas piensan bien las cosas hoy","la verdad, prefiero que ellas piensen bien las cosas hoy"
ojalá que hay clases mañana,ojalá que haya clases mañana
"Hijo, esta claro que los profesores llegan a tiempo hoy.","Hijo, está claro que los profesores llegan a tiempo hoy."
"Oye, es posible que pueden terminar hoy.","Oye, es posible que puedan terminar hoy."
"mira, deseo que tu amigo pide mas comida","mira, deseo que tu amigo pida más comida"
"Por favor, mi hermano se asusto de repente.","Por favor, mi hermano se asustó de repente."
"Mira, espero que tú conoces a mis amigos siempre.","Mira, espero que tú conozcas a mis amigos siempre."
es importante que sienten miedo esta vez,es importante que sientan miedo esta vez
"Mira, dudo que mi mamá sigue estudiando hoy.","Mira, dudo que mi mamá siga estudiando hoy."
"la verdad, dudo que nosotras no traemos los libros","la verdad, dudo que nosotras no traigamos los libros"
"Mira, prefiero que la niña trae agua.","Mira, prefiero que la niña traiga agua."
"la verdad, el profesor se rio muy rapido","la verdad, el profesor se rió muy rápido"
mi mama se rio en el recreo,mi mamá se rió en el recreo
"Por favor, esta claro que las ninas buscan la respuesta.","Por favor, está claro que las niñas buscan la respuesta."
"por favor, quiero que tu pides mas comida tambien","por favor, quiero que tú pidas más comida también"
"Oye, se que la nina da el ejemplo.","Oye, sé que la niña da el ejemplo."
"Oye, veo que mi mama trae los libros.","Oye, veo que mi mamá trae los libros."
"Mira, se levanto de repente.","Mira, se levantó de repente."
"mamá, quiero que tu amigo entiende mis razones","mamá, quiero que tu amigo entienda mis razones"
"hola, el profesor quiere que tu amigo duerme un poco mañana","hola, el profesor quiere que tu amigo duerma un poco mañana"
"mira, me gusta que tus amigos sienten frío también","mira, me gusta que tus amigos sientan frío también"
ella se enojo en el patio,ella se enojó en el patio
"oye, es mejor que nosotros damos las gracias hoy","oye, es mejor que nosotros demos las gracias hoy"
antes de que los ninos hablan despacio esta vez,antes de que los niños hablen despacio esta vez
"La verdad, es verdad que nosotras volvemos manana.","La verdad, es verdad que nosotras volvemos mañana."
"la verdad, mi mamá quiere que nosotras escribimos el cuento","la verdad, mi mamá quiere que nosotras escribamos el cuento"
deseo que tú no puedes entrar,deseo que tú no puedas entrar
es urgente que mis padres ven la película hoy,es urgente que mis padres vean la película hoy
"profe, no creo que ella no es puntual siempre","profe, no creo que ella no sea puntual siempre"
es posible que ustedes comen en casa por favor,es posible que ustedes coman en casa por favor
es posible que no llega a la meta,es posible que no llegue a la meta
necesito que tú duermes ocho horas mañana,necesito que tú duermas ocho horas mañana
"oye, dudo que tu no pones la mesa siempre","oye, dudo que tú no pongas la mesa siempre"
mis padres esperan que él sigue estudiando,mis padres esperan que él siga estudiando
es mejor que comes todo hoy,es mejor que comas todo hoy
mis padres esperan que nosotras venimos a la fiesta esta vez,mis padres esperan que nosotras vengamos a la fiesta esta vez
no quiero que ustedes siguen asi por favor,no quiero que ustedes sigan así por favor
"por favor, es necesario que ella pone orden en el cuarto esta vez","por favor, es necesario que ella ponga orden en el cuarto esta vez"
"oye, deseo que las niñas no juegan con cuidado","oye, deseo que las niñas no jueguen con cuidado"
te pido que los profesores salen temprano hoy,te pido que los profesores salgan temprano hoy
esta claro que escribimos tu nombre tambien,está claro que escribimos tu nombre también
"hijo, es urgente que ella vuelve a casa hoy","hijo, es urgente que ella vuelva a casa hoy"
"por favor, el profesor quiere que la profesora hace la cena esta vez","por favor, el profesor quiere que la profesora haga la cena esta vez"
"profe, prefiero que tu juegas en el parque","profe, prefiero que tú juegues en el parque"
espero que nosotras sentimos vergüenza siempre,espero que nosotras sintamos vergüenza siempre
"mamá, es necesario que ellas buscan tus cosas","mamá, es necesario que ellas busquen tus cosas"
esta claro que el da las gracias,está claro que él da las gracias
"Mira, el profesor quiere que tú estudias en silencio por favor.","Mira, el profesor quiere que tú estudies en silencio por favor."
el profesor quiere que tú escribes tu nombre también,el profesor quiere que tú escribas tu nombre también
antes de que nosotros salimos al recreo manana,antes de que nosotros salgamos al recreo mañana
"hijo, la niña se enojo en la clase","hijo, la niña se enojó en la clase"
"Por favor, es mejor que nosotras ponemos atención.","Por favor, es mejor que nosotras pongamos atención."
"Mamá, es mejor que estás atento también.","Mamá, es mejor que estés atento también."
"la verdad, ojala tus amigos pueden entrar","la verdad, ojalá tus amigos puedan entrar"
"Mira, para que los estudiantes ponen atención siempre.","Mira, para que los estudiantes pongan atención siempre."
"la verdad, dudo que nosotros estudiamos mucho","la verdad, dudo que nosotros estudiemos mucho"
"hola, me gusta que tú vas al colegio por favor","hola, me gusta que tú vayas al colegio por favor"
"hijo, me gusta que mi papa tiene paciencia","hijo, me gusta que mi papá tenga paciencia"
"oye, es importante que nosotras ponemos los libros aquí mañana","oye, es importante que nosotras pongamos los libros aquí mañana"
"hola, mis padres esperan que tu amigo piensa bien las cosas","hola, mis padres esperan que tu amigo piense bien las cosas"
"Mira, ella se callo en la clase.","Mira, ella se calló en la clase."
"La verdad, es necesario que tú no eres amable por favor.","La verdad, es necesario que tú no seas amable por favor."
"hijo, hace falta que los estudiantes hablan más fuerte mañana","hijo, hace falta que los estudiantes hablen más fuerte mañana"
"Por favor, deseo que tú eres feliz esta vez.","Por favor, deseo que tú seas feliz esta vez."
"La verdad, mi mamá quiere que tú piensas así por favor.","La verdad, mi mamá quiere que tú pienses así por favor."
se que tu duermes bien,sé que tú duermes bien
hace falta que tú comes en casa siempre,hace falta que tú comas en casa siempre
"hijo, espero que nosotros no hacemos la cena esta vez","hijo, espero que nosotros no hagamos la cena esta vez"
quiero que los profesores escriben con letra clara,quiero que los profesores escriban con letra clara
"Por favor, quiero que traes la comida esta vez.","Por favor, quiero que traigas la comida esta vez."
él se cayo en el patio,él se cayó en el patio
es importante que ellos hablan despacio esta vez,es importante que ellos hablen despacio esta vez
te pido que mis padres no quieren venir hoy,te pido que mis padres no quieran venir hoy
Mis padres esperan que nosotros llegamos tarde esta vez.,Mis padres esperan que nosotros lleguemos tarde esta vez.
"hijo, me gusta que ustedes saben cuidarte","hijo, me gusta que ustedes sepan cuidarte"
seguro que las ninas hacen ejercicio siempre,seguro que las niñas hacen ejercicio siempre
mi mamá se canso de repente,mi mamá se cansó de repente
mi hermano se callo ayer,mi hermano se calló ayer
para que hay clases mañana,para que haya clases mañana
"la verdad, el se bano de repente","la verdad, él se bañó de repente"
"hijo, antes de que los niños oyen la música por favor","hijo, antes de que los niños oigan la música por favor"
veo que tu puedes jugar,veo que tú puedes jugar
"Profe, el profesor quiere que nosotros comemos en casa también.","Profe, el profesor quiere que nosotros comamos en casa también."
"mira, mi hermano se sento de repente","mira, mi hermano se sentó de repente"
ojalá que ellos llegan tarde siempre,ojalá que ellos lleguen tarde siempre
deseo que tus amigos salen con tus amigos también,deseo que tus amigos salgan con tus amigos también
"mira, es urgente que los ninos quieren comer","mira, es urgente que los niños quieran comer"
mis padres esperan que hay comida para todos,mis padres esperan que haya comida para todos
Hace falta que come verduras hoy.,Hace falta que coma verduras hoy.
"hola, es cierto que buscan trabajo tambien","hola, es cierto que buscan trabajo también"
"profe, hace falta que tu amigo pide ayuda","profe, hace falta que tu amigo pida ayuda"
"hola, dice que las ninas piden otra oportunidad tambien","hola, dice que las niñas piden otra oportunidad también"
te pido que nosotros sentimos verguenza tambien,te pido que nosotros sintamos vergüenza también
"hola, prefiero que nosotros tenemos razon tambien","hola, prefiero que nosotros tengamos razón también"
te pido que mis hermanos ponen orden en el cuarto hoy,te pido que mis hermanos pongan orden en el cuarto hoy
"hijo, él se quedo toda la tarde","hijo, él se quedó toda la tarde"
Me alegra que no entendemos mis razones mañana.,Me alegra que no entendamos mis razones mañana.
"hola, es necesario que la niña sabe la respuesta también","hola, es necesario que la niña sepa la respuesta también"
"mira, es urgente que mi hermano no pone la mesa","mira, es urgente que mi hermano no ponga la mesa"
"profe, quiero que tú oyes la música","profe, quiero que tú oigas la música"
"oye, hace falta que eres asi","oye, hace falta que seas así"
"la verdad, él se llamo en el recreo","la verdad, él se llamó en el recreo"
Seguro que los profesores dan un paseo manana.,Seguro que los profesores dan un paseo mañana.
para que el doctor hace un dibujo manana,para que el doctor haga un dibujo mañana
"hola, no quiero que vas al medico esta vez","hola, no quiero que vayas al médico esta vez"
"Oye, me dijo que nosotras buscamos otra solucion tambien.","Oye, me dijo que nosotras buscamos otra solución también."
mis padres esperan que tú traes la comida,mis padres esperan que tú traigas la comida
"Oye, es cierto que tu hablas con ella siempre.","Oye, es cierto que tú hablas con ella siempre."
veo que tu ves la pelicula por favor,veo que tú ves la película por favor
"por favor, creo que tu llegas pronto","por favor, creo que tú llegas pronto"
"Mama, creo que tu amigo siente frio.","Mamá, creo que tu amigo siente frío."
Hace falta que comen verduras hoy.,Hace falta que coman verduras hoy.
"por favor, para que nosotros no vamos a dormir manana","por favor, para que nosotros no vayamos a dormir mañana"
"mira, deseo que llega a la meta por favor","mira, deseo que llegue a la meta por favor"
El profesor se durmio sin querer.,El profesor se durmió sin querer.
"la verdad, te pido que el niño vuelve a casa siempre","la verdad, te pido que el niño vuelva a casa siempre"
El profesor se acabo toda la tarde.,El profesor se acabó toda la tarde.
Es mejor que puedes venir.,Es mejor que puedas venir.
"hola, es necesario que nosotras no leemos las instrucciones","hola, es necesario que nosotras no leamos las instrucciones"
es necesario que duermes bien,es necesario que duermas bien
"hola, deseo que ellas estudian mucho","hola, deseo que ellas estudien mucho"
Se que los ninos vuelven pronto por favor.,Sé que los niños vuelven pronto por favor.
"por favor, el profesor quiere que vuelves pronto hoy","por favor, el profesor quiere que vuelvas pronto hoy"
"Hola, necesito que tú puedes descansar mañana.","Hola, necesito que tú puedas descansar mañana."
"Por favor, prefiero que ellos no están bien por favor.","Por favor, prefiero que ellos no estén bien por favor."
"la verdad, es urgente que seguimos estudiando","la verdad, es urgente que sigamos estudiando"
Deseo que mi mamá sigue las reglas mañana.,Deseo que mi mamá siga las reglas mañana.
"Hijo, es necesario que tú escribes la carta por favor.","Hijo, es necesario que tú escribas la carta por favor."
"profe, para que ellas dan el ejemplo","profe, para que ellas den el ejemplo"
"hijo, me gusta que empiezas la tarea","hijo, me gusta que empieces la tarea"
"Hijo, es importante que ponemos atención esta vez.","Hijo, es importante que pongamos atención esta vez."
"por favor, hace falta que los estudiantes piden ayuda por favor","por favor, hace falta que los estudiantes pidan ayuda por favor"
"por favor, deseo que tu haces un dibujo esta vez","por favor, deseo que tú hagas un dibujo esta vez"
"la verdad, te pido que tus amigos quieren salir por favor","la verdad, te pido que tus amigos quieran salir por favor"
"hijo, es importante que tu hermana esta aqui por favor","hijo, es importante que tu hermana esté aquí por favor"
"Profe, me parece que las ninas llegan pronto siempre.","Profe, me parece que las niñas llegan pronto siempre."
"por favor, mis padres esperan que ellos ven el problema mañana","por favor, mis padres esperan que ellos vean el problema mañana"
"profe, me alegra que ellas ponen la mesa","profe, me alegra que ellas pongan la mesa"
"oye, deseo que tú tienes frío","oye, deseo que tú tengas frío"
hace falta que el niño no está tranquilo por favor,hace falta que el niño no esté tranquilo por favor
"oye, te pido que tu das la respuesta","oye, te pido que tú des la respuesta"
Es mejor que ellos traen la comida por favor.,Es mejor que ellos traigan la comida por favor.
"mamá, ella se quedo en el recreo","mamá, ella se quedó en el recreo"
"mira, espero que nosotras podemos venir","mira, espero que nosotras podamos venir"
necesito que hay tiempo,necesito que haya tiempo
"hijo, mis padres esperan que tú ves el problema","hijo, mis padres esperan que tú veas el problema"
prefiero que tú no vuelves a casa siempre,prefiero que tú no vuelvas a casa siempre
espero que tu conoces a mi familia siempre,espero que tú conozcas a mi familia siempre
"Mira, esta claro que tu piensas en el futuro.","Mira, está claro que tú piensas en el futuro."
"mama, es cierto que la profesora come en casa","mamá, es cierto que la profesora come en casa"
"Hijo, el profesor se callo en el patio.","Hijo, el profesor se calló en el patio."
te pido que nosotros llegamos a la meta hoy,te pido que nosotros lleguemos a la meta hoy
"mira, pienso que los profesores estan en casa","mira, pienso que los profesores están en casa"
se paso en la clase,se pasó en la clase
"profe, hace falta que mi mamá piensa así esta vez","profe, hace falta que mi mamá piense así esta vez"
para que nosotros podemos terminar hoy esta vez,para que nosotros podamos terminar hoy esta vez
"hola, espero que sabemos la respuesta mañana","hola, espero que sepamos la respuesta mañana"
Antes de que nosotros estamos listo a las ocho siempre.,Antes de que nosotros estemos listo a las ocho siempre.
es mejor que nosotros hablamos en clase esta vez,es mejor que nosotros hablemos en clase esta vez
"oye, el profesor quiere que nosotros damos la respuesta por favor","oye, el profesor quiere que nosotros demos la respuesta por favor"
Necesito que mi mamá hace un dibujo siempre.,Necesito que mi mamá haga un dibujo siempre.
"mamá, mi mamá quiere que nosotros somos feliz mañana","mamá, mi mamá quiere que nosotros seamos feliz mañana"
"la verdad, ojala que tu no oyes al profesor tambien","la verdad, ojalá que tú no oigas al profesor también"
Para que hay comida para todos.,Para que haya comida para todos.
me alegra que tu amigo dice tu nombre esta vez,me alegra que tu amigo diga tu nombre esta vez
espero que nosotras pensamos antes de hablar hoy,espero que nosotras pensemos antes de hablar hoy
seguro que eres asi tambien,seguro que eres así también
"profe, mis padres esperan que nosotras estamos tranquilo por favor","profe, mis padres esperan que nosotras estemos tranquilo por favor"
"oye, ojalá que tú vas con ellos mañana","oye, ojalá que tú vayas con ellos mañana"
"por favor, prefiero que ellas comen despacio manana","por favor, prefiero que ellas coman despacio mañana"
mi mamá quiere que tú empiezas temprano siempre,mi mamá quiere que tú empieces temprano siempre
ojalá el doctor no hace las cosas bien mañana,ojalá el doctor no haga las cosas bien mañana
"la verdad, deseo que sales temprano hoy","la verdad, deseo que salgas temprano hoy"
"Mira, es mejor que los profesores vienen a la fiesta mañana.","Mira, es mejor que los profesores vengan a la fiesta mañana."
"mama, me alegra que el doctor no trae la comida siempre","mamá, me alegra que el doctor no traiga la comida siempre"
"por favor, necesito que nosotros traemos el permiso firmado esta vez","por favor, necesito que nosotros traigamos el permiso firmado esta vez"
"la verdad, ojalá ellas escriben tu nombre esta vez","la verdad, ojalá ellas escriban tu nombre esta vez"
"mama, creo que ellos tienen suerte manana","mamá, creo que ellos tienen suerte mañana"
"por favor, el se paso en el patio","por favor, él se pasó en el patio"
Dudo que tú ves la película.,Dudo que tú veas la película.
"mamá, necesito que tú sigues el camino","mamá, necesito que tú sigas el camino"
hace falta que juega fútbol,hace falta que juegue fútbol
"oye, es necesario que nosotras oímos al profesor","oye, es necesario que nosotras oigamos al profesor"
me dijo que tu quieres estudiar esta vez,me dijo que tú quieres estudiar esta vez
"la verdad, espero que la niña sigue estudiando esta vez","la verdad, espero que la niña siga estudiando esta vez"
"hijo, me gusta que nosotros somos asi","hijo, me gusta que nosotros seamos así"
"hola, no quiero que sigues así","hola, no quiero que sigas así"
se porto de repente,se portó de repente
"por favor, prefiero que el nino viene a mi casa manana","por favor, prefiero que el niño venga a mi casa mañana"
"profe, mis padres esperan que nosotras hablamos con ella siempre","profe, mis padres esperan que nosotras hablemos con ella siempre"
dudo que él habla en clase hoy,dudo que él hable en clase hoy
"Profe, para que nosotras vemos a tu abuela.","Profe, para que nosotras veamos a tu abuela."
es necesario que los estudiantes no conocen el museo hoy,es necesario que los estudiantes no conozcan el museo hoy
"mamá, es mejor que tú quieres venir","mamá, es mejor que tú quieras venir"
"por favor, prefiero que nosotras escribimos con letra clara hoy","por favor, prefiero que nosotras escribamos con letra clara hoy"
"Mamá, me gusta que ellas pueden entrar también.","Mamá, me gusta que ellas puedan entrar también."
"Hola, es mejor que tú traes la comida esta vez.","Hola, es mejor que tú traigas la comida esta vez."
"la verdad, ojalá que duermen ocho horas por favor","la verdad, ojalá que duerman ocho horas por favor"
Me gusta que mi hermano habla en clase también.,Me gusta que mi hermano hable en clase también.
"Mamá, dudo que ustedes escriben tu nombre también.","Mamá, dudo que ustedes escriban tu nombre también."
"Profe, creo que tu lees las instrucciones tambien.","Profe, creo que tú lees las instrucciones también."
el profesor quiere que tú duermes bien esta vez,el profesor quiere que tú duermas bien esta vez
es importante que venimos manana esta vez,es importante que vengamos mañana esta vez
Tu primo se escapo de repente.,Tu primo se escapó de repente.
"por favor, prefiero que tú dices lo que piensas siempre","por favor, prefiero que tú digas lo que piensas siempre"
"hola, el profesor se rompio en el patio","hola, el profesor se rompió en el patio"
"Hola, es necesario que tú pones los libros aquí mañana.","Hola, es necesario que tú pongas los libros aquí mañana."
"hola, ojalá que piden perdón mañana","hola, ojalá que pidan perdón mañana"
"hola, es importante que tú traes agua","hola, es importante que tú traigas agua"
"hijo, antes de que nosotros somos asi manana","hijo, antes de que nosotros seamos así mañana"
"oye, el profesor quiere que tus amigos pueden ayudar siempre","oye, el profesor quiere que tus amigos puedan ayudar siempre"
"por favor, prefiero que tu lees las instrucciones","por favor, prefiero que tú leas las instrucciones"
"hola, deseo que nosotras sabemos eso esta vez","hola, deseo que nosotras sepamos eso esta vez"
"oye, no quiero que empezamos la clase","oye, no quiero que empecemos la clase"
"La verdad, es urgente que leemos el libro también.","La verdad, es urgente que leamos el libro también."
Es importante que tú sales a jugar siempre.,Es importante que tú salgas a jugar siempre.
"mama, hace falta que ellos no leen en voz alta","mamá, hace falta que ellos no lean en voz alta"
"la verdad, antes de que tú no puedes venir por favor","la verdad, antes de que tú no puedas venir por favor"
es mejor que no ven esto hoy,es mejor que no vean esto hoy
se que nosotros traemos los libros esta vez,sé que nosotros traemos los libros esta vez
Para que él vuelve temprano siempre.,Para que él vuelva temprano siempre.
es mejor que las niñas no piden más comida,es mejor que las niñas no pidan más comida
"mira, creo que tu quieres ayudar","mira, creo que tú quieres ayudar"
es posible que tu das un paseo por favor,es posible que tú des un paseo por favor
me gusta que tú escribes con letra clara siempre,me gusta que tú escribas con letra clara siempre
"profe, deseo que el niño quiere venir esta vez","profe, deseo que el niño quiera venir esta vez"
"profe, es importante que los estudiantes hacen las cosas bien manana","profe, es importante que los estudiantes hagan las cosas bien mañana"
la nina se asusto toda la tarde,la niña se asustó toda la tarde
"Por favor, ojalá que los niños llegan pronto siempre.","Por favor, ojalá que los niños lleguen pronto siempre."
prefiero que los estudiantes no salen de casa manana,prefiero que los estudiantes no salgan de casa mañana
es posible que mi mamá ve la película hoy,es posible que mi mamá vea la película hoy
se que nosotras hacemos ejercicio manana,sé que nosotras hacemos ejercicio mañana
el profesor se sento en el patio,el profesor se sentó en el patio
"la verdad, es cierto que nosotras sentimos verguenza","la verdad, es cierto que nosotras sentimos vergüenza"
él se lastimo en la clase,él se lastimó en la clase
ojala no conocemos a mis amigos por favor,ojalá no conozcamos a mis amigos por favor
"Hijo, el profesor quiere que mis padres llegan a tiempo también.","Hijo, el profesor quiere que mis padres lleguen a tiempo también."
antes de que el doctor no entiende el problema siempre,antes de que el doctor no entienda el problema siempre
es necesario que juegas en la calle,es necesario que juegues en la calle
"hola, es necesario que tu oyes el ruido","hola, es necesario que tú oigas el ruido"
"hola, ojalá que mi mamá no está tranquilo","hola, ojalá que mi mamá no esté tranquilo"
te pido que tú haces la tarea esta vez,te pido que tú hagas la tarea esta vez
"por favor, es importante que los profesores ponen orden en el cuarto","por favor, es importante que los profesores pongan orden en el cuarto"
"la verdad, mi mamá quiere que tú buscas la respuesta hoy","la verdad, mi mamá quiere que tú busques la respuesta hoy"
para que tu entiendes la pregunta hoy,para que tú entiendas la pregunta hoy
"hijo, sabemos que nosotras seguimos asi hoy","hijo, sabemos que nosotras seguimos así hoy"
"hola, me alegra que tú vas con ellos esta vez","hola, me alegra que tú vayas con ellos esta vez"
es importante que hablamos en espanol por favor,es importante que hablemos en español por favor
no creo que tu hermana empieza la clase mañana,no creo que tu hermana empiece la clase mañana
"por favor, me gusta que el nino busca la respuesta esta vez","por favor, me gusta que el niño busque la respuesta esta vez"
"Hijo, el profesor se asusto muy rápido.","Hijo, el profesor se asustó muy rápido."
"la verdad, es necesario que ellos buscan trabajo","la verdad, es necesario que ellos busquen trabajo"
"mira, ojalá ven a tu abuela hoy","mira, ojalá vean a tu abuela hoy"
"Por favor, deseo que tú sientes lo mismo.","Por favor, deseo que tú sientas lo mismo."
No quiero que mi hermano hace ejercicio.,No quiero que mi hermano haga ejercicio.
"mamá, espero que ella vuelve pronto","mamá, espero que ella vuelva pronto"
"oye, es importante que nosotros podemos ayudar por favor","oye, es importante que nosotros podamos ayudar por favor"
"por favor, el profesor se acabo de repente","por favor, el profesor se acabó de repente"
"la verdad, mi mama quiere que tu lees en voz alta por favor","la verdad, mi mamá quiere que tú leas en voz alta por favor"
Espero que él da la respuesta también.,Espero que él dé la respuesta también.
"la verdad, mis padres esperan que mi papa dice mentiras tambien","la verdad, mis padres esperan que mi papá diga mentiras también"
"hola, se que sigues asi tambien","hola, sé que sigues así también"
"hola, el profesor quiere que tu hermana sabe nadar también","hola, el profesor quiere que tu hermana sepa nadar también"
"por favor, creo que el nino conoce el museo tambien","por favor, creo que el niño conoce el museo también"
dice que el nino habla mas fuerte manana,dice que el niño habla más fuerte mañana
"hijo, me alegra que piden otra oportunidad","hijo, me alegra que pidan otra oportunidad"
"hola, espero que ellos llegan temprano por favor","hola, espero que ellos lleguen temprano por favor"
dudo que tu amigo tiene paciencia,dudo que tu amigo tenga paciencia
"Profe, mi hermano se callo por la mañana.","Profe, mi hermano se calló por la mañana."
No creo que piensas antes de hablar siempre.,No creo que pienses antes de hablar siempre.
antes de que tu pides permiso hoy,antes de que tú pidas permiso hoy
Mi mamá quiere que tú pides ayuda.,Mi mamá quiere que tú pidas ayuda.
"hola, el profesor se llamo por la mañana","hola, el profesor se llamó por la mañana"
"oye, es mejor que tu amigo vuelve manana por favor","oye, es mejor que tu amigo vuelva mañana por favor"
espero que estudias para el examen esta vez,espero que estudies para el examen esta vez
"La verdad, dudo que tú no tienes todo listo.","La verdad, dudo que tú no tengas todo listo."
es importante que el doctor come despacio,es importante que el doctor coma despacio
"Hijo, la niña se lastimo en el patio.","Hijo, la niña se lastimó en el patio."
"mama, es cierto que damos la mano","mamá, es cierto que damos la mano"
Creo recordar que te perdoné la vida para que lo haces.,Creo recordar que te perdoné la vida para que lo hagas.
"mira, para que ellas no siguen asi tambien","mira, para que ellas no sigan así también"
"profe, dice que tu buscas tus cosas hoy","profe, dice que tú buscas tus cosas hoy"
Esta claro que ves a tu abuela por favor.,Está claro que ves a tu abuela por favor.
"por favor, para que ella siente dolor mañana","por favor, para que ella sienta dolor mañana"
es posible que entendemos esto,es posible que entendamos esto
"hola, me gusta que mi mamá sabe leer bien siempre","hola, me gusta que mi mamá sepa leer bien siempre"
Mis padres esperan que traen los libros.,Mis padres esperan que traigan los libros.
para que tu amigo pone orden en el cuarto también,para que tu amigo ponga orden en el cuarto también
espero que tú entiendes la lección siempre,espero que tú entiendas la lección siempre
"por favor, se que tu sigues el camino siempre","por favor, sé que tú sigues el camino siempre"
"profe, mi mama quiere que tu estudias medicina esta vez","profe, mi mamá quiere que tú estudies medicina esta vez"
"mamá, prefiero que los profesores vuelven temprano esta vez","mamá, prefiero que los profesores vuelvan temprano esta vez"
"hijo, esta claro que nosotros dormimos un poco tambien","hijo, está claro que nosotros dormimos un poco también"
"Mama, esta claro que usted juega despues de comer hoy.","Mamá, está claro que usted juega después de comer hoy."
Es mejor que hay clases mañana.,Es mejor que haya clases mañana.
"hijo, quiero que los profesores no quieren comer","hijo, quiero que los profesores no quieran comer"
se que volvemos pronto por favor,sé que volvemos pronto por favor
"la verdad, quiero que mis hermanos entienden el problema siempre","la verdad, quiero que mis hermanos entiendan el problema siempre"
"hijo, es mejor que tú ves esto","hijo, es mejor que tú veas esto"
Quiero que mi hermano busca el libro esta vez.,Quiero que mi hermano busque el libro esta vez.
Me gusta que ella vuelve temprano por favor.,Me gusta que ella vuelva temprano por favor.
Te pido que mi hermano oye la música mañana.,Te pido que mi hermano oiga la música mañana.
ojalá que tú oyes esto siempre,ojalá que tú oigas esto siempre
"hola, es mejor que tu vienes temprano tambien","hola, es mejor que tú vengas temprano también"
para que mi hermano trae el cuaderno,para que mi hermano traiga el cuaderno
"hijo, me alegra que hacemos silencio hoy","hijo, me alegra que hagamos silencio hoy"
"por favor, ojala pensamos en eso manana","por favor, ojalá pensemos en eso mañana"
"oye, para que mi hermano empieza de nuevo siempre","oye, para que mi hermano empiece de nuevo siempre"
"mira, no quiero que la nina pone la mesa","mira, no quiero que la niña ponga la mesa"
"hola, me gusta que nosotras tenemos razón","hola, me gusta que nosotras tengamos razón"
"Profe, me parece que volvemos pronto tambien.","Profe, me parece que volvemos pronto también."
me dijo que la profesora entiende la leccion,me dijo que la profesora entiende la lección
"por favor, es cierto que el siente frio por favor","por favor, es cierto que él siente frío por favor"
"por favor, es mejor que tú tienes suerte esta vez","por favor, es mejor que tú tengas suerte esta vez"
"profe, dice que vemos la pelicula por favor","profe, dice que vemos la película por favor"
"Oye, no creo que él ve el problema esta vez.","Oye, no creo que él vea el problema esta vez."
"Hijo, quiero que la niña puede terminar hoy.","Hijo, quiero que la niña pueda terminar hoy."
"por favor, ojala no come todo por favor","por favor, ojalá no coma todo por favor"
"Hola, es mejor que mi hermano habla en clase también.","Hola, es mejor que mi hermano hable en clase también."
"Mama, sabemos que nosotros buscamos el libro hoy.","Mamá, sabemos que nosotros buscamos el libro hoy."
"La verdad, te pido que nosotros venimos con nosotros mañana.","La verdad, te pido que nosotros vengamos con nosotros mañana."
"la verdad, ojalá comemos despacio por favor","la verdad, ojalá comamos despacio por favor"
"mama, esta claro que nosotros entendemos mis razones manana","mamá, está claro que nosotros entendemos mis razones mañana"
"profe, el perro se acabo toda la tarde","profe, el perro se acabó toda la tarde"
no creo que tú lees el libro esta vez,no creo que tú leas el libro esta vez
"la verdad, me alegra que ves a tu abuela","la verdad, me alegra que veas a tu abuela"
hace falta que usted habla en español mañana,hace falta que usted hable en español mañana
"Hola, me parece que tu oyes al profesor por favor.","Hola, me parece que tú oyes al profesor por favor."
"mira, es necesario que nosotras volvemos a intentarlo","mira, es necesario que nosotras volvamos a intentarlo"
me alegra que tú haces ejercicio también,me alegra que tú hagas ejercicio también
"mira, el perro se cayo en el patio","mira, el perro se cayó en el patio"
mi mama quiere que hay tiempo,mi mamá quiere que haya tiempo
"la verdad, dudo que usted sigue adelante por favor","la verdad, dudo que usted siga adelante por favor"
"Profe, no creo que tú no estás atento por favor.","Profe, no creo que tú no estés atento por favor."
"hijo, no creo que los profesores hacen silencio siempre","hijo, no creo que los profesores hagan silencio siempre"
ojala el doctor sigue asi hoy,ojalá el doctor siga así hoy
me parece que tu hermana habla mas fuerte,me parece que tu hermana habla más fuerte
"mama, hace falta que nosotras seguimos estudiando","mamá, hace falta que nosotras sigamos estudiando"
me gusta que los estudiantes hacen la tarea hoy,me gusta que los estudiantes hagan la tarea hoy
"Mira, no quiero que usted duerme un poco esta vez.","Mira, no quiero que usted duerma un poco esta vez."
"mira, es urgente que nosotros traemos agua esta vez","mira, es urgente que nosotros traigamos agua esta vez"
"mama, mi hermano se paso en el recreo","mamá, mi hermano se pasó en el recreo"
"por favor, ojala que dices algo","por favor, ojalá que digas algo"
"hola, dudo que tú ves el problema también","hola, dudo que tú veas el problema también"
"oye, pienso que ellas entienden mis razones manana","oye, pienso que ellas entienden mis razones mañana"
"hola, antes de que tu tienes todo listo","hola, antes de que tú tengas todo listo"
"hola, quiero que tu sabes la verdad siempre","hola, quiero que tú sepas la verdad siempre"
"mira, dudo que el doctor sale con tus amigos por favor","mira, dudo que el doctor salga con tus amigos por favor"
"mira, para que ella entiende la pregunta manana","mira, para que ella entienda la pregunta mañana"
hace falta que la profesora no habla con ella hoy,hace falta que la profesora no hable con ella hoy
dice que el pone el abrigo siempre,dice que él pone el abrigo siempre
mis padres esperan que nosotras entendemos la pregunta por favor,mis padres esperan que nosotras entendamos la pregunta por favor
"Profe, para que nosotras decimos algo mañana.","Profe, para que nosotras digamos algo mañana."
"la verdad, me gusta que mi papá come verduras por favor","la verdad, me gusta que mi papá coma verduras por favor"
"profe, no creo que la niña quiere comer hoy","profe, no creo que la niña quiera comer hoy"
"profe, no quiero que nosotras leemos todos los dias manana","profe, no quiero que nosotras leamos todos los días mañana"
"oye, dudo que nosotros entendemos mis razones esta vez","oye, dudo que nosotros entendamos mis razones esta vez"
"la verdad, mi hermano se rio en la clase","la verdad, mi hermano se rió en la clase"
"oye, esta claro que la profesora vuelve manana siempre","oye, está claro que la profesora vuelve mañana siempre"
"mira, es urgente que ellas no están atento también","mira, es urgente que ellas no estén atento también"
"la verdad, el profesor quiere que el vuelve temprano","la verdad, el profesor quiere que él vuelva temprano"
"Oye, la niña se caso ayer.","Oye, la niña se casó ayer."
"mira, espero que mis hermanos no vuelven a casa","mira, espero que mis hermanos no vuelvan a casa"
no quiero que nosotras vemos esto también,no quiero que nosotras veamos esto también
"Hijo, me parece que mi papa tiene tiempo siempre.","Hijo, me parece que mi papá tiene tiempo siempre."
el profesor se asusto ayer,el profesor se asustó ayer
"hola, no quiero que no comemos verduras","hola, no quiero que no comamos verduras"
"hola, para que tú tienes frío","hola, para que tú tengas frío"
"mama, es urgente que mi hermano es puntual hoy","mamá, es urgente que mi hermano sea puntual hoy"
"profe, deseo que los ninos leen el libro","profe, deseo que los niños lean el libro"
"hijo, antes de que mis hermanos no duermen en clase hoy","hijo, antes de que mis hermanos no duerman en clase hoy"
no quiero que hay un examen,no quiero que haya un examen
"oye, dudo que mi papa come verduras siempre","oye, dudo que mi papá coma verduras siempre"
Me dijo que el siente verguenza por favor.,Me dijo que él siente vergüenza por favor.
"hijo, esta claro que nosotras damos las gracias","hijo, está claro que nosotras damos las gracias"
"hola, mi mama quiere que usted no piensa asi por favor","hola, mi mamá quiere que usted no piense así por favor"
"Mamá, es importante que tú puedes ayudar también.","Mamá, es importante que tú puedas ayudar también."
"la verdad, no quiero que el doctor sabe leer bien hoy","la verdad, no quiero que el doctor sepa leer bien hoy"
Es mejor que tienen cuidado por favor.,Es mejor que tengan cuidado por favor.
Me alegra que nosotros empezamos la tarea.,Me alegra que nosotros empecemos la tarea.
espero que los profesores oyen bien también,espero que los profesores oigan bien también
"profe, ojalá que buscamos la respuesta esta vez","profe, ojalá que busquemos la respuesta esta vez"
"La verdad, mi mamá quiere que ellos sienten lo mismo.","La verdad, mi mamá quiere que ellos sientan lo mismo."
"Mira, prefiero que las niñas tienen frío también.","Mira, prefiero que las niñas tengan frío también."
me gusta que nosotras leemos el libro,me gusta que nosotras leamos el libro
Prefiero que nosotras hablamos despacio siempre.,Prefiero que nosotras hablemos despacio siempre.
"profe, ojalá que nosotras volvemos pronto también","profe, ojalá que nosotras volvamos pronto también"
antes de que nosotras vamos a dormir esta vez,antes de que nosotras vayamos a dormir esta vez
"mamá, prefiero que nosotros escribimos la carta también","mamá, prefiero que nosotros escribamos la carta también"
el profesor quiere que nosotros tenemos razón siempre,el profesor quiere que nosotros tengamos razón siempre
"mira, quiero que él trae la comida por favor","mira, quiero que él traiga la comida por favor"
es importante que las ninas duermen en clase,es importante que las niñas duerman en clase
"mira, dudo que las ninas comen todo tambien","mira, dudo que las niñas coman todo también"
Ojalá tú sabes nadar.,Ojalá tú sepas nadar.
"mira, es mejor que los niños oyen el ruido","mira, es mejor que los niños oigan el ruido"
ojala nosotras jugamos con cuidado hoy,ojalá nosotras juguemos con cuidado hoy
"mama, creo que pone orden en el cuarto manana","mamá, creo que pone orden en el cuarto mañana"
"La verdad, para que ella sale al recreo por favor.","La verdad, para que ella salga al recreo por favor."
"mira, antes de que tu amigo estudia por la tarde esta vez","mira, antes de que tu amigo estudie por la tarde esta vez"
"oye, mis padres esperan que ustedes juegan después de comer","oye, mis padres esperan que ustedes jueguen después de comer"
"mira, es urgente que escribimos tu nombre tambien","mira, es urgente que escribamos tu nombre también"
Quiero que nosotros estamos en casa mañana.,Quiero que nosotros estemos en casa mañana.
"hijo, me alegra que nosotras oímos esto","hijo, me alegra que nosotras oigamos esto"
"hijo, me gusta que nosotras damos el ejemplo también","hijo, me gusta que nosotras demos el ejemplo también"
seguro que la nina oye el ruido por favor,seguro que la niña oye el ruido por favor
"hola, ella se lastimo en la clase","hola, ella se lastimó en la clase"
"hola, el profesor quiere que vas con ellos por favor","hola, el profesor quiere que vayas con ellos por favor"
"hola, es urgente que los profesores dicen lo que piensas siempre","hola, es urgente que los profesores digan lo que piensas siempre"
para que ellos vuelven a casa esta vez,para que ellos vuelvan a casa esta vez
"Mamá, para que puedes ayudar mañana.","Mamá, para que puedas ayudar mañana."
"hola, dudo que no sabe leer bien","hola, dudo que no sepa leer bien"
"por favor, el profesor quiere que tú no das la respuesta","por favor, el profesor quiere que tú no des la respuesta"
"mama, me gusta que comes todo","mamá, me gusta que comas todo"
"profe, veo que nosotras pedimos perdon","profe, veo que nosotras pedimos perdón"
seguro que tu sabes leer bien tambien,seguro que tú sabes leer bien también
se que ellas traen el permiso firmado hoy,sé que ellas traen el permiso firmado hoy
para que tu puedes terminar hoy,para que tú puedas terminar hoy
"profe, espero que tenemos suerte manana","profe, espero que tengamos suerte mañana"
Ojalá nosotras empezamos ahora mañana.,Ojalá nosotras empecemos ahora mañana.
"hijo, antes de que nosotros tenemos todo listo también","hijo, antes de que nosotros tengamos todo listo también"
es necesario que los niños quieren salir,es necesario que los niños quieran salir
"hijo, ojala que ella no sabe la respuesta hoy","hijo, ojalá que ella no sepa la respuesta hoy"
"por favor, el profesor quiere que ponemos la mesa por favor","por favor, el profesor quiere que pongamos la mesa por favor"
"mira, es necesario que tu amigo llega temprano","mira, es necesario que tu amigo llegue temprano"
"mamá, prefiero que tu hermana trae el permiso firmado hoy","mamá, prefiero que tu hermana traiga el permiso firmado hoy"
"mamá, no quiero que el niño ve el problema por favor","mamá, no quiero que el niño vea el problema por favor"
"la verdad, espero que los ninos piensan en eso esta vez","la verdad, espero que los niños piensen en eso esta vez"
"Por favor, es urgente que nosotras hablamos con ella también.","Por favor, es urgente que nosotras hablemos con ella también."
antes de que mis padres conocen a mis amigos hoy,antes de que mis padres conozcan a mis amigos hoy
"la verdad, no quiero que tu comes mas frutas manana","la verdad, no quiero que tú comas más frutas mañana"
"Mamá, espero que mi mamá siente dolor mañana.","Mamá, espero que mi mamá sienta dolor mañana."
"hola, espero que tú eres así esta vez","hola, espero que tú seas así esta vez"
"Profe, no creo que mis hermanos piensan bien las cosas hoy.","Profe, no creo que mis hermanos piensen bien las cosas hoy."
mis padres esperan que duerme en clase hoy,mis padres esperan que duerma en clase hoy
"Hola, es necesario que ustedes no son honesto.","Hola, es necesario que ustedes no sean honesto."
"oye, espero que oímos bien","oye, espero que oigamos bien"
"hijo, espero que seguimos las reglas también","hijo, espero que sigamos las reglas también"
no creo que el doctor busca la respuesta,no creo que el doctor busque la respuesta
mi mama quiere que nosotras sabemos nadar hoy,mi mamá quiere que nosotras sepamos nadar hoy
hace falta que el puede terminar hoy,hace falta que él pueda terminar hoy
"Hola, necesito que nosotros estudiamos en silencio hoy.","Hola, necesito que nosotros estudiemos en silencio hoy."
"oye, es cierto que ella come mas frutas hoy","oye, es cierto que ella come más frutas hoy"
Es importante que tú vuelves mañana por favor.,Es importante que tú vuelvas mañana por favor.
deseo que nosotros jugamos despues de comer,deseo que nosotros juguemos después de comer
no creo que nosotros vamos con ellos hoy,no creo que nosotros vayamos con ellos hoy
Quiero que los estudiantes conocen el museo hoy.,Quiero que los estudiantes conozcan el museo hoy.
"Mira, quiero que el doctor está bien.","Mira, quiero que el doctor esté bien."
"hola, antes de que buscamos tus cosas mañana","hola, antes de que busquemos tus cosas mañana"
Es importante que sienten miedo por favor.,Es importante que sientan miedo por favor.
"hola, te pido que nosotros oímos el ruido mañana","hola, te pido que nosotros oigamos el ruido mañana"
hace falta que las ninas leen el libro,hace falta que las niñas lean el libro
"hola, hace falta que mis hermanos saben la verdad por favor","hola, hace falta que mis hermanos sepan la verdad por favor"
"mira, seguro que los profesores escriben el cuento tambien","mira, seguro que los profesores escriben el cuento también"
Mi mamá quiere que la niña llega pronto mañana.,Mi mamá quiere que la niña llegue pronto mañana.
"oye, es importante que tú lees el libro hoy","oye, es importante que tú leas el libro hoy"
"profe, me alegra que tu llegas a tiempo hoy","profe, me alegra que tú llegues a tiempo hoy"
"mamá, no creo que mi mamá busca trabajo siempre","mamá, no creo que mi mamá busque trabajo siempre"
"por favor, es urgente que los estudiantes buscan el libro","por favor, es urgente que los estudiantes busquen el libro"
"la verdad, necesito que llegan a tiempo","la verdad, necesito que lleguen a tiempo"
La niña se cayo por la mañana.,La niña se cayó por la mañana.
"oye, es posible que no comes despacio también","oye, es posible que no comas despacio también"
"profe, mis padres esperan que nosotros vemos a tu abuela siempre","profe, mis padres esperan que nosotros veamos a tu abuela siempre"
Veo que tu vas al colegio esta vez.,Veo que tú vas al colegio esta vez.
"La verdad, mis padres esperan que tú das el ejemplo.","La verdad, mis padres esperan que tú des el ejemplo."
Para que el niño quiere estudiar también.,Para que el niño quiera estudiar también.
dice que tu comes verduras esta vez,dice que tú comes verduras esta vez
"Hola, es importante que tú no juegas en el parque mañana.","Hola, es importante que tú no juegues en el parque mañana."
Es verdad que tu duermes ocho horas manana.,Es verdad que tú duermes ocho horas mañana.
"Profe, es urgente que tú vas a dormir siempre.","Profe, es urgente que tú vayas a dormir siempre."
el perro se lavo en el recreo,el perro se lavó en el recreo
dudo que ella juega con cuidado hoy,dudo que ella juegue con cuidado hoy
"mama, me gusta que nosotras comemos verduras","mamá, me gusta que nosotras comamos verduras"
"Hijo, prefiero que ustedes salen de casa también.","Hijo, prefiero que ustedes salgan de casa también."
"Por favor, deseo que las niñas oyen esto por favor.","Por favor, deseo que las niñas oigan esto por favor."
"Hola, me dijo que las ninas dicen lo que piensas por favor.","Hola, me dijo que las niñas dicen lo que piensas por favor."
"hijo, no creo que el doctor tiene tiempo","hijo, no creo que el doctor tenga tiempo"
"por favor, deseo que nosotros no tenemos paciencia","por favor, deseo que nosotros no tengamos paciencia"
"oye, te pido que piensas antes de hablar","oye, te pido que pienses antes de hablar"
"mamá, mis padres esperan que los estudiantes no sienten dolor mañana","mamá, mis padres esperan que los estudiantes no sientan dolor mañana"
"mira, ojalá nosotras sabemos eso","mira, ojalá nosotras sepamos eso"
"por favor, antes de que nosotros decimos lo que piensas","por favor, antes de que nosotros digamos lo que piensas"
"mamá, ojalá usted quiere comer por favor","mamá, ojalá usted quiera comer por favor"
No creo que vienen.,No creo que vengan.
"mira, dice que mi papa puede terminar hoy esta vez","mira, dice que mi papá puede terminar hoy esta vez"
Se que la profesora come en casa esta vez.,Sé que la profesora come en casa esta vez.
"Mira, espero que siente miedo siempre.","Mira, espero que sienta miedo siempre."
es mejor que tu hermana quiere venir esta vez,es mejor que tu hermana quiera venir esta vez
"la verdad, no creo que la profesora conoce a mi familia también","la verdad, no creo que la profesora conozca a mi familia también"
"Hola, antes de que ustedes buscan tus cosas también.","Hola, antes de que ustedes busquen tus cosas también."
"Por favor, para que sentimos miedo por favor.","Por favor, para que sintamos miedo por favor."
"profe, es posible que los profesores vienen a mi casa","profe, es posible que los profesores vengan a mi casa"
"mama, prefiero que tu haces un dibujo esta vez","mamá, prefiero que tú hagas un dibujo esta vez"
"hijo, mi hermano se perdio muy rapido","hijo, mi hermano se perdió muy rápido"
"hola, quiero que nosotras decimos la verdad","hola, quiero que nosotras digamos la verdad"
"por favor, deseo que tú pides más comida","por favor, deseo que tú pidas más comida"
"profe, dudo que conocemos la ciudad mañana","profe, dudo que conozcamos la ciudad mañana"
"Oye, para que traemos los libros.","Oye, para que traigamos los libros."
"la verdad, se caso al final","la verdad, se casó al final"
Creo que mi papa dice la verdad manana.,Creo que mi papá dice la verdad mañana.
es posible que es responsable hoy,es posible que sea responsable hoy
"mamá, ojalá la niña juega en la calle mañana","mamá, ojalá la niña juegue en la calle mañana"
"Hijo, hace falta que tú empiezas la tarea también.","Hijo, hace falta que tú empieces la tarea también."
"mama, te pido que nosotros somos feliz","mamá, te pido que nosotros seamos feliz"
dudo que hay tiempo,dudo que haya tiempo
"profe, no quiero que ves el problema hoy","profe, no quiero que veas el problema hoy"
ella se peino de repente,ella se peinó de repente
"mira, es cierto que tu tienes frio manana","mira, es cierto que tú tienes frío mañana"
Es mejor que las niñas dicen algo mañana.,Es mejor que las niñas digan algo mañana.
"Hola, dice que ellas comen mas frutas siempre.","Hola, dice que ellas comen más frutas siempre."
es necesario que hay un examen,es necesario que haya un examen
es posible que la niña no lee en voz alta,es posible que la niña no lea en voz alta
"Mamá, es importante que nosotras conocemos la historia mañana.","Mamá, es importante que nosotras conozcamos la historia mañana."
"por favor, antes de que tú estudias para el examen también","por favor, antes de que tú estudies para el examen también"
"la verdad, no creo que tu haces la cena tambien","la verdad, no creo que tú hagas la cena también"
"Mira, hace falta que ellos siguen adelante.","Mira, hace falta que ellos sigan adelante."
"hijo, me alegra que el niño oye la música también","hijo, me alegra que el niño oiga la música también"
espero que él oye la música hoy,espero que él oiga la música hoy
"la verdad, veo que tu traes la comida tambien","la verdad, veo que tú traes la comida también"
"Hijo, mi mamá quiere que tú pides más comida mañana.","Hijo, mi mamá quiere que tú pidas más comida mañana."
"profe, sabemos que nosotros salimos a jugar manana","profe, sabemos que nosotros salimos a jugar mañana"
te pido que tú vas al médico esta vez,te pido que tú vayas al médico esta vez
"profe, es verdad que tu juegas con cuidado esta vez","profe, es verdad que tú juegas con cuidado esta vez"
"La verdad, me gusta que los profesores dicen lo que piensas siempre.","La verdad, me gusta que los profesores digan lo que piensas siempre."
me alegra que tu amigo ve el partido tambien,me alegra que tu amigo vea el partido también
"mira, te pido que el doctor esta tranquilo manana","mira, te pido que el doctor esté tranquilo mañana"
espero que pones el abrigo,espero que pongas el abrigo
"profe, él se lavo ayer","profe, él se lavó ayer"
no creo que escribimos bien,no creo que escribamos bien
quiero que tu sales con tus amigos tambien,quiero que tú salgas con tus amigos también
mis padres esperan que mis hermanos oyen la música,mis padres esperan que mis hermanos oigan la música
"la verdad, necesito que nosotras escribimos con letra clara hoy","la verdad, necesito que nosotras escribamos con letra clara hoy"
"profe, es necesario que mis hermanos ponen los libros aquí siempre","profe, es necesario que mis hermanos pongan los libros aquí siempre"
quiero que ustedes van con ellos,quiero que ustedes vayan con ellos
es cierto que tu haces silencio,es cierto que tú haces silencio
No quiero que ustedes son amable.,No quiero que ustedes sean amable.
"la verdad, antes de que mis padres vuelven mañana siempre","la verdad, antes de que mis padres vuelvan mañana siempre"
"Oye, me alegra que nosotras decimos la verdad también.","Oye, me alegra que nosotras digamos la verdad también."
me gusta que no oyes bien por favor,me gusta que no oigas bien por favor
"Mamá, no quiero que el doctor trae el cuaderno mañana.","Mamá, no quiero que el doctor traiga el cuaderno mañana."
Es necesario que vuelves temprano.,Es necesario que vuelvas temprano.
"Hola, necesito que ellos saben nadar.","Hola, necesito que ellos sepan nadar."
no creo que tu sales temprano siempre,no creo que tú salgas temprano siempre
"por favor, es urgente que el no es asi manana","por favor, es urgente que él no sea así mañana"
Mi mamá quiere que tú dices algo por favor.,Mi mamá quiere que tú digas algo por favor.
"hola, me gusta que nosotras venimos con nosotros","hola, me gusta que nosotras vengamos con nosotros"
dudo que tú hablas con ella por favor,dudo que tú hables con ella por favor
"profe, te pido que nosotros no decimos lo que piensas por favor","profe, te pido que nosotros no digamos lo que piensas por favor"
es urgente que nosotras estudiamos mucho,es urgente que nosotras estudiemos mucho
"Profe, antes de que nosotros hacemos ejercicio mañana.","Profe, antes de que nosotros hagamos ejercicio mañana."
"por favor, espero que tu traes el cuaderno esta vez","por favor, espero que tú traigas el cuaderno esta vez"
"la verdad, es verdad que tu entiendes la leccion","la verdad, es verdad que tú entiendes la lección"
"profe, mis padres esperan que ella puede venir por favor","profe, mis padres esperan que ella pueda venir por favor"
"la verdad, me dijo que el nino puede descansar manana","la verdad, me dijo que el niño puede descansar mañana"
"Por favor, ojalá que tu amigo vuelve pronto mañana.","Por favor, ojalá que tu amigo vuelva pronto mañana."
se que los estudiantes piden perdon esta vez,sé que los estudiantes piden perdón esta vez
"por favor, es importante que no leemos en voz alta siempre","por favor, es importante que no leamos en voz alta siempre"
"oye, quiero que tu eres asi por favor","oye, quiero que tú seas así por favor"
"Profe, es mejor que mi papá siente lo mismo también.","Profe, es mejor que mi papá sienta lo mismo también."
"Oye, me alegra que entiende esto hoy.","Oye, me alegra que entienda esto hoy."
esta claro que mi hermano sale con tus amigos manana,está claro que mi hermano sale con tus amigos mañana
"La verdad, es necesario que tú lees las instrucciones.","La verdad, es necesario que tú leas las instrucciones."
"mamá, me gusta que empieza ahora esta vez","mamá, me gusta que empiece ahora esta vez"
"profe, me gusta que tu amigo come todo","profe, me gusta que tu amigo coma todo"
"profe, no creo que el niño come más frutas mañana","profe, no creo que el niño coma más frutas mañana"
"hijo, es posible que tu haces ejercicio siempre","hijo, es posible que tú hagas ejercicio siempre"
tu primo se caso al final,tu primo se casó al final
Sabemos que el doctor piensa asi hoy.,Sabemos que el doctor piensa así hoy.
ojalá tú vuelves temprano siempre,ojalá tú vuelvas temprano siempre
"profe, es importante que ellos no hablan con ella hoy","profe, es importante que ellos no hablen con ella hoy"
el profesor quiere que salimos a jugar esta vez,el profesor quiere que salgamos a jugar esta vez
para que tu sales al recreo esta vez,para que tú salgas al recreo esta vez
necesito que tu amigo busca otra solucion manana,necesito que tu amigo busque otra solución mañana
"por favor, mis padres esperan que tú eres responsable","por favor, mis padres esperan que tú seas responsable"
Es posible que mis hermanos conocen a mi familia esta vez.,Es posible que mis hermanos conozcan a mi familia esta vez.
es importante que nosotras pensamos así también,es importante que nosotras pensemos así también
"la verdad, no quiero que nosotros escribimos la carta","la verdad, no quiero que nosotros escribamos la carta"
"oye, es necesario que ellos vienen conmigo manana","oye, es necesario que ellos vengan conmigo mañana"
"La verdad, el profesor quiere que nosotros estamos aquí por favor.","La verdad, el profesor quiere que nosotros estemos aquí por favor."
"mira, hace falta que tú no tienes tiempo","mira, hace falta que tú no tengas tiempo"
"hijo, dudo que mi mamá llega tarde","hijo, dudo que mi mamá llegue tarde"
"Oye, es urgente que pedimos más comida hoy.","Oye, es urgente que pidamos más comida hoy."
se que ustedes vienen con nosotros,sé que ustedes vienen con nosotros
"hijo, mis padres esperan que mis padres duermen temprano siempre","hijo, mis padres esperan que mis padres duerman temprano siempre"
Necesito que tú estudias en silencio.,Necesito que tú estudies en silencio.
"oye, dudo que la profesora come en casa hoy","oye, dudo que la profesora coma en casa hoy"
"hijo, mi hermano se paso sin querer","hijo, mi hermano se pasó sin querer"
"oye, me gusta que tus amigos traen los libros siempre","oye, me gusta que tus amigos traigan los libros siempre"
"Hijo, el profesor quiere que tus amigos comen todo también.","Hijo, el profesor quiere que tus amigos coman todo también."
"profe, me parece que tu sabes cuidarte","profe, me parece que tú sabes cuidarte"
Espero que tus amigos escriben el cuento.,Espero que tus amigos escriban el cuento.
"mira, dice que tu duermes temprano por favor","mira, dice que tú duermes temprano por favor"
me gusta que tú no tienes razón mañana,me gusta que tú no tengas razón mañana
"profe, necesito que tu amigo sabe la verdad mañana","profe, necesito que tu amigo sepa la verdad mañana"
"profe, no creo que tú dices eso esta vez","profe, no creo que tú digas eso esta vez"
"Profe, es posible que tu hermana sigue adelante.","Profe, es posible que tu hermana siga adelante."
"profe, ojala salimos de casa hoy","profe, ojalá salgamos de casa hoy"
mis padres esperan que tus amigos no leen en voz alta manana,mis padres esperan que tus amigos no lean en voz alta mañana
"profe, prefiero que el conoce a mis amigos tambien","profe, prefiero que él conozca a mis amigos también"
Es necesario que nosotras vamos al médico siempre.,Es necesario que nosotras vayamos al médico siempre.
"oye, me dijo que nosotros venimos manana tambien","oye, me dijo que nosotros venimos mañana también"
"hijo, me alegra que estamos tranquilo hoy","hijo, me alegra que estemos tranquilo hoy"
"Mira, es posible que nosotras empezamos de nuevo.","Mira, es posible que nosotras empecemos de nuevo."
es posible que nosotras llegamos a tiempo siempre,es posible que nosotras lleguemos a tiempo siempre
"hola, me alegra que los profesores buscan trabajo siempre","hola, me alegra que los profesores busquen trabajo siempre"
"hijo, me alegra que tú das las gracias","hijo, me alegra que tú des las gracias"
es necesario que mi mama juega despues de comer,es necesario que mi mamá juegue después de comer
Es urgente que hay tiempo.,Es urgente que haya tiempo.
para que él es responsable esta vez,para que él sea responsable esta vez
"por favor, es posible que las niñas no leen en voz alta siempre","por favor, es posible que las niñas no lean en voz alta siempre"
"mamá, el profesor quiere que los estudiantes no van con ellos hoy","mamá, el profesor quiere que los estudiantes no vayan con ellos hoy"
"oye, no creo que no estamos listo a las ocho","oye, no creo que no estemos listo a las ocho"
"hijo, para que el doctor estudia mucho hoy","hijo, para que el doctor estudie mucho hoy"
"mira, dudo que volvemos a casa","mira, dudo que volvamos a casa"
"Hola, es importante que tú no estás en casa.","Hola, es importante que tú no estés en casa."
"mamá, espero que la profesora quiere salir también","mamá, espero que la profesora quiera salir también"
te pido que hay comida para todos,te pido que haya comida para todos
"mira, ojala los ninos saben cuidarte","mira, ojalá los niños sepan cuidarte"
"por favor, el se cayo en el recreo","por favor, él se cayó en el recreo"
"Hijo, ojalá ellas leen todos los días.","Hijo, ojalá ellas lean todos los días."
"mama, necesito que tu quieres comer hoy","mamá, necesito que tú quieras comer hoy"
"por favor, mi mamá quiere que nosotras jugamos en la calle hoy","por favor, mi mamá quiere que nosotras juguemos en la calle hoy"
"Hola, es posible que mi hermano no trae el cuaderno esta vez.","Hola, es posible que mi hermano no traiga el cuaderno esta vez."
"Mamá, ojalá nosotros llegamos a tiempo hoy.","Mamá, ojalá nosotros lleguemos a tiempo hoy."
"Hola, es verdad que nosotras buscamos tus cosas manana.","Hola, es verdad que nosotras buscamos tus cosas mañana."
"por favor, esta claro que mi hermano come verduras por favor","por favor, está claro que mi hermano come verduras por favor"
"Por favor, me gusta que los profesores no tienen razón.","Por favor, me gusta que los profesores no tengan razón."
"Hola, seguro que el doctor pone la mesa manana.","Hola, seguro que el doctor pone la mesa mañana."
"Oye, quiero que vienes a la reunión mañana.","Oye, quiero que vengas a la reunión mañana."
"oye, el profesor quiere que las niñas no piensan así también","oye, el profesor quiere que las niñas no piensen así también"
Ojalá vemos el problema.,Ojalá veamos el problema.
me parece que tus amigos hablan en espanol,me parece que tus amigos hablan en español
"mira, antes de que el puede ayudar manana","mira, antes de que él pueda ayudar mañana"
"por favor, te pido que mi papá llega pronto","por favor, te pido que mi papá llegue pronto"
"Por favor, él se paso de repente.","Por favor, él se pasó de repente."
No quiero que decimos lo que piensas siempre.,No quiero que digamos lo que piensas siempre.
"Hijo, quiero que los estudiantes pueden descansar mañana.","Hijo, quiero que los estudiantes puedan descansar mañana."
"Oye, el profesor quiere que tú no juegas en la calle.","Oye, el profesor quiere que tú no juegues en la calle."
"mamá, me gusta que ustedes hablan en clase","mamá, me gusta que ustedes hablen en clase"
"la verdad, el perro se lastimo en el recreo","la verdad, el perro se lastimó en el recreo"
"mira, es posible que ellos llegan tarde hoy","mira, es posible que ellos lleguen tarde hoy"
No quiero que nosotros sabemos nadar por favor.,No quiero que nosotros sepamos nadar por favor.
Es necesario que mis hermanos salen de casa.,Es necesario que mis hermanos salgan de casa.
es importante que nosotros tenemos tiempo esta vez,es importante que nosotros tengamos tiempo esta vez
mis padres esperan que la profesora no dice eso,mis padres esperan que la profesora no diga eso
"mira, es verdad que los estudiantes estan atento","mira, es verdad que los estudiantes están atento"
"mira, el se peino en el recreo","mira, él se peinó en el recreo"
"la verdad, dice que nosotras comemos mas frutas","la verdad, dice que nosotras comemos más frutas"
"oye, ojalá nosotras empezamos de nuevo","oye, ojalá nosotras empecemos de nuevo"
"la verdad, el profesor se enojo sin querer","la verdad, el profesor se enojó sin querer"
"Hola, es necesario que conocemos el museo.","Hola, es necesario que conozcamos el museo."
"Oye, es urgente que tú dices eso.","Oye, es urgente que tú digas eso."
"mamá, necesito que los profesores no piden más comida hoy","mamá, necesito que los profesores no pidan más comida hoy"
"mama, para que ustedes empiezan temprano esta vez","mamá, para que ustedes empiecen temprano esta vez"
"por favor, no quiero que no sale al recreo manana","por favor, no quiero que no salga al recreo mañana"
"hijo, es posible que tus amigos leen todos los dias","hijo, es posible que tus amigos lean todos los días"
"profe, el se llamo ayer","profe, él se llamó ayer"
Me gusta que ellas no quieren venir hoy.,Me gusta que ellas no quieran venir hoy.
"oye, creo que ustedes hablan en espanol tambien","oye, creo que ustedes hablan en español también"
"oye, el profesor quiere que la niña quiere ayudar mañana","oye, el profesor quiere que la niña quiera ayudar mañana"
"Profe, mi mamá quiere que tú hablas en clase.","Profe, mi mamá quiere que tú hables en clase."
"la verdad, necesito que tú tienes suerte hoy","la verdad, necesito que tú tengas suerte hoy"
"oye, necesito que ella oye la musica manana","oye, necesito que ella oiga la música mañana"
me alegra que la niña no hace silencio,me alegra que la niña no haga silencio
"Hola, me alegra que nosotras traemos el permiso firmado siempre.","Hola, me alegra que nosotras traigamos el permiso firmado siempre."
deseo que la profesora llega temprano hoy,deseo que la profesora llegue temprano hoy
creo que tu sigues el camino,creo que tú sigues el camino
"mama, es posible que nosotros no estamos bien esta vez","mamá, es posible que nosotros no estemos bien esta vez"
"la verdad, es mejor que las niñas no van al colegio por favor","la verdad, es mejor que las niñas no vayan al colegio por favor"
"hola, seguro que tu vuelves a intentarlo hoy","hola, seguro que tú vuelves a intentarlo hoy"
es mejor que nosotros seguimos el camino mañana,es mejor que nosotros sigamos el camino mañana
"mira, la nina se rompio en la clase","mira, la niña se rompió en la clase"
"mira, no quiero que mis padres quieren salir también","mira, no quiero que mis padres quieran salir también"
necesito que haces las cosas bien,necesito que hagas las cosas bien
"profe, mis padres esperan que nosotras no leemos mucho","profe, mis padres esperan que nosotras no leamos mucho"
"profe, ojala tu buscas la respuesta","profe, ojalá tú busques la respuesta"
"mira, para que juegan en la calle por favor","mira, para que jueguen en la calle por favor"
"Mira, mi mamá quiere que tú sientes miedo también.","Mira, mi mamá quiere que tú sientas miedo también."
antes de que es amable siempre,antes de que sea amable siempre
mi mamá quiere que hay sitio,mi mamá quiere que haya sitio
"Por favor, hace falta que no das el ejemplo.","Por favor, hace falta que no des el ejemplo."
"por favor, hace falta que las niñas empiezan la clase hoy","por favor, hace falta que las niñas empiecen la clase hoy"
espero que nosotros damos un paseo,espero que nosotros demos un paseo
"por favor, no creo que seguimos las reglas tambien","por favor, no creo que sigamos las reglas también"
"hijo, me alegra que mi mamá empieza temprano mañana","hijo, me alegra que mi mamá empiece temprano mañana"
"la verdad, es importante que los profesores no ponen atención hoy","la verdad, es importante que los profesores no pongan atención hoy"
"la verdad, sabemos que ustedes estan tranquilo siempre","la verdad, sabemos que ustedes están tranquilo siempre"
"por favor, me gusta que las niñas juegan en la calle también","por favor, me gusta que las niñas jueguen en la calle también"
"Mira, necesito que no pones atención.","Mira, necesito que no pongas atención."
"mamá, mi mamá quiere que mi mamá juega en la calle mañana","mamá, mi mamá quiere que mi mamá juegue en la calle mañana"
"mama, hace falta que el entiende la leccion tambien","mamá, hace falta que él entienda la lección también"
"por favor, mi mamá quiere que el doctor siente dolor esta vez","por favor, mi mamá quiere que el doctor sienta dolor esta vez"
"oye, me alegra que tu das un paseo manana","oye, me alegra que tú des un paseo mañana"
"Oye, prefiero que tú no llegas a tiempo hoy.","Oye, prefiero que tú no llegues a tiempo hoy."
"por favor, espero que nosotros sabemos nadar hoy","por favor, espero que nosotros sepamos nadar hoy"
"La verdad, para que nosotras vamos solo siempre.","La verdad, para que nosotras vayamos solo siempre."
no quiero que ustedes ven esto esta vez,no quiero que ustedes vean esto esta vez
"mama, dice que vuelves manana por favor","mamá, dice que vuelves mañana por favor"
"Mamá, mi mamá quiere que tus amigos buscan el libro por favor.","Mamá, mi mamá quiere que tus amigos busquen el libro por favor."
ojalá que pides ayuda siempre,ojalá que pidas ayuda siempre
"profe, quiero que mi papá es puntual hoy","profe, quiero que mi papá sea puntual hoy"
"Mira, ojalá que tú sientes lo mismo hoy.","Mira, ojalá que tú sientas lo mismo hoy."
Antes de que sentimos lo mismo también.,Antes de que sintamos lo mismo también.
"hijo, ojalá vienen temprano","hijo, ojalá vengan temprano"
"Hijo, te pido que usted oye bien esta vez.","Hijo, te pido que usted oiga bien esta vez."
mi mamá quiere que estamos en casa mañana,mi mamá quiere que estemos en casa mañana
"mira, es posible que llegas tarde esta vez","mira, es posible que llegues tarde esta vez"
"la verdad, es mejor que tú haces la cena por favor","la verdad, es mejor que tú hagas la cena por favor"
"hijo, me alegra que tu llegas antes que yo por favor","hijo, me alegra que tú llegues antes que yo por favor"
"hijo, mi mamá quiere que tú no hablas en clase","hijo, mi mamá quiere que tú no hables en clase"
"por favor, para que mis hermanos van a dormir siempre","por favor, para que mis hermanos vayan a dormir siempre"
"oye, antes de que nosotros llegamos temprano por favor","oye, antes de que nosotros lleguemos temprano por favor"
"La verdad, necesito que mis padres ven a tu abuela esta vez.","La verdad, necesito que mis padres vean a tu abuela esta vez."
"hijo, antes de que sigues adelante","hijo, antes de que sigas adelante"
no quiero que tú oyes bien hoy,no quiero que tú oigas bien hoy
"hola, se que mi hermano ve esto por favor","hola, sé que mi hermano ve esto por favor"
Ojalá tú ves el problema por favor.,Ojalá tú veas el problema por favor.
"la verdad, no creo que seguimos el camino por favor","la verdad, no creo que sigamos el camino por favor"
quiero que juegan con cuidado manana,quiero que jueguen con cuidado mañana
"oye, se que mi papa quiere salir","oye, sé que mi papá quiere salir"
"Mira, dice que ustedes estan atento.","Mira, dice que ustedes están atento."
"por favor, pienso que la nina da las gracias manana","por favor, pienso que la niña da las gracias mañana"
"oye, para que tus amigos no buscan tus cosas","oye, para que tus amigos no busquen tus cosas"
"Mira, se que nosotras somos honesto manana.","Mira, sé que nosotras somos honesto mañana."
"la verdad, es mejor que nosotras no queremos ayudar esta vez","la verdad, es mejor que nosotras no queramos ayudar esta vez"
me alegra que nosotros conocemos a mi familia esta vez,me alegra que nosotros conozcamos a mi familia esta vez
"mama, es necesario que tu vuelves manana","mamá, es necesario que tú vuelvas mañana"
"profe, el profesor se escapo sin querer","profe, el profesor se escapó sin querer"
"profe, me gusta que tu quieres venir manana","profe, me gusta que tú quieras venir mañana"
"Oye, el profesor quiere que buscas trabajo por favor.","Oye, el profesor quiere que busques trabajo por favor."
"hijo, mi mama quiere que los profesores estan listo a las ocho hoy","hijo, mi mamá quiere que los profesores estén listo a las ocho hoy"
es verdad que tu entiendes esto manana,es verdad que tú entiendes esto mañana
"por favor, mis padres esperan que ellos piden mas comida","por favor, mis padres esperan que ellos pidan más comida"
"hijo, es importante que nosotras jugamos con cuidado por favor","hijo, es importante que nosotras juguemos con cuidado por favor"
"oye, es urgente que mis hermanos vienen a la reunion manana","oye, es urgente que mis hermanos vengan a la reunión mañana"
es necesario que tu estudias en silencio hoy,es necesario que tú estudies en silencio hoy
"por favor, me alegra que ellos siguen estudiando también","por favor, me alegra que ellos sigan estudiando también"
"mama, es mejor que tu vas a dormir por favor","mamá, es mejor que tú vayas a dormir por favor"
"oye, espero que mi hermano va con ellos manana","oye, espero que mi hermano vaya con ellos mañana"
te pido que mi mama pone los libros aqui por favor,te pido que mi mamá ponga los libros aquí por favor
"profe, mi mama quiere que queremos salir tambien","profe, mi mamá quiere que queramos salir también"
espero que dices la verdad,espero que digas la verdad
"La verdad, mi mamá se perdio en el patio.","La verdad, mi mamá se perdió en el patio."
es urgente que tú sientes dolor,es urgente que tú sientas dolor
él se paso muy rápido,él se pasó muy rápido
"mira, es mejor que los niños entienden esto","mira, es mejor que los niños entiendan esto"
"profe, me alegra que seguimos el camino mañana","profe, me alegra que sigamos el camino mañana"
quiero que usted ve la película,quiero que usted vea la película
"Hola, antes de que ellas entienden la pregunta también.","Hola, antes de que ellas entiendan la pregunta también."
Mi mamá quiere que nosotras estamos listo a las ocho.,Mi mamá quiere que nosotras estemos listo a las ocho.
"por favor, espero que la profesora no lee mucho","por favor, espero que la profesora no lea mucho"
ojalá nosotras salimos de casa esta vez,ojalá nosotras salgamos de casa esta vez
"hijo, no quiero que el nino escribe tu nombre manana","hijo, no quiero que el niño escriba tu nombre mañana"
"Por favor, el profesor quiere que conoce la historia siempre.","Por favor, el profesor quiere que conozca la historia siempre."
deseo que oímos al profesor también,deseo que oigamos al profesor también
"hijo, te pido que tú no piensas así","hijo, te pido que tú no pienses así"
"profe, hace falta que tu empiezas de nuevo por favor","profe, hace falta que tú empieces de nuevo por favor"
Mis padres esperan que mi mamá puede descansar por favor.,Mis padres esperan que mi mamá pueda descansar por favor.
"oye, es verdad que tienen razon","oye, es verdad que tienen razón"
"la verdad, es urgente que mi mamá hace un dibujo esta vez","la verdad, es urgente que mi mamá haga un dibujo esta vez"
"La verdad, es verdad que estamos aqui.","La verdad, es verdad que estamos aquí."
ojala que hay comida para todos,ojalá que haya comida para todos
Mis padres esperan que nosotros llegamos pronto.,Mis padres esperan que nosotros lleguemos pronto.
"mira, es mejor que las niñas vuelven mañana","mira, es mejor que las niñas vuelvan mañana"
"oye, te pido que dan la mano hoy","oye, te pido que den la mano hoy"
"la verdad, es urgente que mi hermano tiene frío","la verdad, es urgente que mi hermano tenga frío"
Es cierto que tus amigos vienen manana hoy.,Es cierto que tus amigos vienen mañana hoy.
"Hola, me gusta que tu hermana sigue el camino mañana.","Hola, me gusta que tu hermana siga el camino mañana."
el profesor quiere que ella habla más fuerte esta vez,el profesor quiere que ella hable más fuerte esta vez
"La verdad, es necesario que él no hace las cosas bien.","La verdad, es necesario que él no haga las cosas bien."
"Mamá, para que la niña lee en voz alta siempre.","Mamá, para que la niña lea en voz alta siempre."
"hola, te pido que mi papa lee mucho esta vez","hola, te pido que mi papá lea mucho esta vez"
Es posible que las niñas conocen la ciudad hoy.,Es posible que las niñas conozcan la ciudad hoy.
ojalá usted sabe la respuesta esta vez,ojalá usted sepa la respuesta esta vez
deseo que la profesora empieza de nuevo por favor,deseo que la profesora empiece de nuevo por favor
"mira, me parece que tu eres amable hoy","mira, me parece que tú eres amable hoy"
"Mira, antes de que mis padres comen todo hoy.","Mira, antes de que mis padres coman todo hoy."
"Hijo, prefiero que tú sabes eso mañana.","Hijo, prefiero que tú sepas eso mañana."
"profe, es necesario que ellos piden mas comida manana","profe, es necesario que ellos pidan más comida mañana"
me alegra que tú sigues estudiando por favor,me alegra que tú sigas estudiando por favor
"hijo, antes de que ellos comen mas frutas tambien","hijo, antes de que ellos coman más frutas también"
"oye, necesito que salimos al recreo","oye, necesito que salgamos al recreo"
"La verdad, me gusta que usted siente lo mismo.","La verdad, me gusta que usted sienta lo mismo."
mi hermano se paso en la clase,mi hermano se pasó en la clase
"mama, es mejor que da el ejemplo manana","mamá, es mejor que dé el ejemplo mañana"
no creo que llegas tarde hoy,no creo que llegues tarde hoy
"Hijo, te pido que la niña come más frutas.","Hijo, te pido que la niña coma más frutas."
ojalá que ustedes vienen a mi casa,ojalá que ustedes vengan a mi casa
Necesito que ellas empiezan ahora por favor.,Necesito que ellas empiecen ahora por favor.
para que los profesores estudian medicina siempre,para que los profesores estudien medicina siempre
Es mejor que estudiamos para el examen siempre.,Es mejor que estudiemos para el examen siempre.
Es posible que no sentimos miedo.,Es posible que no sintamos miedo.
es importante que nosotros no ponemos la mesa hoy,es importante que nosotros no pongamos la mesa hoy
"mira, te pido que el doctor viene a mi casa por favor","mira, te pido que el doctor venga a mi casa por favor"
"Por favor, no creo que tu amigo llega temprano.","Por favor, no creo que tu amigo llegue temprano."
"por favor, te pido que no das un paseo","por favor, te pido que no des un paseo"
"profe, sabemos que la profesora tiene razon por favor","profe, sabemos que la profesora tiene razón por favor"
no quiero que hay problemas,no quiero que haya problemas
"por favor, para que tu ves el problema","por favor, para que tú veas el problema"
es urgente que tu quieres salir esta vez,es urgente que tú quieras salir esta vez
"por favor, antes de que nosotros comemos en casa por favor","por favor, antes de que nosotros comamos en casa por favor"
quiero que nosotras pensamos bien las cosas esta vez,quiero que nosotras pensemos bien las cosas esta vez
"oye, creo que la profesora puede entrar tambien","oye, creo que la profesora puede entrar también"
"hijo, creo que oimos esto esta vez","hijo, creo que oímos esto esta vez"
"mira, se rompio en el patio","mira, se rompió en el patio"
es verdad que piensas en el futuro tambien,es verdad que piensas en el futuro también
Me gusta que la profesora ve el partido también.,Me gusta que la profesora vea el partido también.
no creo que nosotras queremos comer,no creo que nosotras queramos comer
"la verdad, el profesor se baño en la clase","la verdad, el profesor se bañó en la clase"
"Profe, para que estudias por la tarde hoy.","Profe, para que estudies por la tarde hoy."
"oye, mi mama quiere que el nino entiende mis razones siempre","oye, mi mamá quiere que el niño entienda mis razones siempre"
"por favor, quiero que conoce la ciudad","por favor, quiero que conozca la ciudad"
es posible que ustedes no hablan en clase hoy,es posible que ustedes no hablen en clase hoy
Mis padres esperan que tú estudias mucho.,Mis padres esperan que tú estudies mucho.
me parece que dan el ejemplo tambien,me parece que dan el ejemplo también
"hola, se porto sin querer","hola, se portó sin querer"
"mama, dice que nosotros estudiamos por la tarde","mamá, dice que nosotros estudiamos por la tarde"
"oye, me alegra que nosotros seguimos las reglas esta vez","oye, me alegra que nosotros sigamos las reglas esta vez"
se perdio en la clase,se perdió en la clase
"por favor, mis padres esperan que tu pides permiso manana","por favor, mis padres esperan que tú pidas permiso mañana"
prefiero que los niños juegan en la calle mañana,prefiero que los niños jueguen en la calle mañana
"mira, para que no oyes esto por favor","mira, para que no oigas esto por favor"
"hola, es importante que ellas vienen a la reunion","hola, es importante que ellas vengan a la reunión"
dudo que duermes temprano esta vez,dudo que duermas temprano esta vez
el profesor quiere que ellos piden ayuda,el profesor quiere que ellos pidan ayuda
deseo que mis hermanos entienden el problema tambien,deseo que mis hermanos entiendan el problema también
"mira, es cierto que podemos descansar manana","mira, es cierto que podemos descansar mañana"
Mis padres esperan que mi hermano piensa así hoy.,Mis padres esperan que mi hermano piense así hoy.
dudo que el niño no conoce la ciudad hoy,dudo que el niño no conozca la ciudad hoy
"oye, esta claro que nosotras decimos tu nombre","oye, está claro que nosotras decimos tu nombre"
es importante que nosotros dormimos un poco,es importante que nosotros durmamos un poco
"Profe, mis padres esperan que el niño no empieza la clase hoy.","Profe, mis padres esperan que el niño no empiece la clase hoy."
"por favor, ojalá no llegamos pronto","por favor, ojalá no lleguemos pronto"
el profesor quiere que nosotras estudiamos por la tarde esta vez,el profesor quiere que nosotras estudiemos por la tarde esta vez
"Hijo, veo que tu amigo busca otra solucion tambien.","Hijo, veo que tu amigo busca otra solución también."
"hola, me parece que tus amigos estan aqui hoy","hola, me parece que tus amigos están aquí hoy"
Me gusta que tú buscas el libro también.,Me gusta que tú busques el libro también.
"Por favor, me parece que el nino llega a la meta hoy.","Por favor, me parece que el niño llega a la meta hoy."
Prefiero que hay problemas.,Prefiero que haya problemas.
"profe, me alegra que nosotras vamos al colegio por favor","profe, me alegra que nosotras vayamos al colegio por favor"
"profe, no quiero que ellas hablan más fuerte esta vez","profe, no quiero que ellas hablen más fuerte esta vez"
"por favor, es necesario que tu hermana conoce la ciudad siempre","por favor, es necesario que tu hermana conozca la ciudad siempre"
"La verdad, tu primo se rio muy rápido.","La verdad, tu primo se rió muy rápido."
"por favor, es cierto que mi papa llega a tiempo esta vez","por favor, es cierto que mi papá llega a tiempo esta vez"
"Profe, no quiero que los niños traen el permiso firmado también.","Profe, no quiero que los niños traigan el permiso firmado también."
"mama, ojala nosotros jugamos en la calle siempre","mamá, ojalá nosotros juguemos en la calle siempre"
para que la profesora quiere comer por favor,para que la profesora quiera comer por favor
"profe, ojalá que el niño hace silencio","profe, ojalá que el niño haga silencio"
"hola, pienso que tu conoces el museo hoy","hola, pienso que tú conoces el museo hoy"
"oye, te pido que tú no llegas temprano siempre","oye, te pido que tú no llegues temprano siempre"
"profe, es urgente que mis hermanos siguen el camino hoy","profe, es urgente que mis hermanos sigan el camino hoy"
"hijo, es importante que el doctor pone el abrigo mañana","hijo, es importante que el doctor ponga el abrigo mañana"
hace falta que tu puedes venir tambien,hace falta que tú puedas venir también
es mejor que ella sigue el camino,es mejor que ella siga el camino
mis padres esperan que los niños juegan con cuidado por favor,mis padres esperan que los niños jueguen con cuidado por favor
"por favor, hace falta que nosotros dormimos bien tambien","por favor, hace falta que nosotros durmamos bien también"
mi mamá quiere que nosotros volvemos a intentarlo mañana,mi mamá quiere que nosotros volvamos a intentarlo mañana
"profe, me gusta que tus amigos sienten frío","profe, me gusta que tus amigos sientan frío"
te pido que los niños juegan en la calle hoy,te pido que los niños jueguen en la calle hoy
"Hijo, es necesario que ellas quieren salir mañana.","Hijo, es necesario que ellas quieran salir mañana."
"mamá, no quiero que mi mamá quiere ayudar","mamá, no quiero que mi mamá quiera ayudar"
hace falta que nosotras no vemos el problema también,hace falta que nosotras no veamos el problema también
quiero que salimos de casa tambien,quiero que salgamos de casa también
"Por favor, me alegra que vas a la playa.","Por favor, me alegra que vayas a la playa."
"oye, mi mama quiere que tenemos tiempo","oye, mi mamá quiere que tengamos tiempo"
"mamá, espero que tú ves esto","mamá, espero que tú veas esto"
es mejor que los estudiantes hablan en espanol por favor,es mejor que los estudiantes hablen en español por favor
Mi hermano se baño sin querer.,Mi hermano se bañó sin querer.
"Oye, el profesor se llamo en el patio.","Oye, el profesor se llamó en el patio."
"oye, te pido que el doctor vuelve mañana","oye, te pido que el doctor vuelva mañana"
"mamá, antes de que los niños siguen estudiando hoy","mamá, antes de que los niños sigan estudiando hoy"
el se rio en el patio,él se rió en el patio
"mamá, ojalá que mi mamá ve el problema hoy","mamá, ojalá que mi mamá vea el problema hoy"
es posible que la nina no habla mas fuerte tambien,es posible que la niña no hable más fuerte también
"Hijo, me alegra que nosotras queremos ayudar siempre.","Hijo, me alegra que nosotras queramos ayudar siempre."
"por favor, te pido que tú dices algo","por favor, te pido que tú digas algo"
"la verdad, mis padres esperan que tu pones orden en el cuarto por favor","la verdad, mis padres esperan que tú pongas orden en el cuarto por favor"
pienso que estan atento manana,pienso que están atento mañana
"mira, te pido que volvemos mañana","mira, te pido que volvamos mañana"
"mira, espero que tú duermes en clase hoy","mira, espero que tú duermas en clase hoy"
Él se canso ayer.,Él se cansó ayer.
"la verdad, te pido que dormimos en clase","la verdad, te pido que durmamos en clase"
"hola, te pido que entiendes esto esta vez","hola, te pido que entiendas esto esta vez"
"mira, deseo que tú no juegas en el parque","mira, deseo que tú no juegues en el parque"
"hijo, necesito que el doctor pone el abrigo hoy","hijo, necesito que el doctor ponga el abrigo hoy"
me gusta que nosotras hablamos en clase tambien,me gusta que nosotras hablemos en clase también
"hijo, te pido que los profesores juegan en la calle","hijo, te pido que los profesores jueguen en la calle"
"oye, seguro que tu dices eso","oye, seguro que tú dices eso"
para que hay problemas,para que haya problemas
"Por favor, el profesor quiere que nosotros volvemos temprano por favor.","Por favor, el profesor quiere que nosotros volvamos temprano por favor."
"la verdad, para que ella llega tarde por favor","la verdad, para que ella llegue tarde por favor"
mis padres esperan que la niña no estudia para el examen mañana,mis padres esperan que la niña no estudie para el examen mañana
"Por favor, mis padres esperan que tú no estás atento siempre.","Por favor, mis padres esperan que tú no estés atento siempre."
"la verdad, mis padres esperan que mis padres ven la película esta vez","la verdad, mis padres esperan que mis padres vean la película esta vez"
el profesor quiere que ella viene a la reunión hoy,el profesor quiere que ella venga a la reunión hoy
"hola, deseo que ellas piden ayuda siempre","hola, deseo que ellas pidan ayuda siempre"
"Por favor, te pido que el niño no tiene todo listo.","Por favor, te pido que el niño no tenga todo listo."
"por favor, para que nosotros no podemos ayudar también","por favor, para que nosotros no podamos ayudar también"
"mama, no creo que mi papa pide ayuda","mamá, no creo que mi papá pida ayuda"
"Hijo, prefiero que tú no sales de casa siempre.","Hijo, prefiero que tú no salgas de casa siempre."
me dijo que el nino estudia por la tarde,me dijo que el niño estudia por la tarde
"la verdad, no quiero que tu amigo pide más comida también","la verdad, no quiero que tu amigo pida más comida también"
"por favor, seguro que tu piensas en eso siempre","por favor, seguro que tú piensas en eso siempre"
"hola, mi mama quiere que hablamos en clase hoy","hola, mi mamá quiere que hablemos en clase hoy"
"Oye, el profesor quiere que hacemos las cosas bien también.","Oye, el profesor quiere que hagamos las cosas bien también."
"profe, para que nosotras seguimos adelante esta vez","profe, para que nosotras sigamos adelante esta vez"
"la verdad, para que los niños estudian por la tarde hoy","la verdad, para que los niños estudien por la tarde hoy"
"Frasier, antes de que sigues... anoche compartí mi cama con un perro.","Frasier, antes de que sigas... anoche compartí mi cama con un perro."
Quiero que tenemos suerte esta vez.,Quiero que tengamos suerte esta vez.
"mira, me gusta que estudias por la tarde","mira, me gusta que estudies por la tarde"
"profe, quiero que tú sabes eso siempre","profe, quiero que tú sepas eso siempre"
"profe, mi mamá quiere que él estudia para el examen siempre","profe, mi mamá quiere que él estudie para el examen siempre"
El perro se enojo en el patio.,El perro se enojó en el patio.
"Profe, mi mamá se levanto de repente.","Profe, mi mamá se levantó de repente."
ojalá que estás listo a las ocho siempre,ojalá que estés listo a las ocho siempre
prefiero que nosotros queremos salir por favor,prefiero que nosotros queramos salir por favor
"Hijo, ojalá tu amigo entiende la lección hoy.","Hijo, ojalá tu amigo entienda la lección hoy."
"por favor, antes de que tú no vienes a mi casa esta vez","por favor, antes de que tú no vengas a mi casa esta vez"
"mira, no quiero que ellas buscan el libro siempre","mira, no quiero que ellas busquen el libro siempre"
quiero que mis padres son amable hoy,quiero que mis padres sean amable hoy
"mira, el profesor se paso de repente","mira, el profesor se pasó de repente"
"profe, prefiero que mi hermano estudia por la tarde siempre","profe, prefiero que mi hermano estudie por la tarde siempre"
"por favor, para que las niñas empiezan temprano","por favor, para que las niñas empiecen temprano"
Ella se escapo de repente.,Ella se escapó de repente.
es importante que podemos entrar esta vez,es importante que podamos entrar esta vez
es necesario que tu vienes a la reunion por favor,es necesario que tú vengas a la reunión por favor
"la verdad, quiero que mi mamá empieza la tarea","la verdad, quiero que mi mamá empiece la tarea"
"mamá, es importante que tú juegas fútbol","mamá, es importante que tú juegues fútbol"
"profe, necesito que ustedes sienten lo mismo","profe, necesito que ustedes sientan lo mismo"
"Oye, para que damos el ejemplo también.","Oye, para que demos el ejemplo también."
me dijo que el nino piensa asi esta vez,me dijo que el niño piensa así esta vez
Mi hermano se quedo en el patio.,Mi hermano se quedó en el patio.
sabemos que escribes con letra clara tambien,sabemos que escribes con letra clara también
prefiero que hay un examen,prefiero que haya un examen
"hola, prefiero que ustedes juegan despues de comer","hola, prefiero que ustedes jueguen después de comer"
"mira, necesito que nosotras salimos con tus amigos","mira, necesito que nosotras salgamos con tus amigos"
no quiero que la nina escribe bien tambien,no quiero que la niña escriba bien también
te pido que vas con ellos siempre,te pido que vayas con ellos siempre
"hijo, es urgente que los estudiantes traen la comida manana","hijo, es urgente que los estudiantes traigan la comida mañana"
"Mira, deseo que nosotras no tenemos razón también.","Mira, deseo que nosotras no tengamos razón también."
"hijo, me alegra que la profesora busca tus cosas esta vez","hijo, me alegra que la profesora busque tus cosas esta vez"
el profesor quiere que tú haces la cena,el profesor quiere que tú hagas la cena
"hola, se caso al final","hola, se casó al final"
Me alegra que la niña come verduras mañana.,Me alegra que la niña coma verduras mañana.
"por favor, pienso que mi mama sabe eso","por favor, pienso que mi mamá sabe eso"
"mama, se que tus amigos leen en voz alta hoy","mamá, sé que tus amigos leen en voz alta hoy"
Deseo que la niña duerme ocho horas mañana.,Deseo que la niña duerma ocho horas mañana.
ojala que tu no traes los libros por favor,ojalá que tú no traigas los libros por favor
es importante que hay un examen,es importante que haya un examen
seguro que tu das el ejemplo,seguro que tú das el ejemplo
esta claro que juegan en el parque tambien,está claro que juegan en el parque también
"por favor, es posible que tú haces ejercicio siempre","por favor, es posible que tú hagas ejercicio siempre"
el profesor se bano toda la tarde,el profesor se bañó toda la tarde
Deseo que tú no sientes vergüenza mañana.,Deseo que tú no sientas vergüenza mañana.
"Mira, mis padres esperan que ellos oyen al profesor siempre.","Mira, mis padres esperan que ellos oigan al profesor siempre."
te pido que tenemos cuidado hoy,te pido que tengamos cuidado hoy
"por favor, mi mama quiere que no estamos aqui","por favor, mi mamá quiere que no estemos aquí"
espero que el niño no ve la película siempre,espero que el niño no vea la película siempre
"profe, es mejor que piensan asi por favor","profe, es mejor que piensen así por favor"
"Hijo, hace falta que mis hermanos traen la comida.","Hijo, hace falta que mis hermanos traigan la comida."
"La verdad, hace falta que la profesora juega en la calle esta vez.","La verdad, hace falta que la profesora juegue en la calle esta vez."
"La verdad, te pido que la profesora oye esto siempre.","La verdad, te pido que la profesora oiga esto siempre."
"La verdad, es posible que tú puedes terminar hoy.","La verdad, es posible que tú puedas terminar hoy."
"oye, se caso toda la tarde","oye, se casó toda la tarde"
Dudo que tú haces la tarea también.,Dudo que tú hagas la tarea también.
se canso ayer,se cansó ayer
"mamá, es posible que estudiamos mucho","mamá, es posible que estudiemos mucho"
"oye, espero que sienten verguenza hoy","oye, espero que sientan vergüenza hoy"
para que nosotras damos la respuesta esta vez,para que nosotras demos la respuesta esta vez
"hola, es necesario que sabe leer bien tambien","hola, es necesario que sepa leer bien también"
ojala no estas bien manana,ojalá no estés bien mañana
"mira, es importante que somos feliz siempre","mira, es importante que seamos feliz siempre"
"mira, se asusto por la manana","mira, se asustó por la mañana"
"Mira, es mejor que sabes nadar hoy.","Mira, es mejor que sepas nadar hoy."
"oye, para que nosotros comemos todo por favor","oye, para que nosotros comamos todo por favor"
"Hijo, antes de que venimos conmigo por favor.","Hijo, antes de que vengamos conmigo por favor."
hace falta que los profesores dan la mano tambien,hace falta que los profesores den la mano también
"Hola, antes de que volvemos temprano.","Hola, antes de que volvamos temprano."
"mama, quiero que el doctor pide perdon","mamá, quiero que el doctor pida perdón"
ojalá volvemos temprano siempre,ojalá volvamos temprano siempre
"mamá, no creo que mis padres duermen en clase también","mamá, no creo que mis padres duerman en clase también"
no creo que mi mamá tiene todo listo,no creo que mi mamá tenga todo listo
"mamá, para que el niño sabe la respuesta siempre","mamá, para que el niño sepa la respuesta siempre"
"mira, mi mamá quiere que tú sigues adelante también","mira, mi mamá quiere que tú sigas adelante también"
"Profe, es mejor que nosotros salimos de casa.","Profe, es mejor que nosotros salgamos de casa."
"hijo, es mejor que nosotras sabemos la verdad por favor","hijo, es mejor que nosotras sepamos la verdad por favor"
"Mamá, es importante que nosotros hablamos en clase también.","Mamá, es importante que nosotros hablemos en clase también."
"mira, ojalá que tu hermana está en casa","mira, ojalá que tu hermana esté en casa"
"mira, prefiero que nosotros hablamos en clase mañana","mira, prefiero que nosotros hablemos en clase mañana"
"hola, ojalá que nosotros queremos comer hoy","hola, ojalá que nosotros queramos comer hoy"
espero que los profesores van con ellos por favor,espero que los profesores vayan con ellos por favor
"Mira, el profesor quiere que piensan en eso hoy.","Mira, el profesor quiere que piensen en eso hoy."
Hace falta que las niñas piden perdón.,Hace falta que las niñas pidan perdón.
"mira, tu primo se enojo por la mañana","mira, tu primo se enojó por la mañana"
"Por favor, se que mis hermanos buscan tus cosas siempre.","Por favor, sé que mis hermanos buscan tus cosas siempre."
Quiero que ellas empiezan temprano por favor.,Quiero que ellas empiecen temprano por favor.
"mira, no quiero que haces silencio esta vez","mira, no quiero que hagas silencio esta vez"
"mama, no creo que tu ves el partido manana","mamá, no creo que tú veas el partido mañana"
"mira, me alegra que nosotros llegamos a la meta","mira, me alegra que nosotros lleguemos a la meta"
pienso que hacemos un dibujo tambien,pienso que hacemos un dibujo también
"Oye, mi hermano se porto toda la tarde.","Oye, mi hermano se portó toda la tarde."
"Hijo, es urgente que mi hermano escribe tu nombre mañana.","Hijo, es urgente que mi hermano escriba tu nombre mañana."
"hijo, el se llamo de repente","hijo, él se llamó de repente"
"La verdad, me alegra que no queremos comer esta vez.","La verdad, me alegra que no queramos comer esta vez."
"Hijo, es importante que tu hermana da un paseo también.","Hijo, es importante que tu hermana dé un paseo también."
Mi mamá quiere que él no va al colegio mañana.,Mi mamá quiere que él no vaya al colegio mañana.
"profe, me alegra que pides ayuda siempre","profe, me alegra que pidas ayuda siempre"
"Mamá, el profesor quiere que nosotras queremos ayudar hoy.","Mamá, el profesor quiere que nosotras queramos ayudar hoy."
Antes de que tu hermana llega a tiempo mañana.,Antes de que tu hermana llegue a tiempo mañana.
es mejor que vemos el problema por favor,es mejor que veamos el problema por favor
"Oye, quiero que él sabe cuidarte por favor.","Oye, quiero que él sepa cuidarte por favor."
mis padres esperan que el doctor conoce el museo,mis padres esperan que el doctor conozca el museo
"Profe, mi mamá quiere que mi papá dice mentiras hoy.","Profe, mi mamá quiere que mi papá diga mentiras hoy."
prefiero que usted habla en español,prefiero que usted hable en español
"Mira, el profesor quiere que tú eres así también.","Mira, el profesor quiere que tú seas así también."
"hijo, no quiero que no escribes con letra clara tambien","hijo, no quiero que no escribas con letra clara también"
"Por favor, se que el trae el cuaderno tambien.","Por favor, sé que él trae el cuaderno también."
"mira, es cierto que los ninos traen el cuaderno esta vez","mira, es cierto que los niños traen el cuaderno esta vez"
"oye, es urgente que nosotros volvemos pronto","oye, es urgente que nosotros volvamos pronto"
Dudo que tú no llegas pronto hoy.,Dudo que tú no llegues pronto hoy.
te pido que nosotros damos un paseo,te pido que nosotros demos un paseo
Necesito que no pides perdón siempre.,Necesito que no pidas perdón siempre.
"Hola, se que buscamos trabajo manana.","Hola, sé que buscamos trabajo mañana."
"hola, no creo que usted empieza ahora esta vez","hola, no creo que usted empiece ahora esta vez"
"oye, ojalá tú juegas después de comer mañana","oye, ojalá tú juegues después de comer mañana"
"oye, dudo que pones los libros aqui siempre","oye, dudo que pongas los libros aquí siempre"
antes de que mis padres juegan en la calle esta vez,antes de que mis padres jueguen en la calle esta vez
"profe, mis padres esperan que nosotros vamos solo también","profe, mis padres esperan que nosotros vayamos solo también"
necesito que tu entiendes la pregunta tambien,necesito que tú entiendas la pregunta también
"la verdad, mi mamá quiere que traes agua siempre","la verdad, mi mamá quiere que traigas agua siempre"
"la verdad, prefiero que das un paseo siempre","la verdad, prefiero que des un paseo siempre"
"hola, mi mamá quiere que usted trae la comida también","hola, mi mamá quiere que usted traiga la comida también"
Es necesario que tú pides permiso siempre.,Es necesario que tú pidas permiso siempre.
"hola, me parece que la nina pone la mesa hoy","hola, me parece que la niña pone la mesa hoy"
"Mira, prefiero que nosotros dormimos en clase siempre.","Mira, prefiero que nosotros durmamos en clase siempre."
"Oye, hace falta que estudiamos medicina mañana.","Oye, hace falta que estudiemos medicina mañana."
"profe, mi mamá quiere que la profesora es responsable","profe, mi mamá quiere que la profesora sea responsable"
"hijo, me gusta que el niño oye bien","hijo, me gusta que el niño oiga bien"
prefiero que no dormimos bien,prefiero que no durmamos bien
"hijo, pienso que tu entiendes la pregunta tambien","hijo, pienso que tú entiendes la pregunta también"
"Hola, ojalá que la profesora habla despacio siempre.","Hola, ojalá que la profesora hable despacio siempre."
Me gusta que ella dice la verdad por favor.,Me gusta que ella diga la verdad por favor.
"mira, mi hermano se llamo en la clase","mira, mi hermano se llamó en la clase"
es urgente que hablas más fuerte esta vez,es urgente que hables más fuerte esta vez
Quiero que la niña da el ejemplo siempre.,Quiero que la niña dé el ejemplo siempre.
"Profe, pienso que mis padres comen en casa manana.","Profe, pienso que mis padres comen en casa mañana."
"por favor, prefiero que él está tranquilo hoy","por favor, prefiero que él esté tranquilo hoy"
"oye, mis padres esperan que nosotros vamos con ellos por favor","oye, mis padres esperan que nosotros vayamos con ellos por favor"
La niña se rio ayer.,La niña se rió ayer.
"Por favor, me dijo que los ninos van a dormir hoy.","Por favor, me dijo que los niños van a dormir hoy."
"Profe, no creo que duerme un poco también.","Profe, no creo que duerma un poco también."
"Oye, el profesor quiere que tú escribes con letra clara esta vez.","Oye, el profesor quiere que tú escribas con letra clara esta vez."
el profesor quiere que pones los libros aqui siempre,el profesor quiere que pongas los libros aquí siempre
"hijo, no quiero que mis hermanos dan las gracias","hijo, no quiero que mis hermanos den las gracias"
"Profe, prefiero que tú traes la comida también.","Profe, prefiero que tú traigas la comida también."
antes de que mi hermano conoce el museo hoy,antes de que mi hermano conozca el museo hoy
"Por favor, deseo que los niños pueden descansar hoy.","Por favor, deseo que los niños puedan descansar hoy."
Pienso que tu pones atencion hoy.,Pienso que tú pones atención hoy.
"Por favor, es necesario que mi hermano habla con ella por favor.","Por favor, es necesario que mi hermano hable con ella por favor."
"Hola, no quiero que tu amigo sabe eso también.","Hola, no quiero que tu amigo sepa eso también."
"hijo, mis padres esperan que el doctor viene con nosotros tambien","hijo, mis padres esperan que el doctor venga con nosotros también"
"La verdad, ojalá que mi papá llega antes que yo mañana.","La verdad, ojalá que mi papá llegue antes que yo mañana."
es mejor que nosotros sabemos cuidarte también,es mejor que nosotros sepamos cuidarte también
"Hola, no creo que sigue estudiando por favor.","Hola, no creo que siga estudiando por favor."
"Mamá, necesito que ellos tienen tiempo.","Mamá, necesito que ellos tengan tiempo."
"oye, me gusta que mis padres buscan la respuesta","oye, me gusta que mis padres busquen la respuesta"
"oye, es urgente que el niño sale tan tarde también","oye, es urgente que el niño salga tan tarde también"
"hola, mis padres esperan que nosotros queremos ayudar hoy","hola, mis padres esperan que nosotros queramos ayudar hoy"
"Hola, deseo que nosotras pensamos en eso también.","Hola, deseo que nosotras pensemos en eso también."
"mamá, es mejor que nosotras traemos el permiso firmado","mamá, es mejor que nosotras traigamos el permiso firmado"
"Hola, antes de que ellos saben eso.","Hola, antes de que ellos sepan eso."
"Mamá, ojalá ellos quieren ayudar esta vez.","Mamá, ojalá ellos quieran ayudar esta vez."
"mira, es mejor que el doctor hace ejercicio siempre","mira, es mejor que el doctor haga ejercicio siempre"
"oye, es necesario que la profesora oye el ruido hoy","oye, es necesario que la profesora oiga el ruido hoy"
para que tu vienes a la reunion siempre,para que tú vengas a la reunión siempre
quiero que no empezamos de nuevo hoy,quiero que no empecemos de nuevo hoy
quiero que nosotros sabemos cuidarte,quiero que nosotros sepamos cuidarte
"oye, mis padres esperan que saben cuidarte hoy","oye, mis padres esperan que sepan cuidarte hoy"
Deseo que nosotros vemos el partido esta vez.,Deseo que nosotros veamos el partido esta vez.
"La verdad, hace falta que mis padres no hablan en español también.","La verdad, hace falta que mis padres no hablen en español también."
"hijo, es importante que oímos esto siempre","hijo, es importante que oigamos esto siempre"
"la verdad, es posible que tú ves esto esta vez","la verdad, es posible que tú veas esto esta vez"
"la verdad, mis padres esperan que volvemos mañana siempre","la verdad, mis padres esperan que volvamos mañana siempre"
es mejor que nosotros seguimos las reglas por favor,es mejor que nosotros sigamos las reglas por favor
"mama, el profesor quiere que conocen a mis amigos tambien","mamá, el profesor quiere que conozcan a mis amigos también"
"oye, para que nosotros pedimos otra oportunidad","oye, para que nosotros pidamos otra oportunidad"
"la verdad, es mejor que mis hermanos traen agua esta vez","la verdad, es mejor que mis hermanos traigan agua esta vez"
"la verdad, dudo que nosotros empezamos la clase esta vez","la verdad, dudo que nosotros empecemos la clase esta vez"
"la verdad, es mejor que dices mentiras esta vez","la verdad, es mejor que digas mentiras esta vez"
Ojalá hay clases mañana.,Ojalá haya clases mañana.
mi mama se levanto en el patio,mi mamá se levantó en el patio
veo que buscas otra solucion siempre,veo que buscas otra solución siempre
Tu primo se quedo de repente.,Tu primo se quedó de repente.
es urgente que mi mamá hace silencio siempre,es urgente que mi mamá haga silencio siempre
"mama, me dijo que el doctor piensa en eso manana","mamá, me dijo que el doctor piensa en eso mañana"
"mira, no creo que nosotros oimos bien","mira, no creo que nosotros oigamos bien"
"profe, antes de que el habla mas fuerte","profe, antes de que él hable más fuerte"
"mira, quiero que las ninas saben la verdad esta vez","mira, quiero que las niñas sepan la verdad esta vez"
"profe, es posible que mi mamá quiere ayudar por favor","profe, es posible que mi mamá quiera ayudar por favor"
"oye, deseo que nosotros volvemos manana hoy","oye, deseo que nosotros volvamos mañana hoy"
Esta claro que hacemos la tarea por favor.,Está claro que hacemos la tarea por favor.
"hola, dudo que tú no hablas más fuerte","hola, dudo que tú no hables más fuerte"
"oye, es importante que la niña pide ayuda por favor","oye, es importante que la niña pida ayuda por favor"
"Hola, quiero que nosotras no somos responsable hoy.","Hola, quiero que nosotras no seamos responsable hoy."
"Por favor, espero que tú hablas en clase siempre.","Por favor, espero que tú hables en clase siempre."
"por favor, para que tu amigo quiere estudiar hoy","por favor, para que tu amigo quiera estudiar hoy"
el profesor quiere que juegan futbol,el profesor quiere que jueguen fútbol
"oye, seguro que tu escribes tu nombre hoy","oye, seguro que tú escribes tu nombre hoy"
"profe, me alegra que mi hermano no entiende la pregunta hoy","profe, me alegra que mi hermano no entienda la pregunta hoy"
sabemos que tu sigues adelante,sabemos que tú sigues adelante
"hola, necesito que los ninos dan la respuesta","hola, necesito que los niños den la respuesta"
"hijo, es necesario que ustedes estan en casa","hijo, es necesario que ustedes estén en casa"
"mamá, prefiero que vuelves pronto","mamá, prefiero que vuelvas pronto"
Es urgente que mi papá pone atención por favor.,Es urgente que mi papá ponga atención por favor.
es posible que empezamos la tarea hoy,es posible que empecemos la tarea hoy
"Profe, ojalá traen agua hoy.","Profe, ojalá traigan agua hoy."
es cierto que nosotras buscamos otra solucion siempre,es cierto que nosotras buscamos otra solución siempre
es posible que él busca trabajo,es posible que él busque trabajo
Me gusta que nosotros hablamos en español hoy.,Me gusta que nosotros hablemos en español hoy.
"oye, para que nosotras llegamos antes que yo tambien","oye, para que nosotras lleguemos antes que yo también"
se que la profesora empieza temprano,sé que la profesora empieza temprano
"oye, el profesor quiere que los profesores ponen la mesa esta vez","oye, el profesor quiere que los profesores pongan la mesa esta vez"
"la verdad, te pido que tu hermana escribe el cuento esta vez","la verdad, te pido que tu hermana escriba el cuento esta vez"
Te pido que mis padres quieren ayudar.,Te pido que mis padres quieran ayudar.
la niña se olvido en el patio,la niña se olvidó en el patio
"profe, mi mamá quiere que nosotros no hablamos en español por favor","profe, mi mamá quiere que nosotros no hablemos en español por favor"
es urgente que pides permiso,es urgente que pidas permiso
quiero que las niñas no estudian medicina mañana,quiero que las niñas no estudien medicina mañana
Mis padres esperan que nosotros no pensamos bien las cosas por favor.,Mis padres esperan que nosotros no pensemos bien las cosas por favor.
"mira, me gusta que la profesora ve esto por favor","mira, me gusta que la profesora vea esto por favor"
me gusta que mi hermano empieza la clase,me gusta que mi hermano empiece la clase
"Oye, deseo que los profesores van con ellos también.","Oye, deseo que los profesores vayan con ellos también."
espero que nosotras pedimos perdón por favor,espero que nosotras pidamos perdón por favor
"por favor, es verdad que el nino lee el libro tambien","por favor, es verdad que el niño lee el libro también"
no creo que hay un examen,no creo que haya un examen
"hijo, el se callo al final","hijo, él se calló al final"
"Por favor, mis padres esperan que sabe la verdad mañana.","Por favor, mis padres esperan que sepa la verdad mañana."
"profe, espero que tú vienes a mi casa mañana","profe, espero que tú vengas a mi casa mañana"
"Hola, necesito que usted no habla con ella siempre.","Hola, necesito que usted no hable con ella siempre."
"mira, prefiero que tu no tienes razon","mira, prefiero que tú no tengas razón"
es importante que pensamos en el futuro mañana,es importante que pensemos en el futuro mañana
ojala el doctor busca la respuesta,ojalá el doctor busque la respuesta
Deseo que mi hermano quiere estudiar esta vez.,Deseo que mi hermano quiera estudiar esta vez.
"mamá, te pido que puedes ayudar","mamá, te pido que puedas ayudar"
mi mamá quiere que mi papá piensa antes de hablar,mi mamá quiere que mi papá piense antes de hablar
"la verdad, necesito que tu hermana no sigue así siempre","la verdad, necesito que tu hermana no siga así siempre"
"mamá, ojalá que tus amigos salen tan tarde","mamá, ojalá que tus amigos salgan tan tarde"
me dijo que tu escribes bien,me dijo que tú escribes bien
"Profe, él se enojo muy rápido.","Profe, él se enojó muy rápido."
"Oye, no quiero que estamos bien.","Oye, no quiero que estemos bien."
"oye, ojala la profesora va al medico","oye, ojalá la profesora vaya al médico"
"mira, es mejor que él viene a mi casa siempre","mira, es mejor que él venga a mi casa siempre"
"por favor, es urgente que tu no haces un dibujo hoy","por favor, es urgente que tú no hagas un dibujo hoy"
"Hola, ojalá que ustedes empiezan la tarea siempre.","Hola, ojalá que ustedes empiecen la tarea siempre."
Esta claro que mis hermanos pueden jugar hoy.,Está claro que mis hermanos pueden jugar hoy.
"hijo, ojala que los ninos estan tranquilo esta vez","hijo, ojalá que los niños estén tranquilo esta vez"
"profe, mis padres esperan que ella duerme temprano manana","profe, mis padres esperan que ella duerma temprano mañana"
el profesor quiere que tu duermes bien,el profesor quiere que tú duermas bien
"Hijo, necesito que ella no pide perdón por favor.","Hijo, necesito que ella no pida perdón por favor."
prefiero que no comes más frutas por favor,prefiero que no comas más frutas por favor
"Profe, el profesor se lavo en el recreo.","Profe, el profesor se lavó en el recreo."
"la verdad, creo que nosotros traemos el cuaderno manana","la verdad, creo que nosotros traemos el cuaderno mañana"
veo que mis padres vienen manana siempre,veo que mis padres vienen mañana siempre
"mira, espero que tú sabes cuidarte siempre","mira, espero que tú sepas cuidarte siempre"
"profe, prefiero que el doctor tiene todo listo","profe, prefiero que el doctor tenga todo listo"
"oye, veo que usted habla en espanol esta vez","oye, veo que usted habla en español esta vez"
Me gusta que sabemos nadar.,Me gusta que sepamos nadar.
"hola, mi mama quiere que estudias por la tarde tambien","hola, mi mamá quiere que estudies por la tarde también"
"mira, para que nosotros pedimos otra oportunidad esta vez","mira, para que nosotros pidamos otra oportunidad esta vez"
"profe, antes de que tú sigues adelante esta vez","profe, antes de que tú sigas adelante esta vez"
"la verdad, mi mama quiere que nosotros escribimos el cuento esta vez","la verdad, mi mamá quiere que nosotros escribamos el cuento esta vez"
"Oye, pienso que las ninas vuelven pronto.","Oye, pienso que las niñas vuelven pronto."
"hola, ojala que tu sientes dolor","hola, ojalá que tú sientas dolor"
"hijo, mis padres esperan que tú vuelves a casa también","hijo, mis padres esperan que tú vuelvas a casa también"
"mira, no quiero que nosotras sabemos leer bien siempre","mira, no quiero que nosotras sepamos leer bien siempre"
"mira, no quiero que la profesora estudia mucho también","mira, no quiero que la profesora estudie mucho también"
es urgente que tu duermes ocho horas,es urgente que tú duermas ocho horas
prefiero que tú estudias mucho esta vez,prefiero que tú estudies mucho esta vez
"mira, me parece que tus amigos piden perdon manana","mira, me parece que tus amigos piden perdón mañana"
"Oye, te pido que usted puede entrar.","Oye, te pido que usted pueda entrar."
"profe, necesito que tú traes los libros también","profe, necesito que tú traigas los libros también"
"Mira, mi hermano se baño muy rápido.","Mira, mi hermano se bañó muy rápido."
"mira, es urgente que mis padres dicen algo","mira, es urgente que mis padres digan algo"
es posible que hay sitio,es posible que haya sitio
"por favor, el profesor quiere que tú sales con tus amigos esta vez","por favor, el profesor quiere que tú salgas con tus amigos esta vez"
"mama, creo que tu juegas futbol esta vez","mamá, creo que tú juegas fútbol esta vez"
"Hijo, es necesario que tú estudias en silencio.","Hijo, es necesario que tú estudies en silencio."
"La verdad, me gusta que nosotros sabemos la verdad mañana.","La verdad, me gusta que nosotros sepamos la verdad mañana."
"la verdad, sabemos que tu haces las cosas bien manana","la verdad, sabemos que tú haces las cosas bien mañana"
"profe, el perro se durmio sin querer","profe, el perro se durmió sin querer"
"oye, prefiero que nosotros buscamos el libro","oye, prefiero que nosotros busquemos el libro"
quiero que hay problemas,quiero que haya problemas
"hijo, ojalá das el ejemplo también","hijo, ojalá des el ejemplo también"
te pido que ellos dicen lo que piensas mañana,te pido que ellos digan lo que piensas mañana
"mira, ojala que ellos comen todo","mira, ojalá que ellos coman todo"
"la verdad, el profesor quiere que mis hermanos van a dormir mañana","la verdad, el profesor quiere que mis hermanos vayan a dormir mañana"
"la verdad, me alegra que juegan con cuidado","la verdad, me alegra que jueguen con cuidado"
"La verdad, hace falta que tu hermana va al colegio por favor.","La verdad, hace falta que tu hermana vaya al colegio por favor."
es necesario que mi mama pone el abrigo,es necesario que mi mamá ponga el abrigo
"mira, me gusta que ella juega después de comer por favor","mira, me gusta que ella juegue después de comer por favor"
"la verdad, necesito que el no trae los libros esta vez","la verdad, necesito que él no traiga los libros esta vez"
"profe, antes de que usted trae los libros esta vez","profe, antes de que usted traiga los libros esta vez"
"Hola, antes de que ella juega en la calle por favor.","Hola, antes de que ella juegue en la calle por favor."
"Hola, es verdad que el nino quiere estudiar hoy.","Hola, es verdad que el niño quiere estudiar hoy."
"mama, el profesor quiere que tu amigo da las gracias","mamá, el profesor quiere que tu amigo dé las gracias"
"la verdad, es importante que sabemos la verdad hoy","la verdad, es importante que sepamos la verdad hoy"
"la verdad, dudo que ella llega temprano tambien","la verdad, dudo que ella llegue temprano también"
"por favor, no quiero que nosotras pedimos permiso","por favor, no quiero que nosotras pidamos permiso"
"hola, quiero que tu quieres salir por favor","hola, quiero que tú quieras salir por favor"
"profe, me alegra que tu hermana lee mucho tambien","profe, me alegra que tu hermana lea mucho también"
"Mama, se que hace ejercicio esta vez.","Mamá, sé que hace ejercicio esta vez."
"mira, me gusta que la profesora viene temprano esta vez","mira, me gusta que la profesora venga temprano esta vez"
"La verdad, prefiero que la niña vuelve mañana también.","La verdad, prefiero que la niña vuelva mañana también."
"profe, mis padres esperan que nosotros pedimos otra oportunidad","profe, mis padres esperan que nosotros pidamos otra oportunidad"
"la verdad, te pido que comemos más frutas por favor","la verdad, te pido que comamos más frutas por favor"
"Profe, dudo que tu hermana come en casa.","Profe, dudo que tu hermana coma en casa."
"mira, necesito que nosotros estamos listo a las ocho por favor","mira, necesito que nosotros estemos listo a las ocho por favor"
Mi mamá quiere que tú sigues el camino esta vez.,Mi mamá quiere que tú sigas el camino esta vez.
el profesor quiere que mi hermano es honesto también,el profesor quiere que mi hermano sea honesto también
"profe, deseo que las niñas siguen así esta vez","profe, deseo que las niñas sigan así esta vez"
espero que conoce la ciudad,espero que conozca la ciudad
antes de que nosotras vamos a la playa,antes de que nosotras vayamos a la playa
"mama, veo que mi hermano es responsable manana","mamá, veo que mi hermano es responsable mañana"
prefiero que mis hermanos saben leer bien,prefiero que mis hermanos sepan leer bien
no creo que mis hermanos estan listo a las ocho manana,no creo que mis hermanos estén listo a las ocho mañana
"oye, es importante que ellas no van solo hoy","oye, es importante que ellas no vayan solo hoy"
"hijo, es verdad que tu estudias para el examen tambien","hijo, es verdad que tú estudias para el examen también"
"hola, para que tus amigos salen al recreo esta vez","hola, para que tus amigos salgan al recreo esta vez"
"hijo, para que ellos son puntual siempre","hijo, para que ellos sean puntual siempre"
"oye, el profesor quiere que sentimos dolor siempre","oye, el profesor quiere que sintamos dolor siempre"
"hijo, me dijo que los ninos saben eso por favor","hijo, me dijo que los niños saben eso por favor"
"mamá, es posible que ustedes duermen bien","mamá, es posible que ustedes duerman bien"
"mamá, necesito que ustedes buscan trabajo","mamá, necesito que ustedes busquen trabajo"
"Hijo, mi mamá quiere que la niña no duerme temprano hoy.","Hijo, mi mamá quiere que la niña no duerma temprano hoy."
no creo que tu vienes a mi casa manana,no creo que tú vengas a mi casa mañana
"hijo, te pido que tu eres asi manana","hijo, te pido que tú seas así mañana"
"mira, el profesor quiere que tú pides ayuda también","mira, el profesor quiere que tú pidas ayuda también"
"oye, esta claro que la profesora juega en el parque","oye, está claro que la profesora juega en el parque"
me gusta que tu no dices algo por favor,me gusta que tú no digas algo por favor
no quiero que tu vas al colegio por favor,no quiero que tú vayas al colegio por favor
me dijo que las ninas ponen la mesa por favor,me dijo que las niñas ponen la mesa por favor
es urgente que las niñas vienen a la reunión,es urgente que las niñas vengan a la reunión
es importante que mis padres dan un paseo esta vez,es importante que mis padres den un paseo esta vez
"mama, no creo que tu vuelves temprano tambien","mamá, no creo que tú vuelvas temprano también"
"Oye, seguro que da el ejemplo tambien.","Oye, seguro que da el ejemplo también."
"por favor, para que nosotros venimos a la fiesta tambien","por favor, para que nosotros vengamos a la fiesta también"
es mejor que hay tiempo,es mejor que haya tiempo
"Oye, necesito que tú vienes con nosotros mañana.","Oye, necesito que tú vengas con nosotros mañana."
"profe, es mejor que la profesora pide otra oportunidad","profe, es mejor que la profesora pida otra oportunidad"
necesito que comemos en casa por favor,necesito que comamos en casa por favor
"Mira, ojalá nosotros no dormimos en clase siempre.","Mira, ojalá nosotros no durmamos en clase siempre."
Se que tu amigo conoce la historia esta vez.,Sé que tu amigo conoce la historia esta vez.
prefiero que tu amigo no come en casa,prefiero que tu amigo no coma en casa
me gusta que nosotras estudiamos mucho por favor,me gusta que nosotras estudiemos mucho por favor
"mira, antes de que no piensas bien las cosas siempre","mira, antes de que no pienses bien las cosas siempre"
"mira, hace falta que él habla con ella también","mira, hace falta que él hable con ella también"
"hola, el profesor quiere que las niñas hacen la cena hoy","hola, el profesor quiere que las niñas hagan la cena hoy"
"por favor, antes de que mi papá puede ayudar siempre","por favor, antes de que mi papá pueda ayudar siempre"
"hola, deseo que mis hermanos juegan futbol tambien","hola, deseo que mis hermanos jueguen fútbol también"
mi mamá quiere que leemos en voz alta por favor,mi mamá quiere que leamos en voz alta por favor
"por favor, es importante que tu amigo no habla en espanol esta vez","por favor, es importante que tu amigo no hable en español esta vez"
"mira, es mejor que mis hermanos estan listo a las ocho hoy","mira, es mejor que mis hermanos estén listo a las ocho hoy"
"mamá, es necesario que tú haces la tarea siempre","mamá, es necesario que tú hagas la tarea siempre"
"profe, se lavo en el patio","profe, se lavó en el patio"
"por favor, ojala nosotras hablamos despacio esta vez","por favor, ojalá nosotras hablemos despacio esta vez"
"mamá, ojalá tú no hablas en español mañana","mamá, ojalá tú no hables en español mañana"
"mama, ojala que los estudiantes empiezan de nuevo esta vez","mamá, ojalá que los estudiantes empiecen de nuevo esta vez"
Mis padres esperan que tú sabes eso hoy.,Mis padres esperan que tú sepas eso hoy.
"Hola, es mejor que nosotras no salimos tan tarde.","Hola, es mejor que nosotras no salgamos tan tarde."
me alegra que conoces a mi familia,me alegra que conozcas a mi familia
"hola, antes de que los estudiantes oyen al profesor hoy","hola, antes de que los estudiantes oigan al profesor hoy"
"mira, espero que los ninos llegan a tiempo esta vez","mira, espero que los niños lleguen a tiempo esta vez"
"La verdad, mi mamá quiere que mi papá ve la película también.","La verdad, mi mamá quiere que mi papá vea la película también."
Hace falta que mi hermano tiene paciencia hoy.,Hace falta que mi hermano tenga paciencia hoy.
para que nosotros ponemos la mesa,para que nosotros pongamos la mesa
Mi mamá quiere que nosotros estamos en casa por favor.,Mi mamá quiere que nosotros estemos en casa por favor.
Es necesario que tú tienes paciencia.,Es necesario que tú tengas paciencia.
"La verdad, es cierto que tu sabes eso.","La verdad, es cierto que tú sabes eso."
"la verdad, es cierto que tu pones orden en el cuarto esta vez","la verdad, es cierto que tú pones orden en el cuarto esta vez"
Pienso que entendemos mis razones manana.,Pienso que entendemos mis razones mañana.
"oye, deseo que nosotras damos las gracias también","oye, deseo que nosotras demos las gracias también"
antes de que ven esto,antes de que vean esto
"mama, es urgente que nosotros hablamos con ella siempre","mamá, es urgente que nosotros hablemos con ella siempre"
"hola, ojalá que las niñas no vienen mañana","hola, ojalá que las niñas no vengan mañana"
"oye, te pido que los niños dan la mano esta vez","oye, te pido que los niños den la mano esta vez"
"mama, quiero que sienten miedo tambien","mamá, quiero que sientan miedo también"
"mira, no quiero que vamos a la playa por favor","mira, no quiero que vayamos a la playa por favor"
Es importante que tú no lees en voz alta siempre.,Es importante que tú no leas en voz alta siempre.
"la verdad, es necesario que ponemos atención","la verdad, es necesario que pongamos atención"
"Hijo, antes de que él pone el abrigo también.","Hijo, antes de que él ponga el abrigo también."
"profe, creo que las ninas estan bien manana","profe, creo que las niñas están bien mañana"
"por favor, no quiero que los estudiantes oyen la música siempre","por favor, no quiero que los estudiantes oigan la música siempre"
el profesor quiere que hay sitio,el profesor quiere que haya sitio
"hijo, ojala que la profesora oye esto por favor","hijo, ojalá que la profesora oiga esto por favor"
"oye, quiero que quieres ayudar","oye, quiero que quieras ayudar"
"Profe, el profesor quiere que las niñas hacen las cosas bien.","Profe, el profesor quiere que las niñas hagan las cosas bien."
deseo que los estudiantes dan las gracias esta vez,deseo que los estudiantes den las gracias esta vez
"hijo, me alegra que el nino habla en clase","hijo, me alegra que el niño hable en clase"
"hola, espero que tus amigos piden perdon tambien","hola, espero que tus amigos pidan perdón también"
"Por favor, deseo que los niños traen el cuaderno hoy.","Por favor, deseo que los niños traigan el cuaderno hoy."
me alegra que jugamos con cuidado también,me alegra que juguemos con cuidado también
"por favor, creo que tu puedes ayudar","por favor, creo que tú puedes ayudar"
"hijo, es urgente que tu amigo juega futbol","hijo, es urgente que tu amigo juegue fútbol"
"hola, deseo que el duerme bien por favor","hola, deseo que él duerma bien por favor"
Te pido que pides ayuda.,Te pido que pidas ayuda.
"La verdad, quiero que seguimos adelante también.","La verdad, quiero que sigamos adelante también."
te pido que los profesores llegan tarde,te pido que los profesores lleguen tarde
"La verdad, no quiero que nosotras tenemos frío mañana.","La verdad, no quiero que nosotras tengamos frío mañana."
"hola, hace falta que mis hermanos escriben la carta","hola, hace falta que mis hermanos escriban la carta"
mi mamá quiere que sales de casa,mi mamá quiere que salgas de casa
"mira, mi hermano se canso en el patio","mira, mi hermano se cansó en el patio"
"mamá, ojalá que ella está listo a las ocho hoy","mamá, ojalá que ella esté listo a las ocho hoy"
"profe, para que hablamos despacio","profe, para que hablemos despacio"
"Mira, espero que tú hablas despacio por favor.","Mira, espero que tú hables despacio por favor."
deseo que nosotras damos el ejemplo mañana,deseo que nosotras demos el ejemplo mañana
"hijo, es necesario que tú no escribes el cuento mañana","hijo, es necesario que tú no escribas el cuento mañana"
Veo que tu sientes frio por favor.,Veo que tú sientes frío por favor.
"Hijo, seguro que ellas hablan mas fuerte.","Hijo, seguro que ellas hablan más fuerte."
"oye, es urgente que tú eres amable siempre","oye, es urgente que tú seas amable siempre"
"por favor, veo que el doctor come todo manana","por favor, veo que el doctor come todo mañana"
es mejor que tú tienes todo listo por favor,es mejor que tú tengas todo listo por favor
"mama, es importante que nosotros ponemos los libros aqui por favor","mamá, es importante que nosotros pongamos los libros aquí por favor"
"mira, quiero que tu piensas antes de hablar siempre","mira, quiero que tú pienses antes de hablar siempre"
te pido que tu sabes leer bien siempre,te pido que tú sepas leer bien siempre
ojalá que tú no das las gracias,ojalá que tú no des las gracias
me gusta que mi hermano no sabe leer bien esta vez,me gusta que mi hermano no sepa leer bien esta vez
te pido que oímos al profesor esta vez,te pido que oigamos al profesor esta vez
"hijo, hace falta que tus amigos ven esto también","hijo, hace falta que tus amigos vean esto también"
"oye, ojalá que ellas buscan otra solución hoy","oye, ojalá que ellas busquen otra solución hoy"
Se que ellas vienen a la fiesta esta vez.,Sé que ellas vienen a la fiesta esta vez.
Mi hermano se rompio en el patio.,Mi hermano se rompió en el patio.
mi mama quiere que tu hermana busca otra solucion esta vez,mi mamá quiere que tu hermana busque otra solución esta vez
"Oye, prefiero que tu amigo tiene razón hoy.","Oye, prefiero que tu amigo tenga razón hoy."
deseo que mi mama pide permiso tambien,deseo que mi mamá pida permiso también
"Mira, se que tu hermana estudia medicina.","Mira, sé que tu hermana estudia medicina."
"profe, ojalá que tú empiezas la clase por favor","profe, ojalá que tú empieces la clase por favor"
es importante que los niños quieren estudiar,es importante que los niños quieran estudiar
es mejor que hay un examen,es mejor que haya un examen
"oye, seguro que las ninas piensan antes de hablar hoy","oye, seguro que las niñas piensan antes de hablar hoy"
"oye, me alegra que hacen silencio también","oye, me alegra que hagan silencio también"
"profe, deseo que tu sabes eso por favor","profe, deseo que tú sepas eso por favor"
"mamá, antes de que los profesores duermen temprano","mamá, antes de que los profesores duerman temprano"
"mama, ojala que buscamos otra solucion tambien","mamá, ojalá que busquemos otra solución también"
"la verdad, deseo que ellas van a la playa por favor","la verdad, deseo que ellas vayan a la playa por favor"
"oye, quiero que venimos temprano también","oye, quiero que vengamos temprano también"
"hijo, es necesario que tu estas tranquilo tambien","hijo, es necesario que tú estés tranquilo también"
"mama, antes de que tus amigos oyen bien manana","mamá, antes de que tus amigos oigan bien mañana"
"profe, te pido que mi hermano da el ejemplo mañana","profe, te pido que mi hermano dé el ejemplo mañana"
tu primo se quedo en el recreo,tu primo se quedó en el recreo
"por favor, no creo que tú piensas bien las cosas","por favor, no creo que tú pienses bien las cosas"
Es posible que hacemos un dibujo hoy.,Es posible que hagamos un dibujo hoy.
te pido que ustedes no ponen orden en el cuarto mañana,te pido que ustedes no pongan orden en el cuarto mañana
"mamá, la niña se rompio muy rápido","mamá, la niña se rompió muy rápido"
"mama, no quiero que el nino da la mano","mamá, no quiero que el niño dé la mano"
dudo que hablamos en espanol esta vez,dudo que hablemos en español esta vez
antes de que el nino habla en clase siempre,antes de que el niño hable en clase siempre
es mejor que hay comida para todos,es mejor que haya comida para todos
Dudo que tú tienes frío esta vez.,Dudo que tú tengas frío esta vez.
"profe, es necesario que juega en la calle por favor","profe, es necesario que juegue en la calle por favor"
"mira, es posible que los profesores piensan antes de hablar por favor","mira, es posible que los profesores piensen antes de hablar por favor"
"oye, deseo que el niño no come despacio siempre","oye, deseo que el niño no coma despacio siempre"
"hijo, me dijo que el nino llega pronto manana","hijo, me dijo que el niño llega pronto mañana"
Me alegra que nosotros sentimos dolor.,Me alegra que nosotros sintamos dolor.
me gusta que nosotros jugamos con cuidado esta vez,me gusta que nosotros juguemos con cuidado esta vez
"Profe, mi mamá se escapo ayer.","Profe, mi mamá se escapó ayer."
"la verdad, ojalá ustedes piensan en eso siempre","la verdad, ojalá ustedes piensen en eso siempre"
"hola, es posible que nosotros seguimos estudiando por favor","hola, es posible que nosotros sigamos estudiando por favor"
"por favor, es necesario que pedimos otra oportunidad mañana","por favor, es necesario que pidamos otra oportunidad mañana"
"Oye, esta claro que tu traes la comida.","Oye, está claro que tú traes la comida."
"mama, espero que tus amigos conocen la historia siempre","mamá, espero que tus amigos conozcan la historia siempre"
no creo que mi hermano tiene razón,no creo que mi hermano tenga razón
"La verdad, te pido que tú hablas despacio.","La verdad, te pido que tú hables despacio."
"la verdad, ojalá mi papá trae el permiso firmado por favor","la verdad, ojalá mi papá traiga el permiso firmado por favor"
es importante que hay tiempo,es importante que haya tiempo
Me dijo que tu hermana esta tranquilo siempre.,Me dijo que tu hermana está tranquilo siempre.
"la verdad, ojalá nosotras traemos el permiso firmado siempre","la verdad, ojalá nosotras traigamos el permiso firmado siempre"
es cierto que piden mas comida siempre,es cierto que piden más comida siempre
para que ella hace la cena también,para que ella haga la cena también
ojala que nosotras jugamos en la calle,ojalá que nosotras juguemos en la calle
"Oye, para que mi mamá conoce a mis amigos siempre.","Oye, para que mi mamá conozca a mis amigos siempre."
"mamá, mi mamá se lavo sin querer","mamá, mi mamá se lavó sin querer"
"mama, necesito que nosotras leemos en voz alta siempre","mamá, necesito que nosotras leamos en voz alta siempre"
dudo que tú no hablas más fuerte también,dudo que tú no hables más fuerte también
"oye, me gusta que hablan con ella siempre","oye, me gusta que hablen con ella siempre"
"mira, esta claro que usted va al colegio","mira, está claro que usted va al colegio"
"profe, es posible que tú pides otra oportunidad mañana","profe, es posible que tú pidas otra oportunidad mañana"
"hola, se que ella quiere ayudar hoy","hola, sé que ella quiere ayudar hoy"
"mama, sabemos que tu amigo da las gracias tambien","mamá, sabemos que tu amigo da las gracias también"
te pido que el doctor hace la cena también,te pido que el doctor haga la cena también
"hijo, mis padres esperan que ustedes oyen esto","hijo, mis padres esperan que ustedes oigan esto"
mi mamá quiere que nosotros pedimos permiso,mi mamá quiere que nosotros pidamos permiso
el profesor quiere que nosotras vamos a dormir,el profesor quiere que nosotras vayamos a dormir
"mamá, dudo que pide más comida mañana","mamá, dudo que pida más comida mañana"
"por favor, dice que nosotros jugamos despues de comer por favor","por favor, dice que nosotros jugamos después de comer por favor"
"hola, no quiero que tus amigos siguen el camino","hola, no quiero que tus amigos sigan el camino"
se lastimo de repente,se lastimó de repente
"la verdad, ojalá que tu amigo puede descansar esta vez","la verdad, ojalá que tu amigo pueda descansar esta vez"
"Mamá, es urgente que nosotros estamos tranquilo.","Mamá, es urgente que nosotros estemos tranquilo."
"mira, me alegra que nosotras dormimos bien siempre","mira, me alegra que nosotras durmamos bien siempre"
"Profe, ojalá que tú empiezas la tarea.","Profe, ojalá que tú empieces la tarea."
"Hijo, me parece que estamos atento manana.","Hijo, me parece que estamos atento mañana."
la niña se acabo en el recreo,la niña se acabó en el recreo
"hola, ojala que tus amigos piensan en eso manana","hola, ojalá que tus amigos piensen en eso mañana"
"por favor, es urgente que tú no pones el abrigo","por favor, es urgente que tú no pongas el abrigo"
"mamá, ojalá tú estudias por la tarde siempre","mamá, ojalá tú estudies por la tarde siempre"
"oye, deseo que pides otra oportunidad hoy","oye, deseo que pidas otra oportunidad hoy"
"Profe, es importante que nosotros sentimos lo mismo siempre.","Profe, es importante que nosotros sintamos lo mismo siempre."
"mira, se rompio en el recreo","mira, se rompió en el recreo"
"hola, se durmio por la manana","hola, se durmió por la mañana"
Es posible que sales al recreo por favor.,Es posible que salgas al recreo por favor.
"profe, espero que no ven el problema esta vez","profe, espero que no vean el problema esta vez"
no creo que nosotros dormimos un poco por favor,no creo que nosotros durmamos un poco por favor
"mama, me alegra que los ninos duermen en clase manana","mamá, me alegra que los niños duerman en clase mañana"
"La verdad, el perro se sento en la clase.","La verdad, el perro se sentó en la clase."
es verdad que mi mama da el ejemplo,es verdad que mi mamá da el ejemplo
"por favor, veo que tu vienes a la fiesta","por favor, veo que tú vienes a la fiesta"
"hola, es posible que nosotras hacemos silencio","hola, es posible que nosotras hagamos silencio"
"Mira, el profesor quiere que leemos el libro mañana.","Mira, el profesor quiere que leamos el libro mañana."
"hola, es urgente que tu amigo entiende la leccion siempre","hola, es urgente que tu amigo entienda la lección siempre"
me gusta que dicen eso,me gusta que digan eso
para que hay tiempo,para que haya tiempo
es urgente que nosotros entendemos mis razones hoy,es urgente que nosotros entendamos mis razones hoy
mis padres esperan que entiendes mis razones esta vez,mis padres esperan que entiendas mis razones esta vez
"Profe, mi mamá se rompio de repente.","Profe, mi mamá se rompió de repente."
el profesor se porto en el patio,el profesor se portó en el patio
"Hijo, es importante que no hacen un dibujo.","Hijo, es importante que no hagan un dibujo."
"hola, espero que mi hermano viene conmigo mañana","hola, espero que mi hermano venga conmigo mañana"
"hola, ojala mis hermanos llegan tarde","hola, ojalá mis hermanos lleguen tarde"
"hijo, el profesor quiere que tú conoces la ciudad","hijo, el profesor quiere que tú conozcas la ciudad"
prefiero que ella conoce a mis amigos por favor,prefiero que ella conozca a mis amigos por favor
"mira, quiero que el niño busca la respuesta por favor","mira, quiero que el niño busque la respuesta por favor"
te pido que las niñas llegan a tiempo,te pido que las niñas lleguen a tiempo
es verdad que tu vienes a la fiesta esta vez,es verdad que tú vienes a la fiesta esta vez
"Profe, ojalá que mis padres llegan a la meta también.","Profe, ojalá que mis padres lleguen a la meta también."
"profe, quiero que los estudiantes oyen al profesor","profe, quiero que los estudiantes oigan al profesor"
Es urgente que nosotros empezamos ahora.,Es urgente que nosotros empecemos ahora.
"hijo, ojala ellas quieren salir","hijo, ojalá ellas quieran salir"
"La verdad, prefiero que juegas en el parque.","La verdad, prefiero que juegues en el parque."
"hijo, deseo que el niño habla más fuerte","hijo, deseo que el niño hable más fuerte"
"la verdad, mi mamá quiere que los estudiantes ponen el abrigo hoy","la verdad, mi mamá quiere que los estudiantes pongan el abrigo hoy"
"mamá, ella se rio al final","mamá, ella se rió al final"
"oye, es urgente que el nino dice lo que piensas","oye, es urgente que el niño diga lo que piensas"
"mira, me gusta que mi papá quiere venir mañana","mira, me gusta que mi papá quiera venir mañana"
ojalá que nosotras ponemos atención también,ojalá que nosotras pongamos atención también
"profe, es necesario que tu duermes bien siempre","profe, es necesario que tú duermas bien siempre"
"profe, me parece que nosotras sabemos la respuesta manana","profe, me parece que nosotras sabemos la respuesta mañana"
"profe, es mejor que nosotras llegamos a la meta","profe, es mejor que nosotras lleguemos a la meta"
"mama, espero que ellas buscan otra solucion","mamá, espero que ellas busquen otra solución"
"hijo, te pido que no entendemos mis razones manana","hijo, te pido que no entendamos mis razones mañana"
"la verdad, espero que nosotros decimos lo que piensas siempre","la verdad, espero que nosotros digamos lo que piensas siempre"
"mira, mi mama quiere que tu sientes lo mismo siempre","mira, mi mamá quiere que tú sientas lo mismo siempre"
"por favor, dudo que nosotras jugamos en la calle","por favor, dudo que nosotras juguemos en la calle"
"Profe, para que pueden jugar mañana.","Profe, para que puedan jugar mañana."
"por favor, es necesario que tú piensas en el futuro por favor","por favor, es necesario que tú pienses en el futuro por favor"
"Oye, para que ellos dan las gracias hoy.","Oye, para que ellos den las gracias hoy."
"Hijo, me parece que tu sales de casa esta vez.","Hijo, me parece que tú sales de casa esta vez."
prefiero que la profesora pide mas comida tambien,prefiero que la profesora pida más comida también
Te pido que los profesores piden otra oportunidad.,Te pido que los profesores pidan otra oportunidad.
"mira, es posible que nosotros jugamos fútbol hoy","mira, es posible que nosotros juguemos fútbol hoy"
"Mamá, ojalá que ella quiere salir.","Mamá, ojalá que ella quiera salir."
"La verdad, es mejor que nosotros salimos tan tarde mañana.","La verdad, es mejor que nosotros salgamos tan tarde mañana."
quiero que nosotros seguimos las reglas,quiero que nosotros sigamos las reglas
"mira, tu primo se acabo sin querer","mira, tu primo se acabó sin querer"
"hola, mis padres esperan que mis padres vienen a mi casa","hola, mis padres esperan que mis padres vengan a mi casa"
"hijo, deseo que hablamos en espanol siempre","hijo, deseo que hablemos en español siempre"
"profe, es mejor que tu comes en casa manana","profe, es mejor que tú comas en casa mañana"
no creo que nosotras volvemos pronto,no creo que nosotras volvamos pronto
"hijo, deseo que mis padres estan en casa hoy","hijo, deseo que mis padres estén en casa hoy"
es cierto que tu comes verduras por favor,es cierto que tú comes verduras por favor
La niña se callo de repente.,La niña se calló de repente.
"la verdad, para que tu hermana no hace la cena también","la verdad, para que tu hermana no haga la cena también"
no quiero que los niños juegan en el parque,no quiero que los niños jueguen en el parque
"hijo, el profesor quiere que tu hermana esta tranquilo hoy","hijo, el profesor quiere que tu hermana esté tranquilo hoy"
es mejor que ellas son amable,es mejor que ellas sean amable
es necesario que tus amigos dan la respuesta esta vez,es necesario que tus amigos den la respuesta esta vez
"hijo, es urgente que tu eres feliz","hijo, es urgente que tú seas feliz"
es cierto que tu ves el partido,es cierto que tú ves el partido
es importante que tu hablas despacio siempre,es importante que tú hables despacio siempre
me alegra que tú tienes cuidado siempre,me alegra que tú tengas cuidado siempre
"Por favor, hace falta que tú llegas temprano mañana.","Por favor, hace falta que tú llegues temprano mañana."
es posible que tú tienes tiempo hoy,es posible que tú tengas tiempo hoy
"oye, es urgente que nosotras sabemos la verdad","oye, es urgente que nosotras sepamos la verdad"
Se cayo sin querer.,Se cayó sin querer.
"hola, esta claro que mi hermano estudia en silencio manana","hola, está claro que mi hermano estudia en silencio mañana"
"Oye, dudo que nosotras llegamos temprano por favor.","Oye, dudo que nosotras lleguemos temprano por favor."
es mejor que haces silencio también,es mejor que hagas silencio también
"hijo, necesito que salimos con tus amigos","hijo, necesito que salgamos con tus amigos"
"profe, ojala tu sabes eso esta vez","profe, ojalá tú sepas eso esta vez"
dudo que buscamos trabajo por favor,dudo que busquemos trabajo por favor
quiero que tú sientes miedo también,quiero que tú sientas miedo también
antes de que mi papa tiene frio siempre,antes de que mi papá tenga frío siempre
"hijo, pienso que mi papa sale al recreo","hijo, pienso que mi papá sale al recreo"
"Hijo, prefiero que tú no estudias para el examen también.","Hijo, prefiero que tú no estudies para el examen también."
"mamá, necesito que tú juegas en el parque","mamá, necesito que tú juegues en el parque"
Hace falta que tú quieres salir mañana.,Hace falta que tú quieras salir mañana.
"hijo, mis padres esperan que pedimos otra oportunidad por favor","hijo, mis padres esperan que pidamos otra oportunidad por favor"
"profe, ojalá que no oyes la música","profe, ojalá que no oigas la música"
"Mamá, prefiero que la profesora quiere comer mañana.","Mamá, prefiero que la profesora quiera comer mañana."
pienso que los profesores oyen al profesor manana,pienso que los profesores oyen al profesor mañana
Mi mamá quiere que empiezas temprano.,Mi mamá quiere que empieces temprano.
Espero que ustedes están tranquilo hoy.,Espero que ustedes estén tranquilo hoy.
ojalá que nosotros decimos mentiras mañana,ojalá que nosotros digamos mentiras mañana
Mis padres esperan que el doctor entiende la pregunta.,Mis padres esperan que el doctor entienda la pregunta.
Es mejor que tus amigos no entienden esto.,Es mejor que tus amigos no entiendan esto.
"por favor, me gusta que ustedes salen a jugar","por favor, me gusta que ustedes salgan a jugar"
"la verdad, me gusta que tu pones atencion","la verdad, me gusta que tú pongas atención"
"hola, ojalá que leemos las instrucciones","hola, ojalá que leamos las instrucciones"
es importante que ella viene conmigo siempre,es importante que ella venga conmigo siempre
"por favor, el perro se peino sin querer","por favor, el perro se peinó sin querer"
"Mira, prefiero que mi hermano siente frío esta vez.","Mira, prefiero que mi hermano sienta frío esta vez."
"mama, me parece que tu estudias en silencio siempre","mamá, me parece que tú estudias en silencio siempre"
"por favor, antes de que tu eres responsable hoy","por favor, antes de que tú seas responsable hoy"
"por favor, no quiero que los estudiantes dicen tu nombre","por favor, no quiero que los estudiantes digan tu nombre"
me gusta que la niña dice algo también,me gusta que la niña diga algo también
Seguro que mi papa piensa en el futuro por favor.,Seguro que mi papá piensa en el futuro por favor.
"profe, mi mamá se olvido toda la tarde","profe, mi mamá se olvidó toda la tarde"
me gusta que el doctor puede jugar,me gusta que el doctor pueda jugar
"profe, ojalá que tu hermana piensa antes de hablar siempre","profe, ojalá que tu hermana piense antes de hablar siempre"
ojala que hay clases manana,ojalá que haya clases mañana
"Hola, ojalá que nosotras sabemos la respuesta esta vez.","Hola, ojalá que nosotras sepamos la respuesta esta vez."
"Hola, mis padres esperan que tú sientes frío siempre.","Hola, mis padres esperan que tú sientas frío siempre."
"Hijo, es verdad que tu oyes bien siempre.","Hijo, es verdad que tú oyes bien siempre."
"la verdad, te pido que los ninos no duermen temprano","la verdad, te pido que los niños no duerman temprano"
"profe, sabemos que la profesora estudia para el examen tambien","profe, sabemos que la profesora estudia para el examen también"
"oye, es urgente que ellas están atento","oye, es urgente que ellas estén atento"
"hola, necesito que nosotras hablamos mas fuerte hoy","hola, necesito que nosotras hablemos más fuerte hoy"
"oye, me gusta que los profesores buscan trabajo","oye, me gusta que los profesores busquen trabajo"
"mira, ojala nosotras conocemos la ciudad por favor","mira, ojalá nosotras conozcamos la ciudad por favor"
"la verdad, es necesario que nosotras estamos tranquilo por favor","la verdad, es necesario que nosotras estemos tranquilo por favor"
"hola, el se callo muy rapido","hola, él se calló muy rápido"
me alegra que el niño es feliz,me alegra que el niño sea feliz
"hola, me alegra que tu sabes nadar hoy","hola, me alegra que tú sepas nadar hoy"
"mamá, para que tú lees todos los días siempre","mamá, para que tú leas todos los días siempre"
"hijo, es urgente que decimos algo","hijo, es urgente que digamos algo"
Ojalá hay comida para todos.,Ojalá haya comida para todos.
"por favor, tu primo se escapo sin querer","por favor, tu primo se escapó sin querer"
"profe, no quiero que tú pones los libros aquí","profe, no quiero que tú pongas los libros aquí"
"hola, me gusta que mi papa estudia mucho siempre","hola, me gusta que mi papá estudie mucho siempre"
"oye, te pido que las niñas dicen lo que piensas siempre","oye, te pido que las niñas digan lo que piensas siempre"
"oye, no quiero que somos así","oye, no quiero que seamos así"
Deseo que tu hermana llega a la meta esta vez.,Deseo que tu hermana llegue a la meta esta vez.
"hijo, es posible que nosotras pensamos antes de hablar hoy","hijo, es posible que nosotras pensemos antes de hablar hoy"
"mamá, mi hermano se paso en el recreo","mamá, mi hermano se pasó en el recreo"
"mama, dudo que nosotras estudiamos por la tarde","mamá, dudo que nosotras estudiemos por la tarde"
te pido que nosotros queremos comer también,te pido que nosotros queramos comer también
"por favor, ojala que los ninos comen mas frutas siempre","por favor, ojalá que los niños coman más frutas siempre"
"mira, antes de que siente miedo","mira, antes de que sienta miedo"
"oye, esta claro que tu oyes al profesor","oye, está claro que tú oyes al profesor"
"la verdad, me dijo que escribes el cuento manana","la verdad, me dijo que escribes el cuento mañana"
"la verdad, te pido que ustedes no pueden entrar siempre","la verdad, te pido que ustedes no puedan entrar siempre"
"hijo, es posible que tu amigo conoce la historia tambien","hijo, es posible que tu amigo conozca la historia también"
"Profe, es urgente que mis hermanos vuelven temprano.","Profe, es urgente que mis hermanos vuelvan temprano."
"oye, me gusta que tienes razón también","oye, me gusta que tengas razón también"
"Mama, es verdad que volvemos a casa por favor.","Mamá, es verdad que volvemos a casa por favor."
deseo que el oye esto por favor,deseo que él oiga esto por favor
es mejor que nosotros vamos al colegio por favor,es mejor que nosotros vayamos al colegio por favor
"hola, me dijo que entendemos la pregunta manana","hola, me dijo que entendemos la pregunta mañana"
mi mamá se olvido ayer,mi mamá se olvidó ayer
antes de que quiere salir,antes de que quiera salir
pienso que la nina busca otra solucion,pienso que la niña busca otra solución
no creo que los niños no juegan después de comer también,no creo que los niños no jueguen después de comer también
"Mamá, te pido que ellos estudian por la tarde.","Mamá, te pido que ellos estudien por la tarde."
"mira, tu primo se durmio de repente","mira, tu primo se durmió de repente"
"la verdad, es posible que tu hermana no lee las instrucciones esta vez","la verdad, es posible que tu hermana no lea las instrucciones esta vez"
"Por favor, te pido que mis padres vienen a mi casa hoy.","Por favor, te pido que mis padres vengan a mi casa hoy."
"mamá, prefiero que haces las cosas bien también","mamá, prefiero que hagas las cosas bien también"
"hijo, es posible que tú sales con tus amigos esta vez","hijo, es posible que tú salgas con tus amigos esta vez"
"profe, ojalá tu hermana no habla más fuerte","profe, ojalá tu hermana no hable más fuerte"
"hijo, te pido que mis hermanos hablan con ella esta vez","hijo, te pido que mis hermanos hablen con ella esta vez"
dudo que mi papa empieza la clase esta vez,dudo que mi papá empiece la clase esta vez
me alegra que tú tienes suerte por favor,me alegra que tú tengas suerte por favor
Mis padres esperan que mis hermanos ponen el abrigo.,Mis padres esperan que mis hermanos pongan el abrigo.
"por favor, mis padres esperan que usted vuelve pronto también","por favor, mis padres esperan que usted vuelva pronto también"
Espero que el doctor vuelve a casa mañana.,Espero que el doctor vuelva a casa mañana.
"Mamá, me alegra que mis padres no leen las instrucciones esta vez.","Mamá, me alegra que mis padres no lean las instrucciones esta vez."
"profe, te pido que tu hablas en clase esta vez","profe, te pido que tú hables en clase esta vez"
"La verdad, se que ves el partido.","La verdad, sé que ves el partido."
"mira, es necesario que el nino va con ellos siempre","mira, es necesario que el niño vaya con ellos siempre"
mi mama se caso al final,mi mamá se casó al final
"mama, dudo que mi hermano no habla en clase tambien","mamá, dudo que mi hermano no hable en clase también"
creo que tu das un paseo esta vez,creo que tú das un paseo esta vez
"mama, es necesario que el nino no oye al profesor hoy","mamá, es necesario que el niño no oiga al profesor hoy"
"oye, para que tu amigo trae la comida","oye, para que tu amigo traiga la comida"
"por favor, dudo que los estudiantes no empiezan ahora","por favor, dudo que los estudiantes no empiecen ahora"
Es mejor que tu hermana da la respuesta también.,Es mejor que tu hermana dé la respuesta también.
Se paso por la mañana.,Se pasó por la mañana.
"hijo, es posible que las ninas escriben bien por favor","hijo, es posible que las niñas escriban bien por favor"
"oye, necesito que mis hermanos piden otra oportunidad por favor","oye, necesito que mis hermanos pidan otra oportunidad por favor"
"Mamá, dudo que duermes temprano también.","Mamá, dudo que duermas temprano también."
Es cierto que vienes a la fiesta tambien.,Es cierto que vienes a la fiesta también.
"la verdad, me gusta que mi papa entiende mis razones manana","la verdad, me gusta que mi papá entienda mis razones mañana"
deseo que nosotros damos la respuesta también,deseo que nosotros demos la respuesta también
"mira, el perro se canso muy rápido","mira, el perro se cansó muy rápido"
"profe, es mejor que el doctor sale con tus amigos hoy","profe, es mejor que el doctor salga con tus amigos hoy"
"hola, ella se caso sin querer","hola, ella se casó sin querer"
Dice que tu dices lo que piensas manana.,Dice que tú dices lo que piensas mañana.
"Profe, es mejor que conoces a mi familia también.","Profe, es mejor que conozcas a mi familia también."
"Mamá, no creo que tú quieres salir.","Mamá, no creo que tú quieras salir."
"hijo, ojalá que tú buscas otra solución por favor","hijo, ojalá que tú busques otra solución por favor"
"hola, dudo que tú sabes la verdad","hola, dudo que tú sepas la verdad"
"hijo, te pido que tu hermana lee en voz alta siempre","hijo, te pido que tu hermana lea en voz alta siempre"
te pido que ustedes salen temprano esta vez,te pido que ustedes salgan temprano esta vez
el profesor se rio sin querer,el profesor se rió sin querer
me alegra que el nino entiende la leccion,me alegra que el niño entienda la lección
"mira, prefiero que tus amigos salen a jugar","mira, prefiero que tus amigos salgan a jugar"
"mira, deseo que tú no sales con tus amigos siempre","mira, deseo que tú no salgas con tus amigos siempre"
"Por favor, mis padres esperan que nosotros salimos con tus amigos mañana.","Por favor, mis padres esperan que nosotros salgamos con tus amigos mañana."
"profe, dudo que nosotros empezamos la tarea hoy","profe, dudo que nosotros empecemos la tarea hoy"
para que tu comes despacio,para que tú comas despacio
"por favor, me alegra que los profesores pueden ayudar manana","por favor, me alegra que los profesores puedan ayudar mañana"
"hola, ojalá salimos a jugar siempre","hola, ojalá salgamos a jugar siempre"
"por favor, necesito que vienes mañana","por favor, necesito que vengas mañana"
"profe, mi mama quiere que los estudiantes piensan en el futuro","profe, mi mamá quiere que los estudiantes piensen en el futuro"
"oye, hace falta que ellas leen en voz alta esta vez","oye, hace falta que ellas lean en voz alta esta vez"
"oye, me parece que tu sientes lo mismo por favor","oye, me parece que tú sientes lo mismo por favor"
"mamá, hace falta que ellas no dan las gracias","mamá, hace falta que ellas no den las gracias"
"mira, me parece que tu piensas en eso por favor","mira, me parece que tú piensas en eso por favor"
la niña se durmio por la mañana,la niña se durmió por la mañana
quiero que comemos despacio siempre,quiero que comamos despacio siempre
"la verdad, el se canso en el recreo","la verdad, él se cansó en el recreo"
esta claro que entiendes esto,está claro que entiendes esto
el profesor quiere que mis padres saben la respuesta siempre,el profesor quiere que mis padres sepan la respuesta siempre
hace falta que oimos bien tambien,hace falta que oigamos bien también
hace falta que la nina no hace ejercicio,hace falta que la niña no haga ejercicio
"la verdad, dice que tu juegas en la calle siempre","la verdad, dice que tú juegas en la calle siempre"
"hijo, dudo que mis hermanos conocen a mis amigos","hijo, dudo que mis hermanos conozcan a mis amigos"
"Mamá, hace falta que el doctor duerme temprano siempre.","Mamá, hace falta que el doctor duerma temprano siempre."
"hijo, prefiero que ellos vuelven mañana","hijo, prefiero que ellos vuelvan mañana"
no quiero que nosotras jugamos fútbol,no quiero que nosotras juguemos fútbol
"Mira, espero que usted no empieza de nuevo siempre.","Mira, espero que usted no empiece de nuevo siempre."
"Mira, para que ella empieza de nuevo.","Mira, para que ella empiece de nuevo."
"Por favor, te pido que nosotras buscamos otra solución mañana.","Por favor, te pido que nosotras busquemos otra solución mañana."
"hola, mi mama se callo toda la tarde","hola, mi mamá se calló toda la tarde"
"profe, ojalá tú empiezas de nuevo","profe, ojalá tú empieces de nuevo"
espero que la profesora conoce la historia,espero que la profesora conozca la historia
"Por favor, es importante que ellas conocen a mis amigos.","Por favor, es importante que ellas conozcan a mis amigos."
"la verdad, sabemos que los ninos ponen orden en el cuarto","la verdad, sabemos que los niños ponen orden en el cuarto"
"Oye, deseo que nosotros decimos eso.","Oye, deseo que nosotros digamos eso."
ella se caso en el recreo,ella se casó en el recreo
prefiero que él duerme un poco siempre,prefiero que él duerma un poco siempre
"mira, prefiero que la profesora estudia en silencio mañana","mira, prefiero que la profesora estudie en silencio mañana"
"profe, hace falta que llega antes que yo","profe, hace falta que llegue antes que yo"
"oye, dudo que volvemos temprano siempre","oye, dudo que volvamos temprano siempre"
el profesor quiere que tu buscas la respuesta esta vez,el profesor quiere que tú busques la respuesta esta vez
"oye, el profesor quiere que tú empiezas ahora","oye, el profesor quiere que tú empieces ahora"
Antes de que los profesores hacen la tarea por favor.,Antes de que los profesores hagan la tarea por favor.
veo que nosotros sabemos leer bien manana,veo que nosotros sabemos leer bien mañana
"profe, necesito que los estudiantes saben eso esta vez","profe, necesito que los estudiantes sepan eso esta vez"
No creo que ellas no hacen la tarea mañana.,No creo que ellas no hagan la tarea mañana.
"mama, ojala pones el abrigo tambien","mamá, ojalá pongas el abrigo también"
"por favor, quiero que ellas piensan así también","por favor, quiero que ellas piensen así también"
te pido que nosotros venimos temprano esta vez,te pido que nosotros vengamos temprano esta vez
"oye, prefiero que nosotras venimos conmigo siempre","oye, prefiero que nosotras vengamos conmigo siempre"
seguro que tu sientes verguenza,seguro que tú sientes vergüenza
el profesor quiere que nosotras sentimos vergüenza siempre,el profesor quiere que nosotras sintamos vergüenza siempre
seguro que tu sabes eso manana,seguro que tú sabes eso mañana
quiero que los estudiantes llegan temprano por favor,quiero que los estudiantes lleguen temprano por favor
"la verdad, esta claro que empezamos temprano","la verdad, está claro que empezamos temprano"
"mira, deseo que tu hermana da la mano esta vez","mira, deseo que tu hermana dé la mano esta vez"
"mira, es necesario que él juega fútbol hoy","mira, es necesario que él juegue fútbol hoy"
"mira, antes de que oyes la música por favor","mira, antes de que oigas la música por favor"
Es importante que pides ayuda.,Es importante que pidas ayuda.
antes de que mis padres salen tan tarde esta vez,antes de que mis padres salgan tan tarde esta vez
"mira, antes de que tus amigos ponen el abrigo hoy","mira, antes de que tus amigos pongan el abrigo hoy"
"la verdad, quiero que el doctor llega a la meta","la verdad, quiero que el doctor llegue a la meta"
"La verdad, mi mamá se lastimo sin querer.","La verdad, mi mamá se lastimó sin querer."
"Mama, es verdad que el nino siente frio.","Mamá, es verdad que el niño siente frío."
"la verdad, es urgente que nosotras no ponemos orden en el cuarto mañana","la verdad, es urgente que nosotras no pongamos orden en el cuarto mañana"
es necesario que los estudiantes leen en voz alta mañana,es necesario que los estudiantes lean en voz alta mañana
ojalá que nosotros queremos estudiar,ojalá que nosotros queramos estudiar
"Oye, el profesor quiere que nosotros jugamos con cuidado también.","Oye, el profesor quiere que nosotros juguemos con cuidado también."
mis padres esperan que los profesores no estudian en silencio esta vez,mis padres esperan que los profesores no estudien en silencio esta vez
"hola, ojala que podemos entrar siempre","hola, ojalá que podamos entrar siempre"
"profe, es mejor que sigue asi hoy","profe, es mejor que siga así hoy"
"oye, es necesario que vamos con ellos siempre","oye, es necesario que vayamos con ellos siempre"
"profe, el profesor quiere que tú juegas en la calle mañana","profe, el profesor quiere que tú juegues en la calle mañana"
"hola, veo que tu duermes bien manana","hola, veo que tú duermes bien mañana"
Prefiero que ellas ponen atención también.,Prefiero que ellas pongan atención también.
"mira, para que mi papá lee en voz alta siempre","mira, para que mi papá lea en voz alta siempre"
"profe, es importante que usted trae el cuaderno por favor","profe, es importante que usted traiga el cuaderno por favor"
"Oye, me parece que tu comes mas frutas siempre.","Oye, me parece que tú comes más frutas siempre."
prefiero que podemos terminar hoy,prefiero que podamos terminar hoy
"Hola, mi mamá quiere que traemos agua mañana.","Hola, mi mamá quiere que traigamos agua mañana."
mis padres esperan que tu oyes bien hoy,mis padres esperan que tú oigas bien hoy
"hijo, veo que la profesora quiere comer manana","hijo, veo que la profesora quiere comer mañana"
"Mira, me alegra que nosotras no damos un paseo mañana.","Mira, me alegra que nosotras no demos un paseo mañana."
"por favor, no quiero que escribimos bien por favor","por favor, no quiero que escribamos bien por favor"
"Profe, es necesario que las niñas empiezan la tarea hoy.","Profe, es necesario que las niñas empiecen la tarea hoy."
"mira, dudo que tu traes el permiso firmado","mira, dudo que tú traigas el permiso firmado"
"profe, ojala ellas buscan trabajo","profe, ojalá ellas busquen trabajo"
es verdad que vamos a la playa tambien,es verdad que vamos a la playa también
no quiero que duermes un poco,no quiero que duermas un poco
"oye, no quiero que la niña lee mucho por favor","oye, no quiero que la niña lea mucho por favor"
"Hola, es mejor que tú vuelves a casa por favor.","Hola, es mejor que tú vuelvas a casa por favor."
"Por favor, deseo que ellas quieren estudiar esta vez.","Por favor, deseo que ellas quieran estudiar esta vez."
"Mira, me alegra que mis hermanos quieren venir por favor.","Mira, me alegra que mis hermanos quieran venir por favor."
"hijo, deseo que tú tienes frío","hijo, deseo que tú tengas frío"
"mamá, él se peino al final","mamá, él se peinó al final"
"oye, mi mamá quiere que el doctor pide permiso","oye, mi mamá quiere que el doctor pida permiso"
"profe, dice que las ninas comen mas frutas hoy","profe, dice que las niñas comen más frutas hoy"
"por favor, mi mamá quiere que ella es honesto hoy","por favor, mi mamá quiere que ella sea honesto hoy"
"mama, es urgente que nosotras hacemos un dibujo esta vez","mamá, es urgente que nosotras hagamos un dibujo esta vez"
"oye, hace falta que tú oyes el ruido mañana","oye, hace falta que tú oigas el ruido mañana"
"hola, me alegra que tienes razon esta vez","hola, me alegra que tengas razón esta vez"
"Mira, deseo que tu hermana estudia en silencio.","Mira, deseo que tu hermana estudie en silencio."
El profesor quiere que tú hablas despacio por favor.,El profesor quiere que tú hables despacio por favor.
"mira, es urgente que tú sales de casa por favor","mira, es urgente que tú salgas de casa por favor"
"por favor, veo que tu quieres venir manana","por favor, veo que tú quieres venir mañana"
"mama, es verdad que escribes el cuento siempre","mamá, es verdad que escribes el cuento siempre"
"profe, es necesario que ustedes escriben la carta manana","profe, es necesario que ustedes escriban la carta mañana"
"hola, el se asusto en la clase","hola, él se asustó en la clase"
Me gusta que ellas sienten vergüenza esta vez.,Me gusta que ellas sientan vergüenza esta vez.
"la verdad, es cierto que ellas estan atento siempre","la verdad, es cierto que ellas están atento siempre"
Necesito que ella habla en clase esta vez.,Necesito que ella hable en clase esta vez.
me dijo que la nina hace un dibujo,me dijo que la niña hace un dibujo
es mejor que los niños buscan el libro por favor,es mejor que los niños busquen el libro por favor
"Por favor, hace falta que los estudiantes siguen el camino.","Por favor, hace falta que los estudiantes sigan el camino."
Ojalá tú pones los libros aquí.,Ojalá tú pongas los libros aquí.
es posible que el niño puede ayudar por favor,es posible que el niño pueda ayudar por favor
"por favor, es posible que tú puedes descansar esta vez","por favor, es posible que tú puedas descansar esta vez"
Para que tú vuelves temprano siempre.,Para que tú vuelvas temprano siempre.
"oye, me alegra que él estudia por la tarde por favor","oye, me alegra que él estudie por la tarde por favor"
"Por favor, deseo que los estudiantes dan un paseo hoy.","Por favor, deseo que los estudiantes den un paseo hoy."
"profe, es necesario que tu lees las instrucciones esta vez","profe, es necesario que tú leas las instrucciones esta vez"
Deseo que hay un examen.,Deseo que haya un examen.
"mira, necesito que tú sigues estudiando","mira, necesito que tú sigas estudiando"
deseo que las ninas juegan futbol,deseo que las niñas jueguen fútbol
"la verdad, mis padres esperan que mis padres quieren comer por favor","la verdad, mis padres esperan que mis padres quieran comer por favor"
Es necesario que tu hermana escribe con letra clara también.,Es necesario que tu hermana escriba con letra clara también.
"Mamá, no creo que vuelves mañana.","Mamá, no creo que vuelvas mañana."
"oye, es necesario que estudias en silencio","oye, es necesario que estudies en silencio"
"por favor, es verdad que tu amigo hace un dibujo manana","por favor, es verdad que tu amigo hace un dibujo mañana"
"la verdad, pienso que nosotras buscamos tus cosas manana","la verdad, pienso que nosotras buscamos tus cosas mañana"
"La verdad, ojalá nosotras estudiamos para el examen.","La verdad, ojalá nosotras estudiemos para el examen."
es importante que tú entiendes mis razones esta vez,es importante que tú entiendas mis razones esta vez
ella se escapo toda la tarde,ella se escapó toda la tarde
"hola, creo que nosotros entendemos la leccion siempre","hola, creo que nosotros entendemos la lección siempre"
"Mama, pienso que tu duermes en clase manana.","Mamá, pienso que tú duermes en clase mañana."
Necesito que mis hermanos no están en casa mañana.,Necesito que mis hermanos no estén en casa mañana.
"mamá, es urgente que mi mamá sale temprano también","mamá, es urgente que mi mamá salga temprano también"
espero que mi hermano puede entrar hoy,espero que mi hermano pueda entrar hoy
"hijo, deseo que los profesores llegan a la meta siempre","hijo, deseo que los profesores lleguen a la meta siempre"
Es urgente que tú llegas a tiempo también.,Es urgente que tú llegues a tiempo también.
"Hola, es urgente que la profesora está en casa esta vez.","Hola, es urgente que la profesora esté en casa esta vez."
"mama, veo que mis padres salen de casa siempre","mamá, veo que mis padres salen de casa siempre"
"Oye, ojalá los estudiantes no siguen el camino por favor.","Oye, ojalá los estudiantes no sigan el camino por favor."
"Oye, ojalá que el doctor sale con tus amigos por favor.","Oye, ojalá que el doctor salga con tus amigos por favor."
"la verdad, para que tú no comes en casa siempre","la verdad, para que tú no comas en casa siempre"
"mira, espero que tus amigos duermen en clase esta vez","mira, espero que tus amigos duerman en clase esta vez"
Hace falta que viene a la fiesta también.,Hace falta que venga a la fiesta también.
"mira, antes de que seguimos el camino hoy","mira, antes de que sigamos el camino hoy"
Hace falta que vamos con ellos.,Hace falta que vayamos con ellos.
"hijo, es importante que tú sabes nadar hoy","hijo, es importante que tú sepas nadar hoy"
necesito que conocemos la historia por favor,necesito que conozcamos la historia por favor
"hijo, se canso al final","hijo, se cansó al final"
"hola, me alegra que tus amigos estudian medicina hoy","hola, me alegra que tus amigos estudien medicina hoy"
tu primo se canso al final,tu primo se cansó al final
"profe, te pido que nosotros estudiamos medicina por favor","profe, te pido que nosotros estudiemos medicina por favor"
"hijo, prefiero que tu no hablas en clase manana","hijo, prefiero que tú no hables en clase mañana"
"la verdad, prefiero que él es honesto por favor","la verdad, prefiero que él sea honesto por favor"
"hijo, deseo que tú escribes el cuento","hijo, deseo que tú escribas el cuento"
"hola, hace falta que nosotros no escribimos tu nombre también","hola, hace falta que nosotros no escribamos tu nombre también"
"Hijo, es necesario que tú sabes cuidarte.","Hijo, es necesario que tú sepas cuidarte."
Es urgente que los profesores piden ayuda esta vez.,Es urgente que los profesores pidan ayuda esta vez.
prefiero que entendemos la pregunta,prefiero que entendamos la pregunta
"mamá, quiero que tus amigos oyen bien","mamá, quiero que tus amigos oigan bien"
"hijo, es urgente que tu amigo conoce la ciudad por favor","hijo, es urgente que tu amigo conozca la ciudad por favor"
"mama, deseo que mi hermano ve esto","mamá, deseo que mi hermano vea esto"
"mamá, mi mamá quiere que salen al recreo siempre","mamá, mi mamá quiere que salgan al recreo siempre"
"profe, me gusta que el niño no sale al recreo por favor","profe, me gusta que el niño no salga al recreo por favor"
"Hijo, mi mamá quiere que sabemos eso por favor.","Hijo, mi mamá quiere que sepamos eso por favor."
"hola, ojala que mis padres traen agua hoy","hola, ojalá que mis padres traigan agua hoy"
"profe, necesito que tus amigos salen con tus amigos","profe, necesito que tus amigos salgan con tus amigos"
"mira, mi hermano se canso toda la tarde","mira, mi hermano se cansó toda la tarde"
"Oye, para que nosotras podemos entrar por favor.","Oye, para que nosotras podamos entrar por favor."
"hola, antes de que nosotras podemos venir hoy","hola, antes de que nosotras podamos venir hoy"
"profe, para que tu duermes bien","profe, para que tú duermas bien"
Mis padres esperan que la niña duerme ocho horas esta vez.,Mis padres esperan que la niña duerma ocho horas esta vez.
"mira, me gusta que tu hermana es feliz hoy","mira, me gusta que tu hermana sea feliz hoy"
"Mamá, espero que vemos a tu abuela.","Mamá, espero que veamos a tu abuela."
"hijo, me dijo que la nina hace la tarea","hijo, me dijo que la niña hace la tarea"
"por favor, dudo que nosotras leemos todos los días","por favor, dudo que nosotras leamos todos los días"
Es cierto que tu hablas en clase hoy.,Es cierto que tú hablas en clase hoy.
"mamá, espero que mis hermanos juegan en la calle","mamá, espero que mis hermanos jueguen en la calle"
me gusta que traemos el cuaderno,me gusta que traigamos el cuaderno
"oye, el profesor se rompio por la mañana","oye, el profesor se rompió por la mañana"
"mira, antes de que los estudiantes conocen el museo","mira, antes de que los estudiantes conozcan el museo"
ojala ustedes ven el problema,ojalá ustedes vean el problema
"Hijo, mi mamá quiere que leemos en voz alta.","Hijo, mi mamá quiere que leamos en voz alta."
"Mira, es necesario que nosotras seguimos estudiando mañana.","Mira, es necesario que nosotras sigamos estudiando mañana."
"Mama, veo que tu hermana viene a mi casa por favor.","Mamá, veo que tu hermana viene a mi casa por favor."
"Hola, sabemos que tu tienes razon por favor.","Hola, sabemos que tú tienes razón por favor."
"hola, esta claro que duermes ocho horas","hola, está claro que duermes ocho horas"
"hijo, me gusta que no estás listo a las ocho","hijo, me gusta que no estés listo a las ocho"
"Profe, el profesor quiere que piensas así también.","Profe, el profesor quiere que pienses así también."
"la verdad, es importante que él estudia en silencio","la verdad, es importante que él estudie en silencio"
"por favor, es importante que tu quieres comer","por favor, es importante que tú quieras comer"
"oye, espero que mi hermano quiere comer hoy","oye, espero que mi hermano quiera comer hoy"
antes de que tú llegas temprano mañana,antes de que tú llegues temprano mañana
Es mejor que nosotras salimos temprano mañana.,Es mejor que nosotras salgamos temprano mañana.
"mamá, ojalá ellas tienen paciencia mañana","mamá, ojalá ellas tengan paciencia mañana"
"profe, mis padres esperan que ella tiene cuidado por favor","profe, mis padres esperan que ella tenga cuidado por favor"
"hola, el perro se lavo toda la tarde","hola, el perro se lavó toda la tarde"
"la verdad, es posible que nosotros jugamos en la calle","la verdad, es posible que nosotros juguemos en la calle"
"por favor, es posible que tú sabes cuidarte","por favor, es posible que tú sepas cuidarte"
"Por favor, es mejor que tu hermana sabe cuidarte.","Por favor, es mejor que tu hermana sepa cuidarte."
"la verdad, prefiero que los estudiantes no entienden el problema","la verdad, prefiero que los estudiantes no entiendan el problema"
ojalá que hay un examen,ojalá que haya un examen
Es urgente que quieren comer siempre.,Es urgente que quieran comer siempre.
"la verdad, para que ustedes hacen la cena hoy","la verdad, para que ustedes hagan la cena hoy"
dudo que podemos ayudar,dudo que podamos ayudar
"Hijo, te pido que mi papá va al médico por favor.","Hijo, te pido que mi papá vaya al médico por favor."
"oye, es necesario que vuelven pronto mañana","oye, es necesario que vuelvan pronto mañana"
es importante que tu no eres puntual tambien,es importante que tú no seas puntual también
"Hijo, ella se paso en el recreo.","Hijo, ella se pasó en el recreo."
"Mira, es urgente que estudian por la tarde hoy.","Mira, es urgente que estudien por la tarde hoy."
Dice que la profesora pide perdon.,Dice que la profesora pide perdón.
"mamá, es urgente que mis hermanos hacen la tarea","mamá, es urgente que mis hermanos hagan la tarea"
"oye, es necesario que eres feliz","oye, es necesario que seas feliz"
"oye, es mejor que ustedes llegan antes que yo mañana","oye, es mejor que ustedes lleguen antes que yo mañana"
me gusta que ellas piensan así siempre,me gusta que ellas piensen así siempre
"Hijo, seguro que tu hermana pone atencion por favor.","Hijo, seguro que tu hermana pone atención por favor."
es posible que la profesora duerme un poco esta vez,es posible que la profesora duerma un poco esta vez
pienso que tu pides ayuda esta vez,pienso que tú pides ayuda esta vez
"profe, no creo que nosotras damos la respuesta tambien","profe, no creo que nosotras demos la respuesta también"
"hola, mi hermano se canso en la clase","hola, mi hermano se cansó en la clase"
Prefiero que ustedes son amable.,Prefiero que ustedes sean amable.
antes de que tienen todo listo por favor,antes de que tengan todo listo por favor
"por favor, es importante que tú duermes temprano","por favor, es importante que tú duermas temprano"
es mejor que tienes frio hoy,es mejor que tengas frío hoy
Mi mamá quiere que tú hablas con ella mañana.,Mi mamá quiere que tú hables con ella mañana.
esta claro que nosotros venimos a la reunion siempre,está claro que nosotros venimos a la reunión siempre
"profe, me alegra que tus amigos buscan otra solución esta vez","profe, me alegra que tus amigos busquen otra solución esta vez"
deseo que tu oyes bien hoy,deseo que tú oigas bien hoy
"hijo, el se lavo ayer","hijo, él se lavó ayer"
mi mama quiere que usted ve a tu abuela,mi mamá quiere que usted vea a tu abuela
me dijo que la nina va a dormir,me dijo que la niña va a dormir
mi mamá quiere que tú haces ejercicio siempre,mi mamá quiere que tú hagas ejercicio siempre
"hijo, deseo que tus amigos no saben cuidarte","hijo, deseo que tus amigos no sepan cuidarte"
espero que nosotros decimos tu nombre mañana,espero que nosotros digamos tu nombre mañana
"mamá, antes de que das el ejemplo hoy","mamá, antes de que des el ejemplo hoy"
"mamá, no creo que tú vienes temprano","mamá, no creo que tú vengas temprano"
"la verdad, mi mamá quiere que no sigues adelante","la verdad, mi mamá quiere que no sigas adelante"
es posible que tus amigos ven la pelicula manana,es posible que tus amigos vean la película mañana
"Por favor, para que mi papá pide ayuda.","Por favor, para que mi papá pida ayuda."
"hola, necesito que mis padres duermen en clase también","hola, necesito que mis padres duerman en clase también"
"la verdad, no quiero que mis padres traen el cuaderno","la verdad, no quiero que mis padres traigan el cuaderno"
"mamá, deseo que el doctor lee mucho","mamá, deseo que el doctor lea mucho"
"mamá, mi hermano se durmio sin querer","mamá, mi hermano se durmió sin querer"
"la verdad, no quiero que das la mano siempre","la verdad, no quiero que des la mano siempre"
"la verdad, dudo que tu amigo sigue las reglas hoy","la verdad, dudo que tu amigo siga las reglas hoy"
seguro que tu piensas antes de hablar tambien,seguro que tú piensas antes de hablar también
"mama, pienso que llegan pronto siempre","mamá, pienso que llegan pronto siempre"
"hijo, es importante que tus amigos tienen cuidado","hijo, es importante que tus amigos tengan cuidado"
"mira, ojalá que tú no escribes el cuento","mira, ojalá que tú no escribas el cuento"
"profe, espero que nosotros estudiamos en silencio","profe, espero que nosotros estudiemos en silencio"
se que la profesora busca el libro manana,sé que la profesora busca el libro mañana
"oye, dudo que tú juegas en el parque esta vez","oye, dudo que tú juegues en el parque esta vez"
"por favor, me dijo que tu ves la pelicula siempre","por favor, me dijo que tú ves la película siempre"
"mira, la nina se quedo de repente","mira, la niña se quedó de repente"
"mira, el perro se rio en la clase","mira, el perro se rió en la clase"
no creo que tienen todo listo,no creo que tengan todo listo
antes de que no conocemos a mis amigos también,antes de que no conozcamos a mis amigos también
"La verdad, es posible que mis hermanos no estudian por la tarde.","La verdad, es posible que mis hermanos no estudien por la tarde."
"profe, es posible que nosotras pensamos en el futuro también","profe, es posible que nosotras pensemos en el futuro también"
"Por favor, es necesario que tú estudias en silencio esta vez.","Por favor, es necesario que tú estudies en silencio esta vez."
"Mama, es verdad que estas listo a las ocho manana.","Mamá, es verdad que estás listo a las ocho mañana."
prefiero que el nino ve a tu abuela siempre,prefiero que el niño vea a tu abuela siempre
"oye, para que ustedes saben la verdad","oye, para que ustedes sepan la verdad"
"mira, hace falta que ellos no ponen atencion","mira, hace falta que ellos no pongan atención"
"mira, es urgente que nosotras somos feliz","mira, es urgente que nosotras seamos feliz"
"Mama, creo que nosotras estamos atento esta vez.","Mamá, creo que nosotras estamos atento esta vez."
"Hijo, prefiero que vuelves pronto.","Hijo, prefiero que vuelvas pronto."
"profe, pienso que las ninas siguen el camino siempre","profe, pienso que las niñas siguen el camino siempre"
"mira, prefiero que tus amigos van con ellos","mira, prefiero que tus amigos vayan con ellos"
"la verdad, te pido que mi papá sigue el camino siempre","la verdad, te pido que mi papá siga el camino siempre"
se que nosotros estamos bien tambien,sé que nosotros estamos bien también
"profe, necesito que mis hermanos entienden la leccion","profe, necesito que mis hermanos entiendan la lección"
"hijo, espero que ustedes conocen a mis amigos también","hijo, espero que ustedes conozcan a mis amigos también"
"oye, dudo que tú hablas en español","oye, dudo que tú hables en español"
"mama, para que nosotros conocemos la ciudad manana","mamá, para que nosotros conozcamos la ciudad mañana"
"hijo, ojalá haces las cosas bien esta vez","hijo, ojalá hagas las cosas bien esta vez"
ojalá nosotros sabemos la verdad siempre,ojalá nosotros sepamos la verdad siempre
es necesario que ustedes ponen la mesa siempre,es necesario que ustedes pongan la mesa siempre
"mira, es importante que nosotras leemos todos los días","mira, es importante que nosotras leamos todos los días"
Antes de que nosotros estudiamos en silencio.,Antes de que nosotros estudiemos en silencio.
mi mamá se acabo en la clase,mi mamá se acabó en la clase
"profe, necesito que mis hermanos piden más comida siempre","profe, necesito que mis hermanos pidan más comida siempre"
mi mama se paso sin querer,mi mamá se pasó sin querer
"la verdad, deseo que tu amigo está listo a las ocho esta vez","la verdad, deseo que tu amigo esté listo a las ocho esta vez"
"Oye, la niña se sento por la mañana.","Oye, la niña se sentó por la mañana."
"por favor, mis padres esperan que puede venir tambien","por favor, mis padres esperan que pueda venir también"
espero que ves el problema,espero que veas el problema
"oye, antes de que seguimos asi siempre","oye, antes de que sigamos así siempre"
Seguro que tu sigues estudiando hoy.,Seguro que tú sigues estudiando hoy.
Se paso muy rápido.,Se pasó muy rápido.
"hola, hace falta que nosotras traemos el cuaderno siempre","hola, hace falta que nosotras traigamos el cuaderno siempre"
"hola, me parece que tu das las gracias siempre","hola, me parece que tú das las gracias siempre"
"hijo, es posible que tu hermana dice mentiras esta vez","hijo, es posible que tu hermana diga mentiras esta vez"
"la verdad, te pido que tú comes despacio","la verdad, te pido que tú comas despacio"
necesito que tú estás aquí,necesito que tú estés aquí
Prefiero que pones orden en el cuarto.,Prefiero que pongas orden en el cuarto.
Me alegra que la profesora sale al recreo hoy.,Me alegra que la profesora salga al recreo hoy.
"hola, mi hermano se peino en el patio","hola, mi hermano se peinó en el patio"
"profe, es importante que tu vienes a la reunion","profe, es importante que tú vengas a la reunión"
"por favor, me dijo que mi mama hace la cena manana","por favor, me dijo que mi mamá hace la cena mañana"
Es importante que nosotros hablamos en clase también.,Es importante que nosotros hablemos en clase también.
"mama, deseo que nosotros traemos la comida tambien","mamá, deseo que nosotros traigamos la comida también"
"por favor, es urgente que piensas así por favor","por favor, es urgente que pienses así por favor"
"hola, es posible que el nino no siente dolor tambien","hola, es posible que el niño no sienta dolor también"
Deseo que ella está bien.,Deseo que ella esté bien.
Hace falta que las niñas escriben tu nombre.,Hace falta que las niñas escriban tu nombre.
"Mira, quiero que tú dices algo hoy.","Mira, quiero que tú digas algo hoy."
deseo que nosotros pensamos en eso tambien,deseo que nosotros pensemos en eso también
"hola, mis padres esperan que mis hermanos conocen la ciudad por favor","hola, mis padres esperan que mis hermanos conozcan la ciudad por favor"
"hijo, quiero que los profesores hacen la cena siempre","hijo, quiero que los profesores hagan la cena siempre"
"Hola, mi mamá quiere que tú no comes en casa también.","Hola, mi mamá quiere que tú no comas en casa también."
"oye, mi mamá se enojo en la clase","oye, mi mamá se enojó en la clase"
"oye, se que tu llegas temprano siempre","oye, sé que tú llegas temprano siempre"
me dijo que jugamos en la calle tambien,me dijo que jugamos en la calle también
"hola, me gusta que ella escribe el cuento","hola, me gusta que ella escriba el cuento"
creo que mi papa hace silencio,creo que mi papá hace silencio
es posible que empiezas la clase por favor,es posible que empieces la clase por favor
"Hola, para que nosotros oímos al profesor hoy.","Hola, para que nosotros oigamos al profesor hoy."
"mira, me alegra que nosotros no leemos mucho por favor","mira, me alegra que nosotros no leamos mucho por favor"
"hola, ojala que ella entiende esto","hola, ojalá que ella entienda esto"
"La verdad, me alegra que tus amigos salen tan tarde.","La verdad, me alegra que tus amigos salgan tan tarde."
"hola, mi mama se porto en el patio","hola, mi mamá se portó en el patio"
mis padres esperan que los estudiantes ponen los libros aqui por favor,mis padres esperan que los estudiantes pongan los libros aquí por favor
La niña se rio en el recreo.,La niña se rió en el recreo.
"la verdad, es urgente que nosotras no sabemos cuidarte siempre","la verdad, es urgente que nosotras no sepamos cuidarte siempre"
"Oye, te pido que tú tienes suerte.","Oye, te pido que tú tengas suerte."
es mejor que el doctor habla en español hoy,es mejor que el doctor hable en español hoy
"profe, espero que no pedimos permiso","profe, espero que no pidamos permiso"
"Profe, me alegra que nosotros salimos con tus amigos esta vez.","Profe, me alegra que nosotros salgamos con tus amigos esta vez."
"Mamá, es mejor que ellos no vienen mañana también.","Mamá, es mejor que ellos no vengan mañana también."
mi mamá quiere que tú ves la película también,mi mamá quiere que tú veas la película también
"Mira, dudo que ustedes hablan más fuerte por favor.","Mira, dudo que ustedes hablen más fuerte por favor."
"La verdad, ojalá no tienes paciencia por favor.","La verdad, ojalá no tengas paciencia por favor."
"por favor, no quiero que no comes más frutas también","por favor, no quiero que no comas más frutas también"
Ojalá que nosotros estudiamos para el examen.,Ojalá que nosotros estudiemos para el examen.
"la verdad, ojalá que los estudiantes van con ellos","la verdad, ojalá que los estudiantes vayan con ellos"
"La verdad, dudo que las niñas conocen la historia también.","La verdad, dudo que las niñas conozcan la historia también."
"Hijo, espero que mis padres quieren estudiar.","Hijo, espero que mis padres quieran estudiar."
"Mira, el profesor quiere que los estudiantes están en casa esta vez.","Mira, el profesor quiere que los estudiantes estén en casa esta vez."
"hola, ojala que nosotros podemos entrar siempre","hola, ojalá que nosotros podamos entrar siempre"
"hijo, se que nosotras volvemos temprano hoy","hijo, sé que nosotras volvemos temprano hoy"
Esta claro que mis hermanos comen despacio.,Está claro que mis hermanos comen despacio.
te pido que llegamos tarde,te pido que lleguemos tarde
no creo que tú no quieres ayudar siempre,no creo que tú no quieras ayudar siempre
seguro que ponen el abrigo tambien,seguro que ponen el abrigo también
"hola, no creo que mis hermanos salen a jugar mañana","hola, no creo que mis hermanos salgan a jugar mañana"
para que la niña conoce a mis amigos,para que la niña conozca a mis amigos
"por favor, sabemos que el nino oye esto manana","por favor, sabemos que el niño oye esto mañana"
"mama, sabemos que nosotras estudiamos en silencio esta vez","mamá, sabemos que nosotras estudiamos en silencio esta vez"
"oye, sabemos que tu tienes paciencia tambien","oye, sabemos que tú tienes paciencia también"
"hijo, me alegra que tus amigos dicen la verdad","hijo, me alegra que tus amigos digan la verdad"
"Profe, ojalá el niño conoce la historia mañana.","Profe, ojalá el niño conozca la historia mañana."
"la verdad, mis padres esperan que nosotros conocemos la historia","la verdad, mis padres esperan que nosotros conozcamos la historia"
dudo que nosotras buscamos tus cosas,dudo que nosotras busquemos tus cosas
"por favor, se que ellos piden mas comida","por favor, sé que ellos piden más comida"
"Mira, deseo que nosotras comemos más frutas por favor.","Mira, deseo que nosotras comamos más frutas por favor."
me gusta que tu quieres venir,me gusta que tú quieras venir
Deseo que tú pides más comida.,Deseo que tú pidas más comida.
"mira, prefiero que estás aquí esta vez","mira, prefiero que estés aquí esta vez"
Antes de que ella no es puntual también.,Antes de que ella no sea puntual también.
"La verdad, es importante que tú pides perdón.","La verdad, es importante que tú pidas perdón."
"oye, hace falta que usted hace un dibujo hoy","oye, hace falta que usted haga un dibujo hoy"
"mama, seguro que lees mucho por favor","mamá, seguro que lees mucho por favor"
"Profe, hace falta que nosotros no llegamos a la meta siempre.","Profe, hace falta que nosotros no lleguemos a la meta siempre."
"hola, espero que la profesora viene temprano tambien","hola, espero que la profesora venga temprano también"
"mamá, el profesor quiere que no das las gracias","mamá, el profesor quiere que no des las gracias"
"hijo, te pido que tú llegas tarde mañana","hijo, te pido que tú llegues tarde mañana"
"hola, no creo que usted vuelve a casa siempre","hola, no creo que usted vuelva a casa siempre"
"hola, prefiero que escribes la carta por favor","hola, prefiero que escribas la carta por favor"
prefiero que las ninas empiezan temprano manana,prefiero que las niñas empiecen temprano mañana
mis padres esperan que usted trae agua por favor,mis padres esperan que usted traiga agua por favor
"hola, es importante que vamos con ellos hoy","hola, es importante que vayamos con ellos hoy"
"oye, me alegra que tu vienes manana siempre","oye, me alegra que tú vengas mañana siempre"
mi mama quiere que ella no empieza de nuevo,mi mamá quiere que ella no empiece de nuevo
dudo que el niño va a dormir,dudo que el niño vaya a dormir
necesito que tu entiendes la leccion,necesito que tú entiendas la lección
"hola, es urgente que nosotros salimos de casa siempre","hola, es urgente que nosotros salgamos de casa siempre"
es posible que nosotras ponemos el abrigo siempre,es posible que nosotras pongamos el abrigo siempre
"la verdad, seguro que tu oyes bien siempre","la verdad, seguro que tú oyes bien siempre"
"la verdad, es necesario que ella puede entrar hoy","la verdad, es necesario que ella pueda entrar hoy"
"mama, mis padres esperan que tu sabes leer bien","mamá, mis padres esperan que tú sepas leer bien"
no creo que mi hermano tiene frio,no creo que mi hermano tenga frío
"Mira, ella se perdio en la clase.","Mira, ella se perdió en la clase."
"Profe, es posible que nosotras estudiamos en silencio.","Profe, es posible que nosotras estudiemos en silencio."
"oye, deseo que el niño conoce la historia","oye, deseo que el niño conozca la historia"
"Hijo, no quiero que los profesores piden más comida hoy.","Hijo, no quiero que los profesores pidan más comida hoy."
"Hijo, es necesario que tú estás tranquilo.","Hijo, es necesario que tú estés tranquilo."
"Oye, mi mamá quiere que ellas entienden la pregunta hoy.","Oye, mi mamá quiere que ellas entiendan la pregunta hoy."
"la verdad, hace falta que tú estás atento","la verdad, hace falta que tú estés atento"
"La verdad, me gusta que comemos verduras hoy.","La verdad, me gusta que comamos verduras hoy."
no creo que nosotras estamos aquí por favor,no creo que nosotras estemos aquí por favor
"mama, te pido que tu hermana no sabe la verdad","mamá, te pido que tu hermana no sepa la verdad"
"hijo, mis padres esperan que los estudiantes estudian medicina tambien","hijo, mis padres esperan que los estudiantes estudien medicina también"
"oye, veo que tu piensas en el futuro siempre","oye, veo que tú piensas en el futuro siempre"
no quiero que tú comes despacio por favor,no quiero que tú comas despacio por favor
"La verdad, es cierto que tu oyes la musica siempre.","La verdad, es cierto que tú oyes la música siempre."
"Hijo, es mejor que los niños tienen cuidado hoy.","Hijo, es mejor que los niños tengan cuidado hoy."
"Oye, es mejor que las niñas vienen a la reunión por favor.","Oye, es mejor que las niñas vengan a la reunión por favor."
"por favor, espero que ellas oyen bien hoy","por favor, espero que ellas oigan bien hoy"
"mira, el profesor se caso ayer","mira, el profesor se casó ayer"
"profe, deseo que tu no sientes lo mismo","profe, deseo que tú no sientas lo mismo"
ojalá que mis hermanos ponen orden en el cuarto,ojalá que mis hermanos pongan orden en el cuarto
para que ella pone orden en el cuarto por favor,para que ella ponga orden en el cuarto por favor
Me parece que mis padres dicen eso manana.,Me parece que mis padres dicen eso mañana.
Prefiero que mi papá no busca trabajo también.,Prefiero que mi papá no busque trabajo también.
"hola, quiero que quiere comer siempre","hola, quiero que quiera comer siempre"
"la verdad, mi mamá se sento por la mañana","la verdad, mi mamá se sentó por la mañana"
Es verdad que los profesores hablan en clase tambien.,Es verdad que los profesores hablan en clase también.
el se caso sin querer,él se casó sin querer
"hijo, prefiero que estamos atento siempre","hijo, prefiero que estemos atento siempre"
Me parece que las ninas comen mas frutas.,Me parece que las niñas comen más frutas.
"por favor, necesito que mi papá habla en español también","por favor, necesito que mi papá hable en español también"
"hola, tu primo se rio de repente","hola, tu primo se rió de repente"
"profe, es mejor que tú oyes el ruido mañana","profe, es mejor que tú oigas el ruido mañana"
"hola, quiero que usted está listo a las ocho","hola, quiero que usted esté listo a las ocho"
"profe, pienso que mi mama sigue adelante","profe, pienso que mi mamá sigue adelante"
seguro que el nino quiere salir,seguro que el niño quiere salir
"hola, dudo que nosotras sabemos cuidarte hoy","hola, dudo que nosotras sepamos cuidarte hoy"
"hijo, necesito que el doctor sigue el camino esta vez","hijo, necesito que el doctor siga el camino esta vez"
Es importante que mis hermanos empiezan de nuevo.,Es importante que mis hermanos empiecen de nuevo.
dudo que empezamos temprano siempre,dudo que empecemos temprano siempre
es importante que ves a tu abuela hoy,es importante que veas a tu abuela hoy
Prefiero que los estudiantes piensan en eso.,Prefiero que los estudiantes piensen en eso.
me dijo que oimos la musica,me dijo que oímos la música
dudo que pueden ayudar,dudo que puedan ayudar
"Oye, esta claro que traen el permiso firmado hoy.","Oye, está claro que traen el permiso firmado hoy."
"Profe, esta claro que tu amigo da un paseo siempre.","Profe, está claro que tu amigo da un paseo siempre."
Es importante que tú sigues las reglas.,Es importante que tú sigas las reglas.
Esta claro que mi hermano oye el ruido esta vez.,Está claro que mi hermano oye el ruido esta vez.
ojalá que tu hermana escribe el cuento hoy,ojalá que tu hermana escriba el cuento hoy
espero que podemos descansar,espero que podamos descansar
la niña se paso en el patio,la niña se pasó en el patio
te pido que nosotros no somos feliz también,te pido que nosotros no seamos feliz también
"la verdad, quiero que el doctor tiene razón también","la verdad, quiero que el doctor tenga razón también"
"hola, espero que tu amigo vuelve a casa siempre","hola, espero que tu amigo vuelva a casa siempre"
"La verdad, te pido que mi mamá da la mano por favor.","La verdad, te pido que mi mamá dé la mano por favor."
"por favor, sabemos que tu lees las instrucciones esta vez","por favor, sabemos que tú lees las instrucciones esta vez"
"Profe, prefiero que tus amigos ven esto.","Profe, prefiero que tus amigos vean esto."
"la verdad, me gusta que tu no dices la verdad","la verdad, me gusta que tú no digas la verdad"
"la verdad, prefiero que tú no das un paseo por favor","la verdad, prefiero que tú no des un paseo por favor"
"Profe, para que tú eres honesto por favor.","Profe, para que tú seas honesto por favor."
"mira, necesito que leemos el libro hoy","mira, necesito que leamos el libro hoy"
dudo que tu comes despacio manana,dudo que tú comas despacio mañana
"Por favor, me dijo que tu sigues el camino siempre.","Por favor, me dijo que tú sigues el camino siempre."
"Profe, mis padres esperan que salimos temprano también.","Profe, mis padres esperan que salgamos temprano también."
te pido que mis padres tienen todo listo por favor,te pido que mis padres tengan todo listo por favor
esta claro que las ninas van a dormir,está claro que las niñas van a dormir
mis padres esperan que salimos al recreo hoy,mis padres esperan que salgamos al recreo hoy
"Mama, es verdad que mis padres comen mas frutas manana.","Mamá, es verdad que mis padres comen más frutas mañana."
"mira, prefiero que los ninos van a la playa por favor","mira, prefiero que los niños vayan a la playa por favor"
es mejor que tu hermana es así mañana,es mejor que tu hermana sea así mañana
es verdad que tu quieres ayudar,es verdad que tú quieres ayudar
"profe, ojala que las ninas estudian por la tarde","profe, ojalá que las niñas estudien por la tarde"
deseo que ellas traen agua,deseo que ellas traigan agua
"Profe, prefiero que nosotros podemos terminar hoy por favor.","Profe, prefiero que nosotros podamos terminar hoy por favor."
mis padres esperan que nosotros dormimos un poco,mis padres esperan que nosotros durmamos un poco
"mamá, deseo que nosotras pensamos así por favor","mamá, deseo que nosotras pensemos así por favor"
"por favor, mi mama quiere que nosotras conocemos el museo por favor","por favor, mi mamá quiere que nosotras conozcamos el museo por favor"
"hola, es necesario que nosotros jugamos después de comer","hola, es necesario que nosotros juguemos después de comer"
me gusta que los profesores estudian para el examen manana,me gusta que los profesores estudien para el examen mañana
me alegra que hay un examen,me alegra que haya un examen
"hijo, es cierto que nosotras estudiamos por la tarde tambien","hijo, es cierto que nosotras estudiamos por la tarde también"
"hola, prefiero que los estudiantes empiezan temprano","hola, prefiero que los estudiantes empiecen temprano"
no quiero que va al medico por favor,no quiero que vaya al médico por favor
Hace falta que nosotros traemos los libros esta vez.,Hace falta que nosotros traigamos los libros esta vez.
mis padres esperan que tú dices mentiras,mis padres esperan que tú digas mentiras
el profesor quiere que ellas llegan antes que yo esta vez,el profesor quiere que ellas lleguen antes que yo esta vez
"Mira, prefiero que tienes todo listo hoy.","Mira, prefiero que tengas todo listo hoy."
el se paso muy rapido,él se pasó muy rápido
Te pido que nosotras estamos en casa también.,Te pido que nosotras estemos en casa también.
"por favor, prefiero que el sale temprano","por favor, prefiero que él salga temprano"
"Mira, mi mamá quiere que comemos más frutas también.","Mira, mi mamá quiere que comamos más frutas también."
creo que nosotros somos asi hoy,creo que nosotros somos así hoy
"profe, no quiero que la niña habla despacio hoy","profe, no quiero que la niña hable despacio hoy"
"Hola, ojalá que nosotros no decimos algo.","Hola, ojalá que nosotros no digamos algo."
"profe, se que tu tienes paciencia","profe, sé que tú tienes paciencia"
"oye, necesito que nosotros no vamos al médico también","oye, necesito que nosotros no vayamos al médico también"
"oye, prefiero que pensamos antes de hablar tambien","oye, prefiero que pensemos antes de hablar también"
"La verdad, dudo que tu hermana viene conmigo esta vez.","La verdad, dudo que tu hermana venga conmigo esta vez."
"oye, ojala nosotros salimos tan tarde","oye, ojalá nosotros salgamos tan tarde"
El profesor quiere que tus amigos quieren ayudar hoy.,El profesor quiere que tus amigos quieran ayudar hoy.
"mira, es importante que mis hermanos piden ayuda","mira, es importante que mis hermanos pidan ayuda"
"mama, se paso toda la tarde","mamá, se pasó toda la tarde"
"la verdad, ojala ella vuelve a intentarlo tambien","la verdad, ojalá ella vuelva a intentarlo también"
"Oye, es importante que mi mamá vuelve pronto.","Oye, es importante que mi mamá vuelva pronto."
me alegra que hay comida para todos,me alegra que haya comida para todos
mi mama quiere que tu vuelves temprano,mi mamá quiere que tú vuelvas temprano
me dijo que nosotros conocemos a mi familia manana,me dijo que nosotros conocemos a mi familia mañana
pienso que tu duermes temprano hoy,pienso que tú duermes temprano hoy
"mira, quiero que nosotros jugamos con cuidado","mira, quiero que nosotros juguemos con cuidado"
te pido que ella empieza ahora,te pido que ella empiece ahora
es importante que tú no haces ejercicio siempre,es importante que tú no hagas ejercicio siempre
"la verdad, me gusta que llega pronto manana","la verdad, me gusta que llegue pronto mañana"
Es urgente que tú vienes a la fiesta.,Es urgente que tú vengas a la fiesta.
"por favor, mi mamá quiere que los niños ven esto hoy","por favor, mi mamá quiere que los niños vean esto hoy"
el profesor quiere que mi papá trae agua por favor,el profesor quiere que mi papá traiga agua por favor
"Profe, quiero que ellos vienen mañana siempre.","Profe, quiero que ellos vengan mañana siempre."
quiero que hay clases manana,quiero que haya clases mañana
"oye, necesito que tú empiezas la clase siempre","oye, necesito que tú empieces la clase siempre"
"mamá, ojalá que tu hermana va solo por favor","mamá, ojalá que tu hermana vaya solo por favor"
me alegra que mis hermanos dicen lo que piensas por favor,me alegra que mis hermanos digan lo que piensas por favor
hace falta que mis hermanos traen el permiso firmado siempre,hace falta que mis hermanos traigan el permiso firmado siempre
"La verdad, dice que las ninas conocen a mi familia esta vez.","La verdad, dice que las niñas conocen a mi familia esta vez."
"profe, no creo que tú empiezas de nuevo mañana","profe, no creo que tú empieces de nuevo mañana"
me gusta que no pones la mesa por favor,me gusta que no pongas la mesa por favor
te pido que nosotras traemos la comida,te pido que nosotras traigamos la comida
"Por favor, es cierto que el nino busca otra solucion siempre.","Por favor, es cierto que el niño busca otra solución siempre."
Prefiero que conoces la ciudad esta vez.,Prefiero que conozcas la ciudad esta vez.
"la verdad, no quiero que tus amigos están aquí","la verdad, no quiero que tus amigos estén aquí"
"hola, deseo que las niñas están listo a las ocho también","hola, deseo que las niñas estén listo a las ocho también"
"oye, se que tu duermes en clase manana","oye, sé que tú duermes en clase mañana"
"Mira, para que tus amigos dicen eso siempre.","Mira, para que tus amigos digan eso siempre."
mis padres esperan que hay sitio,mis padres esperan que haya sitio
es importante que hay sitio,es importante que haya sitio
"mama, no quiero que tu hermana conoce el museo tambien","mamá, no quiero que tu hermana conozca el museo también"
"la verdad, es mejor que tu llegas pronto hoy","la verdad, es mejor que tú llegues pronto hoy"
"la verdad, me gusta que mi hermano estudia mucho","la verdad, me gusta que mi hermano estudie mucho"
"La verdad, prefiero que nosotros volvemos mañana.","La verdad, prefiero que nosotros volvamos mañana."
es mejor que nosotros empezamos ahora,es mejor que nosotros empecemos ahora
"oye, el profesor quiere que el doctor dice mentiras esta vez","oye, el profesor quiere que el doctor diga mentiras esta vez"
"mama, el perro se llamo muy rapido","mamá, el perro se llamó muy rápido"
me gusta que el niño dice eso mañana,me gusta que el niño diga eso mañana
Esta claro que juega con cuidado tambien.,Está claro que juega con cuidado también.
"por favor, pienso que el nino siente dolor esta vez","por favor, pienso que el niño siente dolor esta vez"
"la verdad, tu primo se rio al final","la verdad, tu primo se rió al final"
"hijo, es importante que estudiamos medicina","hijo, es importante que estudiemos medicina"
"Hijo, es mejor que los niños no oyen bien por favor.","Hijo, es mejor que los niños no oigan bien por favor."
"Oye, no quiero que nosotras somos amable por favor.","Oye, no quiero que nosotras seamos amable por favor."
Hace falta que no estudia en silencio hoy.,Hace falta que no estudie en silencio hoy.
Mi mamá quiere que no pedimos perdón mañana.,Mi mamá quiere que no pidamos perdón mañana.
quiero que mi papa pide permiso manana,quiero que mi papá pida permiso mañana
No creo que hay clases mañana.,No creo que haya clases mañana.
"oye, espero que ustedes sienten verguenza","oye, espero que ustedes sientan vergüenza"
"hijo, la nina se enojo de repente","hijo, la niña se enojó de repente"
"hijo, deseo que los ninos no leen mucho manana","hijo, deseo que los niños no lean mucho mañana"
"Por favor, ella se quedo de repente.","Por favor, ella se quedó de repente."
"por favor, es importante que tu oyes al profesor","por favor, es importante que tú oigas al profesor"
"hola, quiero que ustedes no dicen la verdad","hola, quiero que ustedes no digan la verdad"
"por favor, no quiero que lees en voz alta","por favor, no quiero que leas en voz alta"
"profe, esta claro que el nino trae la comida manana","profe, está claro que el niño trae la comida mañana"
no creo que nosotras vamos al medico hoy,no creo que nosotras vayamos al médico hoy
"profe, es necesario que nosotros pedimos mas comida tambien","profe, es necesario que nosotros pidamos más comida también"
hace falta que mi papa no trae la comida,hace falta que mi papá no traiga la comida
me alegra que nosotras tenemos suerte hoy,me alegra que nosotras tengamos suerte hoy
"Hijo, no creo que pueden ayudar mañana.","Hijo, no creo que puedan ayudar mañana."
"Mira, mi mamá se sento muy rápido.","Mira, mi mamá se sentó muy rápido."
es posible que tu piensas bien las cosas esta vez,es posible que tú pienses bien las cosas esta vez
"Mira, antes de que las niñas leen el libro esta vez.","Mira, antes de que las niñas lean el libro esta vez."
Ojalá nosotros traemos agua por favor.,Ojalá nosotros traigamos agua por favor.
"Mira, me gusta que mis padres escriben tu nombre mañana.","Mira, me gusta que mis padres escriban tu nombre mañana."
"hola, es urgente que tus amigos buscan otra solución mañana","hola, es urgente que tus amigos busquen otra solución mañana"
"oye, prefiero que volvemos pronto hoy","oye, prefiero que volvamos pronto hoy"
dudo que mi hermano piensa en eso por favor,dudo que mi hermano piense en eso por favor
"hola, no quiero que tu hermana puede descansar hoy","hola, no quiero que tu hermana pueda descansar hoy"
"mama, creo que nosotras traemos los libros por favor","mamá, creo que nosotras traemos los libros por favor"
"profe, para que ella piensa así","profe, para que ella piense así"
me gusta que hay tiempo,me gusta que haya tiempo
"oye, quiero que tú vuelves pronto por favor","oye, quiero que tú vuelvas pronto por favor"
Dice que ellas piden perdon.,Dice que ellas piden perdón.
"oye, dudo que ellos comen en casa","oye, dudo que ellos coman en casa"
Es urgente que los profesores pueden terminar hoy mañana.,Es urgente que los profesores puedan terminar hoy mañana.
Te pido que hay clases mañana.,Te pido que haya clases mañana.
No creo que tú quieres venir por favor.,No creo que tú quieras venir por favor.
"mamá, mi mamá quiere que nosotras no tenemos paciencia siempre","mamá, mi mamá quiere que nosotras no tengamos paciencia siempre"
"mama, para que hablamos en espanol","mamá, para que hablemos en español"
me gusta que nosotras dormimos bien por favor,me gusta que nosotras durmamos bien por favor
antes de que vamos a la playa tambien,antes de que vayamos a la playa también
"Hola, mis padres esperan que tú conoces la historia siempre.","Hola, mis padres esperan que tú conozcas la historia siempre."
"Mira, pienso que tu amigo esta en casa por favor.","Mira, pienso que tu amigo está en casa por favor."
"por favor, el profesor quiere que nosotros pensamos en el futuro manana","por favor, el profesor quiere que nosotros pensemos en el futuro mañana"
me dijo que las ninas oyen al profesor esta vez,me dijo que las niñas oyen al profesor esta vez
"hola, mi mamá quiere que nosotros escribimos el cuento hoy","hola, mi mamá quiere que nosotros escribamos el cuento hoy"
es urgente que hay sitio,es urgente que haya sitio
"Oye, es importante que él viene a mi casa.","Oye, es importante que él venga a mi casa."
"Hijo, no creo que nosotros damos la mano.","Hijo, no creo que nosotros demos la mano."
"por favor, antes de que mi hermano escribe el cuento esta vez","por favor, antes de que mi hermano escriba el cuento esta vez"
mi mamá quiere que mi papá duerme temprano también,mi mamá quiere que mi papá duerma temprano también
"por favor, hace falta que mis padres empiezan la tarea","por favor, hace falta que mis padres empiecen la tarea"
"hola, hace falta que nosotros damos la mano","hola, hace falta que nosotros demos la mano"
"Hijo, me parece que los ninos saben cuidarte siempre.","Hijo, me parece que los niños saben cuidarte siempre."
"la verdad, me parece que mi papa escribe el cuento siempre","la verdad, me parece que mi papá escribe el cuento siempre"
"profe, me gusta que nosotros sabemos nadar hoy","profe, me gusta que nosotros sepamos nadar hoy"
"Mira, dice que tu tienes razon.","Mira, dice que tú tienes razón."
me alegra que tu no dices tu nombre,me alegra que tú no digas tu nombre
"la verdad, te pido que tú quieres estudiar","la verdad, te pido que tú quieras estudiar"
"la verdad, es posible que tu estudias mucho esta vez","la verdad, es posible que tú estudies mucho esta vez"
"oye, veo que conoces la ciudad manana","oye, veo que conoces la ciudad mañana"
para que mi papá empieza la tarea esta vez,para que mi papá empiece la tarea esta vez
Mis padres esperan que hay clases mañana.,Mis padres esperan que haya clases mañana.
"Oye, tu primo se levanto en el patio.","Oye, tu primo se levantó en el patio."
te pido que los estudiantes saben la verdad esta vez,te pido que los estudiantes sepan la verdad esta vez
"Mamá, se lavo sin querer.","Mamá, se lavó sin querer."
Tu primo se escapo en la clase.,Tu primo se escapó en la clase.
mi hermano se porto de repente,mi hermano se portó de repente
"Para que sabes, llevo limpia una semana.","Para que sepas, llevo limpia una semana."
"la verdad, hace falta que ustedes saben eso","la verdad, hace falta que ustedes sepan eso"
te pido que usted habla con ella por favor,te pido que usted hable con ella por favor
"la verdad, sabemos que sabes nadar manana","la verdad, sabemos que sabes nadar mañana"
"hijo, espero que nosotros no entendemos mis razones siempre","hijo, espero que nosotros no entendamos mis razones siempre"
te pido que tus amigos vienen conmigo también,te pido que tus amigos vengan conmigo también
"por favor, quiero que ellas piden perdón esta vez","por favor, quiero que ellas pidan perdón esta vez"
"La verdad, mi mamá quiere que él hace la cena mañana.","La verdad, mi mamá quiere que él haga la cena mañana."
Necesito que quieres comer siempre.,Necesito que quieras comer siempre.
deseo que tu sientes frio hoy,deseo que tú sientas frío hoy
"profe, te pido que nosotros somos responsable","profe, te pido que nosotros seamos responsable"
veo que las ninas siguen asi siempre,veo que las niñas siguen así siempre
"por favor, deseo que mi mamá empieza de nuevo","por favor, deseo que mi mamá empiece de nuevo"
"la verdad, hace falta que los niños salen a jugar","la verdad, hace falta que los niños salgan a jugar"
"por favor, se callo de repente","por favor, se calló de repente"
me alegra que ponemos orden en el cuarto hoy,me alegra que pongamos orden en el cuarto hoy
"hola, es urgente que la niña pone los libros aquí mañana","hola, es urgente que la niña ponga los libros aquí mañana"
quiero que nosotras salimos de casa mañana,quiero que nosotras salgamos de casa mañana
"profe, para que pueden descansar","profe, para que puedan descansar"
"la verdad, es verdad que mi hermano hace silencio manana","la verdad, es verdad que mi hermano hace silencio mañana"
"Mama, es cierto que sabemos leer bien por favor.","Mamá, es cierto que sabemos leer bien por favor."
mi mamá quiere que hay problemas,mi mamá quiere que haya problemas
dice que tu hermana conoce la ciudad tambien,dice que tu hermana conoce la ciudad también
"mira, hace falta que mis hermanos traen agua mañana","mira, hace falta que mis hermanos traigan agua mañana"
"oye, deseo que tu hermana empieza de nuevo por favor","oye, deseo que tu hermana empiece de nuevo por favor"
"Mamá, me alegra que tu hermana sabe la verdad.","Mamá, me alegra que tu hermana sepa la verdad."
Ojalá hay tiempo.,Ojalá haya tiempo.
me alegra que nosotros volvemos pronto esta vez,me alegra que nosotros volvamos pronto esta vez
"Oye, pienso que nosotros podemos venir tambien.","Oye, pienso que nosotros podemos venir también."
"mira, mi mama quiere que tus amigos no empiezan temprano","mira, mi mamá quiere que tus amigos no empiecen temprano"
"por favor, quiero que tu hermana quiere salir hoy","por favor, quiero que tu hermana quiera salir hoy"
"hijo, me gusta que tienes todo listo esta vez","hijo, me gusta que tengas todo listo esta vez"
"mira, hace falta que mi mama no llega antes que yo","mira, hace falta que mi mamá no llegue antes que yo"
"por favor, él se lavo en el patio","por favor, él se lavó en el patio"
mis padres esperan que ponemos la mesa siempre,mis padres esperan que pongamos la mesa siempre
"mama, el profesor quiere que usted sigue asi","mamá, el profesor quiere que usted siga así"
"Oye, para que tu hermana empieza temprano esta vez.","Oye, para que tu hermana empiece temprano esta vez."
"profe, es verdad que tu hermana pone atencion hoy","profe, es verdad que tu hermana pone atención hoy"
Te pido que no conocemos a mi familia hoy.,Te pido que no conozcamos a mi familia hoy.
no quiero que siguen el camino siempre,no quiero que sigan el camino siempre
"Mamá, me alegra que ustedes salen temprano.","Mamá, me alegra que ustedes salgan temprano."
"Hijo, antes de que ellos no comen más frutas mañana.","Hijo, antes de que ellos no coman más frutas mañana."
"profe, me alegra que los niños no están bien","profe, me alegra que los niños no estén bien"
antes de que hay comida para todos,antes de que haya comida para todos
"hola, necesito que tu empiezas ahora siempre","hola, necesito que tú empieces ahora siempre"
"Mira, mis padres esperan que tu amigo tiene cuidado también.","Mira, mis padres esperan que tu amigo tenga cuidado también."
necesito que estamos tranquilo,necesito que estemos tranquilo
"oye, mi mama se paso toda la tarde","oye, mi mamá se pasó toda la tarde"
"oye, es posible que la nina da la mano","oye, es posible que la niña dé la mano"
"Hola, el profesor quiere que tú no ves la película por favor.","Hola, el profesor quiere que tú no veas la película por favor."
"mamá, mis padres esperan que tú vas solo esta vez","mamá, mis padres esperan que tú vayas solo esta vez"
"mama, ojala nosotras queremos ayudar","mamá, ojalá nosotras queramos ayudar"
"por favor, deseo que nosotros sabemos la verdad por favor","por favor, deseo que nosotros sepamos la verdad por favor"
"profe, ojalá los estudiantes pueden ayudar hoy","profe, ojalá los estudiantes puedan ayudar hoy"
"Hijo, es necesario que nosotras oímos bien.","Hijo, es necesario que nosotras oigamos bien."
"La verdad, es importante que buscas tus cosas mañana.","La verdad, es importante que busques tus cosas mañana."
"Por favor, él se perdio en el patio.","Por favor, él se perdió en el patio."
Ojalá hay un examen.,Ojalá haya un examen.
pienso que tu hablas mas fuerte,pienso que tú hablas más fuerte
no creo que tú oyes bien hoy,no creo que tú oigas bien hoy
"por favor, ella se lavo en el patio","por favor, ella se lavó en el patio"
"hola, ojalá que tú no tienes suerte también","hola, ojalá que tú no tengas suerte también"
"hola, hace falta que damos un paseo por favor","hola, hace falta que demos un paseo por favor"
para que vas a la playa,para que vayas a la playa
es urgente que ella estudia por la tarde,es urgente que ella estudie por la tarde
"hijo, no creo que las niñas empiezan temprano","hijo, no creo que las niñas empiecen temprano"
"profe, quiero que mis hermanos dan la mano","profe, quiero que mis hermanos den la mano"
"la verdad, prefiero que usted da la mano por favor","la verdad, prefiero que usted dé la mano por favor"
"profe, es posible que el nino duerme en clase esta vez","profe, es posible que el niño duerma en clase esta vez"
"mira, es mejor que nosotros oímos al profesor siempre","mira, es mejor que nosotros oigamos al profesor siempre"
espero que mis padres juegan en el parque,espero que mis padres jueguen en el parque
"hijo, es importante que las niñas saben eso mañana","hijo, es importante que las niñas sepan eso mañana"
"mamá, antes de que mi mamá sigue adelante siempre","mamá, antes de que mi mamá siga adelante siempre"
"oye, ojalá que usted siente vergüenza por favor","oye, ojalá que usted sienta vergüenza por favor"
dudo que los ninos no salen al recreo esta vez,dudo que los niños no salgan al recreo esta vez
es urgente que traemos el cuaderno por favor,es urgente que traigamos el cuaderno por favor
Es mejor que leen en voz alta.,Es mejor que lean en voz alta.
se que tu pides permiso siempre,sé que tú pides permiso siempre
"Hola, hace falta que los niños estudian para el examen.","Hola, hace falta que los niños estudien para el examen."
"mamá, me alegra que tú no quieres venir por favor","mamá, me alegra que tú no quieras venir por favor"
hace falta que tú pones orden en el cuarto por favor,hace falta que tú pongas orden en el cuarto por favor
"Hola, no creo que los niños piensan en eso.","Hola, no creo que los niños piensen en eso."
necesito que nosotros conocemos la ciudad esta vez,necesito que nosotros conozcamos la ciudad esta vez
"Profe, es posible que los estudiantes no llegan antes que yo.","Profe, es posible que los estudiantes no lleguen antes que yo."
"oye, mis padres esperan que la profesora tiene paciencia por favor","oye, mis padres esperan que la profesora tenga paciencia por favor"
"hola, el profesor quiere que tú pones la mesa esta vez","hola, el profesor quiere que tú pongas la mesa esta vez"
mi mamá quiere que los profesores piensan en el futuro también,mi mamá quiere que los profesores piensen en el futuro también
"oye, hace falta que tu amigo es así hoy","oye, hace falta que tu amigo sea así hoy"
veo que oyes bien manana,veo que oyes bien mañana
"Mamá, el profesor se quedo al final.","Mamá, el profesor se quedó al final."
"hola, espero que ellos hablan con ella esta vez","hola, espero que ellos hablen con ella esta vez"
"mira, prefiero que tú llegas antes que yo por favor","mira, prefiero que tú llegues antes que yo por favor"
"la verdad, te pido que el niño quiere ayudar","la verdad, te pido que el niño quiera ayudar"
"Profe, ojalá que mis padres empiezan la tarea hoy.","Profe, ojalá que mis padres empiecen la tarea hoy."
"hijo, me alegra que buscamos la respuesta mañana","hijo, me alegra que busquemos la respuesta mañana"
"Hijo, mis padres esperan que tu hermana vuelve pronto por favor.","Hijo, mis padres esperan que tu hermana vuelva pronto por favor."
mi mamá se quedo en el patio,mi mamá se quedó en el patio
antes de que mi mamá dice mentiras también,antes de que mi mamá diga mentiras también
"oye, necesito que tú llegas a la meta hoy","oye, necesito que tú llegues a la meta hoy"
"Oye, seguro que los ninos comen despacio.","Oye, seguro que los niños comen despacio."
"mira, creo que tu piensas bien las cosas por favor","mira, creo que tú piensas bien las cosas por favor"
mis padres esperan que pensamos en el futuro manana,mis padres esperan que pensemos en el futuro mañana
no quiero que tu entiendes el problema hoy,no quiero que tú entiendas el problema hoy
"mira, dudo que ustedes no estudian medicina por favor","mira, dudo que ustedes no estudien medicina por favor"
es necesario que el come verduras hoy,es necesario que él coma verduras hoy
"Profe, mi mamá quiere que mis padres ven el problema hoy.","Profe, mi mamá quiere que mis padres vean el problema hoy."
"Mira, me gusta que tus amigos quieren salir.","Mira, me gusta que tus amigos quieran salir."
para que nosotras buscamos la respuesta también,para que nosotras busquemos la respuesta también
es urgente que tu traes el cuaderno esta vez,es urgente que tú traigas el cuaderno esta vez
"oye, se que hablas en espanol hoy","oye, sé que hablas en español hoy"
"hola, hace falta que nosotras no empezamos temprano siempre","hola, hace falta que nosotras no empecemos temprano siempre"
"profe, te pido que ellas conocen a mi familia","profe, te pido que ellas conozcan a mi familia"
dudo que los niños estudian medicina hoy,dudo que los niños estudien medicina hoy
"profe, para que él trae agua hoy","profe, para que él traiga agua hoy"
"Profe, es posible que mis hermanos ven la película siempre.","Profe, es posible que mis hermanos vean la película siempre."
"profe, veo que los ninos vienen a la reunion","profe, veo que los niños vienen a la reunión"
"la verdad, antes de que nosotros ponemos los libros aqui siempre","la verdad, antes de que nosotros pongamos los libros aquí siempre"
dudo que los estudiantes comen verduras tambien,dudo que los estudiantes coman verduras también
"mira, mi mamá se levanto de repente","mira, mi mamá se levantó de repente"
"Hijo, ojalá los niños dicen algo.","Hijo, ojalá los niños digan algo."
no quiero que nosotros traemos agua esta vez,no quiero que nosotros traigamos agua esta vez
no creo que tú vas al colegio siempre,no creo que tú vayas al colegio siempre
"oye, me alegra que los profesores son así hoy","oye, me alegra que los profesores sean así hoy"
para que los ninos estudian para el examen hoy,para que los niños estudien para el examen hoy
quiero que ella no busca otra solucion siempre,quiero que ella no busque otra solución siempre
mi mama quiere que tu estudias para el examen,mi mamá quiere que tú estudies para el examen
"profe, ojalá la niña oye esto","profe, ojalá la niña oiga esto"
"hijo, ojalá vuelves pronto","hijo, ojalá vuelvas pronto"
es necesario que mi mamá no estudia medicina mañana,es necesario que mi mamá no estudie medicina mañana
es posible que tu hermana habla más fuerte esta vez,es posible que tu hermana hable más fuerte esta vez
"por favor, espero que usted duerme en clase manana","por favor, espero que usted duerma en clase mañana"
"profe, el profesor quiere que nosotros leemos en voz alta esta vez","profe, el profesor quiere que nosotros leamos en voz alta esta vez"
"Hijo, es urgente que las niñas entienden el problema mañana.","Hijo, es urgente que las niñas entiendan el problema mañana."
la nina se sento sin querer,la niña se sentó sin querer
"profe, el perro se paso en el patio","profe, el perro se pasó en el patio"
Mi mamá se acabo en el patio.,Mi mamá se acabó en el patio.
"por favor, es mejor que ella busca otra solucion tambien","por favor, es mejor que ella busque otra solución también"
Creo que tu estas bien esta vez.,Creo que tú estás bien esta vez.
Prefiero que tú haces silencio.,Prefiero que tú hagas silencio.
"hijo, quiero que tu amigo sale al recreo","hijo, quiero que tu amigo salga al recreo"
"hola, es mejor que nosotras salimos a jugar","hola, es mejor que nosotras salgamos a jugar"
"Por favor, no quiero que tu hermana conoce a mi familia.","Por favor, no quiero que tu hermana conozca a mi familia."
"Mamá, es importante que juegan en el parque esta vez.","Mamá, es importante que jueguen en el parque esta vez."
"mira, es mejor que ustedes hablan en espanol manana","mira, es mejor que ustedes hablen en español mañana"
"oye, ella se rompio en la clase","oye, ella se rompió en la clase"
Hace falta que el niño trae agua.,Hace falta que el niño traiga agua.
"por favor, mi hermano se porto toda la tarde","por favor, mi hermano se portó toda la tarde"
"Mira, es importante que la profesora quiere ayudar por favor.","Mira, es importante que la profesora quiera ayudar por favor."
"la verdad, me alegra que nosotros leemos en voz alta por favor","la verdad, me alegra que nosotros leamos en voz alta por favor"
"hola, es importante que mis hermanos pueden jugar tambien","hola, es importante que mis hermanos puedan jugar también"
quiero que te vas.,quiero que te vayas.
"mama, el perro se olvido sin querer","mamá, el perro se olvidó sin querer"
"mamá, es posible que los profesores empiezan ahora esta vez","mamá, es posible que los profesores empiecen ahora esta vez"
dudo que tu puedes terminar hoy hoy,dudo que tú puedas terminar hoy hoy
no quiero que tú quieres comer mañana,no quiero que tú quieras comer mañana
"hola, es verdad que ustedes conocen a mis amigos manana","hola, es verdad que ustedes conocen a mis amigos mañana"
"mira, no creo que tú tienes todo listo hoy","mira, no creo que tú tengas todo listo hoy"
me dijo que come mas frutas,me dijo que come más frutas
"mira, es urgente que ustedes juegan en la calle siempre","mira, es urgente que ustedes jueguen en la calle siempre"
Prefiero que mi hermano entiende el problema.,Prefiero que mi hermano entienda el problema.
no quiero que el doctor empieza temprano,no quiero que el doctor empiece temprano
"por favor, prefiero que nosotros buscamos tus cosas tambien","por favor, prefiero que nosotros busquemos tus cosas también"
mis padres esperan que tu no llegas pronto,mis padres esperan que tú no llegues pronto
"la verdad, no quiero que ustedes duermen bien siempre","la verdad, no quiero que ustedes duerman bien siempre"
"mama, me parece que nosotros damos la respuesta siempre","mamá, me parece que nosotros damos la respuesta siempre"
mis padres esperan que tú llegas a la meta mañana,mis padres esperan que tú llegues a la meta mañana
"la verdad, dudo que hacemos ejercicio","la verdad, dudo que hagamos ejercicio"
seguro que eres amable manana,seguro que eres amable mañana
"mama, creo que tu sabes la verdad hoy","mamá, creo que tú sabes la verdad hoy"
prefiero que él tiene cuidado esta vez,prefiero que él tenga cuidado esta vez
ella se rio al final,ella se rió al final
"Por favor, para que ustedes juegan en la calle.","Por favor, para que ustedes jueguen en la calle."
"hola, mi mamá quiere que tú escribes bien por favor","hola, mi mamá quiere que tú escribas bien por favor"
"hijo, ojalá llegamos temprano mañana","hijo, ojalá lleguemos temprano mañana"
"mamá, quiero que mis hermanos conocen la ciudad también","mamá, quiero que mis hermanos conozcan la ciudad también"
ojalá que la profesora llega tarde también,ojalá que la profesora llegue tarde también
"mama, se que mi mama sale al recreo manana","mamá, sé que mi mamá sale al recreo mañana"
"mira, para que mi mamá estudia para el examen siempre","mira, para que mi mamá estudie para el examen siempre"
"mama, es importante que tu puedes terminar hoy hoy","mamá, es importante que tú puedas terminar hoy hoy"
es cierto que trae el cuaderno manana,es cierto que trae el cuaderno mañana
Es urgente que tú pones los libros aquí.,Es urgente que tú pongas los libros aquí.
"mamá, el profesor quiere que mi papá llega tarde","mamá, el profesor quiere que mi papá llegue tarde"
"hijo, espero que tenemos paciencia","hijo, espero que tengamos paciencia"
"Profe, no creo que tú sigues el camino.","Profe, no creo que tú sigas el camino."
no creo que él viene temprano hoy,no creo que él venga temprano hoy
"la verdad, me dijo que nosotras dormimos en clase manana","la verdad, me dijo que nosotras dormimos en clase mañana"
"hijo, mis padres esperan que la niña sabe leer bien mañana","hijo, mis padres esperan que la niña sepa leer bien mañana"
deseo que tú dices algo hoy,deseo que tú digas algo hoy
"mira, esta claro que tu hablas mas fuerte tambien","mira, está claro que tú hablas más fuerte también"
"mira, necesito que llegamos a la meta","mira, necesito que lleguemos a la meta"
"mira, me alegra que traen el permiso firmado por favor","mira, me alegra que traigan el permiso firmado por favor"
"Hijo, es necesario que traen los libros.","Hijo, es necesario que traigan los libros."
"oye, es importante que nosotras podemos ayudar manana","oye, es importante que nosotras podamos ayudar mañana"
Seguro que usted habla mas fuerte.,Seguro que usted habla más fuerte.
Quiero que los niños ven el partido también.,Quiero que los niños vean el partido también.
"profe, te pido que la nina busca la respuesta tambien","profe, te pido que la niña busque la respuesta también"
"Mira, quiero que la profesora va solo mañana.","Mira, quiero que la profesora vaya solo mañana."
"la verdad, es posible que mis hermanos vuelven a casa","la verdad, es posible que mis hermanos vuelvan a casa"
"mira, prefiero que piensa en el futuro mañana","mira, prefiero que piense en el futuro mañana"
no quiero que el da las gracias manana,no quiero que él dé las gracias mañana
"Hola, me alegra que tus amigos dicen tu nombre.","Hola, me alegra que tus amigos digan tu nombre."
Quiero que el niño oye la música también.,Quiero que el niño oiga la música también.
Deseo que tú entiendes mis razones.,Deseo que tú entiendas mis razones.
el profesor quiere que ellas quieren salir,el profesor quiere que ellas quieran salir
"la verdad, el profesor quiere que tú das las gracias por favor","la verdad, el profesor quiere que tú des las gracias por favor"
"Mira, veo que ellas vienen con nosotros tambien.","Mira, veo que ellas vienen con nosotros también."
"hola, me alegra que ella piensa antes de hablar manana","hola, me alegra que ella piense antes de hablar mañana"
"Oye, deseo que ellos duermen en clase por favor.","Oye, deseo que ellos duerman en clase por favor."
me alegra que juegas en el parque hoy,me alegra que juegues en el parque hoy
"Oye, es mejor que tu amigo es puntual mañana.","Oye, es mejor que tu amigo sea puntual mañana."
"profe, antes de que tu pones la mesa esta vez","profe, antes de que tú pongas la mesa esta vez"
es necesario que los estudiantes no entienden la pregunta por favor,es necesario que los estudiantes no entiendan la pregunta por favor
"La verdad, tu primo se durmio ayer.","La verdad, tu primo se durmió ayer."
"Por favor, quiero que leen las instrucciones hoy.","Por favor, quiero que lean las instrucciones hoy."
"Mamá, mis padres esperan que ella es honesto siempre.","Mamá, mis padres esperan que ella sea honesto siempre."
mis padres esperan que nosotros seguimos el camino mañana,mis padres esperan que nosotros sigamos el camino mañana
es necesario que pones el abrigo mañana,es necesario que pongas el abrigo mañana
"por favor, me gusta que tú vas con ellos siempre","por favor, me gusta que tú vayas con ellos siempre"
"hola, ella se callo en el patio","hola, ella se calló en el patio"
"hijo, es urgente que nosotros no venimos manana por favor","hijo, es urgente que nosotros no vengamos mañana por favor"
"la verdad, el profesor quiere que tú puedes terminar hoy siempre","la verdad, el profesor quiere que tú puedas terminar hoy siempre"
"por favor, se que vuelves a intentarlo","por favor, sé que vuelves a intentarlo"
"mamá, te pido que no oyes el ruido siempre","mamá, te pido que no oigas el ruido siempre"
"mamá, no quiero que tú no empiezas de nuevo","mamá, no quiero que tú no empieces de nuevo"
"La verdad, espero que tus amigos no comen verduras por favor.","La verdad, espero que tus amigos no coman verduras por favor."
"oye, no creo que tu amigo ve a tu abuela","oye, no creo que tu amigo vea a tu abuela"
me gusta que la profesora viene temprano,me gusta que la profesora venga temprano
"mama, espero que tu vuelves a intentarlo esta vez","mamá, espero que tú vuelvas a intentarlo esta vez"
"hijo, sabemos que mi mama quiere venir","hijo, sabemos que mi mamá quiere venir"
"hola, hace falta que tú pides otra oportunidad hoy","hola, hace falta que tú pidas otra oportunidad hoy"
"oye, el se durmio toda la tarde","oye, él se durmió toda la tarde"
es necesario que nosotros salimos temprano siempre,es necesario que nosotros salgamos temprano siempre
"oye, hace falta que mi hermano estudia para el examen","oye, hace falta que mi hermano estudie para el examen"
"hola, no creo que sabes cuidarte tambien","hola, no creo que sepas cuidarte también"
"profe, antes de que conoces a mi familia","profe, antes de que conozcas a mi familia"
"Hijo, quiero que tenemos suerte también.","Hijo, quiero que tengamos suerte también."
es necesario que mi papa trae agua,es necesario que mi papá traiga agua
Es importante que la profesora conoce el museo mañana.,Es importante que la profesora conozca el museo mañana.
Es urgente que tú quieres ayudar por favor.,Es urgente que tú quieras ayudar por favor.
"Oye, antes de que tú sales al recreo.","Oye, antes de que tú salgas al recreo."
es necesario que tus amigos escriben con letra clara,es necesario que tus amigos escriban con letra clara
se que duerme bien tambien,sé que duerme bien también
"hola, me alegra que mis hermanos hacen silencio mañana","hola, me alegra que mis hermanos hagan silencio mañana"
"hijo, sabemos que mi mama quiere venir hoy","hijo, sabemos que mi mamá quiere venir hoy"
"oye, tu primo se callo en el recreo","oye, tu primo se calló en el recreo"
creo que tu entiendes mis razones esta vez,creo que tú entiendes mis razones esta vez
"Hijo, necesito que mi hermano viene conmigo hoy.","Hijo, necesito que mi hermano venga conmigo hoy."
"Mamá, no quiero que los estudiantes leen en voz alta mañana.","Mamá, no quiero que los estudiantes lean en voz alta mañana."
El profesor quiere que oyes al profesor hoy.,El profesor quiere que oigas al profesor hoy.
"por favor, me gusta que no somos feliz por favor","por favor, me gusta que no seamos feliz por favor"
"La verdad, ojalá mi mamá juega después de comer siempre.","La verdad, ojalá mi mamá juegue después de comer siempre."
"mira, me gusta que ellos tienen tiempo siempre","mira, me gusta que ellos tengan tiempo siempre"
"hola, quiero que tu eres puntual tambien","hola, quiero que tú seas puntual también"
es cierto que nosotros pedimos permiso manana,es cierto que nosotros pedimos permiso mañana
No quiero que nosotros comemos más frutas siempre.,No quiero que nosotros comamos más frutas siempre.
"la verdad, es mejor que tu conoces a mis amigos tambien","la verdad, es mejor que tú conozcas a mis amigos también"
"hola, mi hermano se rio en el recreo","hola, mi hermano se rió en el recreo"
no creo que tu amigo da el ejemplo por favor,no creo que tu amigo dé el ejemplo por favor
"Mira, dudo que estás aquí.","Mira, dudo que estés aquí."
No quiero que tus amigos duermen ocho horas.,No quiero que tus amigos duerman ocho horas.
necesito que no comes verduras siempre,necesito que no comas verduras siempre
"profe, quiero que tu ves el partido esta vez","profe, quiero que tú veas el partido esta vez"
"hijo, es importante que leemos en voz alta por favor","hijo, es importante que leamos en voz alta por favor"
"Por favor, te pido que los estudiantes piden permiso hoy.","Por favor, te pido que los estudiantes pidan permiso hoy."
es importante que tu vas con ellos hoy,es importante que tú vayas con ellos hoy
"Oye, se peino en el patio.","Oye, se peinó en el patio."
"mira, es posible que decimos la verdad siempre","mira, es posible que digamos la verdad siempre"
"la verdad, ojala que los profesores empiezan de nuevo","la verdad, ojalá que los profesores empiecen de nuevo"
no creo que hay sitio,no creo que haya sitio
mi hermano se callo toda la tarde,mi hermano se calló toda la tarde
Me alegra que tus amigos piden ayuda.,Me alegra que tus amigos pidan ayuda.
ojalá tú puedes ayudar,ojalá tú puedas ayudar
"oye, es mejor que somos responsable","oye, es mejor que seamos responsable"
"mira, dudo que pides perdon hoy","mira, dudo que pidas perdón hoy"
mi mama se perdio toda la tarde,mi mamá se perdió toda la tarde
"profe, es importante que tu buscas la respuesta siempre","profe, es importante que tú busques la respuesta siempre"
"Mama, me parece que pides perdon manana.","Mamá, me parece que pides perdón mañana."
"la verdad, tu primo se lastimo por la mañana","la verdad, tu primo se lastimó por la mañana"
"por favor, es mejor que tú piensas antes de hablar","por favor, es mejor que tú pienses antes de hablar"
"la verdad, prefiero que ellas vienen con nosotros por favor","la verdad, prefiero que ellas vengan con nosotros por favor"
me gusta que nosotros entendemos el problema,me gusta que nosotros entendamos el problema
"Profe, para que ustedes dicen algo.","Profe, para que ustedes digan algo."
"oye, es importante que tú no buscas tus cosas siempre","oye, es importante que tú no busques tus cosas siempre"
Me dijo que tus amigos son asi hoy.,Me dijo que tus amigos son así hoy.
se que tu llegas tarde tambien,sé que tú llegas tarde también
"por favor, necesito que mi mamá va al colegio mañana","por favor, necesito que mi mamá vaya al colegio mañana"
"oye, veo que los profesores estan en casa tambien","oye, veo que los profesores están en casa también"
Es necesario que mi papá entiende la lección.,Es necesario que mi papá entienda la lección.
el profesor quiere que nosotras oímos esto hoy,el profesor quiere que nosotras oigamos esto hoy
"la verdad, necesito que mis hermanos duermen temprano esta vez","la verdad, necesito que mis hermanos duerman temprano esta vez"
es importante que tus amigos hablan con ella,es importante que tus amigos hablen con ella
es posible que el doctor viene mañana,es posible que el doctor venga mañana
"por favor, es mejor que mis hermanos pueden jugar","por favor, es mejor que mis hermanos puedan jugar"
"la verdad, te pido que los profesores empiezan temprano hoy","la verdad, te pido que los profesores empiecen temprano hoy"
se callo en el patio,se calló en el patio
"Hijo, ella se sento toda la tarde.","Hijo, ella se sentó toda la tarde."
ojala el doctor entiende esto tambien,ojalá el doctor entienda esto también
Es posible que nosotras no escribimos la carta mañana.,Es posible que nosotras no escribamos la carta mañana.
sabemos que tu llegas pronto hoy,sabemos que tú llegas pronto hoy
"mamá, deseo que tú das un paseo","mamá, deseo que tú des un paseo"
"hijo, el profesor quiere que mis hermanos quieren venir por favor","hijo, el profesor quiere que mis hermanos quieran venir por favor"
"hijo, el profesor quiere que tú no sientes dolor por favor","hijo, el profesor quiere que tú no sientas dolor por favor"
no creo que las niñas duermen bien mañana,no creo que las niñas duerman bien mañana
"la verdad, es mejor que juega después de comer hoy","la verdad, es mejor que juegue después de comer hoy"
"Oye, ojalá que tú buscas otra solución hoy.","Oye, ojalá que tú busques otra solución hoy."
Para que tú sabes la verdad siempre.,Para que tú sepas la verdad siempre.
El perro se caso en la clase.,El perro se casó en la clase.
"mira, es necesario que la niña estudia en silencio siempre","mira, es necesario que la niña estudie en silencio siempre"
"hola, es importante que ellos piden perdón esta vez","hola, es importante que ellos pidan perdón esta vez"
"la verdad, es necesario que jugamos en el parque tambien","la verdad, es necesario que juguemos en el parque también"
"oye, no quiero que ustedes ponen la mesa","oye, no quiero que ustedes pongan la mesa"
ojala que ella tiene todo listo por favor,ojalá que ella tenga todo listo por favor
"Oye, no quiero que leen las instrucciones.","Oye, no quiero que lean las instrucciones."
"hola, él se lavo en la clase","hola, él se lavó en la clase"
deseo que los profesores siguen el camino siempre,deseo que los profesores sigan el camino siempre
"oye, prefiero que tú duermes temprano siempre","oye, prefiero que tú duermas temprano siempre"
"oye, se enojo toda la tarde","oye, se enojó toda la tarde"
"profe, tu primo se quedo toda la tarde","profe, tu primo se quedó toda la tarde"
mi mama quiere que hay clases manana,mi mamá quiere que haya clases mañana
hace falta que nosotros vamos al colegio siempre,hace falta que nosotros vayamos al colegio siempre
"por favor, te pido que lees mucho","por favor, te pido que leas mucho"
"por favor, dudo que el niño está listo a las ocho","por favor, dudo que el niño esté listo a las ocho"
Espero que tú oyes el ruido mañana.,Espero que tú oigas el ruido mañana.
"Por favor, ojalá ellas ven esto siempre.","Por favor, ojalá ellas vean esto siempre."
"mira, es cierto que nosotros oimos el ruido","mira, es cierto que nosotros oímos el ruido"
Se que tu lees mucho hoy.,Sé que tú lees mucho hoy.
"Hola, el profesor se enojo muy rápido.","Hola, el profesor se enojó muy rápido."
"La verdad, dudo que tú haces ejercicio hoy.","La verdad, dudo que tú hagas ejercicio hoy."
"hola, mi mama quiere que oimos al profesor hoy","hola, mi mamá quiere que oigamos al profesor hoy"
"Oye, para que ellos quieren comer.","Oye, para que ellos quieran comer."
pienso que tu hermana pone atencion,pienso que tu hermana pone atención
"mira, prefiero que tu pides ayuda","mira, prefiero que tú pidas ayuda"
"hijo, ojalá que el niño no llega a la meta también","hijo, ojalá que el niño no llegue a la meta también"
"hijo, el profesor quiere que llegas a tiempo tambien","hijo, el profesor quiere que llegues a tiempo también"
"por favor, antes de que ellos piensan antes de hablar","por favor, antes de que ellos piensen antes de hablar"
quiero que tu sales tan tarde,quiero que tú salgas tan tarde
"la verdad, espero que tú sales al recreo también","la verdad, espero que tú salgas al recreo también"
no creo que ponen el abrigo mañana,no creo que pongan el abrigo mañana
ojala que el doctor conoce el museo siempre,ojalá que el doctor conozca el museo siempre
"la verdad, no creo que tú entiendes la pregunta","la verdad, no creo que tú entiendas la pregunta"
"mama, me parece que tu hermana come despacio tambien","mamá, me parece que tu hermana come despacio también"
ojalá nosotras salimos de casa,ojalá nosotras salgamos de casa
Me alegra que estando tan endeudado puede dormir como bebé.,Me alegra que estando tan endeudado pueda dormir como bebé.
es necesario que mi mamá no vuelve pronto también,es necesario que mi mamá no vuelva pronto también
"mama, es cierto que los profesores hablan en espanol siempre","mamá, es cierto que los profesores hablan en español siempre"
"hola, tu primo se enojo muy rapido","hola, tu primo se enojó muy rápido"
"Mira, el profesor quiere que tú no ves esto hoy.","Mira, el profesor quiere que tú no veas esto hoy."
mi mamá quiere que conoces el museo,mi mamá quiere que conozcas el museo
"mira, esta claro que nosotros tenemos razon por favor","mira, está claro que nosotros tenemos razón por favor"
"hola, la niña se durmio en la clase","hola, la niña se durmió en la clase"
dudo que tus amigos entienden esto manana,dudo que tus amigos entiendan esto mañana
"hola, ella se callo en la clase","hola, ella se calló en la clase"
"Por favor, espero que los estudiantes quieren comer mañana.","Por favor, espero que los estudiantes quieran comer mañana."
"Mira, ojalá mi mamá ve el partido.","Mira, ojalá mi mamá vea el partido."
"profe, mi mama se canso sin querer","profe, mi mamá se cansó sin querer"
"la verdad, no quiero que nosotros vemos el problema","la verdad, no quiero que nosotros veamos el problema"
prefiero que la profesora pide perdón mañana,prefiero que la profesora pida perdón mañana
me gusta que los ninos no escriben bien por favor,me gusta que los niños no escriban bien por favor
tu primo se llamo ayer,tu primo se llamó ayer
te pido que él hace ejercicio por favor,te pido que él haga ejercicio por favor
es urgente que la profesora sale temprano manana,es urgente que la profesora salga temprano mañana
"mamá, el profesor quiere que tus amigos sienten miedo por favor","mamá, el profesor quiere que tus amigos sientan miedo por favor"
dudo que tu amigo es puntual,dudo que tu amigo sea puntual
"hijo, me alegra que nosotros no queremos salir","hijo, me alegra que nosotros no queramos salir"
"Hola, mi mamá quiere que mis hermanos oyen al profesor mañana.","Hola, mi mamá quiere que mis hermanos oigan al profesor mañana."
"Hola, es posible que eres así esta vez.","Hola, es posible que seas así esta vez."
quiero que ella viene mañana siempre,quiero que ella venga mañana siempre
"Hola, ella se sento muy rápido.","Hola, ella se sentó muy rápido."
"oye, ojalá que ellos leen todos los días","oye, ojalá que ellos lean todos los días"
"mira, hace falta que tu puedes jugar","mira, hace falta que tú puedas jugar"
"mamá, deseo que mis hermanos juegan en el parque","mamá, deseo que mis hermanos jueguen en el parque"
"Por favor, es urgente que tu amigo tiene razón mañana.","Por favor, es urgente que tu amigo tenga razón mañana."
"hijo, espero que los niños piden otra oportunidad mañana","hijo, espero que los niños pidan otra oportunidad mañana"
"profe, no creo que tu duermes en clase siempre","profe, no creo que tú duermas en clase siempre"
"la verdad, prefiero que nosotros escribimos con letra clara siempre","la verdad, prefiero que nosotros escribamos con letra clara siempre"
"Mamá, no creo que nosotros llegamos temprano.","Mamá, no creo que nosotros lleguemos temprano."
"profe, mi mama quiere que das el ejemplo","profe, mi mamá quiere que des el ejemplo"
"mamá, dudo que comes verduras siempre","mamá, dudo que comas verduras siempre"
prefiero que mis padres dicen algo también,prefiero que mis padres digan algo también
"profe, no quiero que tus amigos dicen tu nombre por favor","profe, no quiero que tus amigos digan tu nombre por favor"
antes de que ella come todo también,antes de que ella coma todo también
"por favor, pienso que eres puntual manana","por favor, pienso que eres puntual mañana"
"Hola, me alegra que tú conoces la historia.","Hola, me alegra que tú conozcas la historia."
Te pido que tú sigues así mañana.,Te pido que tú sigas así mañana.
te pido que los profesores sienten miedo también,te pido que los profesores sientan miedo también
Antes de que llegas pronto esta vez.,Antes de que llegues pronto esta vez.
"la verdad, el profesor quiere que nosotras no buscamos el libro siempre","la verdad, el profesor quiere que nosotras no busquemos el libro siempre"
el perro se baño en el recreo,el perro se bañó en el recreo
"profe, antes de que llegamos a la meta también","profe, antes de que lleguemos a la meta también"
"oye, mi mamá se durmio ayer","oye, mi mamá se durmió ayer"
"Oye, el profesor quiere que no leemos el libro.","Oye, el profesor quiere que no leamos el libro."
"mama, el profesor quiere que las ninas salen tan tarde esta vez","mamá, el profesor quiere que las niñas salgan tan tarde esta vez"
"mira, es mejor que estás bien siempre","mira, es mejor que estés bien siempre"
"Oye, es necesario que tú sales con tus amigos siempre.","Oye, es necesario que tú salgas con tus amigos siempre."
"Hola, es urgente que tú das las gracias esta vez.","Hola, es urgente que tú des las gracias esta vez."
"por favor, es urgente que mis hermanos dan la mano por favor","por favor, es urgente que mis hermanos den la mano por favor"
es necesario que mi papá oye esto mañana,es necesario que mi papá oiga esto mañana
"mama, esta claro que el doctor esta listo a las ocho esta vez","mamá, está claro que el doctor está listo a las ocho esta vez"
"por favor, necesito que nosotras jugamos futbol","por favor, necesito que nosotras juguemos fútbol"
"hola, pienso que ponemos la mesa tambien","hola, pienso que ponemos la mesa también"
"mira, antes de que las niñas empiezan la tarea","mira, antes de que las niñas empiecen la tarea"
"Profe, prefiero que tú estudias medicina esta vez.","Profe, prefiero que tú estudies medicina esta vez."
"hola, me alegra que no venimos a la fiesta hoy","hola, me alegra que no vengamos a la fiesta hoy"
"Por favor, es importante que los niños hacen silencio por favor.","Por favor, es importante que los niños hagan silencio por favor."
"mama, quiero que el doctor sabe leer bien","mamá, quiero que el doctor sepa leer bien"
mi mama quiere que tu sientes dolor hoy,mi mamá quiere que tú sientas dolor hoy
"hijo, quiero que ellas tienen razón también","hijo, quiero que ellas tengan razón también"
"la verdad, dudo que decimos lo que piensas por favor","la verdad, dudo que digamos lo que piensas por favor"
"mama, quiero que la profesora siente verguenza","mamá, quiero que la profesora sienta vergüenza"
"Hola, necesito que tú comes despacio mañana.","Hola, necesito que tú comas despacio mañana."
La niña se lastimo en la clase.,La niña se lastimó en la clase.
"Hijo, el profesor se perdio ayer.","Hijo, el profesor se perdió ayer."
"profe, es importante que nosotros ponemos la mesa mañana","profe, es importante que nosotros pongamos la mesa mañana"
"Mira, te pido que tú lees las instrucciones también.","Mira, te pido que tú leas las instrucciones también."
es importante que ella no tiene todo listo por favor,es importante que ella no tenga todo listo por favor
Ojalá llegas temprano.,Ojalá llegues temprano.
"mira, es posible que tu tienes paciencia siempre","mira, es posible que tú tengas paciencia siempre"
"por favor, es mejor que ella lee todos los días","por favor, es mejor que ella lea todos los días"
es cierto que piensa asi por favor,es cierto que piensa así por favor
"profe, para que mis hermanos comen verduras hoy","profe, para que mis hermanos coman verduras hoy"
"Por favor, es necesario que ellas piden perdón por favor.","Por favor, es necesario que ellas pidan perdón por favor."
hace falta que los niños salen a jugar hoy,hace falta que los niños salgan a jugar hoy
Deseo que usted empieza la tarea.,Deseo que usted empiece la tarea.
"profe, esta claro que tu oyes al profesor siempre","profe, está claro que tú oyes al profesor siempre"
"mamá, es necesario que vas al colegio por favor","mamá, es necesario que vayas al colegio por favor"
"la verdad, no quiero que tu amigo duerme ocho horas por favor","la verdad, no quiero que tu amigo duerma ocho horas por favor"
deseo que escribe bien también,deseo que escriba bien también
seguro que nosotros leemos en voz alta manana,seguro que nosotros leemos en voz alta mañana
"Profe, deseo que nosotros sabemos cuidarte.","Profe, deseo que nosotros sepamos cuidarte."
es importante que tú juegas fútbol,es importante que tú juegues fútbol
"por favor, prefiero que tú juegas con cuidado","por favor, prefiero que tú juegues con cuidado"
Necesito que nosotros buscamos trabajo.,Necesito que nosotros busquemos trabajo.
"mira, prefiero que tú estudias en silencio por favor","mira, prefiero que tú estudies en silencio por favor"
"por favor, para que tu no tienes paciencia manana","por favor, para que tú no tengas paciencia mañana"
dudo que los profesores tienen frío hoy,dudo que los profesores tengan frío hoy
"mama, me dijo que tu quieres salir tambien","mamá, me dijo que tú quieres salir también"
El profesor quiere que tú sientes frío.,El profesor quiere que tú sientas frío.
hace falta que sales de casa siempre,hace falta que salgas de casa siempre
Te pido que mis hermanos hablan en clase.,Te pido que mis hermanos hablen en clase.
"oye, no creo que nosotros dormimos ocho horas","oye, no creo que nosotros durmamos ocho horas"
"profe, mis padres esperan que el nino empieza la tarea siempre","profe, mis padres esperan que el niño empiece la tarea siempre"
es importante que las ninas leen el libro,es importante que las niñas lean el libro
es cierto que empezamos ahora tambien,es cierto que empezamos ahora también
"profe, no quiero que el nino oye el ruido","profe, no quiero que el niño oiga el ruido"
"la verdad, ella se llamo ayer","la verdad, ella se llamó ayer"
es necesario que tú quieres venir,es necesario que tú quieras venir
"Hijo, espero que tú sigues así.","Hijo, espero que tú sigas así."
"profe, se lastimo por la mañana","profe, se lastimó por la mañana"
"mama, hace falta que quieren salir","mamá, hace falta que quieran salir"
"Mira, mis padres esperan que tú sigues adelante.","Mira, mis padres esperan que tú sigas adelante."
"mama, me gusta que tu pides otra oportunidad manana","mamá, me gusta que tú pidas otra oportunidad mañana"
es posible que tú vienes con nosotros,es posible que tú vengas con nosotros
"hola, necesito que tú quieres venir hoy","hola, necesito que tú quieras venir hoy"
"oye, se cayo por la manana","oye, se cayó por la mañana"
es necesario que nosotros venimos manana esta vez,es necesario que nosotros vengamos mañana esta vez
ojalá que tú no entiendes la lección siempre,ojalá que tú no entiendas la lección siempre
"la verdad, dice que tu traes la comida","la verdad, dice que tú traes la comida"
es necesario que nosotros vemos el partido por favor,es necesario que nosotros veamos el partido por favor
dudo que nosotras vemos el problema por favor,dudo que nosotras veamos el problema por favor
"profe, es importante que eres responsable hoy","profe, es importante que seas responsable hoy"
"la verdad, hace falta que tú pones atención mañana","la verdad, hace falta que tú pongas atención mañana"
"Mamá, dudo que tú vuelves a casa por favor.","Mamá, dudo que tú vuelvas a casa por favor."
"mama, mi mama quiere que mi mama conoce la ciudad","mamá, mi mamá quiere que mi mamá conozca la ciudad"
"mama, dice que las ninas estan tranquilo","mamá, dice que las niñas están tranquilo"
"hola, prefiero que el niño entiende el problema por favor","hola, prefiero que el niño entienda el problema por favor"
"Profe, es necesario que tu hermana piensa así.","Profe, es necesario que tu hermana piense así."
"mira, mis padres esperan que no comes más frutas por favor","mira, mis padres esperan que no comas más frutas por favor"
no creo que tu amigo vuelve a intentarlo también,no creo que tu amigo vuelva a intentarlo también
"mira, me gusta que nosotras ponemos los libros aqui tambien","mira, me gusta que nosotras pongamos los libros aquí también"
"profe, se que mi mama estudia por la tarde","profe, sé que mi mamá estudia por la tarde"
"por favor, mis padres esperan que ustedes juegan después de comer","por favor, mis padres esperan que ustedes jueguen después de comer"
no quiero que nosotras conocemos el museo,no quiero que nosotras conozcamos el museo
"hola, es posible que las niñas vienen conmigo hoy","hola, es posible que las niñas vengan conmigo hoy"
"Por favor, me parece que tu empiezas ahora manana.","Por favor, me parece que tú empiezas ahora mañana."
Me alegra que ellos no están aquí.,Me alegra que ellos no estén aquí.
"hijo, prefiero que sales al recreo","hijo, prefiero que salgas al recreo"
necesito que tú pides permiso siempre,necesito que tú pidas permiso siempre
"Por favor, dice que tu vuelves temprano hoy.","Por favor, dice que tú vuelves temprano hoy."
"la verdad, mi mama quiere que los estudiantes saben leer bien","la verdad, mi mamá quiere que los estudiantes sepan leer bien"
"mama, esta claro que tu amigo va a dormir manana","mamá, está claro que tu amigo va a dormir mañana"
"la verdad, dudo que juegan en la calle siempre","la verdad, dudo que jueguen en la calle siempre"
"la verdad, deseo que escribimos con letra clara también","la verdad, deseo que escribamos con letra clara también"
"hola, es posible que tú haces ejercicio también","hola, es posible que tú hagas ejercicio también"
"Profe, veo que nosotras venimos a la reunion siempre.","Profe, veo que nosotras venimos a la reunión siempre."
"Mira, sabemos que tu amigo va solo tambien.","Mira, sabemos que tu amigo va solo también."
"mama, me alegra que mi mama llega a la meta hoy","mamá, me alegra que mi mamá llegue a la meta hoy"
"profe, prefiero que ellas traen la comida también","profe, prefiero que ellas traigan la comida también"
no creo que ellos estudian mucho también,no creo que ellos estudien mucho también
"hijo, hace falta que ellas no escriben el cuento también","hijo, hace falta que ellas no escriban el cuento también"
"La verdad, la niña se acabo sin querer.","La verdad, la niña se acabó sin querer."
antes de que tú conoces la ciudad,antes de que tú conozcas la ciudad
"hola, antes de que tu dices algo","hola, antes de que tú digas algo"
"por favor, creo que mi hermano dice lo que piensas manana","por favor, creo que mi hermano dice lo que piensas mañana"
el perro se paso al final,el perro se pasó al final
"oye, hace falta que tú puedes entrar","oye, hace falta que tú puedas entrar"
"Profe, pienso que nosotros estamos aqui por favor.","Profe, pienso que nosotros estamos aquí por favor."
"la verdad, ojalá que nosotras dormimos ocho horas siempre","la verdad, ojalá que nosotras durmamos ocho horas siempre"
"oye, me gusta que ustedes juegan despues de comer siempre","oye, me gusta que ustedes jueguen después de comer siempre"
"La verdad, es necesario que tú no llegas pronto esta vez.","La verdad, es necesario que tú no llegues pronto esta vez."
es posible que mis padres no piden otra oportunidad por favor,es posible que mis padres no pidan otra oportunidad por favor
"mira, deseo que los niños leen mucho también","mira, deseo que los niños lean mucho también"
"hola, antes de que nosotros seguimos así esta vez","hola, antes de que nosotros sigamos así esta vez"
"mama, me alegra que tenemos razon hoy","mamá, me alegra que tengamos razón hoy"
"hijo, es mejor que nosotros comemos en casa","hijo, es mejor que nosotros comamos en casa"
mi mama quiere que ellas siguen asi,mi mamá quiere que ellas sigan así
"hijo, creo que mi mama come en casa","hijo, creo que mi mamá come en casa"
prefiero que hace ejercicio por favor,prefiero que haga ejercicio por favor
"mira, ojala que el doctor vuelve pronto siempre","mira, ojalá que el doctor vuelva pronto siempre"
Hace falta que mi hermano oye la música.,Hace falta que mi hermano oiga la música.
"por favor, para que tú lees todos los días","por favor, para que tú leas todos los días"
"Oye, mi mamá quiere que ellos empiezan la tarea por favor.","Oye, mi mamá quiere que ellos empiecen la tarea por favor."
no creo que hay clases manana,no creo que haya clases mañana
"Oye, ella se quedo toda la tarde.","Oye, ella se quedó toda la tarde."
Ojalá que mi papá lee las instrucciones.,Ojalá que mi papá lea las instrucciones.
"Profe, mi mamá quiere que las niñas traen el permiso firmado siempre.","Profe, mi mamá quiere que las niñas traigan el permiso firmado siempre."
"oye, antes de que los profesores no quieren ayudar hoy","oye, antes de que los profesores no quieran ayudar hoy"
"la verdad, dudo que tu empiezas de nuevo esta vez","la verdad, dudo que tú empieces de nuevo esta vez"
te pido que tú no traes la comida mañana,te pido que tú no traigas la comida mañana
sabemos que tu hermana hace silencio manana,sabemos que tu hermana hace silencio mañana
El profesor quiere que tu amigo oye el ruido.,El profesor quiere que tu amigo oiga el ruido.
Deseo que nosotras conocemos a mi familia.,Deseo que nosotras conozcamos a mi familia.
el perro se durmio toda la tarde,el perro se durmió toda la tarde
"hola, es posible que tu juegas futbol","hola, es posible que tú juegues fútbol"
"mamá, es necesario que tú pones los libros aquí","mamá, es necesario que tú pongas los libros aquí"
"la verdad, me dijo que tu vienes a la reunion manana","la verdad, me dijo que tú vienes a la reunión mañana"
"hijo, antes de que mi mamá hace la tarea hoy","hijo, antes de que mi mamá haga la tarea hoy"
"oye, mis padres esperan que quieres comer por favor","oye, mis padres esperan que quieras comer por favor"
es urgente que nosotras queremos salir también,es urgente que nosotras queramos salir también
"La verdad, es verdad que tu lees todos los dias hoy.","La verdad, es verdad que tú lees todos los días hoy."
Dudo que él dice tu nombre también.,Dudo que él diga tu nombre también.
"la verdad, mis padres esperan que nosotros llegamos tarde hoy","la verdad, mis padres esperan que nosotros lleguemos tarde hoy"
me gusta que hay un examen,me gusta que haya un examen
no quiero que tu hermana pide ayuda también,no quiero que tu hermana pida ayuda también
"mira, me alegra que pide otra oportunidad","mira, me alegra que pida otra oportunidad"
"Mamá, mi mamá quiere que tú comes en casa esta vez.","Mamá, mi mamá quiere que tú comas en casa esta vez."
"Por favor, es verdad que los ninos estudian medicina hoy.","Por favor, es verdad que los niños estudian medicina hoy."
"mira, es posible que nosotras decimos la verdad","mira, es posible que nosotras digamos la verdad"
"la verdad, no quiero que el doctor viene con nosotros por favor","la verdad, no quiero que el doctor venga con nosotros por favor"
"hijo, ojalá sabemos la verdad hoy","hijo, ojalá sepamos la verdad hoy"
"profe, antes de que mis hermanos dicen mentiras siempre","profe, antes de que mis hermanos digan mentiras siempre"
"mamá, es urgente que nosotras vemos el partido","mamá, es urgente que nosotras veamos el partido"
"hola, es urgente que nosotros entendemos la pregunta manana","hola, es urgente que nosotros entendamos la pregunta mañana"
hace falta que nosotras damos las gracias,hace falta que nosotras demos las gracias
es importante que comemos todo esta vez,es importante que comamos todo esta vez
Ojalá que estás tranquilo.,Ojalá que estés tranquilo.
"la verdad, necesito que mis padres llegan antes que yo siempre","la verdad, necesito que mis padres lleguen antes que yo siempre"
"profe, necesito que vamos al médico esta vez","profe, necesito que vayamos al médico esta vez"
"Mamá, necesito que el niño pide permiso hoy.","Mamá, necesito que el niño pida permiso hoy."
"La verdad, creo que usted tiene frio.","La verdad, creo que usted tiene frío."
"mamá, es mejor que mis padres sienten dolor","mamá, es mejor que mis padres sientan dolor"
dudo que no sabe cuidarte hoy,dudo que no sepa cuidarte hoy
mi mamá quiere que hay comida para todos,mi mamá quiere que haya comida para todos
"oye, el profesor quiere que los niños entienden la lección","oye, el profesor quiere que los niños entiendan la lección"
"profe, sabemos que los ninos conocen a mi familia hoy","profe, sabemos que los niños conocen a mi familia hoy"
No quiero que dices lo que piensas también.,No quiero que digas lo que piensas también.
"la verdad, no creo que nosotros llegamos tarde tambien","la verdad, no creo que nosotros lleguemos tarde también"
"hijo, deseo que ves a tu abuela","hijo, deseo que veas a tu abuela"
"profe, es cierto que comemos verduras tambien","profe, es cierto que comemos verduras también"
"oye, me gusta que tu estudias por la tarde tambien","oye, me gusta que tú estudies por la tarde también"
"profe, es verdad que las ninas salen al recreo","profe, es verdad que las niñas salen al recreo"
hace falta que mi papá no sabe nadar,hace falta que mi papá no sepa nadar
"hola, es posible que mis hermanos conocen a mis amigos esta vez","hola, es posible que mis hermanos conozcan a mis amigos esta vez"
mis padres esperan que él viene a la reunión hoy,mis padres esperan que él venga a la reunión hoy
"Mira, es mejor que tú escribes tu nombre por favor.","Mira, es mejor que tú escribas tu nombre por favor."
"Profe, es importante que tú sales a jugar siempre.","Profe, es importante que tú salgas a jugar siempre."
"por favor, ojala que tu sales de casa tambien","por favor, ojalá que tú salgas de casa también"
"mira, necesito que los niños dan el ejemplo mañana","mira, necesito que los niños den el ejemplo mañana"
"mira, es necesario que hablamos con ella esta vez","mira, es necesario que hablemos con ella esta vez"
"Hijo, necesito que tus amigos no sienten frío.","Hijo, necesito que tus amigos no sientan frío."
"Hola, pienso que las ninas escriben tu nombre tambien.","Hola, pienso que las niñas escriben tu nombre también."
"Mira, espero que estamos en casa hoy.","Mira, espero que estemos en casa hoy."
"por favor, mi mamá quiere que mis hermanos sienten vergüenza","por favor, mi mamá quiere que mis hermanos sientan vergüenza"
"Mira, dice que tu amigo pone el abrigo manana.","Mira, dice que tu amigo pone el abrigo mañana."
Prefiero que nosotras sabemos la respuesta siempre.,Prefiero que nosotras sepamos la respuesta siempre.
Mis padres esperan que nosotras no entendemos el problema mañana.,Mis padres esperan que nosotras no entendamos el problema mañana.
"mira, es necesario que nosotros no estudiamos por la tarde por favor","mira, es necesario que nosotros no estudiemos por la tarde por favor"
"hola, dice que el duerme ocho horas","hola, dice que él duerme ocho horas"
espero que tú llegas antes que yo,espero que tú llegues antes que yo
prefiero que los ninos ponen el abrigo hoy,prefiero que los niños pongan el abrigo hoy
"profe, es necesario que tú sabes la verdad mañana","profe, es necesario que tú sepas la verdad mañana"
"mira, te pido que el doctor no esta atento","mira, te pido que el doctor no esté atento"
"Hola, esta claro que los profesores piden mas comida.","Hola, está claro que los profesores piden más comida."
me gusta que tú pones los libros aquí también,me gusta que tú pongas los libros aquí también
"Mamá, para que pone los libros aquí siempre.","Mamá, para que ponga los libros aquí siempre."
es posible que puedes jugar,es posible que puedas jugar
dudo que él habla despacio mañana,dudo que él hable despacio mañana
"Mama, me parece que el doctor come en casa siempre.","Mamá, me parece que el doctor come en casa siempre."
"por favor, te pido que tú tienes paciencia siempre","por favor, te pido que tú tengas paciencia siempre"
"profe, necesito que la profesora quiere comer hoy","profe, necesito que la profesora quiera comer hoy"
"Hola, sabemos que tu comes todo siempre.","Hola, sabemos que tú comes todo siempre."
"mamá, me alegra que mi hermano no trae el cuaderno hoy","mamá, me alegra que mi hermano no traiga el cuaderno hoy"
"Por favor, deseo que la niña sabe leer bien también.","Por favor, deseo que la niña sepa leer bien también."
"hola, se enojo al final","hola, se enojó al final"
"la verdad, es posible que los estudiantes dicen la verdad","la verdad, es posible que los estudiantes digan la verdad"
Me gusta que nosotras ponemos la mesa mañana.,Me gusta que nosotras pongamos la mesa mañana.
"hola, te pido que nosotras queremos comer hoy","hola, te pido que nosotras queramos comer hoy"
"Mira, dudo que los estudiantes siguen las reglas.","Mira, dudo que los estudiantes sigan las reglas."
mi hermano se callo muy rápido,mi hermano se calló muy rápido
"mama, no quiero que estudiamos para el examen hoy","mamá, no quiero que estudiemos para el examen hoy"
Es cierto que tu llegas a tiempo siempre.,Es cierto que tú llegas a tiempo siempre.
Seguro que tu comes verduras tambien.,Seguro que tú comes verduras también.
"oye, te pido que tú juegas con cuidado","oye, te pido que tú juegues con cuidado"
Te pido que los niños son así por favor.,Te pido que los niños sean así por favor.
ojala que mi papa juega despues de comer tambien,ojalá que mi papá juegue después de comer también
Deseo que nosotras tenemos tiempo por favor.,Deseo que nosotras tengamos tiempo por favor.
"mira, mi mamá quiere que nosotras volvemos a intentarlo también","mira, mi mamá quiere que nosotras volvamos a intentarlo también"
"la verdad, me gusta que ustedes tienen cuidado también","la verdad, me gusta que ustedes tengan cuidado también"
mis padres esperan que el niño duerme en clase hoy,mis padres esperan que el niño duerma en clase hoy
"Hijo, él se lavo sin querer.","Hijo, él se lavó sin querer."
esta claro que tu eres honesto tambien,está claro que tú eres honesto también
ojala mi hermano pide perdon,ojalá mi hermano pida perdón
te pido que nosotros hacemos las cosas bien,te pido que nosotros hagamos las cosas bien
"oye, ojalá tú dices lo que piensas por favor","oye, ojalá tú digas lo que piensas por favor"
"Mira, deseo que sales al recreo esta vez.","Mira, deseo que salgas al recreo esta vez."
"La verdad, para que tú vuelves a intentarlo esta vez.","La verdad, para que tú vuelvas a intentarlo esta vez."
"Por favor, necesito que sientes dolor hoy.","Por favor, necesito que sientas dolor hoy."
se que vamos al colegio esta vez,sé que vamos al colegio esta vez
"la verdad, mi mamá quiere que tus amigos son puntual mañana","la verdad, mi mamá quiere que tus amigos sean puntual mañana"
"hijo, me parece que tu eres amable manana","hijo, me parece que tú eres amable mañana"
Es verdad que tu hermana juega en la calle tambien.,Es verdad que tu hermana juega en la calle también.
"Mira, el profesor quiere que entendemos esto mañana.","Mira, el profesor quiere que entendamos esto mañana."
es urgente que tu no vienes con nosotros,es urgente que tú no vengas con nosotros
"Profe, hace falta que los niños estudian medicina.","Profe, hace falta que los niños estudien medicina."
quiero que hay comida para todos,quiero que haya comida para todos
"la verdad, me dijo que tu tienes todo listo","la verdad, me dijo que tú tienes todo listo"
"mira, el perro se durmio muy rápido","mira, el perro se durmió muy rápido"
mi mamá quiere que tú duermes ocho horas hoy,mi mamá quiere que tú duermas ocho horas hoy
quiero que el entiende esto manana,quiero que él entienda esto mañana
"hola, mis padres esperan que tu amigo no está bien también","hola, mis padres esperan que tu amigo no esté bien también"
"mira, es necesario que piensan así","mira, es necesario que piensen así"
"mira, él se callo en el recreo","mira, él se calló en el recreo"
"la verdad, me alegra que los estudiantes leen el libro","la verdad, me alegra que los estudiantes lean el libro"
"profe, creo que las ninas escriben tu nombre esta vez","profe, creo que las niñas escriben tu nombre esta vez"
"oye, ella se perdio sin querer","oye, ella se perdió sin querer"
no creo que nosotras pedimos perdón por favor,no creo que nosotras pidamos perdón por favor
"mamá, es necesario que nosotros sabemos leer bien mañana","mamá, es necesario que nosotros sepamos leer bien mañana"
"Hijo, él se durmio en el recreo.","Hijo, él se durmió en el recreo."
"hijo, es mejor que los estudiantes ponen la mesa hoy","hijo, es mejor que los estudiantes pongan la mesa hoy"
"Por favor, es mejor que nosotros estudiamos para el examen.","Por favor, es mejor que nosotros estudiemos para el examen."
Tu primo se acabo muy rápido.,Tu primo se acabó muy rápido.
espero que nosotras hacemos la cena,espero que nosotras hagamos la cena
el profesor quiere que hay comida para todos,el profesor quiere que haya comida para todos
"hola, te pido que estudia por la tarde","hola, te pido que estudie por la tarde"
prefiero que mis padres escriben bien tambien,prefiero que mis padres escriban bien también
es importante que comemos todo también,es importante que comamos todo también
"la verdad, es urgente que nosotras salimos temprano mañana","la verdad, es urgente que nosotras salgamos temprano mañana"
es urgente que dicen eso mañana,es urgente que digan eso mañana
mi mamá se enojo muy rápido,mi mamá se enojó muy rápido
"Por favor, es posible que nosotras salimos de casa.","Por favor, es posible que nosotras salgamos de casa."
La niña se canso en el recreo.,La niña se cansó en el recreo.
"la verdad, es urgente que nosotros decimos la verdad mañana","la verdad, es urgente que nosotros digamos la verdad mañana"
"profe, se cayo ayer","profe, se cayó ayer"
"profe, es necesario que nosotros jugamos después de comer siempre","profe, es necesario que nosotros juguemos después de comer siempre"
"Mira, él se escapo sin querer.","Mira, él se escapó sin querer."
"mira, ella se caso de repente","mira, ella se casó de repente"
ojalá ellas dicen la verdad siempre,ojalá ellas digan la verdad siempre
"mira, es mejor que tú dices la verdad hoy","mira, es mejor que tú digas la verdad hoy"
necesito que hablamos con ella,necesito que hablemos con ella
"mama, ella se perdio toda la tarde","mamá, ella se perdió toda la tarde"
"profe, me gusta que los profesores traen el permiso firmado por favor","profe, me gusta que los profesores traigan el permiso firmado por favor"
"Mamá, es mejor que pedimos más comida esta vez.","Mamá, es mejor que pidamos más comida esta vez."
creo que piensa asi por favor,creo que piensa así por favor
"por favor, deseo que nosotras comemos verduras","por favor, deseo que nosotras comamos verduras"
"oye, es mejor que tú estás listo a las ocho","oye, es mejor que tú estés listo a las ocho"
"mira, se que sigues asi","mira, sé que sigues así"
"hola, me gusta que ella busca la respuesta también","hola, me gusta que ella busque la respuesta también"
"hijo, es mejor que tu comes verduras manana","hijo, es mejor que tú comas verduras mañana"
"por favor, el perro se rompio en el patio","por favor, el perro se rompió en el patio"
espero que el nino es asi por favor,espero que el niño sea así por favor
"hola, te pido que la nina puede descansar","hola, te pido que la niña pueda descansar"
"oye, no quiero que nosotras vamos a dormir","oye, no quiero que nosotras vayamos a dormir"
"profe, para que los profesores no leen en voz alta hoy","profe, para que los profesores no lean en voz alta hoy"
"por favor, es posible que ves a tu abuela mañana","por favor, es posible que veas a tu abuela mañana"
"mira, ojalá que tú no empiezas ahora por favor","mira, ojalá que tú no empieces ahora por favor"
para que mi papa es asi manana,para que mi papá sea así mañana
"Mira, ojalá comes en casa.","Mira, ojalá comas en casa."
es mejor que mis hermanos dicen eso mañana,es mejor que mis hermanos digan eso mañana
Se que la nina busca trabajo tambien.,Sé que la niña busca trabajo también.
deseo que hablas en espanol tambien,deseo que hables en español también
esta claro que entendemos la leccion,está claro que entendemos la lección
"por favor, me parece que tu amigo dice la verdad tambien","por favor, me parece que tu amigo dice la verdad también"
espero que tú empiezas temprano hoy,espero que tú empieces temprano hoy
"hola, es urgente que mi mamá llega antes que yo esta vez","hola, es urgente que mi mamá llegue antes que yo esta vez"
"Hijo, él se quedo en el recreo.","Hijo, él se quedó en el recreo."
"La verdad, necesito que mi hermano pone orden en el cuarto.","La verdad, necesito que mi hermano ponga orden en el cuarto."
"por favor, el profesor quiere que volvemos pronto por favor","por favor, el profesor quiere que volvamos pronto por favor"
"hola, espero que mis padres sienten vergüenza esta vez","hola, espero que mis padres sientan vergüenza esta vez"
"hola, me gusta que tú sigues las reglas","hola, me gusta que tú sigas las reglas"
"Profe, necesito que tus amigos dicen tu nombre por favor.","Profe, necesito que tus amigos digan tu nombre por favor."
Ojalá tú vuelves mañana mañana.,Ojalá tú vuelvas mañana mañana.
"hijo, hace falta que tú conoces a mis amigos","hijo, hace falta que tú conozcas a mis amigos"
"por favor, hace falta que el nino quiere comer manana","por favor, hace falta que el niño quiera comer mañana"
"mamá, me gusta que mi papá está tranquilo","mamá, me gusta que mi papá esté tranquilo"
"la verdad, esta claro que nosotros sabemos la verdad siempre","la verdad, está claro que nosotros sabemos la verdad siempre"
Espero que tú sientes frío por favor.,Espero que tú sientas frío por favor.
"mira, mi mamá quiere que no duermen ocho horas por favor","mira, mi mamá quiere que no duerman ocho horas por favor"
"la verdad, es importante que los ninos conocen la historia","la verdad, es importante que los niños conozcan la historia"
"hola, espero que podemos jugar esta vez","hola, espero que podamos jugar esta vez"
"Hola, es necesario que tus amigos no buscan el libro.","Hola, es necesario que tus amigos no busquen el libro."
"oye, para que empezamos la clase","oye, para que empecemos la clase"
"profe, antes de que nosotros podemos jugar hoy","profe, antes de que nosotros podamos jugar hoy"
"hola, no quiero que no estás atento también","hola, no quiero que no estés atento también"
Prefiero que la niña es responsable siempre.,Prefiero que la niña sea responsable siempre.
Mi mamá quiere que llegas pronto hoy.,Mi mamá quiere que llegues pronto hoy.
"mira, el profesor quiere que nosotras decimos lo que piensas tambien","mira, el profesor quiere que nosotras digamos lo que piensas también"
dudo que salimos tan tarde esta vez,dudo que salgamos tan tarde esta vez
"oye, el profesor se caso en la clase","oye, el profesor se casó en la clase"
"Mira, no quiero que tú puedes terminar hoy siempre.","Mira, no quiero que tú puedas terminar hoy siempre."
"Mamá, espero que tú llegas antes que yo también.","Mamá, espero que tú llegues antes que yo también."
"por favor, es necesario que mi hermano dice la verdad esta vez","por favor, es necesario que mi hermano diga la verdad esta vez"
me gusta que tu juegas despues de comer tambien,me gusta que tú juegues después de comer también
"mamá, espero que tú no oyes bien por favor","mamá, espero que tú no oigas bien por favor"
"mamá, deseo que mi hermano conoce la ciudad hoy","mamá, deseo que mi hermano conozca la ciudad hoy"
"hola, me alegra que tu empiezas de nuevo tambien","hola, me alegra que tú empieces de nuevo también"
"Profe, es necesario que tú entiendes esto.","Profe, es necesario que tú entiendas esto."
"Mira, el profesor quiere que tú sabes la verdad mañana.","Mira, el profesor quiere que tú sepas la verdad mañana."
"Hola, se que sentimos frio siempre.","Hola, sé que sentimos frío siempre."
"Mamá, es importante que los niños son puntual hoy.","Mamá, es importante que los niños sean puntual hoy."
"mamá, espero que los profesores saben la verdad mañana","mamá, espero que los profesores sepan la verdad mañana"
"hijo, veo que tu vas a la playa manana","hijo, veo que tú vas a la playa mañana"
te pido que hacemos silencio por favor,te pido que hagamos silencio por favor
"la verdad, te pido que no sigues adelante esta vez","la verdad, te pido que no sigas adelante esta vez"
Te pido que la niña tiene razón.,Te pido que la niña tenga razón.
"Mamá, mi mamá quiere que tú tienes frío mañana.","Mamá, mi mamá quiere que tú tengas frío mañana."
"hijo, es necesario que los profesores salen con tus amigos siempre","hijo, es necesario que los profesores salgan con tus amigos siempre"
"Mira, es posible que las niñas ponen los libros aquí también.","Mira, es posible que las niñas pongan los libros aquí también."
"profe, no quiero que quieren ayudar por favor","profe, no quiero que quieran ayudar por favor"
"por favor, él se cayo de repente","por favor, él se cayó de repente"
No quiero que los niños oyen bien siempre.,No quiero que los niños oigan bien siempre.
"profe, es mejor que mis hermanos vuelven pronto tambien","profe, es mejor que mis hermanos vuelvan pronto también"
"la verdad, deseo que el doctor piensa antes de hablar por favor","la verdad, deseo que el doctor piense antes de hablar por favor"
"profe, creo que ellos juegan futbol siempre","profe, creo que ellos juegan fútbol siempre"
"por favor, es necesario que usted duerme temprano","por favor, es necesario que usted duerma temprano"
antes de que el nino dice tu nombre,antes de que el niño diga tu nombre
mis padres esperan que tú sientes lo mismo por favor,mis padres esperan que tú sientas lo mismo por favor
"hijo, me gusta que el doctor oye al profesor hoy","hijo, me gusta que el doctor oiga al profesor hoy"
"la verdad, mi mama quiere que el no habla en clase","la verdad, mi mamá quiere que él no hable en clase"
"hola, ojalá tus amigos piden más comida","hola, ojalá tus amigos pidan más comida"
"Profe, dudo que mi hermano pone los libros aquí esta vez.","Profe, dudo que mi hermano ponga los libros aquí esta vez."
"profe, el profesor se enojo ayer","profe, el profesor se enojó ayer"
"Mira, me alegra que traemos los libros también.","Mira, me alegra que traigamos los libros también."
ojalá que sabes cuidarte,ojalá que sepas cuidarte
"hijo, la niña se quedo al final","hijo, la niña se quedó al final"
"por favor, es cierto que tu llegas pronto","por favor, es cierto que tú llegas pronto"
"mira, es mejor que él come más frutas siempre","mira, es mejor que él coma más frutas siempre"
me alegra que tú pides otra oportunidad esta vez,me alegra que tú pidas otra oportunidad esta vez
"hijo, dudo que tu amigo hace ejercicio por favor","hijo, dudo que tu amigo haga ejercicio por favor"
"oye, es verdad que tu oyes al profesor siempre","oye, es verdad que tú oyes al profesor siempre"
"la verdad, hace falta que ustedes piensan en eso mañana","la verdad, hace falta que ustedes piensen en eso mañana"
seguro que los profesores empiezan de nuevo manana,seguro que los profesores empiezan de nuevo mañana
"la verdad, ojala que mis hermanos escriben la carta","la verdad, ojalá que mis hermanos escriban la carta"
"mama, antes de que hacemos un dibujo","mamá, antes de que hagamos un dibujo"
te pido que tu traes el cuaderno manana,te pido que tú traigas el cuaderno mañana
es importante que llegamos temprano,es importante que lleguemos temprano
Me alegra que ellos traen el permiso firmado mañana.,Me alegra que ellos traigan el permiso firmado mañana.
"por favor, el profesor quiere que él quiere venir","por favor, el profesor quiere que él quiera venir"
"mama, te pido que la nina trae los libros por favor","mamá, te pido que la niña traiga los libros por favor"
Es mejor que ellas ponen orden en el cuarto.,Es mejor que ellas pongan orden en el cuarto.
"La verdad, hace falta que tú pides perdón.","La verdad, hace falta que tú pidas perdón."
"hijo, es importante que no conocemos a mi familia mañana","hijo, es importante que no conozcamos a mi familia mañana"
"mira, esta claro que tu sales con tus amigos hoy","mira, está claro que tú sales con tus amigos hoy"
"oye, me alegra que nosotros conocemos la historia manana","oye, me alegra que nosotros conozcamos la historia mañana"
"Oye, mis padres esperan que estamos en casa hoy.","Oye, mis padres esperan que estemos en casa hoy."
"oye, es urgente que los profesores traen la comida hoy","oye, es urgente que los profesores traigan la comida hoy"
"la verdad, espero que tu no lees mucho","la verdad, espero que tú no leas mucho"
antes de que el niño no vuelve mañana mañana,antes de que el niño no vuelva mañana mañana
"por favor, esta claro que tu hermana puede terminar hoy","por favor, está claro que tu hermana puede terminar hoy"
"Hijo, para que quieren salir esta vez.","Hijo, para que quieran salir esta vez."
esta claro que el siente frio por favor,está claro que él siente frío por favor
"hola, prefiero que ella no come verduras manana","hola, prefiero que ella no coma verduras mañana"
no creo que los profesores empiezan la tarea siempre,no creo que los profesores empiecen la tarea siempre
"hola, dudo que no decimos eso por favor","hola, dudo que no digamos eso por favor"
el profesor quiere que nosotros jugamos después de comer por favor,el profesor quiere que nosotros juguemos después de comer por favor
ojala tu quieres salir hoy,ojalá tú quieras salir hoy
mis padres esperan que tu conoces a mi familia,mis padres esperan que tú conozcas a mi familia
"La verdad, es urgente que damos las gracias.","La verdad, es urgente que demos las gracias."
es necesario que mi mamá habla despacio hoy,es necesario que mi mamá hable despacio hoy
"Hola, mis padres esperan que la niña puede jugar mañana.","Hola, mis padres esperan que la niña pueda jugar mañana."
"hijo, ojalá usted busca otra solución","hijo, ojalá usted busque otra solución"
"oye, es urgente que ellas hacen un dibujo","oye, es urgente que ellas hagan un dibujo"
"mira, es cierto que tu dices algo tambien","mira, es cierto que tú dices algo también"
"hola, mis padres esperan que tú tienes razón esta vez","hola, mis padres esperan que tú tengas razón esta vez"
Hace falta que tú no llegas a la meta.,Hace falta que tú no llegues a la meta.
deseo que usted ve esto,deseo que usted vea esto
ojalá que hay comida para todos,ojalá que haya comida para todos
es importante que tú traes el cuaderno también,es importante que tú traigas el cuaderno también
"profe, se que ustedes siguen las reglas","profe, sé que ustedes siguen las reglas"
El perro se canso toda la tarde.,El perro se cansó toda la tarde.
"mira, mis padres esperan que el es responsable por favor","mira, mis padres esperan que él sea responsable por favor"
me parece que mis hermanos oyen la musica esta vez,me parece que mis hermanos oyen la música esta vez
"La verdad, espero que nosotros sentimos vergüenza siempre.","La verdad, espero que nosotros sintamos vergüenza siempre."
"hola, me alegra que tú conoces a mis amigos esta vez","hola, me alegra que tú conozcas a mis amigos esta vez"
"mira, seguro que las ninas hacen la cena","mira, seguro que las niñas hacen la cena"
necesito que ella da el ejemplo manana,necesito que ella dé el ejemplo mañana
"mira, hace falta que volvemos temprano manana","mira, hace falta que volvamos temprano mañana"
"oye, es urgente que mi hermano pone la mesa por favor","oye, es urgente que mi hermano ponga la mesa por favor"
"oye, mis padres esperan que tú sabes la respuesta también","oye, mis padres esperan que tú sepas la respuesta también"
ella se asusto en el patio,ella se asustó en el patio
Se que juegas en la calle tambien.,Sé que juegas en la calle también.
"Mamá, mi mamá quiere que ella piensa en eso siempre.","Mamá, mi mamá quiere que ella piense en eso siempre."
"la verdad, se que llega a la meta","la verdad, sé que llega a la meta"
"hijo, es urgente que mis padres estan aqui tambien","hijo, es urgente que mis padres estén aquí también"
"Por favor, te pido que ustedes hacen las cosas bien.","Por favor, te pido que ustedes hagan las cosas bien."
es mejor que nosotras sentimos dolor siempre,es mejor que nosotras sintamos dolor siempre
"Hijo, para que los profesores conocen el museo por favor.","Hijo, para que los profesores conozcan el museo por favor."
El profesor se paso en el recreo.,El profesor se pasó en el recreo.
"Profe, es urgente que tú juegas en la calle por favor.","Profe, es urgente que tú juegues en la calle por favor."
"por favor, es necesario que va a la playa mañana","por favor, es necesario que vaya a la playa mañana"
"Hola, ojalá tu amigo habla en español.","Hola, ojalá tu amigo hable en español."
no creo que conocemos la historia hoy,no creo que conozcamos la historia hoy
no quiero que las niñas saben la respuesta,no quiero que las niñas sepan la respuesta
"hola, hace falta que tú hablas con ella esta vez","hola, hace falta que tú hables con ella esta vez"
"por favor, es necesario que tu amigo llega a la meta mañana","por favor, es necesario que tu amigo llegue a la meta mañana"
"profe, dudo que tu hermana habla en clase","profe, dudo que tu hermana hable en clase"
mis padres esperan que nosotros ponemos orden en el cuarto,mis padres esperan que nosotros pongamos orden en el cuarto
ojalá que nosotros conocemos a mi familia por favor,ojalá que nosotros conozcamos a mi familia por favor
Ojalá que tú puedes descansar siempre.,Ojalá que tú puedas descansar siempre.
"Oye, ojalá mis padres no piden más comida siempre.","Oye, ojalá mis padres no pidan más comida siempre."
"profe, quiero que nosotros empezamos temprano","profe, quiero que nosotros empecemos temprano"
es necesario que nosotros entendemos mis razones tambien,es necesario que nosotros entendamos mis razones también
"Oye, prefiero que tú empiezas la tarea.","Oye, prefiero que tú empieces la tarea."
"profe, se que ella trae la comida","profe, sé que ella trae la comida"
"hola, es posible que la profesora viene a la fiesta mañana","hola, es posible que la profesora venga a la fiesta mañana"
mi hermano se lastimo toda la tarde,mi hermano se lastimó toda la tarde
Dudo que mi hermano no está bien.,Dudo que mi hermano no esté bien.
"Profe, me gusta que el niño trae agua por favor.","Profe, me gusta que el niño traiga agua por favor."
"la verdad, espero que conocemos la historia","la verdad, espero que conozcamos la historia"
"hola, el profesor se acabo en el recreo","hola, el profesor se acabó en el recreo"
"Por favor, te pido que nosotras pensamos en el futuro.","Por favor, te pido que nosotras pensemos en el futuro."
"por favor, mis padres esperan que buscamos la respuesta por favor","por favor, mis padres esperan que busquemos la respuesta por favor"
"Profe, esta claro que tus amigos quieren comer hoy.","Profe, está claro que tus amigos quieren comer hoy."
"Oye, es posible que el doctor sabe eso mañana.","Oye, es posible que el doctor sepa eso mañana."
"por favor, es mejor que tú hablas despacio por favor","por favor, es mejor que tú hables despacio por favor"
"la verdad, es posible que juega en el parque","la verdad, es posible que juegue en el parque"
"Mama, pienso que ves esto siempre.","Mamá, pienso que ves esto siempre."
ella se perdio al final,ella se perdió al final
"hola, necesito que ellas ponen el abrigo tambien","hola, necesito que ellas pongan el abrigo también"
"la verdad, ojalá que pone el abrigo","la verdad, ojalá que ponga el abrigo"
Ojalá que ustedes no empiezan la clase hoy.,Ojalá que ustedes no empiecen la clase hoy.
"profe, el perro se perdio al final","profe, el perro se perdió al final"
"La verdad, es necesario que el niño sale con tus amigos también.","La verdad, es necesario que el niño salga con tus amigos también."
"mira, antes de que nosotros podemos descansar mañana","mira, antes de que nosotros podamos descansar mañana"
es posible que tú ves el partido,es posible que tú veas el partido
quiero que tu amigo no sale temprano hoy,quiero que tu amigo no salga temprano hoy
tu primo se paso en el patio,tu primo se pasó en el patio
"profe, no quiero que tu escribes la carta esta vez","profe, no quiero que tú escribas la carta esta vez"
prefiero que la profesora no vuelve a casa,prefiero que la profesora no vuelva a casa
"oye, creo que el nino viene a mi casa por favor","oye, creo que el niño viene a mi casa por favor"
"mira, antes de que ellos están aquí siempre","mira, antes de que ellos estén aquí siempre"
"mama, veo que trae el cuaderno esta vez","mamá, veo que trae el cuaderno esta vez"
"la verdad, quiero que tú sales a jugar","la verdad, quiero que tú salgas a jugar"
"por favor, me alegra que ella pone los libros aqui hoy","por favor, me alegra que ella ponga los libros aquí hoy"
"por favor, es mejor que tú tienes paciencia mañana","por favor, es mejor que tú tengas paciencia mañana"
"Mira, me alegra que tus amigos empiezan la clase siempre.","Mira, me alegra que tus amigos empiecen la clase siempre."
mi mamá quiere que los profesores entienden el problema también,mi mamá quiere que los profesores entiendan el problema también
el profesor quiere que los profesores escriben el cuento,el profesor quiere que los profesores escriban el cuento
ojalá que somos así,ojalá que seamos así
"La verdad, hace falta que tus amigos leen todos los días.","La verdad, hace falta que tus amigos lean todos los días."
"mira, es urgente que tu ves la pelicula por favor","mira, es urgente que tú veas la película por favor"
es posible que hablamos con ella también,es posible que hablemos con ella también
El profesor quiere que los profesores sienten vergüenza.,El profesor quiere que los profesores sientan vergüenza.
me alegra que tú eres puntual siempre,me alegra que tú seas puntual siempre
"mama, te pido que tu amigo viene manana manana","mamá, te pido que tu amigo venga mañana mañana"
te pido que nosotros empezamos la clase por favor,te pido que nosotros empecemos la clase por favor
"mira, ojalá nosotros hablamos con ella","mira, ojalá nosotros hablemos con ella"
Ojalá que piensa así mañana.,Ojalá que piense así mañana.
No creo que los profesores saben la verdad.,No creo que los profesores sepan la verdad.
"Oye, antes de que tú pides permiso.","Oye, antes de que tú pidas permiso."
"Profe, es mejor que nosotros conocemos la historia esta vez.","Profe, es mejor que nosotros conozcamos la historia esta vez."
prefiero que tú das el ejemplo hoy,prefiero que tú des el ejemplo hoy
"hola, no creo que escribe con letra clara siempre","hola, no creo que escriba con letra clara siempre"
ojalá que los profesores saben la verdad mañana,ojalá que los profesores sepan la verdad mañana
"Hola, mis padres esperan que tus amigos escriben con letra clara también.","Hola, mis padres esperan que tus amigos escriban con letra clara también."
"hola, ojalá ellas están aquí","hola, ojalá ellas estén aquí"
"hijo, prefiero que salen al recreo","hijo, prefiero que salgan al recreo"
espero que haces la cena siempre,espero que hagas la cena siempre
"mama, se porto ayer","mamá, se portó ayer"
"mira, no quiero que tu hermana viene temprano","mira, no quiero que tu hermana venga temprano"
"hola, ojalá tú estás en casa","hola, ojalá tú estés en casa"
"mira, es urgente que empezamos de nuevo mañana","mira, es urgente que empecemos de nuevo mañana"
"Mama, es verdad que volvemos a casa.","Mamá, es verdad que volvemos a casa."
quiero que buscamos la respuesta,quiero que busquemos la respuesta
Hace falta que ella da la respuesta por favor.,Hace falta que ella dé la respuesta por favor.
Espero que tú haces silencio siempre.,Espero que tú hagas silencio siempre.
"Hola, para que la profesora puede terminar hoy mañana.","Hola, para que la profesora pueda terminar hoy mañana."
"Mamá, ojalá tú estudias mucho esta vez.","Mamá, ojalá tú estudies mucho esta vez."
ojalá él no escribe el cuento mañana,ojalá él no escriba el cuento mañana
"la verdad, ojala que la nina conoce la ciudad","la verdad, ojalá que la niña conozca la ciudad"
"oye, me gusta que nosotros volvemos temprano tambien","oye, me gusta que nosotros volvamos temprano también"
Seguro que tu pones atencion.,Seguro que tú pones atención.
"Oye, se que mis padres saben la respuesta por favor.","Oye, sé que mis padres saben la respuesta por favor."
Necesito que ella no vuelve temprano hoy.,Necesito que ella no vuelva temprano hoy.
"la verdad, dudo que ellas juegan después de comer mañana","la verdad, dudo que ellas jueguen después de comer mañana"
"Oye, dudo que ponen atención por favor.","Oye, dudo que pongan atención por favor."
Prefiero que usted duerme temprano esta vez.,Prefiero que usted duerma temprano esta vez.
"oye, se asusto ayer","oye, se asustó ayer"
"oye, no quiero que nosotros dormimos temprano","oye, no quiero que nosotros durmamos temprano"
prefiero que ustedes no ven a tu abuela,prefiero que ustedes no vean a tu abuela
"hijo, no quiero que tus amigos traen los libros","hijo, no quiero que tus amigos traigan los libros"
"oye, dudo que mi papa conoce a mis amigos","oye, dudo que mi papá conozca a mis amigos"
"Oye, me alegra que mi hermano hace silencio también.","Oye, me alegra que mi hermano haga silencio también."
"Profe, es verdad que puede terminar hoy manana.","Profe, es verdad que puede terminar hoy mañana."
"oye, necesito que tu hermana piensa en eso esta vez","oye, necesito que tu hermana piense en eso esta vez"
"Oye, prefiero que mi papá empieza la clase.","Oye, prefiero que mi papá empiece la clase."
"la verdad, me gusta que nosotros estamos listo a las ocho","la verdad, me gusta que nosotros estemos listo a las ocho"
"por favor, hace falta que nosotros ponemos atencion esta vez","por favor, hace falta que nosotros pongamos atención esta vez"
"profe, es urgente que mis padres entienden el problema siempre","profe, es urgente que mis padres entiendan el problema siempre"
dice que eres puntual tambien,dice que eres puntual también
"hijo, mi mamá se canso ayer","hijo, mi mamá se cansó ayer"
"oye, es importante que tu amigo entiende mis razones","oye, es importante que tu amigo entienda mis razones"
se que tu escribes tu nombre siempre,sé que tú escribes tu nombre siempre
"hijo, mis padres esperan que nosotros hacemos un dibujo mañana","hijo, mis padres esperan que nosotros hagamos un dibujo mañana"
"mama, es posible que la profesora puede terminar hoy","mamá, es posible que la profesora pueda terminar hoy"
"la verdad, no quiero que nosotros sabemos la verdad tambien","la verdad, no quiero que nosotros sepamos la verdad también"
"la verdad, es posible que las ninas oyen el ruido esta vez","la verdad, es posible que las niñas oigan el ruido esta vez"
"oye, dice que nosotros hablamos en espanol esta vez","oye, dice que nosotros hablamos en español esta vez"
"hijo, es urgente que nosotros seguimos el camino esta vez","hijo, es urgente que nosotros sigamos el camino esta vez"
es posible que nosotras pensamos asi,es posible que nosotras pensemos así
quiero que tu hermana tiene cuidado,quiero que tu hermana tenga cuidado
ojala tu dices eso manana,ojalá tú digas eso mañana
"Hijo, me parece que las ninas hacen la tarea.","Hijo, me parece que las niñas hacen la tarea."
para que tu duermes en clase,para que tú duermas en clase
es urgente que hay un examen,es urgente que haya un examen
"hijo, necesito que tú vas al médico hoy","hijo, necesito que tú vayas al médico hoy"
"hijo, prefiero que nosotras empezamos de nuevo manana","hijo, prefiero que nosotras empecemos de nuevo mañana"
"Por favor, el profesor quiere que comes en casa.","Por favor, el profesor quiere que comas en casa."
espero que somos amable hoy,espero que seamos amable hoy
"mira, quiero que tú no dices lo que piensas","mira, quiero que tú no digas lo que piensas"
se que tu haces silencio hoy,sé que tú haces silencio hoy
mi hermano se sento en la clase,mi hermano se sentó en la clase
"profe, hace falta que tu ves esto","profe, hace falta que tú veas esto"
"Por favor, espero que nosotros vamos solo.","Por favor, espero que nosotros vayamos solo."
"profe, es importante que las ninas piden mas comida tambien","profe, es importante que las niñas pidan más comida también"
"mama, mi mama quiere que nosotras decimos algo","mamá, mi mamá quiere que nosotras digamos algo"
dudo que los estudiantes salen de casa,dudo que los estudiantes salgan de casa
"por favor, para que no comes despacio tambien","por favor, para que no comas despacio también"
Prefiero que mis padres dan la mano siempre.,Prefiero que mis padres den la mano siempre.
Ojalá conocemos la ciudad.,Ojalá conozcamos la ciudad.
es necesario que estudias en silencio esta vez,es necesario que estudies en silencio esta vez
"mira, ella se callo de repente","mira, ella se calló de repente"
"hijo, dudo que quiere comer mañana","hijo, dudo que quiera comer mañana"
"Profe, mis padres esperan que tú vuelves a intentarlo.","Profe, mis padres esperan que tú vuelvas a intentarlo."
"Profe, me alegra que busca el libro hoy.","Profe, me alegra que busque el libro hoy."
ojalá tú tienes suerte hoy,ojalá tú tengas suerte hoy
Dudo que los profesores escriben la carta.,Dudo que los profesores escriban la carta.
"hola, antes de que sabemos la verdad por favor","hola, antes de que sepamos la verdad por favor"
"Hijo, se sento de repente.","Hijo, se sentó de repente."
"Por favor, ella se levanto en el patio.","Por favor, ella se levantó en el patio."
te pido que hay problemas,te pido que haya problemas
antes de que nosotras no estudiamos para el examen manana,antes de que nosotras no estudiemos para el examen mañana
"mama, dice que los profesores vuelven a casa manana","mamá, dice que los profesores vuelven a casa mañana"
"Hola, es importante que tú vuelves mañana.","Hola, es importante que tú vuelvas mañana."
"Hola, para que pides más comida mañana.","Hola, para que pidas más comida mañana."
"Mira, es necesario que los niños piden ayuda esta vez.","Mira, es necesario que los niños pidan ayuda esta vez."
"Hola, espero que pones los libros aquí siempre.","Hola, espero que pongas los libros aquí siempre."
"mamá, mi mamá quiere que conocemos la ciudad","mamá, mi mamá quiere que conozcamos la ciudad"
"por favor, deseo que dormimos bien manana","por favor, deseo que durmamos bien mañana"
"Hola, hace falta que tu amigo puede ayudar por favor.","Hola, hace falta que tu amigo pueda ayudar por favor."
ojalá nosotros queremos salir,ojalá nosotros queramos salir
esta claro que los profesores llegan a la meta manana,está claro que los profesores llegan a la meta mañana
es cierto que ellas entienden la pregunta tambien,es cierto que ellas entienden la pregunta también
"hijo, creo que tu amigo oye la musica manana","hijo, creo que tu amigo oye la música mañana"
"oye, prefiero que las ninas estan en casa manana","oye, prefiero que las niñas estén en casa mañana"
mis padres esperan que la niña está atento,mis padres esperan que la niña esté atento
espero que el doctor no oye el ruido manana,espero que el doctor no oiga el ruido mañana
"hijo, no quiero que tú conoces la ciudad","hijo, no quiero que tú conozcas la ciudad"
me alegra que usted conoce la historia,me alegra que usted conozca la historia
"Hijo, antes de que las niñas estudian por la tarde.","Hijo, antes de que las niñas estudien por la tarde."
"oye, deseo que vemos esto","oye, deseo que veamos esto"
"oye, quiero que el hace las cosas bien hoy","oye, quiero que él haga las cosas bien hoy"
"hijo, mi mamá quiere que tú traes el permiso firmado","hijo, mi mamá quiere que tú traigas el permiso firmado"
"Hijo, él se acabo al final.","Hijo, él se acabó al final."
"por favor, mi hermano se rompio de repente","por favor, mi hermano se rompió de repente"
"oye, mi mamá quiere que nosotras oímos bien","oye, mi mamá quiere que nosotras oigamos bien"
"profe, es mejor que los ninos estan atento","profe, es mejor que los niños estén atento"
"Hola, el profesor quiere que está aquí hoy.","Hola, el profesor quiere que esté aquí hoy."
"hijo, te pido que ustedes no traen agua","hijo, te pido que ustedes no traigan agua"
"profe, no quiero que tú piensas en el futuro mañana","profe, no quiero que tú pienses en el futuro mañana"
"Mamá, me alegra que la profesora duerme bien mañana.","Mamá, me alegra que la profesora duerma bien mañana."
"hijo, necesito que pone atencion hoy","hijo, necesito que ponga atención hoy"
"profe, antes de que hablan despacio","profe, antes de que hablen despacio"
"Mamá, me alegra que nosotros seguimos estudiando mañana.","Mamá, me alegra que nosotros sigamos estudiando mañana."
"mira, dudo que nosotras sentimos frío mañana","mira, dudo que nosotras sintamos frío mañana"
"por favor, antes de que dormimos temprano hoy","por favor, antes de que durmamos temprano hoy"
"por favor, la niña se llamo toda la tarde","por favor, la niña se llamó toda la tarde"
"Hijo, mi mamá quiere que nosotras queremos salir también.","Hijo, mi mamá quiere que nosotras queramos salir también."
"hola, ojala que no buscamos la respuesta esta vez","hola, ojalá que no busquemos la respuesta esta vez"
"la verdad, deseo que pensamos así","la verdad, deseo que pensemos así"
"profe, dice que tu oyes esto siempre","profe, dice que tú oyes esto siempre"
"profe, es urgente que mis padres estudian mucho","profe, es urgente que mis padres estudien mucho"
es necesario que nosotras seguimos asi,es necesario que nosotras sigamos así
"oye, esta claro que tu estudias medicina","oye, está claro que tú estudias medicina"
deseo que nosotros sabemos la verdad,deseo que nosotros sepamos la verdad
"mamá, para que pedimos más comida","mamá, para que pidamos más comida"
"Por favor, ojalá que los estudiantes no pueden descansar hoy.","Por favor, ojalá que los estudiantes no puedan descansar hoy."
"hijo, hace falta que nosotros hablamos con ella mañana","hijo, hace falta que nosotros hablemos con ella mañana"
ojalá que tu amigo quiere venir esta vez,ojalá que tu amigo quiera venir esta vez
"hola, ella se quedo en la clase","hola, ella se quedó en la clase"
"la verdad, tu primo se callo muy rapido","la verdad, tu primo se calló muy rápido"
Mi mamá quiere que hay problemas.,Mi mamá quiere que haya problemas.
"Mamá, quiero que él da las gracias.","Mamá, quiero que él dé las gracias."
"mira, te pido que los profesores estudian en silencio","mira, te pido que los profesores estudien en silencio"
Ella se olvido por la mañana.,Ella se olvidó por la mañana.
"mamá, es mejor que tú vas al colegio también","mamá, es mejor que tú vayas al colegio también"
"mamá, mis padres esperan que tú pides perdón mañana","mamá, mis padres esperan que tú pidas perdón mañana"
me gusta que mi papá pone orden en el cuarto mañana,me gusta que mi papá ponga orden en el cuarto mañana
No creo que ustedes leen todos los días.,No creo que ustedes lean todos los días.
"hijo, creo que nosotros sabemos nadar tambien","hijo, creo que nosotros sabemos nadar también"
"La verdad, dice que mi mama sabe leer bien hoy.","La verdad, dice que mi mamá sabe leer bien hoy."
"hijo, necesito que nosotras tenemos tiempo por favor","hijo, necesito que nosotras tengamos tiempo por favor"
"hijo, es necesario que nosotras no vemos la película siempre","hijo, es necesario que nosotras no veamos la película siempre"
"hijo, para que llegamos a la meta mañana","hijo, para que lleguemos a la meta mañana"
"Oye, necesito que nosotros damos la respuesta siempre.","Oye, necesito que nosotros demos la respuesta siempre."
"hijo, dudo que tu hermana puede venir también","hijo, dudo que tu hermana pueda venir también"
Es posible que tú lees las instrucciones siempre.,Es posible que tú leas las instrucciones siempre.
"la verdad, me parece que hablamos en espanol","la verdad, me parece que hablamos en español"
"por favor, para que el niño trae agua","por favor, para que el niño traiga agua"
"mamá, no creo que ella no entiende la lección","mamá, no creo que ella no entienda la lección"
"oye, te pido que nosotros oímos al profesor esta vez","oye, te pido que nosotros oigamos al profesor esta vez"
"Por favor, prefiero que nosotros queremos venir por favor.","Por favor, prefiero que nosotros queramos venir por favor."
Mis padres esperan que hay tiempo.,Mis padres esperan que haya tiempo.
prefiero que tú haces ejercicio,prefiero que tú hagas ejercicio
Mi mamá quiere que el doctor duerme temprano.,Mi mamá quiere que el doctor duerma temprano.
"la verdad, quiero que nosotros hacemos la tarea siempre","la verdad, quiero que nosotros hagamos la tarea siempre"
"hola, quiero que tú hablas en español hoy","hola, quiero que tú hables en español hoy"
esta claro que tu haces las cosas bien,está claro que tú haces las cosas bien
"oye, me gusta que la profesora habla con ella","oye, me gusta que la profesora hable con ella"
sabemos que el nino quiere ayudar por favor,sabemos que el niño quiere ayudar por favor
"Oye, esta claro que tu eres amable.","Oye, está claro que tú eres amable."
"Mamá, para que tú no pides más comida siempre.","Mamá, para que tú no pidas más comida siempre."
mis padres esperan que tú sales temprano siempre,mis padres esperan que tú salgas temprano siempre
"Profe, me gusta que buscamos tus cosas hoy.","Profe, me gusta que busquemos tus cosas hoy."
"oye, no quiero que los estudiantes piensan en eso","oye, no quiero que los estudiantes piensen en eso"
"mamá, deseo que nosotras comemos verduras","mamá, deseo que nosotras comamos verduras"
pienso que entienden la leccion manana,pienso que entienden la lección mañana
"hijo, te pido que mi mamá puede descansar mañana","hijo, te pido que mi mamá pueda descansar mañana"
"la verdad, para que nosotras no decimos eso hoy","la verdad, para que nosotras no digamos eso hoy"
no quiero que ustedes piden ayuda manana,no quiero que ustedes pidan ayuda mañana
mi mama se olvido toda la tarde,mi mamá se olvidó toda la tarde
"hijo, hace falta que tu eres responsable siempre","hijo, hace falta que tú seas responsable siempre"
"Mira, ojalá que nosotros leemos las instrucciones mañana.","Mira, ojalá que nosotros leamos las instrucciones mañana."
"Hijo, me alegra que tú dices tu nombre siempre.","Hijo, me alegra que tú digas tu nombre siempre."
el profesor quiere que somos honesto hoy,el profesor quiere que seamos honesto hoy
tu primo se olvido por la manana,tu primo se olvidó por la mañana
"la verdad, seguro que tu vas a dormir","la verdad, seguro que tú vas a dormir"
"hijo, seguro que el doctor esta tranquilo","hijo, seguro que el doctor está tranquilo"
"mira, ella se caso toda la tarde","mira, ella se casó toda la tarde"
Dice que el pide otra oportunidad hoy.,Dice que él pide otra oportunidad hoy.
"profe, esta claro que tu hermana busca el libro siempre","profe, está claro que tu hermana busca el libro siempre"
"Hijo, no creo que las niñas piensan en eso también.","Hijo, no creo que las niñas piensen en eso también."
"hijo, es necesario que nosotras estamos listo a las ocho mañana","hijo, es necesario que nosotras estemos listo a las ocho mañana"
deseo que tú sigues las reglas,deseo que tú sigas las reglas
"hola, me alegra que comemos todo esta vez","hola, me alegra que comamos todo esta vez"
"Mama, esta claro que la profesora estudia para el examen.","Mamá, está claro que la profesora estudia para el examen."
te pido que hay clases manana,te pido que haya clases mañana
"mira, es necesario que tú conoces a mis amigos hoy","mira, es necesario que tú conozcas a mis amigos hoy"
"hijo, mis padres esperan que tú hablas más fuerte esta vez","hijo, mis padres esperan que tú hables más fuerte esta vez"
"Hola, para que tú escribes bien.","Hola, para que tú escribas bien."
"hola, no creo que tu sabes eso hoy","hola, no creo que tú sepas eso hoy"
Me alegra que el niño pide más comida.,Me alegra que el niño pida más comida.
"Oye, es mejor que estás bien mañana.","Oye, es mejor que estés bien mañana."
Esta claro que son asi.,Está claro que son así.
"oye, se que escribimos la carta por favor","oye, sé que escribimos la carta por favor"
el profesor quiere que salimos tan tarde esta vez,el profesor quiere que salgamos tan tarde esta vez
para que usted da la mano,para que usted dé la mano
el profesor quiere que nosotros podemos entrar por favor,el profesor quiere que nosotros podamos entrar por favor
"Mira, dudo que son responsable.","Mira, dudo que sean responsable."
"mama, es cierto que tu buscas la respuesta","mamá, es cierto que tú buscas la respuesta"
"mira, no creo que la profesora trae la comida por favor","mira, no creo que la profesora traiga la comida por favor"
"la verdad, espero que nosotros volvemos temprano","la verdad, espero que nosotros volvamos temprano"
es necesario que nosotros queremos ayudar,es necesario que nosotros queramos ayudar
espero que nosotros estudiamos en silencio esta vez,espero que nosotros estudiemos en silencio esta vez
"Oye, no creo que las niñas tienen paciencia mañana.","Oye, no creo que las niñas tengan paciencia mañana."
"la verdad, se que tu vuelves pronto siempre","la verdad, sé que tú vuelves pronto siempre"
"oye, es necesario que tu hermana ve a tu abuela esta vez","oye, es necesario que tu hermana vea a tu abuela esta vez"
"mamá, mi hermano se rio por la mañana","mamá, mi hermano se rió por la mañana"
te pido que tú tienes paciencia,te pido que tú tengas paciencia
"profe, no creo que tú duermes bien también","profe, no creo que tú duermas bien también"
"la verdad, la nina se lavo ayer","la verdad, la niña se lavó ayer"
"hijo, me gusta que nosotros sabemos la verdad manana","hijo, me gusta que nosotros sepamos la verdad mañana"
"mama, para que las ninas traen el permiso firmado hoy","mamá, para que las niñas traigan el permiso firmado hoy"
quiero que mis padres leen el libro,quiero que mis padres lean el libro
te pido que empiezas la tarea hoy,te pido que empieces la tarea hoy
"mamá, quiero que ellos entienden mis razones","mamá, quiero que ellos entiendan mis razones"
necesito que tu hermana estudia medicina,necesito que tu hermana estudie medicina
"profe, deseo que tú no puedes jugar esta vez","profe, deseo que tú no puedas jugar esta vez"
"mira, deseo que nosotros tenemos paciencia esta vez","mira, deseo que nosotros tengamos paciencia esta vez"
me dijo que el nino quiere salir hoy,me dijo que el niño quiere salir hoy
"por favor, el profesor quiere que ellos sienten frío también","por favor, el profesor quiere que ellos sientan frío también"
"por favor, es urgente que ellos escriben con letra clara siempre","por favor, es urgente que ellos escriban con letra clara siempre"
"profe, espero que tú conoces la historia","profe, espero que tú conozcas la historia"
"Por favor, es urgente que tú duermes bien.","Por favor, es urgente que tú duermas bien."
"hola, el profesor quiere que tú duermes en clase","hola, el profesor quiere que tú duermas en clase"
se levanto muy rápido,se levantó muy rápido
"oye, me gusta que los estudiantes vienen a mi casa","oye, me gusta que los estudiantes vengan a mi casa"
no quiero que ellos no traen el cuaderno por favor,no quiero que ellos no traigan el cuaderno por favor
"Hijo, seguro que ellos buscan otra solucion manana.","Hijo, seguro que ellos buscan otra solución mañana."
"mamá, el profesor se perdio muy rápido","mamá, el profesor se perdió muy rápido"
necesito que tú no hablas en español esta vez,necesito que tú no hables en español esta vez
"Mamá, tu primo se porto en el recreo.","Mamá, tu primo se portó en el recreo."
"Mamá, no quiero que ellas vuelven a intentarlo por favor.","Mamá, no quiero que ellas vuelvan a intentarlo por favor."
la niña se durmio al final,la niña se durmió al final
"por favor, es importante que dan la respuesta","por favor, es importante que den la respuesta"
hace falta que tu das la mano por favor,hace falta que tú des la mano por favor
"por favor, deseo que tú puedes entrar por favor","por favor, deseo que tú puedas entrar por favor"
"Mira, la niña se acabo en el recreo.","Mira, la niña se acabó en el recreo."
"Profe, es mejor que él pone el abrigo por favor.","Profe, es mejor que él ponga el abrigo por favor."
"profe, es mejor que tú piensas antes de hablar siempre","profe, es mejor que tú pienses antes de hablar siempre"
"mama, quiero que viene a la fiesta tambien","mamá, quiero que venga a la fiesta también"
es cierto que las ninas comen en casa,es cierto que las niñas comen en casa
me alegra que nosotros tenemos paciencia,me alegra que nosotros tengamos paciencia
"mama, para que no sigue las reglas manana","mamá, para que no siga las reglas mañana"
Ojalá tú dices lo que piensas.,Ojalá tú digas lo que piensas.
es necesario que los profesores siguen adelante esta vez,es necesario que los profesores sigan adelante esta vez
"oye, dudo que mis padres no dicen algo por favor","oye, dudo que mis padres no digan algo por favor"
es posible que hay comida para todos,es posible que haya comida para todos
"Oye, te pido que tú no comes todo por favor.","Oye, te pido que tú no comas todo por favor."
"mama, esta claro que los profesores tienen frio hoy","mamá, está claro que los profesores tienen frío hoy"
la niña se rio en la clase,la niña se rió en la clase
"hijo, es mejor que tu hermana puede entrar","hijo, es mejor que tu hermana pueda entrar"
te pido que estudias en silencio,te pido que estudies en silencio
"oye, él se lastimo en el patio","oye, él se lastimó en el patio"
"Oye, es posible que tú sales a jugar.","Oye, es posible que tú salgas a jugar."
"hola, es posible que ellas hacen las cosas bien esta vez","hola, es posible que ellas hagan las cosas bien esta vez"
Mis padres esperan que nosotras tenemos razón hoy.,Mis padres esperan que nosotras tengamos razón hoy.
"hijo, es posible que tú llegas pronto por favor","hijo, es posible que tú llegues pronto por favor"
Veo que tus amigos empiezan ahora manana.,Veo que tus amigos empiezan ahora mañana.
necesito que nosotras vamos a la playa esta vez,necesito que nosotras vayamos a la playa esta vez
hace falta que ellos comen despacio,hace falta que ellos coman despacio
"mira, es posible que estudia por la tarde","mira, es posible que estudie por la tarde"
"hola, es mejor que mis padres estudian para el examen también","hola, es mejor que mis padres estudien para el examen también"
Mi mamá quiere que tú buscas el libro hoy.,Mi mamá quiere que tú busques el libro hoy.
Se que nosotras vemos el partido por favor.,Sé que nosotras vemos el partido por favor.
quiero que la profesora da un paseo hoy,quiero que la profesora dé un paseo hoy
Te pido que tú no dices algo por favor.,Te pido que tú no digas algo por favor.
espero que vamos con ellos esta vez,espero que vayamos con ellos esta vez
"La verdad, antes de que nosotros conocemos la ciudad.","La verdad, antes de que nosotros conozcamos la ciudad."
"profe, es posible que tiene cuidado siempre","profe, es posible que tenga cuidado siempre"
"profe, necesito que vamos al colegio siempre","profe, necesito que vayamos al colegio siempre"
ojala tu sigues asi por favor,ojalá tú sigas así por favor
es mejor que empezamos ahora,es mejor que empecemos ahora
no creo que ellas juegan futbol,no creo que ellas jueguen fútbol
"oye, me dijo que los estudiantes sienten frio hoy","oye, me dijo que los estudiantes sienten frío hoy"
"oye, ojala que ellas comen todo manana","oye, ojalá que ellas coman todo mañana"
"por favor, él se levanto en el recreo","por favor, él se levantó en el recreo"
quiero que seguimos estudiando esta vez,quiero que sigamos estudiando esta vez
"mamá, él se asusto ayer","mamá, él se asustó ayer"
"la verdad, es necesario que mis hermanos no quieren ayudar esta vez","la verdad, es necesario que mis hermanos no quieran ayudar esta vez"
me dijo que nosotros conocemos la historia tambien,me dijo que nosotros conocemos la historia también
quiero que tu no das el ejemplo hoy,quiero que tú no des el ejemplo hoy
"Profe, es necesario que tú no comes verduras siempre.","Profe, es necesario que tú no comas verduras siempre."
"mama, dudo que nosotros no entendemos esto","mamá, dudo que nosotros no entendamos esto"
El profesor quiere que nosotros sentimos frío siempre.,El profesor quiere que nosotros sintamos frío siempre.
Ella se asusto de repente.,Ella se asustó de repente.
el perro se levanto muy rápido,el perro se levantó muy rápido
"Hola, es cierto que tu das las gracias.","Hola, es cierto que tú das las gracias."
"Por favor, es cierto que usted esta bien por favor.","Por favor, es cierto que usted está bien por favor."
"mamá, ojalá ustedes buscan el libro hoy","mamá, ojalá ustedes busquen el libro hoy"
"Mira, es posible que seguimos estudiando.","Mira, es posible que sigamos estudiando."
"hola, ojalá el niño no siente dolor mañana","hola, ojalá el niño no sienta dolor mañana"
seguro que tu hablas en espanol,seguro que tú hablas en español
"profe, antes de que nosotros empezamos ahora esta vez","profe, antes de que nosotros empecemos ahora esta vez"
